DataFile,metric,method,sparsity,wX,wY,ID,|W|,logWX,logWY,logW,logMeanTime,logMeanTimeReinit,logMinTime,logMaxTime,minTime,maxTime,mean_reinit,mean_sequential,sd,Method,val_1,val_2,val_3,val_4,val_5,val_6,val_7,val_8,val_9,val_10,val_11,val_12,val_13,val_14,val_15,val_16,val_17,val_18,val_19,val_20,val_21,val_22,val_23,val_24,val_25
results/GeneratedSparse/10000_cells_1000_features/0.5/sparse_CPU_cosine.csv,cosine,CPU,0.5,10000,1000,10000_1000,10000000,4.0,3.0,4.0,5.837380742845617,5.845236992017331,5.830040322565811,5.850193634863488,676145.75,708261.5,700224.0,687671.0520833334,7619.502632013883,cosine_CPU,700224.0,682715.5,695042.75,696365.0,697078.25,685895.0,692180.0,680810.0,700500.75,684393.5,681383.75,689761.25,684849.75,682047.75,676145.75,678109.0,686197.75,679032.5,691001.5,683607.5,688738.0,708261.5,693190.0,683027.75,683770.75
results/GeneratedSparse/10000_cells_1000_features/0.5/sparse_CPU_euclidean.csv,euclidean,CPU,0.5,10000,1000,10000_1000,10000000,4.0,3.0,4.0,5.846777292662588,5.844165166942388,5.818663267893992,5.8997182069193865,658663.0,793813.0,698498.0,702711.875,28491.27170310965,euclidean_CPU,698498.0,695779.5,735972.5,716051.25,793813.0,669795.0,658663.0,671567.75,703416.0,696603.75,732213.75,701563.25,678142.5,709160.0,731113.25,703372.5,702700.25,679966.0,672450.25,707859.0,729252.75,674453.5,683106.75,703208.0,714861.5
results/GeneratedSparse/10000_cells_1000_features/0.5/sparse_CPU_kendall.csv,kendall,CPU,0.5,10000,1000,10000_1000,10000000,4.0,3.0,4.0,8.503559806123071,8.499456620699394,8.503201814645108,8.50413225846988,318567754.75,319250994.25,315832356.5,318830460.2708333,206321.01713293872,kendall_CPU,315832356.5,318567754.75,318952363.5,318625782.25,318836773.75,318634697.0,319221274.5,318660046.5,318574885.75,318615535.75,318831934.5,318857934.0,318861617.25,319250994.25,318752856.0,318986847.5,318722573.0,318802940.5,318752349.75,318957373.75,318594930.25,318600750.75,319006639.25,319147183.0,319115009.0
results/GeneratedSparse/10000_cells_1000_features/0.5/sparse_CPU_manhattan.csv,manhattan,CPU,0.5,10000,1000,10000_1000,10000000,4.0,3.0,4.0,6.996703575396758,6.9962210967530885,6.996551838158339,6.996825852846715,9920917.5,9927179.0,9913365.0,9924384.354166666,1841.7030062167025,manhattan_CPU,9913365.0,9922864.5,9925904.75,9926780.75,9925122.0,9927179.0,9923981.5,9921330.25,9926210.5,9924826.75,9922617.75,9925929.0,9926664.5,9924337.0,9922811.0,9920917.5,9922388.0,9924299.5,9926814.25,9926822.0,9924008.0,9924030.25,9924156.25,9921604.25,9923625.25
results/GeneratedSparse/10000_cells_1000_features/0.5/sparse_CPU_pearson.csv,pearson,CPU,0.5,10000,1000,10000_1000,10000000,4.0,3.0,4.0,5.835940271856236,5.835105782421123,5.830020892284747,5.839984167367405,676115.5,691805.75,684078.25,685393.9583333334,4398.17881501979,pearson_CPU,684078.25,682855.5,687982.75,676609.0,687929.0,680781.0,688356.5,689127.75,690991.75,687416.0,681477.25,690951.5,685499.0,686554.5,676115.5,688133.5,682232.5,684567.0,679052.5,691805.75,685668.5,690378.75,684114.0,681663.5,689192.0
results/GeneratedSparse/10000_cells_1000_features/0.5/sparse_CPU_spearman.csv,spearman,CPU,0.5,10000,1000,10000_1000,10000000,4.0,3.0,4.0,6.9507266608313945,6.949828361773897,6.948141397931286,6.9525929340489,8874449.0,8965880.25,8908987.75,8927434.260416666,25214.43783604767,spearman_CPU,8908987.75,8923620.75,8955777.0,8960586.25,8931722.25,8928393.25,8893099.0,8903746.25,8878104.25,8911634.25,8963258.0,8933863.0,8925900.0,8965880.25,8938343.25,8922556.25,8890189.0,8948838.75,8938098.5,8917606.5,8874449.0,8923056.5,8956681.0,8931569.5,8941449.5
results/GeneratedSparse/10000_cells_1000_features/0.5/sparse_GPU_cosine.csv,cosine,GPU,0.5,10000,1000,10000_1000,10000000,4.0,3.0,4.0,5.105256523887003,6.124172671625413,5.103931938586737,5.106322662011738,127037.5,127738.75,1330983.5,127425.55208333333,170.66899584134507,cosine_GPU,1330983.5,127317.0,127583.25,127509.75,127037.5,127374.0,127738.75,127509.25,127424.25,127170.5,127124.25,127549.5,127489.25,127472.5,127664.0,127365.5,127568.5,127587.5,127174.5,127319.5,127528.0,127505.25,127501.5,127305.0,127394.25
results/GeneratedSparse/10000_cells_1000_features/0.5/sparse_GPU_euclidean.csv,euclidean,GPU,0.5,10000,1000,10000_1000,10000000,4.0,3.0,4.0,5.120296959609813,6.143521363863258,5.117392284515652,5.122536154755974,131036.5,132597.75,1391622.25,131915.84375,344.26700372933044,euclidean_GPU,1391622.25,131730.75,132250.0,131879.0,132202.0,131913.75,131036.5,131344.5,132074.5,132137.75,131837.5,131674.0,131997.25,132217.25,131780.25,131907.75,131655.0,131954.75,131984.25,132225.75,132597.75,131940.0,131273.5,131997.25,132369.25
results/GeneratedSparse/10000_cells_1000_features/0.5/sparse_GPU_kendall.csv,kendall,GPU,0.5,10000,1000,10000_1000,10000000,4.0,3.0,4.0,7.771527900311798,7.7141741865483695,7.708315224536301,7.8304036419587755,51087567.5,67671163.25,51781447.5,59091892.666666664,4284892.253991251,kendall_GPU,51781447.5,57681734.5,63219961.25,61608373.75,58319816.25,59440426.75,64382319.75,55379336.25,51087567.5,53043115.25,60193324.75,67671163.25,61885781.25,57705893.75,59671177.5,58655485.25,61213989.5,60291362.75,51862619.5,65203574.5,58055782.25,64265192.25,51916469.5,59781506.5,55669450.25
results/GeneratedSparse/10000_cells_1000_features/0.5/sparse_GPU_manhattan.csv,manhattan,GPU,0.5,10000,1000,10000_1000,10000000,4.0,3.0,4.0,6.046655247587788,6.299535735014807,5.999633518019001,6.110370908804116,999156.5,1289350.25,1993130.5,1113410.3333333333,83865.02707943712,manhattan_GPU,1993130.5,1046362.75,1153925.25,1137849.5,1047364.75,1232951.0,1074810.25,1082106.5,1058039.75,1163753.25,1042002.25,1289350.25,1067286.25,1018282.75,1076127.75,1063539.5,1103549.0,1266653.75,1234853.25,999156.5,1081765.75,1035721.0,1040868.0,1154882.75,1250646.25
results/GeneratedSparse/10000_cells_1000_features/0.5/sparse_GPU_pearson.csv,pearson,GPU,0.5,10000,1000,10000_1000,10000000,4.0,3.0,4.0,5.111563255915007,6.134933196010004,5.108616601595573,5.113899920687029,128415.25,129987.0,1364373.25,129289.5,463.3518731302738,pearson_GPU,1364373.25,129033.5,129620.25,129850.75,129753.75,128415.25,129374.75,129809.25,129818.25,129001.0,128790.5,129203.5,129576.25,128980.75,129366.0,128893.25,128663.5,128561.0,129667.0,129188.5,129987.0,128558.25,129764.75,129570.5,129500.5
results/GeneratedSparse/10000_cells_1000_features/0.5/sparse_GPU_spearman.csv,spearman,GPU,0.5,10000,1000,10000_1000,10000000,4.0,3.0,4.0,6.138975546981558,6.347335578154462,6.095468196677128,6.182524852803863,1245857.0,1522386.25,2225028.5,1377131.9270833333,75231.41795820743,spearman_GPU,2225028.5,1312396.25,1410415.75,1245857.0,1318756.25,1373595.75,1370827.25,1481709.25,1350823.75,1410319.25,1313962.25,1418345.0,1412581.25,1337026.25,1420655.25,1333503.0,1357355.75,1510735.75,1253977.5,1304412.25,1335876.25,1522386.25,1321461.5,1422492.75,1511694.75
results/GeneratedSparse/10000_cells_1000_features/0.5/sparse_armadillo_cosine.csv,cosine,armadillo,0.5,10000,1000,10000_1000,10000000,4.0,3.0,4.0,7.793452949501648,7.7935592114817025,7.791285310957372,7.796083275482079,61842254.11096597,62529258.043540746,62166900.0,62151691.03451059,149674.16538434385,cosine_armadillo,62166900.0,62304200.0,61999700.0,62107500.0,61865700.0,62205831.82285501,62059879.15626976,62529258.043540746,62217372.30069652,62065633.12672605,62194536.98937161,62029765.47470552,62212687.30411669,62094174.44426724,62295138.20509286,62135967.50836979,62368700.42931031,61842254.11096597,62090641.94105668,62077348.16900648,62224997.23171795,62058023.6638599,62128154.11196602,62312227.6265838,62220893.16777515
results/GeneratedSparse/10000_cells_1000_features/0.5/sparse_armadillo_euclidean.csv,euclidean,armadillo,0.5,10000,1000,10000_1000,10000000,4.0,3.0,4.0,7.795691354718289,7.798223736182327,7.7883605485486385,7.805196470415917,61427175.80905626,63855229.543616526,62838200.0,62472855.16208643,488152.4603815229,euclidean_armadillo,62838200.0,62806800.0,62829700.0,62386600.0,61837900.0,61427175.80905626,62448566.28464951,62560378.64848923,61815778.34190068,62669926.3104267,63233571.60132428,61766720.93477649,62730417.60360482,62250117.23565867,62646521.63972104,62387229.8680222,62232061.83335231,63855229.543616526,62606900.47201874,62507307.88294725,62602118.91169684,62593863.45466136,62568388.447811134,61998530.99619848,62586718.07014151
results/GeneratedSparse/10000_cells_1000_features/0.5/sparse_armadillo_pearson.csv,pearson,armadillo,0.5,10000,1000,10000_1000,10000000,4.0,3.0,4.0,7.793076089744414,7.795142132537616,7.786135139471032,7.802453142049103,61113216.13966481,63453143.4887152,62393900.0,62097782.19462136,600655.2406558279,pearson_armadillo,62393900.0,61957900.0,61690900.0,62510200.0,62768600.0,61930770.60959306,62038211.26167607,63287811.23178379,61642324.87106406,62785725.62184349,61113216.13966481,63453143.4887152,61995429.70733336,61862759.58934662,61336590.53230504,62289529.9479087,63074476.051115386,62275297.35946707,61745250.22277793,61729335.69515444,61181287.71517559,61866266.14385022,62046068.47929066,61921441.69216589,61844236.3106812
results/GeneratedSparse/10000_cells_1000_features/0.5/sparse_armadillo_spearman.csv,spearman,armadillo,0.5,10000,1000,10000_1000,10000000,4.0,3.0,4.0,6.061648835062025,6.049369223889302,6.0447825298849045,6.084490559089173,1108619.5422803436,1214760.2131186523,1120390.0,1152520.9673069797,27833.606866960436,spearman_armadillo,1120390.0,1117930.0,1143330.0,1165870.0,1170640.0,1164156.0219474577,1147323.276588251,1108912.2403649648,1166426.6224315937,1153504.573669685,1128249.77797422,1147504.621208008,1136911.8641844564,1190298.0454738815,1137464.3183183002,1121771.194037802,1164494.007710855,1178840.1217300857,1108619.5422803436,1138246.9526671562,1181422.176208543,1214760.2131186523,1203648.419584183,1125292.5423875018,1144886.6834815722
results/GeneratedSparse/10000_cells_1000_features/0.5/sparse_arrayfirecuda_cosine.csv,cosine,arrayfirecuda,0.5,10000,1000,10000_1000,10000000,4.0,3.0,4.0,5.654385453712675,5.654061934643422,5.6529470304637925,5.655723185525638,449725.0,452609.0,450881.0,451217.0,689.9388257906155,cosine_arrayfirecuda,450881.0,451796.0,450859.0,450585.0,451252.0,451093.0,450866.0,451748.0,450022.0,451328.0,450666.0,451754.0,452609.0,452308.0,449725.0,450980.0,451674.0,451464.0,450998.0,451317.0,451567.0,451671.0,451829.0,449927.0,451170.0
results/GeneratedSparse/10000_cells_1000_features/0.5/sparse_arrayfirecuda_euclidean.csv,euclidean,arrayfirecuda,0.5,10000,1000,10000_1000,10000000,4.0,3.0,4.0,5.704966019765935,5.699142819151949,5.7045794496963,5.705442892552682,506500.0,507508.0,500199.0,506951.0416666667,301.3547852568833,euclidean_arrayfirecuda,500199.0,507184.0,506766.0,506957.0,507395.0,507057.0,506671.0,507083.0,506692.0,507219.0,507056.0,507120.0,507212.0,506790.0,507349.0,506698.0,506884.0,507188.0,506515.0,506500.0,506517.0,507260.0,506599.0,506605.0,507508.0
results/GeneratedSparse/10000_cells_1000_features/0.5/sparse_arrayfirecuda_manhattan.csv,manhattan,arrayfirecuda,0.5,10000,1000,10000_1000,10000000,4.0,3.0,4.0,5.999224272924974,5.989412883266285,5.998908115120047,5.9994807077551755,997489.0,998805.0,975917.0,998215.4166666666,343.28376462564546,manhattan_arrayfirecuda,975917.0,997914.0,998400.0,998545.0,998481.0,998109.0,998358.0,998466.0,997489.0,998732.0,998203.0,998214.0,998500.0,997907.0,998451.0,997659.0,997879.0,998428.0,997851.0,998652.0,997957.0,997847.0,997994.0,998805.0,998329.0
results/GeneratedSparse/10000_cells_1000_features/0.5/sparse_arrayfirecuda_pearson.csv,pearson,arrayfirecuda,0.5,10000,1000,10000_1000,10000000,4.0,3.0,4.0,5.63535563450598,5.703948771958166,5.575086189641984,5.66551532598109,375912.0,462930.0,505765.0,431872.5833333333,22526.172797653006,pearson_arrayfirecuda,505765.0,421636.0,449838.0,436185.0,452950.0,406750.0,413022.0,462930.0,439334.0,440354.0,406999.0,446216.0,427912.0,453828.0,452312.0,375912.0,422350.0,434674.0,429229.0,401427.0,445535.0,455714.0,450807.0,388804.0,450224.0
results/GeneratedSparse/10000_cells_1000_features/0.5/sparse_raft_cosine.csv,cosine,raft,0.5,10000,1000,10000_1000,10000000,4.0,3.0,4.0,5.867563726978604,6.168075720635602,5.866393473939969,5.869683692498041,735179.6445847976,740770.5231337392,1472569.227218628,737163.3363845287,1287.240439410815,cosine_raft,2209256.887435913,735881.5670013428,736496.9253540039,737526.8936157227,739458.7993621826,737408.6245722785,736228.2245609884,737067.6007716911,737589.0356628011,737477.7394565134,735740.9385835422,736985.8208233147,736287.5709818881,738452.3710996541,737063.7686790212,739038.477986571,735179.6445847976,736568.9213344682,740770.5231337392,737079.5572734403,737011.9853350313,736225.4223899252,735806.5666637466,736068.9285112597,738504.1654907659
results/GeneratedSparse/10000_cells_1000_features/0.5/sparse_raft_euclidean.csv,euclidean,raft,0.5,10000,1000,10000_1000,10000000,4.0,3.0,4.0,5.867312139978852,6.176977655835087,5.865528762275808,5.8691903247614725,733717.3051363564,739929.469935974,1503064.6324157715,736736.4209815323,1752.461415751662,euclidean_raft,2268104.314804077,738024.9500274658,734725.9521484375,735693.9315795898,737163.782119751,739208.6544474008,739437.3180352747,738880.8834020522,736613.0679062572,739929.469935974,738641.3542778292,736267.7174159946,739711.1311781309,734907.4997947591,734907.1538388256,736073.7492016808,734187.9347534131,736088.3171081801,735908.8890597102,736924.7506196757,736406.5418294976,735543.2350723244,733717.3051363564,736598.1653065345,736112.3493616581
results/GeneratedSparse/10000_cells_1000_features/0.5/sparse_raft_manhattan.csv,manhattan,raft,0.5,10000,1000,10000_1000,10000000,4.0,3.0,4.0,6.172057219351755,6.338608138951587,6.15809551487007,6.180666352566216,1439115.0496325092,1515885.3386510378,2180761.3372802734,1486131.4308108494,20659.514594278677,manhattan_raft,2893519.401550293,1468003.273010254,1514642.4770355225,1470055.341720581,1489712.9535675049,1481423.6354257248,1495917.3196735573,1489234.0117631073,1455800.1386748662,1499264.499822945,1462277.1089168575,1497642.9858951166,1491954.778844996,1507855.2375096765,1463114.4156511216,1478378.6386332733,1500569.9185577368,1505209.7555888984,1500549.4959343993,1439115.0496325092,1456881.1628110255,1499904.5116165436,1515885.3386510378,1471559.4023498984,1512202.888173234
results/GeneratedSparse/10000_cells_1000_features/0.5/sparse_raft_pearson.csv,pearson,raft,0.5,10000,1000,10000_1000,10000000,4.0,3.0,4.0,5.370035414448051,5.824732194903687,5.3666328976006765,5.373219115490843,232612.41896648984,236166.9470616369,667931.9143295289,234441.99827375566,876.8416123281924,pearson_raft,1102992.7730560305,232871.05560302731,235384.70268249512,234335.89935302731,233554.84008789065,234873.89651505215,236115.66550150648,236166.9470616369,234394.14732807968,233993.1772860551,234762.2953568336,234481.30241455807,234236.69864215504,233778.56944289108,234299.96896157728,235672.1596478824,234847.483071254,235024.2827859861,233469.15625866287,233407.60624007165,234486.73591646616,232612.41896648984,234513.4531426441,234523.08222549327,234802.4140783995
results/GeneratedSparse/10000_cells_1000_features/0.75/sparse_CPU_cosine.csv,cosine,CPU,0.75,10000,1000,10000_1000,10000000,4.0,3.0,4.0,5.8067153302902526,5.815877633344858,5.799590024773803,5.819073030138596,630362.0,659284.75,654451.75,640789.4166666666,6837.447795225245,cosine_CPU,654451.75,646845.25,637239.75,636304.5,633970.75,645507.75,638518.75,644755.25,632467.0,641390.75,641756.75,636178.25,634640.5,630362.0,646168.0,637197.25,653034.0,642224.75,638143.75,639897.0,640250.75,659284.75,632839.5,638572.0,651397.0
results/GeneratedSparse/10000_cells_1000_features/0.75/sparse_CPU_euclidean.csv,euclidean,CPU,0.75,10000,1000,10000_1000,10000000,4.0,3.0,4.0,5.80805472601142,5.819784540405815,5.8021411440676225,5.815459529762022,634075.75,653822.0,660365.75,642768.7083333334,5386.1061067394085,euclidean_CPU,660365.75,646034.0,638164.25,640628.0,634645.75,641573.25,639069.25,637823.25,637949.25,634075.75,644784.25,653822.0,643480.5,641899.5,642666.0,640448.5,648059.0,642305.75,639583.25,649293.75,651605.0,652265.75,639528.5,648945.75,637798.75
results/GeneratedSparse/10000_cells_1000_features/0.75/sparse_CPU_kendall.csv,kendall,CPU,0.75,10000,1000,10000_1000,10000000,4.0,3.0,4.0,8.205233931512959,8.203219614582707,8.202909975986174,8.207275479245881,159554837.5,161166761.5,159668635.75,160410920.69791666,423238.866893442,kendall_CPU,159668635.75,160055496.0,160693855.75,160115775.5,160719781.5,160597873.25,160287508.5,160107062.5,160065026.5,160623376.5,160160834.25,160354585.0,160159114.75,161166761.5,160786634.75,159924551.0,160835618.0,159554837.5,161018840.25,160863618.75,160379576.0,160201812.25,160519475.0,161031129.75,159638952.0
results/GeneratedSparse/10000_cells_1000_features/0.75/sparse_CPU_manhattan.csv,manhattan,CPU,0.75,10000,1000,10000_1000,10000000,4.0,3.0,4.0,6.741170197351188,6.740210896789606,6.738671773113294,6.74378759687144,5478627.5,5543545.25,5498078.0,5510235.96875,14727.088413785697,manhattan_CPU,5498078.0,5499962.75,5519713.75,5523651.0,5493292.0,5518320.5,5515970.5,5532218.75,5528152.0,5523575.25,5501565.25,5500877.25,5478627.5,5508562.0,5507073.75,5524681.5,5491710.25,5514551.5,5502204.5,5543545.25,5495730.25,5492702.5,5513694.75,5507668.75,5507611.75
results/GeneratedSparse/10000_cells_1000_features/0.75/sparse_CPU_pearson.csv,pearson,CPU,0.75,10000,1000,10000_1000,10000000,4.0,3.0,4.0,5.822135879446287,5.801180673756513,5.798189351037914,5.859772156736462,628332.25,724056.0,632675.0,663950.7708333334,24564.24546840097,pearson_CPU,632675.0,680502.25,642459.75,629913.25,642272.25,661380.75,672964.25,634135.5,648011.75,661359.75,628332.25,668647.0,647133.75,710406.75,667901.5,692787.5,700213.5,640499.75,724056.0,659198.25,660440.25,675909.75,680376.25,661141.25,644775.25
results/GeneratedSparse/10000_cells_1000_features/0.75/sparse_CPU_spearman.csv,spearman,CPU,0.75,10000,1000,10000_1000,10000000,4.0,3.0,4.0,6.699628887254743,6.6974165374010095,6.692800778543312,6.702929946354067,4929476.25,5045799.0,4982147.0,5007591.427083333,29221.096649659572,spearman_CPU,4982147.0,5030313.5,4988256.75,5013931.0,5045799.0,5027363.0,4972694.0,5044145.5,5010997.25,4978186.0,4987188.25,4975882.0,5031267.0,4929476.25,4993666.0,5011625.25,5023213.75,5045094.25,5013177.25,4954421.5,5023748.25,5029748.75,5001418.5,5019735.25,5030846.0
results/GeneratedSparse/10000_cells_1000_features/0.75/sparse_GPU_cosine.csv,cosine,GPU,0.75,10000,1000,10000_1000,10000000,4.0,3.0,4.0,4.880957975954778,6.1165849163656665,4.854204289566393,4.907483916291537,71483.25,80813.5,1307931.25,76025.27083333333,2256.48867726112,cosine_GPU,1307931.25,78365.25,74529.5,77269.25,75865.75,79131.0,80813.5,77265.0,71483.25,76797.75,77939.0,72882.0,73680.25,78075.75,74665.25,78534.0,74324.5,76356.0,75526.25,74770.0,74008.5,73765.25,73409.5,77054.0,78096.0
results/GeneratedSparse/10000_cells_1000_features/0.75/sparse_GPU_euclidean.csv,euclidean,GPU,0.75,10000,1000,10000_1000,10000000,4.0,3.0,4.0,4.8926721757930505,6.104329770563888,4.861125013388931,4.922542517670242,72631.5,83664.75,1271539.25,78103.80208333333,3118.379150445494,euclidean_GPU,1271539.25,80459.5,75704.5,80698.0,73397.75,78481.25,75402.5,75720.75,82416.5,82122.75,83664.75,77594.5,80491.75,74687.0,77386.75,82556.25,80970.0,77473.25,74923.25,78469.75,75956.25,80070.5,79313.25,73899.0,72631.5
results/GeneratedSparse/10000_cells_1000_features/0.75/sparse_GPU_kendall.csv,kendall,GPU,0.75,10000,1000,10000_1000,10000000,4.0,3.0,4.0,7.523906457328201,7.516399445555401,7.499217230461557,7.545245206530049,31565831.25,35094996.75,32839720.0,33412306.552083332,1060526.6384247695,kendall_GPU,32839720.0,32771349.25,34505535.25,34213620.25,34887897.0,32852001.25,33294042.5,33492047.75,33106846.75,34550288.75,34458705.5,34008498.75,32464565.25,32311578.25,35094996.75,32308168.5,34683749.75,31583536.25,31910539.75,34702576.75,33196635.0,31565831.25,33898350.75,32599536.0,33434460.0
results/GeneratedSparse/10000_cells_1000_features/0.75/sparse_GPU_manhattan.csv,manhattan,GPU,0.75,10000,1000,10000_1000,10000000,4.0,3.0,4.0,5.986322241069328,6.246779956273435,5.623163457054569,6.13526959958037,419917.0,1365430.5,1765143.25,968996.5729166666,246301.1907419311,manhattan_GPU,1765143.25,754091.75,1109028.25,1122429.25,1208127.5,870424.5,501925.0,1332741.0,1205777.25,792148.0,1365430.5,1297059.0,1205157.75,1048308.75,419917.0,858470.75,891216.0,921280.0,895725.5,919600.25,1135821.25,786378.0,907370.5,615343.0,1092147.0
results/GeneratedSparse/10000_cells_1000_features/0.75/sparse_GPU_pearson.csv,pearson,GPU,0.75,10000,1000,10000_1000,10000000,4.0,3.0,4.0,4.901579320305639,6.11304610910595,4.846204081338994,4.972954563254151,70178.5,93962.5,1297317.0,79722.20833333333,6169.123090569455,pearson_GPU,1297317.0,83212.0,75239.75,83169.25,78167.25,89222.5,70178.5,80131.75,73561.5,75779.0,74078.75,72339.0,74258.0,90471.0,73983.5,81778.0,81324.0,88003.5,93962.5,73950.0,83778.0,82757.0,77471.75,81470.75,75045.75
results/GeneratedSparse/10000_cells_1000_features/0.75/sparse_GPU_spearman.csv,spearman,GPU,0.75,10000,1000,10000_1000,10000000,4.0,3.0,4.0,5.999556562600148,6.267375329569471,5.814620449299106,6.188791497766501,652560.0,1544512.75,1850867.5,998979.46875,181105.64682326297,spearman_GPU,1850867.5,855097.75,1208389.5,1022789.25,800680.25,828603.5,1036566.75,969741.75,1163859.25,1185315.25,909912.75,652560.0,925612.75,1117771.0,943423.75,1032160.75,1087940.75,881349.0,1092661.25,1544512.75,1121131.25,973075.25,959866.5,696357.0,966129.25
results/GeneratedSparse/10000_cells_1000_features/0.75/sparse_armadillo_cosine.csv,cosine,armadillo,0.75,10000,1000,10000_1000,10000000,4.0,3.0,4.0,7.283711086432868,7.28021175124555,7.280111197320315,7.288577394877007,19059486.57051205,19434680.03079376,19063900.0,19218128.21286184,100896.1765765619,cosine_armadillo,19063900.0,19353300.0,19281600.0,19243200.0,19063900.0,19177561.22280777,19305708.93681935,19323181.68048118,19202609.731644742,19097576.60203239,19154634.004298046,19286597.5176195,19208471.68891709,19326368.98506452,19069235.97247546,19104777.299112048,19241293.32029265,19174756.215329595,19059486.57051205,19347143.364244554,19165370.048184544,19434680.03079376,19295270.502143025,19167065.19911859,19151288.21679332
results/GeneratedSparse/10000_cells_1000_features/0.75/sparse_armadillo_euclidean.csv,euclidean,armadillo,0.75,10000,1000,10000_1000,10000000,4.0,3.0,4.0,7.285859241026977,7.299322035754192,7.281023143169453,7.291055338350884,19099550.356717445,19545884.96041045,19921500.0,19313422.491693433,122012.42673987067,euclidean_armadillo,19921500.0,19444900.0,19151000.0,19268300.0,19463400.0,19325420.02183288,19336929.21335681,19252424.484102428,19221024.920177814,19244200.54563613,19224975.97487261,19515659.3943435,19269137.85157408,19415981.93214177,19194248.170436427,19308402.681169488,19194150.10666466,19221348.54567918,19461779.082658403,19284741.06801493,19545884.96041045,19257080.87020177,19291508.09968348,19099550.356717445,19530091.52096816
results/GeneratedSparse/10000_cells_1000_features/0.75/sparse_armadillo_pearson.csv,pearson,armadillo,0.75,10000,1000,10000_1000,10000000,4.0,3.0,4.0,7.285999706143086,7.2904709137624,7.280556892482275,7.292537385324299,19079056.428425625,19612700.0,19519600.0,19319670.097885787,143210.82205256898,pearson_armadillo,19519600.0,19612700.0,19252900.0,19304000.0,19371600.0,19157132.25143648,19217593.74849593,19342829.143675607,19177102.98175252,19127922.58772631,19358361.659862403,19495738.843042087,19344905.58567545,19570532.520644035,19079056.428425625,19217585.126748264,19396440.016677707,19328447.31680133,19486544.79053452,19208460.46983857,19179229.08397377,19541528.13997357,19396616.45157095,19181667.71562764,19323187.486776136
results/GeneratedSparse/10000_cells_1000_features/0.75/sparse_armadillo_spearman.csv,spearman,armadillo,0.75,10000,1000,10000_1000,10000000,4.0,3.0,4.0,6.031166792716195,6.030433743619904,6.0301631455549085,6.03214901604942,1071921.9040685445,1076834.636046003,1072590.0,1074401.961939839,1395.659145666353,spearman_armadillo,1072590.0,1073600.0,1072380.0,1075540.0,1075350.0,1074060.146757114,1074420.2334485638,1072941.9071646067,1074752.80901045,1075185.7818848442,1072217.1524425272,1073352.2674223532,1076804.9906287708,1075379.2754911373,1075332.012713793,1073875.3145975703,1074360.8885485362,1074138.716169398,1074067.537044174,1076823.940447413,1072413.7910177894,1074485.6087258994,1076834.636046003,1075408.172926647,1071921.9040685445
results/GeneratedSparse/10000_cells_1000_features/0.75/sparse_arrayfirecuda_cosine.csv,cosine,arrayfirecuda,0.75,10000,1000,10000_1000,10000000,4.0,3.0,4.0,5.494226970400896,5.506475266654003,5.4905694349198635,5.496169659703098,309435.0,313451.0,320978.0,312052.0,900.2818540138786,cosine_arrayfirecuda,320978.0,312764.0,311494.0,313001.0,311866.0,312785.0,311383.0,313451.0,311660.0,313015.0,311312.0,311371.0,311530.0,312550.0,309435.0,311120.0,313353.0,311703.0,312397.0,311568.0,311306.0,311893.0,312583.0,312621.0,313087.0
results/GeneratedSparse/10000_cells_1000_features/0.75/sparse_arrayfirecuda_euclidean.csv,euclidean,arrayfirecuda,0.75,10000,1000,10000_1000,10000000,4.0,3.0,4.0,5.5262928510687255,5.5649310568618775,5.51670059911442,5.531971689345036,328625.0,340386.0,367224.0,335964.0833333333,2817.6753260543624,euclidean_arrayfirecuda,367224.0,334501.0,338576.0,337484.0,334593.0,335860.0,330564.0,340386.0,338872.0,340067.0,335038.0,335637.0,332418.0,334895.0,338872.0,339116.0,338359.0,333191.0,335650.0,335126.0,328625.0,335981.0,337448.0,335868.0,336011.0
results/GeneratedSparse/10000_cells_1000_features/0.75/sparse_arrayfirecuda_manhattan.csv,manhattan,arrayfirecuda,0.75,10000,1000,10000_1000,10000000,4.0,3.0,4.0,5.994465503943395,5.99425070537109,5.994330792910281,5.994607465299385,987031.0,987660.0,986849.0,987337.2083333334,168.30453033283314,manhattan_arrayfirecuda,986849.0,987189.0,987450.0,987197.0,987213.0,987626.0,987106.0,987031.0,987278.0,987120.0,987181.0,987660.0,987294.0,987273.0,987468.0,987575.0,987165.0,987316.0,987435.0,987435.0,987407.0,987345.0,987296.0,987503.0,987530.0
results/GeneratedSparse/10000_cells_1000_features/0.75/sparse_arrayfirecuda_pearson.csv,pearson,arrayfirecuda,0.75,10000,1000,10000_1000,10000000,4.0,3.0,4.0,5.506332610782888,5.514141158378652,5.4853906122363645,5.532137523145886,305767.0,340516.0,326694.0,320872.5833333333,8280.798401103739,pearson_arrayfirecuda,326694.0,325679.0,312621.0,306263.0,323623.0,325548.0,334256.0,340516.0,320844.0,319330.0,319725.0,339985.0,318292.0,318005.0,319341.0,318372.0,316837.0,318112.0,323273.0,314457.0,321159.0,321665.0,313919.0,323353.0,305767.0
results/GeneratedSparse/10000_cells_1000_features/0.75/sparse_raft_cosine.csv,cosine,raft,0.75,10000,1000,10000_1000,10000000,4.0,3.0,4.0,5.6332197501592605,6.0757230581650825,5.631428984244729,5.635282248366873,427985.429763794,431799.61260678206,1190482.6164245605,429753.8243757004,948.3120908256294,cosine_raft,1952070.4746246336,428894.7582244873,427985.429763794,429880.61904907227,430756.0920715332,430427.9965178183,429961.63688808976,430399.65739456034,429448.6725098449,428740.0807725329,428077.18604638026,430097.27313525474,429997.63137646095,428517.59997205366,429533.57335037686,428970.2024609021,430651.8667573298,430418.7828141773,429443.77331203886,429684.4684481911,430634.00134568807,431799.61260678206,431174.48390751774,429906.18760171393,428690.19869020826
results/GeneratedSparse/10000_cells_1000_features/0.75/sparse_raft_euclidean.csv,euclidean,raft,0.75,10000,1000,10000_1000,10000000,4.0,3.0,4.0,5.636872858566737,6.078590402638171,5.635921798086502,5.638054891592511,432435.9567686743,434565.14650311467,1198368.5493469238,433383.9849324931,518.9298848336047,euclidean_raft,1963060.8558654785,433676.24282836914,432647.705078125,432870.1496124268,433401.58462524414,432435.9567686743,433610.60357206414,433253.1180934689,433279.26775708,433080.8609905958,433934.3082288842,433767.89986253664,433506.86464022496,433361.8092502143,434188.4421571473,433261.62041529856,433026.52433535806,432983.5542063071,433439.40637069265,433039.2190607119,432962.86444257176,433152.97202247445,434531.1131400408,434565.14650311467,433238.40441820846
results/GeneratedSparse/10000_cells_1000_features/0.75/sparse_raft_manhattan.csv,manhattan,raft,0.75,10000,1000,10000_1000,10000000,4.0,3.0,4.0,5.894076781816729,6.184320638295475,5.893371124847116,5.89499578333869,782296.0273978657,785228.0106203973,1528694.272041321,783568.1627601534,902.7654028433942,manhattan_raft,2274940.729141236,782447.8149414062,784242.1531677246,783633.7089538574,784542.3221588135,782757.9690382645,783971.584492999,785228.0106203973,782427.4221123108,783766.1624947818,782664.3973319627,783624.537254779,782793.7552939893,783609.3314677842,782296.0273978657,783984.4502321498,783869.3002946812,782317.4239227143,782727.4614026418,783241.9468132709,784434.9609809178,784225.5017264768,782724.8168161672,785041.855893953,785062.9914337753
results/GeneratedSparse/10000_cells_1000_features/0.75/sparse_raft_pearson.csv,pearson,raft,0.75,10000,1000,10000_1000,10000000,4.0,3.0,4.0,5.346623578117311,5.826546107308925,5.341954043208778,5.352136873007526,219762.73088277047,224976.3533521497,670727.4913787841,222138.368632554,1260.2870559184187,pearson_raft,1116962.432861328,224492.54989624023,221606.25457763672,221963.4056091309,221836.32850646973,221132.6456072537,219762.73088277047,223478.50132250163,221693.7719157932,221378.4692804108,220156.36440930355,222922.35380830488,223722.49457970407,223312.65830056637,221067.27553781125,221934.35102605377,221617.84144072776,222542.32025491475,222095.4523654324,220951.17834347588,222111.48900621512,223307.851895305,224976.3533521497,222506.4550737548,220751.7501893696
results/GeneratedSparse/10000_cells_1000_features/0.9/sparse_CPU_cosine.csv,cosine,CPU,0.9,10000,1000,10000_1000,10000000,4.0,3.0,4.0,5.789616072060302,5.794567857492472,5.782636170456625,5.799522156867664,606228.25,630263.5,623114.5,616050.15625,5152.221774901915,cosine_CPU,623114.5,612238.0,620084.25,630263.5,606228.25,616045.0,616364.25,621617.0,610792.0,621393.75,619557.25,610433.0,619978.5,618498.5,621062.75,618338.25,615639.75,613467.25,608078.5,615732.0,611208.75,618260.75,614021.75,611784.75,614116.0
results/GeneratedSparse/10000_cells_1000_features/0.9/sparse_CPU_euclidean.csv,euclidean,CPU,0.9,10000,1000,10000_1000,10000000,4.0,3.0,4.0,5.79523305216621,5.787665529287043,5.791689245804663,5.797447420625611,618998.0,627259.75,613289.5,624069.6354166666,2432.656430156786,euclidean_CPU,613289.5,622513.25,626289.5,622626.0,626710.25,620589.75,624733.0,623982.25,625425.25,624953.5,621365.0,626773.5,625462.75,621537.25,620841.0,624975.75,626399.75,622578.75,619919.75,618998.0,627259.75,625920.5,626141.0,624978.25,626697.5
results/GeneratedSparse/10000_cells_1000_features/0.9/sparse_CPU_kendall.csv,kendall,CPU,0.9,10000,1000,10000_1000,10000000,4.0,3.0,4.0,7.730456604686248,7.728884321953624,7.728571307042287,7.732797530276989,53526803.25,54050228.0,53565396.25,53759671.302083336,133083.20388504022,kendall_CPU,53565396.25,53705231.5,53913468.75,53576965.75,53735068.5,53871444.75,53854444.0,53572857.5,53921489.75,53645385.5,53628497.5,53872307.0,53724273.25,53599462.75,53526803.25,53642478.0,53792869.0,53869366.25,53743752.75,53704724.5,54050228.0,53798918.5,53852727.5,53930833.5,53698513.5
results/GeneratedSparse/10000_cells_1000_features/0.9/sparse_CPU_manhattan.csv,manhattan,CPU,0.9,10000,1000,10000_1000,10000000,4.0,3.0,4.0,6.374319933242319,6.375148601180968,6.371262419575001,6.3767972873589525,2351053.0,2381207.75,2372185.25,2367663.25,8195.119566445223,manhattan_CPU,2372185.25,2377295.5,2364227.5,2381207.75,2377994.0,2359591.0,2356320.0,2361995.0,2357887.5,2360273.5,2379083.25,2374715.0,2371053.75,2369960.0,2370220.0,2363155.25,2363784.0,2361845.75,2378858.0,2378501.75,2368723.75,2351053.0,2369658.0,2361575.75,2364939.0
results/GeneratedSparse/10000_cells_1000_features/0.9/sparse_CPU_pearson.csv,pearson,CPU,0.9,10000,1000,10000_1000,10000000,4.0,3.0,4.0,5.79323109021294,5.805592940574574,5.773147694197078,5.80787178011179,593127.0,642498.0,639135.5,621199.4895833334,14737.462396488494,pearson_CPU,639135.5,634548.0,611229.25,600484.25,635566.75,597952.5,635912.5,628948.25,642498.0,610784.0,637233.5,609610.5,636677.0,618731.75,628387.0,635106.5,599123.25,623716.5,602379.0,627197.75,631698.0,593127.0,614297.0,618244.75,635334.75
results/GeneratedSparse/10000_cells_1000_features/0.9/sparse_CPU_spearman.csv,spearman,CPU,0.9,10000,1000,10000_1000,10000000,4.0,3.0,4.0,6.3303868489626165,6.3291574252179785,6.3287068830784925,6.33263667515619,2131605.75,2150981.5,2133818.25,2139867.3333333335,4781.569700458964,spearman_CPU,2133818.25,2143442.25,2136759.5,2150981.5,2136391.75,2142831.25,2146824.0,2135389.5,2145791.0,2137263.25,2134905.25,2140364.0,2144814.25,2141866.0,2139940.0,2137861.5,2146579.75,2137904.5,2135871.5,2142212.25,2132377.75,2137454.0,2131605.75,2136357.5,2141028.0
results/GeneratedSparse/10000_cells_1000_features/0.9/sparse_GPU_cosine.csv,cosine,GPU,0.9,10000,1000,10000_1000,10000000,4.0,3.0,4.0,4.670134867992799,6.114471951054049,4.656311462054743,4.680833895327369,45322.25,47955.0,1301583.25,46788.041666666664,680.2602966369238,cosine_GPU,1301583.25,47426.25,46213.75,47435.5,46933.75,47071.25,46697.75,46419.0,45322.25,46373.75,47062.75,46117.0,46867.5,46524.25,47955.0,47429.5,45780.0,47444.0,46956.0,45366.5,46582.0,47655.25,46716.75,47618.25,46945.0
results/GeneratedSparse/10000_cells_1000_features/0.9/sparse_GPU_euclidean.csv,euclidean,GPU,0.9,10000,1000,10000_1000,10000000,4.0,3.0,4.0,4.694299385260303,6.100386917021579,4.676577020194653,4.704858029049336,47487.25,50682.5,1260047.5,49465.15625,875.1412618486825,euclidean_GPU,1260047.5,49961.5,48709.5,49372.25,50108.0,49244.0,50682.5,49795.25,49435.75,50557.25,49693.75,49746.0,50201.75,49466.75,49311.75,48880.25,49917.75,49621.5,47797.5,47487.25,48871.25,47524.25,50394.0,50584.0,49800.0
results/GeneratedSparse/10000_cells_1000_features/0.9/sparse_GPU_kendall.csv,kendall,GPU,0.9,10000,1000,10000_1000,10000000,4.0,3.0,4.0,6.815632537331507,6.882272055811987,6.800926341306101,6.828128591901434,6323046.0,6731759.5,7625565.5,6540825.114583333,101882.21588294319,kendall_GPU,7625565.5,6484130.0,6671350.5,6625674.0,6475445.5,6359059.0,6610660.75,6458560.5,6565765.75,6598767.75,6693515.25,6456924.25,6531316.5,6418621.25,6731759.5,6473336.75,6456759.5,6532062.0,6540114.25,6509517.0,6645704.75,6604344.5,6645939.0,6567428.5,6323046.0
results/GeneratedSparse/10000_cells_1000_features/0.9/sparse_GPU_manhattan.csv,manhattan,GPU,0.9,10000,1000,10000_1000,10000000,4.0,3.0,4.0,5.921498310883418,6.2453094148585935,5.790884632562322,6.012168719162686,617852.25,1028415.75,1759176.5,834638.3020833334,122662.11516830449,manhattan_GPU,1759176.5,738946.5,915178.5,733488.5,966773.0,868862.0,830363.5,617852.25,881762.75,910292.25,803209.25,723029.0,1028415.75,730342.25,948619.75,717800.5,618902.25,938055.25,976361.5,871882.0,684166.5,685271.0,943892.75,873418.5,1024433.75
results/GeneratedSparse/10000_cells_1000_features/0.9/sparse_GPU_pearson.csv,pearson,GPU,0.9,10000,1000,10000_1000,10000000,4.0,3.0,4.0,4.68252704160065,6.122278395789776,4.647020907165843,4.719577786878718,44363.0,52429.75,1325190.75,48142.322916666664,2060.590705253955,pearson_GPU,1325190.75,50846.75,47088.5,49910.25,51182.75,47616.75,47651.5,46085.25,51712.75,44389.5,47490.0,49747.25,49054.75,52429.75,44363.0,46548.0,49350.0,46554.5,48612.5,48116.25,45936.25,48226.5,47844.75,47291.25,47367.0
results/GeneratedSparse/10000_cells_1000_features/0.9/sparse_GPU_spearman.csv,spearman,GPU,0.9,10000,1000,10000_1000,10000000,4.0,3.0,4.0,5.940466537572529,6.248748966601895,5.782268328717893,6.0771026138982,605715.0,1194270.25,1773164.25,871899.71875,144313.87640404524,spearman_GPU,1773164.25,757014.0,939015.75,898827.5,701068.75,1194270.25,921090.0,740984.5,959815.25,919932.5,858508.25,1041356.0,785933.0,1023747.0,967898.75,605715.0,744121.25,919074.5,718614.0,861635.5,962267.5,1058574.75,719391.25,992275.25,634462.75
results/GeneratedSparse/10000_cells_1000_features/0.9/sparse_armadillo_cosine.csv,cosine,armadillo,0.9,10000,1000,10000_1000,10000000,4.0,3.0,4.0,6.891126885467954,6.892087921185516,6.890494951034122,6.891808382734264,7771322.840549102,7794861.136284178,7799880.0,7782638.989773229,7012.5739767755285,cosine_armadillo,7799880.0,7784420.0,7774310.0,7794440.0,7783530.0,7785953.142757841,7785274.103603912,7778523.1021771645,7794861.136284178,7771322.840549102,7780402.036815975,7789611.765766442,7783598.786897766,7787740.886346007,7786657.393546814,7773221.400057967,7793747.567068067,7789812.968079121,7778648.548831329,7781434.664682442,7772484.083777625,7771637.396562154,7777531.878545298,7785747.87846219,7778424.173746069
results/GeneratedSparse/10000_cells_1000_features/0.9/sparse_armadillo_euclidean.csv,euclidean,armadillo,0.9,10000,1000,10000_1000,10000000,4.0,3.0,4.0,6.902389931444692,6.903348315363605,6.901250492089143,6.903040664447891,7966186.911466351,7999091.496752566,8004760.0,7987114.888048406,6598.803446526801,euclidean_armadillo,8004760.0,7996230.0,7984710.0,7990600.0,7979610.0,7984656.089042508,7985025.506648566,7999091.496752566,7990204.168996839,7981630.92628143,7985617.595124418,7989914.89166389,7966186.911466351,7993485.166514735,7988620.987140644,7986615.814112282,7989608.441560126,7992463.792121557,7983180.077412285,7987619.666674443,7978458.413920524,7982849.538612817,7991402.433386452,7992665.660805193,7990309.734924108
results/GeneratedSparse/10000_cells_1000_features/0.9/sparse_armadillo_pearson.csv,pearson,armadillo,0.9,10000,1000,10000_1000,10000000,4.0,3.0,4.0,6.901035152829652,6.900520606879105,6.900402681700005,6.901826492700842,7950650.844709005,7976759.398411615,7952810.0,7962237.96059378,6718.176281178076,pearson_armadillo,7952810.0,7968990.0,7969450.0,7962470.0,7951970.0,7952211.509356862,7958569.173847528,7968537.481392473,7968795.361474771,7957150.685430122,7963265.766545013,7964206.860429597,7962056.272388676,7954456.444035397,7968062.398310272,7960307.231881685,7976759.398411615,7959572.035076737,7960388.82735223,7951698.450620994,7970735.91431307,7964344.530213986,7950650.844709005,7964034.817123146,7965027.051337527
results/GeneratedSparse/10000_cells_1000_features/0.9/sparse_armadillo_spearman.csv,spearman,armadillo,0.9,10000,1000,10000_1000,10000000,4.0,3.0,4.0,5.996902357759062,5.997757167737358,5.994638244653078,6.000212318094107,987730.0,1000489.0,994849.0,992892.7916666666,3528.4089306084156,spearman_armadillo,994849.0,993579.0,994620.0,999638.0,989165.0,990319.0,993519.0,993216.0,990205.0,990153.0,994720.0,993376.0,994069.0,993093.0,996593.0,1000199.0,987730.0,994231.0,991344.0,1000489.0,988013.0,990510.0,991272.0,990322.0,989052.0
results/GeneratedSparse/10000_cells_1000_features/0.9/sparse_arrayfirecuda_cosine.csv,cosine,arrayfirecuda,0.9,10000,1000,10000_1000,10000000,4.0,3.0,4.0,5.301300892819603,5.302800474875783,5.299372173527504,5.30356537475506,199238.0,201171.0,200817.0,200124.79166666666,498.63404910871816,cosine_arrayfirecuda,200817.0,199644.0,200270.0,200304.0,200404.0,200294.0,200465.0,200191.0,199476.0,199811.0,199839.0,199550.0,199238.0,199667.0,199664.0,200977.0,200931.0,200854.0,200047.0,201171.0,200273.0,200277.0,200034.0,199969.0,199645.0
results/GeneratedSparse/10000_cells_1000_features/0.9/sparse_arrayfirecuda_euclidean.csv,euclidean,arrayfirecuda,0.9,10000,1000,10000_1000,10000000,4.0,3.0,4.0,5.298033181379948,5.30742971201658,5.29798799119075,5.298082010653482,198604.0,198647.0,202969.0,198624.66666666666,12.023125864580955,euclidean_arrayfirecuda,202969.0,198615.0,198632.0,198618.0,198637.0,198638.0,198642.0,198613.0,198630.0,198647.0,198618.0,198618.0,198609.0,198640.0,198604.0,198606.0,198623.0,198614.0,198634.0,198632.0,198637.0,198626.0,198622.0,198627.0,198610.0
results/GeneratedSparse/10000_cells_1000_features/0.9/sparse_arrayfirecuda_manhattan.csv,manhattan,arrayfirecuda,0.9,10000,1000,10000_1000,10000000,4.0,3.0,4.0,5.970276309268592,5.975343102270691,5.9702050331367,5.970367799978385,933695.0,934045.0,944807.0,933848.25,89.21801481016414,manhattan_arrayfirecuda,944807.0,933933.0,933827.0,933805.0,933733.0,933841.0,933803.0,933784.0,934045.0,933932.0,933880.0,933819.0,933938.0,933801.0,933855.0,933695.0,934010.0,934009.0,933734.0,933870.0,933848.0,933805.0,933814.0,933739.0,933838.0
results/GeneratedSparse/10000_cells_1000_features/0.9/sparse_arrayfirecuda_pearson.csv,pearson,arrayfirecuda,0.9,10000,1000,10000_1000,10000000,4.0,3.0,4.0,5.302913728274624,5.300127898364073,5.3021750223251685,5.30344446330826,200528.0,201115.0,199585.0,200869.375,143.73639428365618,pearson_arrayfirecuda,199585.0,200762.0,200981.0,200927.0,200890.0,200850.0,200810.0,200642.0,200915.0,200943.0,200822.0,201115.0,200932.0,200822.0,200638.0,201113.0,200852.0,200672.0,200930.0,200928.0,201111.0,200528.0,200893.0,200906.0,200883.0
results/GeneratedSparse/10000_cells_1000_features/0.9/sparse_raft_cosine.csv,cosine,raft,0.9,10000,1000,10000_1000,10000000,4.0,3.0,4.0,5.392218652154755,5.988634206131254,5.383687977254574,5.398627007947934,241929.02615140952,250395.78152867587,974168.7774658203,246728.1214797789,2479.6572308875907,cosine_raft,1703390.5982971191,244946.95663452148,245343.68515014648,249936.34223937988,249026.53694152832,248413.45652330667,246137.10530644585,248197.44257313525,243201.33891722013,248308.78929371908,249060.5911206903,247071.94444399173,250102.6688162365,249331.93008342705,241929.02615140952,246629.33413787003,247014.0531825702,243904.4117923048,250395.78152867587,247609.0119376952,243153.94324391347,244287.11073986252,247407.57045264775,242520.28977327715,247545.59453071828
results/GeneratedSparse/10000_cells_1000_features/0.9/sparse_raft_euclidean.csv,euclidean,raft,0.9,10000,1000,10000_1000,10000000,4.0,3.0,4.0,5.3893432292357835,5.9880499653246275,5.385893540679951,5.393063130326504,243160.7871977114,247208.34682417905,972859.1442108154,245099.95371299252,1102.4737460103202,euclidean_raft,1699024.4388580322,246693.84956359863,245272.159576416,244568.5863494873,244891.4051055908,246969.7622092248,245344.81692784897,243790.3462222893,243586.809640074,244908.02231571847,246648.0559996444,246336.46950947453,243577.4267121277,245294.15209861888,244504.00705313135,244186.3358375776,246225.88870486768,243160.7871977114,245315.2080602561,244389.0244654536,245139.78289718129,245168.1463431776,245198.75275523672,244020.74674293463,247208.34682417905
results/GeneratedSparse/10000_cells_1000_features/0.9/sparse_raft_manhattan.csv,manhattan,raft,0.9,10000,1000,10000_1000,10000000,4.0,3.0,4.0,5.590461663780598,6.069477116495818,5.58926308917375,5.591161884892376,388385.572976732,390087.366104126,1173483.8485717773,389458.92770917417,498.6804003667711,manhattan_raft,1956880.3310394287,390087.366104126,389383.55445861816,388692.37899780273,389720.9167480469,389945.70279419626,388420.4168837863,389198.1777706769,389216.88141050946,388904.80025960586,389928.16278435267,389266.45153999067,389735.9622735245,390037.5826596221,389978.65654986183,388385.572976732,389944.75497527234,389434.4334042829,389836.9286308279,389665.8669571282,389895.7291708423,389403.5315021175,388958.7742848361,389804.8941624807,389166.7677209408
results/GeneratedSparse/10000_cells_1000_features/0.9/sparse_raft_pearson.csv,pearson,raft,0.9,10000,1000,10000_1000,10000000,4.0,3.0,4.0,5.337042097464613,5.812097445534559,5.335483330722517,5.3384368073849835,216512.67748865232,217990.11845927028,648779.9882888794,217291.17955027882,482.4129352498275,pearson_raft,1079682.3501586914,217877.62641906735,216915.36903381348,216765.1653289795,217118.2632446289,217393.732555472,217466.21272401733,217084.50526514585,216528.7823447832,217977.016401428,216540.9709013844,217963.93816686652,216754.23586002708,216924.61842903928,217950.825303636,217990.11845927028,217499.69353267687,216998.4080313081,216512.67748865232,217008.1046053425,217756.18921650364,217726.3441079748,217540.8362480886,217405.34837633773,217289.32716224756
results/GeneratedSparse/10000_cells_1000_features/0.95/sparse_CPU_cosine.csv,cosine,CPU,0.95,10000,1000,10000_1000,10000000,4.0,3.0,4.0,5.783715640475245,5.8176122999132325,5.773182106779821,5.793049812183456,593174.0,620940.25,657071.0,607736.9479166666,7095.448414880122,cosine_CPU,657071.0,612890.75,600263.0,608493.5,613460.75,604648.5,620940.25,598491.75,597182.5,604669.5,613832.75,593174.0,613550.0,612845.75,619732.75,604829.75,606082.0,606898.5,604623.5,598790.0,605782.25,617387.0,611694.0,603521.5,611902.5
results/GeneratedSparse/10000_cells_1000_features/0.95/sparse_CPU_euclidean.csv,euclidean,CPU,0.95,10000,1000,10000_1000,10000000,4.0,3.0,4.0,5.785365431460269,5.80525288610757,5.7694131465076675,5.795975725301258,588048.5,625137.75,638635.25,610050.0,9018.038775952526,euclidean_CPU,638635.25,604553.5,616224.75,598881.75,609519.75,621402.5,604294.0,592209.0,608029.0,603397.75,609244.0,611316.0,618682.25,614285.75,612232.25,622126.75,604190.25,601177.5,614942.5,611631.5,618497.25,615045.75,625137.75,588048.5,616130.0
results/GeneratedSparse/10000_cells_1000_features/0.95/sparse_CPU_kendall.csv,kendall,CPU,0.95,10000,1000,10000_1000,10000000,4.0,3.0,4.0,7.363137781581486,7.362398977192334,7.361571386298388,7.364050320829368,22991716.0,23123327.0,23035570.75,23074791.291666668,32454.686507022332,kendall_CPU,23035570.75,23041975.25,23101954.75,23045312.0,23119835.5,23106276.25,23093585.75,23110323.5,23033303.25,23094243.0,23108528.5,23040903.5,23123327.0,23070575.5,23073184.75,23075415.5,23041763.75,23083649.75,23081978.0,23055971.25,23081958.75,23070908.75,22991716.0,23037729.5,23110571.25
results/GeneratedSparse/10000_cells_1000_features/0.95/sparse_CPU_manhattan.csv,manhattan,CPU,0.95,10000,1000,10000_1000,10000000,4.0,3.0,4.0,6.111152630594362,6.122875668332094,6.108410253381361,6.114590303050146,1283542.5,1301938.0,1327014.5,1291673.1458333333,4239.334715836826,manhattan_CPU,1327014.5,1296439.5,1289452.75,1291680.5,1295621.5,1287587.75,1301938.0,1290589.0,1289363.75,1287929.0,1293666.0,1285815.75,1291273.75,1293696.0,1296121.5,1291862.5,1294016.0,1288056.0,1298459.25,1283542.5,1289938.25,1288886.25,1290794.5,1296233.0,1287192.5
results/GeneratedSparse/10000_cells_1000_features/0.95/sparse_CPU_pearson.csv,pearson,CPU,0.95,10000,1000,10000_1000,10000000,4.0,3.0,4.0,5.794086475596551,5.795901905234393,5.793136181259066,5.795269839446296,621063.75,624122.5,625031.5,622424.2083333334,712.103762872534,pearson_CPU,625031.5,622147.5,623188.75,622586.25,622692.0,621063.75,622193.25,622394.5,622327.75,621821.5,623629.25,622050.5,621972.5,622428.75,622117.0,624122.5,623341.75,621432.5,622621.25,622946.5,621829.0,623349.25,621714.5,622495.75,621714.75
results/GeneratedSparse/10000_cells_1000_features/0.95/sparse_CPU_spearman.csv,spearman,CPU,0.95,10000,1000,10000_1000,10000000,4.0,3.0,4.0,6.07006876278903,6.085909907120406,6.068756379934826,6.070868330208694,1171538.0,1177249.0,1218736.75,1175083.59375,1239.1705807475032,spearman_CPU,1218736.75,1174254.25,1176066.75,1175963.75,1176648.5,1171538.0,1176002.25,1173546.0,1174313.0,1174128.5,1174691.25,1175766.0,1174348.75,1173975.75,1174033.0,1174463.0,1174781.5,1176636.75,1176314.25,1176247.0,1174949.5,1174786.75,1177249.0,1175616.5,1175686.25
results/GeneratedSparse/10000_cells_1000_features/0.95/sparse_GPU_cosine.csv,cosine,GPU,0.95,10000,1000,10000_1000,10000000,4.0,3.0,4.0,4.570513509207118,6.125249905676306,4.569148509657124,4.572043447274507,37080.75,37328.75,1334289.0,37197.479166666664,63.96609277035417,cosine_GPU,1334289.0,37142.5,37238.0,37202.0,37223.0,37156.75,37278.0,37225.0,37116.75,37109.75,37190.5,37215.75,37113.75,37328.75,37147.25,37080.75,37245.25,37156.0,37290.0,37106.25,37230.0,37234.25,37257.75,37210.75,37240.75
results/GeneratedSparse/10000_cells_1000_features/0.95/sparse_GPU_euclidean.csv,euclidean,GPU,0.95,10000,1000,10000_1000,10000000,4.0,3.0,4.0,4.600048765271959,6.088725708345677,4.59628638148787,4.602811213560482,39471.75,40069.25,1226664.25,39815.1875,168.74196354320603,euclidean_GPU,1226664.25,39672.0,39917.75,39734.75,40049.75,40001.0,39853.25,39813.25,39491.5,39777.0,39848.0,39708.25,39925.25,39675.25,39528.5,40047.75,39624.25,39888.75,39937.75,40069.25,39937.25,39850.75,39471.75,39814.0,39927.5
results/GeneratedSparse/10000_cells_1000_features/0.95/sparse_GPU_kendall.csv,kendall,GPU,0.95,10000,1000,10000_1000,10000000,4.0,3.0,4.0,6.548037711714482,6.652206778746374,6.531177584597651,6.5687941025042065,3397641.75,3705050.25,4489591.0,3532138.3958333335,81178.31917875035,kendall_GPU,4489591.0,3458476.25,3586599.5,3526409.25,3508622.5,3466869.25,3428928.0,3616804.75,3523702.25,3480965.25,3567184.0,3417841.25,3619721.5,3644049.75,3645320.25,3421463.75,3573905.75,3705050.25,3592633.5,3397641.75,3565198.25,3522631.25,3494018.5,3563687.75,3443597.0
results/GeneratedSparse/10000_cells_1000_features/0.95/sparse_GPU_manhattan.csv,manhattan,GPU,0.95,10000,1000,10000_1000,10000000,4.0,3.0,4.0,5.882897750560457,6.214029909101252,5.757697917951986,5.984746205597034,572397.75,965486.5,1636929.25,763655.96875,118193.75477207507,manhattan_GPU,1636929.25,700737.0,881408.0,572397.75,899283.25,786176.75,814911.0,767312.25,899960.5,950814.5,720156.0,704857.25,596131.5,965486.5,594342.25,766066.75,775565.75,662541.75,591914.75,916275.75,892133.75,817320.75,694486.75,702702.0,654760.75
results/GeneratedSparse/10000_cells_1000_features/0.95/sparse_GPU_pearson.csv,pearson,GPU,0.95,10000,1000,10000_1000,10000000,4.0,3.0,4.0,4.577188185464984,6.10397202019906,4.575689996264787,4.578521739770146,37643.5,37889.75,1270492.25,37773.583333333336,69.34881888363749,pearson_GPU,1270492.25,37823.75,37730.25,37852.75,37806.75,37797.75,37675.25,37853.25,37717.0,37829.75,37785.25,37847.0,37643.5,37744.75,37868.75,37654.25,37753.25,37699.5,37754.5,37743.75,37758.25,37889.75,37796.0,37690.75,37850.25
results/GeneratedSparse/10000_cells_1000_features/0.95/sparse_GPU_spearman.csv,spearman,GPU,0.95,10000,1000,10000_1000,10000000,4.0,3.0,4.0,5.895446218173138,6.214186612991512,5.769486993742943,6.016132078916367,588148.5,1037844.0,1637520.0,786042.84375,115604.25145901887,spearman_GPU,1637520.0,704087.75,873033.75,740812.0,776273.25,819884.75,1037844.0,999724.0,909585.0,725996.0,719478.75,712683.75,921024.75,588148.5,694464.75,616401.5,887936.5,762688.0,804767.5,828797.25,629601.0,760480.25,833475.25,638654.5,879185.5
results/GeneratedSparse/10000_cells_1000_features/0.95/sparse_armadillo_cosine.csv,cosine,armadillo,0.95,10000,1000,10000_1000,10000000,4.0,3.0,4.0,6.745297442866139,6.747448321272106,6.742064314583539,6.748681323222242,5521592.023730432,5606364.410319727,5590470.0,5562851.195617617,24613.656153151576,cosine_armadillo,5590470.0,5553880.0,5541390.0,5568910.0,5585400.0,5559459.219541068,5574788.965612172,5575123.68384706,5586551.0294347415,5585550.1406819215,5548430.974433512,5564251.862463733,5534716.631596415,5521592.023730432,5571776.318878794,5525950.084838261,5527303.837101364,5606364.410319727,5598099.338983474,5553930.704596175,5590876.982591218,5546490.841392966,5523426.085062561,5589185.279106725,5574980.280610482
results/GeneratedSparse/10000_cells_1000_features/0.95/sparse_armadillo_euclidean.csv,euclidean,armadillo,0.95,10000,1000,10000_1000,10000000,4.0,3.0,4.0,6.761058767237082,6.763437727640512,6.758507156285991,6.765375687617203,5734653.160051829,5826069.855966001,5800130.0,5768445.147290436,18629.276561001774,euclidean_armadillo,5800130.0,5790530.0,5751700.0,5778940.0,5753650.0,5765709.535807493,5734653.160051829,5757059.691762904,5826069.855966001,5744914.025564082,5752409.573450684,5773014.310576999,5789134.736465896,5779287.7001951225,5754007.108537911,5757573.314429347,5767486.893382166,5781292.92589964,5776798.40695857,5764642.784020693,5759503.789056433,5765422.20308102,5757389.80649771,5789807.993709032,5771685.719556928
results/GeneratedSparse/10000_cells_1000_features/0.95/sparse_armadillo_pearson.csv,pearson,armadillo,0.95,10000,1000,10000_1000,10000000,4.0,3.0,4.0,6.792199528218584,6.789367037485229,6.789953332896002,6.794890551428626,6165287.492187743,6235776.649723191,6156970.0,6197257.307093534,14977.446518216497,pearson_armadillo,6156970.0,6187910.0,6188980.0,6211740.0,6211060.0,6187781.715192307,6201288.164962317,6193035.737698045,6202428.577631862,6184999.877368747,6193510.7163643455,6209289.785739021,6189441.126518623,6191992.142884391,6165287.492187743,6193301.376513384,6203145.233045942,6179804.9518223815,6199155.664065515,6179619.812945474,6235776.649723191,6187077.819076232,6214799.549391062,6223494.978603187,6199253.998511028
results/GeneratedSparse/10000_cells_1000_features/0.95/sparse_armadillo_spearman.csv,spearman,armadillo,0.95,10000,1000,10000_1000,10000000,4.0,3.0,4.0,5.996477522656763,5.986836649723588,5.993802911199375,5.998893311684576,985832.0,997455.0,970145.0,991922.0,3103.8141723799554,spearman_armadillo,970145.0,987500.0,992686.0,993115.0,994359.0,994455.0,992705.0,992370.0,993031.0,985832.0,993859.0,989878.0,990517.0,997455.0,995983.0,992957.0,985833.0,991591.0,989259.0,991863.0,986968.0,991822.0,991340.0,997254.0,993496.0
results/GeneratedSparse/10000_cells_1000_features/0.95/sparse_arrayfirecuda_cosine.csv,cosine,arrayfirecuda,0.95,10000,1000,10000_1000,10000000,4.0,3.0,4.0,5.160724070391522,5.1832185796693,5.159597267987408,5.161535697378594,144410.0,145056.0,152482.0,144785.16666666666,173.5078448434601,cosine_arrayfirecuda,152482.0,144850.0,144612.0,144888.0,144933.0,144912.0,144990.0,144513.0,144903.0,144480.0,144595.0,144640.0,144819.0,144918.0,145056.0,144841.0,144881.0,144739.0,145044.0,144679.0,144689.0,144906.0,144703.0,144843.0,144410.0
results/GeneratedSparse/10000_cells_1000_features/0.95/sparse_arrayfirecuda_euclidean.csv,euclidean,arrayfirecuda,0.95,10000,1000,10000_1000,10000000,4.0,3.0,4.0,5.159337428580111,5.182137779934635,5.157471879022413,5.1607625632771335,143705.0,144798.0,152103.0,144323.625,211.54920871592344,euclidean_arrayfirecuda,152103.0,144490.0,144172.0,144122.0,144424.0,144152.0,144503.0,144601.0,144278.0,144440.0,144306.0,144033.0,144405.0,144223.0,144119.0,144348.0,143705.0,144350.0,144479.0,144798.0,144435.0,144445.0,144311.0,144229.0,144399.0
results/GeneratedSparse/10000_cells_1000_features/0.95/sparse_arrayfirecuda_manhattan.csv,manhattan,arrayfirecuda,0.95,10000,1000,10000_1000,10000000,4.0,3.0,4.0,5.9554375461146565,5.959028983730058,5.946802899741947,5.96054925739752,884714.0,913165.0,909974.0,902479.9166666666,6402.2456341288735,manhattan_arrayfirecuda,909974.0,899834.0,909160.0,884714.0,894822.0,902601.0,905056.0,897796.0,909621.0,901665.0,900355.0,903008.0,913165.0,894715.0,909602.0,908672.0,911558.0,904509.0,904304.0,897614.0,894472.0,907110.0,899740.0,903841.0,901584.0
results/GeneratedSparse/10000_cells_1000_features/0.95/sparse_arrayfirecuda_pearson.csv,pearson,arrayfirecuda,0.95,10000,1000,10000_1000,10000000,4.0,3.0,4.0,5.163406391905343,5.162092220569852,5.163086798780063,5.1636324005528875,145575.0,145758.0,145242.0,145682.16666666666,46.75972863717477,pearson_arrayfirecuda,145242.0,145719.0,145650.0,145714.0,145722.0,145673.0,145729.0,145575.0,145751.0,145686.0,145708.0,145758.0,145618.0,145724.0,145697.0,145706.0,145686.0,145686.0,145638.0,145604.0,145636.0,145668.0,145675.0,145623.0,145726.0
results/GeneratedSparse/10000_cells_1000_features/0.95/sparse_raft_cosine.csv,cosine,raft,0.95,10000,1000,10000_1000,10000000,4.0,3.0,4.0,5.265283406275931,5.960798687958973,5.256395497670411,5.271818142349639,180466.04375504088,186989.89698327993,913689.613342285,184197.3620679455,1780.131709488287,cosine_raft,1640719.652175903,186659.574508667,181797.02758789065,183902.02522277832,186792.8504943848,184885.9862358664,186989.89698327993,183650.7967619816,186466.25996945376,181966.6417574141,184124.389924896,182451.4506344784,186319.4743791946,182795.58119391245,180466.04375504088,182399.78488571037,186385.9611766028,183420.5545629715,182440.5337610544,185766.73541580964,183946.5218498417,184674.27007644167,184711.91371263345,183467.52399807816,184254.8907823098
results/GeneratedSparse/10000_cells_1000_features/0.95/sparse_raft_euclidean.csv,euclidean,raft,0.95,10000,1000,10000_1000,10000000,4.0,3.0,4.0,5.275382927517439,5.966579452290398,5.2644353428797555,5.28978572820784,183838.023815802,194888.28245913977,925932.765007019,188531.06790034994,2836.972588826634,euclidean_raft,1660689.5923614502,191175.9376525879,185561.8953704834,186592.81730651853,194732.1891784668,187218.4982049396,189439.4306807413,188247.94500805336,188069.61631010688,187347.2950035224,187971.06621815157,189569.228156299,187547.56198936608,183849.08502502943,189176.81427164708,186174.53830606487,190052.70826302783,194888.28245913977,192032.663503237,188763.30344805884,190991.82498065912,184705.7320543436,189594.41456644252,183838.023815802,187204.75783570873
results/GeneratedSparse/10000_cells_1000_features/0.95/sparse_raft_manhattan.csv,manhattan,raft,0.95,10000,1000,10000_1000,10000000,4.0,3.0,4.0,5.400334897445266,5.972812507527744,5.399308357457815,5.40260954025818,250788.92707824707,252702.50105746236,939317.7032470703,251382.41691824573,419.61728336388546,manhattan_raft,1626923.7995147705,251711.6069793701,251243.11447143555,250788.92707824707,251801.2523651123,250964.0182510503,250789.6927286904,251733.7981686188,251803.31190970296,252702.50105746236,250999.75897575877,251144.66468357167,251322.01385827403,251802.64684038123,251443.19241261447,251403.72611248953,251214.0826885314,251059.4935520924,251598.02061942985,251586.83004203017,251645.22966019844,251055.24648917772,251210.34427420123,251059.1215834233,251095.41123603316
results/GeneratedSparse/10000_cells_1000_features/0.95/sparse_raft_pearson.csv,pearson,raft,0.95,10000,1000,10000_1000,10000000,4.0,3.0,4.0,5.3340494234065545,5.819753225714659,5.332735792960951,5.335747022743363,215147.24684653536,216644.17812687287,660318.13621521,215798.99778898348,381.2163901608876,pearson_raft,1104841.947555542,215794.32487487796,215326.54762268063,215750.2174377441,216390.6097412109,215820.3068219144,215968.26832837443,215632.28858514296,215899.42336392944,215941.37697581013,215643.31355729184,215738.34317463305,215524.6352817234,215379.40885556675,216333.72265163096,216644.17812687287,215149.87572849324,216193.9718252021,215984.24827553183,215957.42829817397,215902.7560726629,215752.5852709582,215147.24684653536,216112.398745918,215188.47047272412
results/GeneratedSparse/10000_cells_1000_features/0.99/sparse_CPU_cosine.csv,cosine,CPU,0.99,10000,1000,10000_1000,10000000,4.0,3.0,4.0,5.783625955190776,5.801424292206497,5.779850536925299,5.788546799250816,602352.25,614535.25,633030.0,607611.4583333334,3103.3990317629514,cosine_CPU,633030.0,610142.5,605336.5,604775.5,610831.0,604471.75,606615.0,607217.75,608210.0,607383.5,604330.0,613656.0,609172.75,609549.75,605832.25,606178.5,612031.25,609999.25,604225.5,604815.0,609272.25,604849.75,602352.25,614535.25,606891.75
results/GeneratedSparse/10000_cells_1000_features/0.99/sparse_CPU_euclidean.csv,euclidean,CPU,0.99,10000,1000,10000_1000,10000000,4.0,3.0,4.0,5.792070987071929,5.8062018578028995,5.78236600826849,5.803960598459243,605851.25,636737.75,640032.25,619542.3333333334,8041.552172760071,euclidean_CPU,640032.25,626496.75,613721.5,614704.5,627082.75,619549.75,628306.5,632564.75,611241.0,626019.25,618176.75,605851.25,621452.5,607995.0,619930.75,622740.5,615032.25,613275.5,615980.0,625030.25,609382.25,614848.0,636737.75,612367.5,630529.0
results/GeneratedSparse/10000_cells_1000_features/0.99/sparse_CPU_kendall.csv,kendall,CPU,0.99,10000,1000,10000_1000,10000000,4.0,3.0,4.0,6.559520373906174,6.564120842333362,6.5567833965149855,6.56140623725851,3603988.5,3642556.0,3665395.5,3626773.0,9681.099414311975,kendall_CPU,3665395.5,3636403.75,3616632.25,3635138.0,3621650.25,3625162.25,3635327.75,3606881.25,3634314.5,3603988.5,3631149.75,3633694.25,3631063.75,3623299.75,3614854.0,3629075.75,3620667.0,3637754.0,3634720.25,3634603.0,3620262.25,3642556.0,3618785.75,3630962.0,3623606.0
results/GeneratedSparse/10000_cells_1000_features/0.99/sparse_CPU_manhattan.csv,manhattan,CPU,0.99,10000,1000,10000_1000,10000000,4.0,3.0,4.0,5.657021992032494,5.686379950957895,5.656167702742642,5.657754562012505,453072.5,454731.0,485713.25,453964.6041666667,450.13069813033815,manhattan_CPU,485713.25,454243.0,453666.0,453629.25,453715.5,453385.75,453405.0,453865.0,454425.5,454040.0,454211.75,453443.5,453791.5,454229.75,453937.75,453405.25,454457.5,454406.5,453912.25,453072.5,454731.0,453641.5,454307.0,454543.25,454684.5
results/GeneratedSparse/10000_cells_1000_features/0.99/sparse_CPU_pearson.csv,pearson,CPU,0.99,10000,1000,10000_1000,10000000,4.0,3.0,4.0,5.785530234656674,5.798746262558944,5.776737676264097,5.7961679459778885,598050.25,625414.5,629138.5,610281.5416666666,8218.0195450641,pearson_CPU,629138.5,603823.75,618701.5,604360.5,621003.25,606135.75,613544.25,598050.25,608233.25,606162.0,599094.5,624813.75,602188.75,609128.75,604907.25,598939.75,615186.0,609317.0,605148.5,605754.75,618409.75,618832.0,625414.5,622486.75,607120.5
results/GeneratedSparse/10000_cells_1000_features/0.99/sparse_CPU_spearman.csv,spearman,CPU,0.99,10000,1000,10000_1000,10000000,4.0,3.0,4.0,5.6260246276594765,5.65961983791353,5.6255616871048035,5.626401195143535,422242.25,423059.25,456688.25,422692.5833333333,187.6013013384739,spearman_CPU,456688.25,422543.0,422814.0,422396.25,422809.25,422731.75,422661.5,422650.75,422733.5,422890.75,422425.0,422766.25,422824.75,422818.75,423059.25,422242.25,422683.0,422668.25,422766.0,422839.5,422506.5,422499.25,422526.25,422964.75,422801.5
results/GeneratedSparse/10000_cells_1000_features/0.99/sparse_GPU_cosine.csv,cosine,GPU,0.99,10000,1000,10000_1000,10000000,4.0,3.0,4.0,4.50434964184974,6.062810069931584,4.500558918949378,4.506931000264152,31663.5,32131.5,1155606.75,31941.083333333332,108.67949502499948,cosine_GPU,1155606.75,31998.0,31870.25,32032.5,31931.75,31970.75,31849.75,32070.25,31951.25,31788.75,31955.5,31928.75,31663.5,31742.0,32089.75,31979.0,31965.5,32063.5,31948.5,32043.25,31932.0,31911.25,32131.5,31944.5,31824.25
results/GeneratedSparse/10000_cells_1000_features/0.99/sparse_GPU_euclidean.csv,euclidean,GPU,0.99,10000,1000,10000_1000,10000000,4.0,3.0,4.0,4.536228756549091,6.067292226537749,4.535059816386243,4.537727820700086,34281.5,34492.75,1167595.0,34373.895833333336,59.49338709166666,euclidean_GPU,1167595.0,34432.75,34342.25,34492.75,34376.5,34306.5,34284.75,34347.75,34395.5,34440.25,34382.5,34331.25,34340.5,34399.5,34418.0,34440.5,34455.25,34281.5,34464.0,34310.0,34320.25,34359.75,34354.5,34404.0,34293.0
results/GeneratedSparse/10000_cells_1000_features/0.99/sparse_GPU_kendall.csv,kendall,GPU,0.99,10000,1000,10000_1000,10000000,4.0,3.0,4.0,5.982770878969517,6.2492211725441775,5.891874476536533,6.106056711168912,779604.75,1276605.5,1775093.25,961105.09375,99934.41311075324,kendall_GPU,1775093.25,835079.0,1011418.75,862848.5,882713.25,948365.25,1008027.5,824913.75,995808.75,1054534.0,955357.25,946419.75,1276605.5,892709.75,988615.75,1013970.75,966614.5,942609.25,893306.75,967712.5,1032700.25,779604.75,1095991.75,994452.0,896143.0
results/GeneratedSparse/10000_cells_1000_features/0.99/sparse_GPU_manhattan.csv,manhattan,GPU,0.99,10000,1000,10000_1000,10000000,4.0,3.0,4.0,5.909841943694635,6.20807624514418,5.709588778934332,6.019703748971741,512376.0,1046414.5,1614642.0,812534.75,135709.9479991511,manhattan_GPU,1614642.0,673992.25,876364.25,1009764.5,739255.0,658917.75,592382.5,995495.0,714851.25,791754.75,779194.75,757814.5,818014.0,1043450.25,840150.5,841492.75,828507.5,1046414.5,652556.5,881135.0,796343.0,904929.25,937958.0,807720.25,512376.0
results/GeneratedSparse/10000_cells_1000_features/0.99/sparse_GPU_pearson.csv,pearson,GPU,0.99,10000,1000,10000_1000,10000000,4.0,3.0,4.0,4.532533832585331,6.084884106835174,4.467545213413372,4.589279221235968,29345.75,38840.0,1215861.5,34082.6875,2527.206383631687,pearson_GPU,1215861.5,32309.5,35660.25,35284.5,38840.0,34572.5,29854.0,31749.5,38752.0,34343.5,33572.5,33442.0,33467.5,35022.5,37180.5,32304.0,34482.5,36908.75,33420.75,31689.0,34627.75,29345.75,32355.5,37806.5,30993.25
results/GeneratedSparse/10000_cells_1000_features/0.99/sparse_GPU_spearman.csv,spearman,GPU,0.99,10000,1000,10000_1000,10000000,4.0,3.0,4.0,5.884657430900354,6.213917668266284,5.659465040796912,6.028734692329634,456525.5,1068402.0,1636506.25,766756.4375,149823.31444387825,spearman_GPU,1636506.25,678178.25,857736.5,682315.0,952256.0,879029.25,1068402.0,785141.75,740137.25,984367.25,851467.25,456525.5,708235.5,464552.5,505570.5,910406.25,700211.0,810157.0,675818.25,696933.5,702738.75,771541.5,878468.0,813722.75,828243.0
results/GeneratedSparse/10000_cells_1000_features/0.99/sparse_armadillo_cosine.csv,cosine,armadillo,0.99,10000,1000,10000_1000,10000000,4.0,3.0,4.0,5.930534819872822,5.925891967015979,5.929234439114109,5.931684621014539,849639.0,854446.0,843125.0,852186.8333333334,1458.9625214133805,cosine_armadillo,843125.0,851997.0,852145.0,850794.0,854396.0,853917.0,854053.0,849692.0,851177.0,849639.0,850988.0,851052.0,852837.0,850895.0,854426.0,851220.0,852257.0,854446.0,852120.0,851092.0,854277.0,851231.0,852561.0,853382.0,851890.0
results/GeneratedSparse/10000_cells_1000_features/0.99/sparse_armadillo_euclidean.csv,euclidean,armadillo,0.99,10000,1000,10000_1000,10000000,4.0,3.0,4.0,6.006572337016647,6.009229867811667,5.9932619700159835,6.0175493869685885,984604.8484390172,1041236.5079095076,1021480.0,1015248.4544418311,12046.278618440241,euclidean_armadillo,1021480.0,1020710.0,1024410.0,1015210.0,1001060.0,1009655.625800648,1020248.95101842,1031119.9558464407,1005169.2325643412,1020005.257227288,1010314.2557782998,1011377.1365317368,984604.8484390172,998579.448835338,1022383.2442865575,1026778.5255338652,1041236.5079095076,1007859.4079506964,1031983.373483743,1014633.6694290092,1020900.9430601292,1021727.7164131232,1011114.3153919232,1013431.3172217292,1001449.173882135
results/GeneratedSparse/10000_cells_1000_features/0.99/sparse_armadillo_pearson.csv,pearson,armadillo,0.99,10000,1000,10000_1000,10000000,4.0,3.0,4.0,6.105756621773247,6.10574515115148,6.101921929125489,6.109952727035846,1264509.0127883232,1288109.3333318883,1275690.0,1275723.694074724,5682.118136338034,pearson_armadillo,1275690.0,1267000.0,1275700.0,1281350.0,1281110.0,1280460.880437194,1279083.2077848718,1274318.7262594493,1271162.9706648954,1268227.810306058,1264509.0127883232,1278094.8774365615,1277874.477382045,1275629.438300731,1275740.880179084,1288109.3333318883,1274880.8664239156,1268093.5232049206,1268751.636917675,1275278.2482417335,1270071.1743437983,1279917.1953075146,1279230.9719200565,1282451.8299096855,1280321.596652978
results/GeneratedSparse/10000_cells_1000_features/0.99/sparse_armadillo_spearman.csv,spearman,armadillo,0.99,10000,1000,10000_1000,10000000,4.0,3.0,4.0,5.985720152301893,5.983438638590601,5.982594571555595,5.989229499734478,960715.0,975505.0,962584.0,967654.125,4514.477907360016,spearman_armadillo,962584.0,963215.0,968048.0,970877.0,973460.0,975305.0,967284.0,960715.0,969906.0,962988.0,960832.0,967244.0,974144.0,970675.0,971559.0,964654.0,968138.0,962908.0,966014.0,961004.0,972596.0,965230.0,975505.0,965538.0,965860.0
results/GeneratedSparse/10000_cells_1000_features/0.99/sparse_arrayfirecuda_cosine.csv,cosine,arrayfirecuda,0.99,10000,1000,10000_1000,10000000,4.0,3.0,4.0,5.07994134981802,5.074037082470799,5.07497360633426,5.08412208661435,118843.0,121373.0,118587.0,120210.20833333333,791.1006035458167,cosine_arrayfirecuda,118587.0,119476.0,120603.0,119935.0,119840.0,121220.0,120777.0,121011.0,118843.0,121305.0,119294.0,120016.0,120853.0,119708.0,119251.0,118943.0,119942.0,119018.0,121373.0,121120.0,120679.0,119677.0,120562.0,120793.0,120806.0
results/GeneratedSparse/10000_cells_1000_features/0.99/sparse_arrayfirecuda_euclidean.csv,euclidean,arrayfirecuda,0.99,10000,1000,10000_1000,10000000,4.0,3.0,4.0,5.067868686236058,5.06702991804654,5.06507529675888,5.07052548103398,116165.0,117632.0,116689.0,116914.58333333333,366.59206627470206,euclidean_arrayfirecuda,116689.0,116540.0,117132.0,116281.0,116813.0,116878.0,117149.0,116615.0,117370.0,117232.0,116579.0,116820.0,116165.0,116760.0,117456.0,117368.0,116599.0,116880.0,117025.0,117172.0,117632.0,116444.0,117132.0,116951.0,116957.0
results/GeneratedSparse/10000_cells_1000_features/0.99/sparse_arrayfirecuda_manhattan.csv,manhattan,arrayfirecuda,0.99,10000,1000,10000_1000,10000000,4.0,3.0,4.0,5.950207828374433,5.967941377360107,5.947533705946109,5.952371016567591,886204.0,896130.0,928841.0,891677.5416666666,2542.1308315919846,manhattan_arrayfirecuda,928841.0,892694.0,888615.0,893336.0,889306.0,896130.0,892758.0,893371.0,888382.0,893748.0,891937.0,894058.0,892063.0,889565.0,894800.0,893344.0,892980.0,886204.0,890926.0,891761.0,887871.0,889121.0,889060.0,893011.0,895220.0
results/GeneratedSparse/10000_cells_1000_features/0.99/sparse_arrayfirecuda_pearson.csv,pearson,arrayfirecuda,0.99,10000,1000,10000_1000,10000000,4.0,3.0,4.0,5.067932913639658,5.064985561086079,5.067569245718495,5.068456747309271,116834.0,117073.0,116141.0,116931.875,52.2336996105005,pearson_arrayfirecuda,116141.0,116893.0,116970.0,116991.0,116881.0,117073.0,116956.0,117016.0,116920.0,116834.0,116893.0,116981.0,116939.0,116888.0,116921.0,116992.0,116915.0,116864.0,116953.0,116917.0,116911.0,116875.0,116916.0,116936.0,116930.0
results/GeneratedSparse/10000_cells_1000_features/0.99/sparse_raft_cosine.csv,cosine,raft,0.99,10000,1000,10000_1000,10000000,4.0,3.0,4.0,5.113531339755589,5.900787914594038,5.1112725986957885,5.11535765832127,129203.00027269016,130424.04287872234,795770.6451416016,129876.72826819733,329.9173722786472,cosine_raft,1461349.2488861084,130192.04139709473,130000.11444091795,129407.40585327148,129435.06240844728,129914.37055865568,130158.32909831531,129383.27915949016,130076.57391999764,129329.65632519838,129565.65046281496,130081.02683539824,130246.84663900916,130424.04287872234,130066.57536232856,129772.2335858484,129899.34364679964,129626.24379274076,129203.00027269016,130235.50336684236,129849.68437099805,130097.99845718508,130017.87809483736,129897.38139319653,130161.23611593578
results/GeneratedSparse/10000_cells_1000_features/0.99/sparse_raft_euclidean.csv,euclidean,raft,0.99,10000,1000,10000_1000,10000000,4.0,3.0,4.0,5.130126625692302,5.898067825547928,5.108245346485552,5.173058744745596,128305.52158245636,148956.2549428439,790802.1211624146,134935.62522294393,5053.8833061419,euclidean_raft,1451048.3741760254,130555.86814880373,130496.74034118652,130253.79180908205,141016.00646972656,136852.35272348873,129856.9683452782,141432.98291366146,135699.99296299127,136194.32354536653,148956.2549428439,134059.3706716074,131520.33634378316,144745.89441745792,138603.10357604633,130617.95262730912,136708.22610961608,132567.92995628816,130575.38792037472,136193.99282077036,131780.3331975478,128305.52158245636,137117.82940112543,131565.87128645726,132777.97323738487
results/GeneratedSparse/10000_cells_1000_features/0.99/sparse_raft_manhattan.csv,manhattan,raft,0.99,10000,1000,10000_1000,10000000,4.0,3.0,4.0,5.156567960356557,5.923736098032519,5.155215519789498,5.158023126798155,142960.322690468,143887.51983642578,838950.0379562378,143406.21069959053,242.15530278796672,manhattan_raft,1534012.5560760498,143887.51983642578,143255.23376464844,143432.1403503418,143570.1847076416,143259.57012210248,143034.81127042382,143441.09643678748,143709.59545095082,142960.322690468,143264.49852011888,143396.3208678864,143150.01653209893,143453.79144850047,143792.1954263253,143096.10971487788,143578.94144268442,143609.57092449768,143769.04403535038,143350.65002518712,143225.4441132365,143215.89170721703,143565.68859107562,143229.25749493527,143501.16131639067
results/GeneratedSparse/10000_cells_1000_features/0.99/sparse_raft_pearson.csv,pearson,raft,0.99,10000,1000,10000_1000,10000000,4.0,3.0,4.0,5.331264932521532,5.78350790031198,5.329584945326458,5.333826923772084,213591.98179575088,215688.46702575684,607446.3129043579,214419.82267811184,518.9554266653778,pearson_raft,1000712.6331329346,214179.99267578125,213990.6883239746,215688.46702575684,214558.83979797363,214549.78153309855,215074.0130622284,214085.00502147517,215020.82159177243,214328.48390225705,213928.4070456549,215112.0196270529,214066.9176684653,214718.09403303725,214148.2731047384,214480.20017526037,213749.90085056509,215262.85404518704,214485.1801720834,213710.64054119977,214783.6142490609,213591.98179575088,214112.9201898887,214218.1946694124,214230.4531730092
results/GeneratedSparse/10000_cells_100_features/0.5/sparse_CPU_cosine.csv,cosine,CPU,0.5,10000,100,10000_100,1000000,4.0,2.0,4.0,5.69840177463231,5.714921899562274,5.684884841166452,5.7111848567402115,484044.0,514262.5,518706.75,499346.2291666667,8496.87949396616,cosine_CPU,518706.75,506078.75,495126.25,512196.75,510544.75,484044.0,492888.75,491592.0,506626.25,492652.5,494758.5,495115.0,513904.5,491886.0,489943.75,509057.75,495654.75,498135.25,506559.0,487663.0,503452.0,498388.75,496760.5,514262.5,497018.25
results/GeneratedSparse/10000_cells_100_features/0.5/sparse_CPU_euclidean.csv,euclidean,CPU,0.5,10000,100,10000_100,1000000,4.0,2.0,4.0,5.699500315900251,5.720567968305397,5.695091643300271,5.7028250137294325,495554.75,504458.0,525494.25,500610.9166666667,2472.5470985430975,euclidean_CPU,525494.25,503850.75,498577.25,497904.25,500759.5,503335.0,499487.5,502008.25,501234.25,498879.25,504397.75,501069.75,503951.5,495554.75,498854.75,498729.5,502847.5,498872.75,501373.5,496153.0,498032.25,501664.0,501942.25,504458.0,500724.75
results/GeneratedSparse/10000_cells_100_features/0.5/sparse_CPU_kendall.csv,kendall,CPU,0.5,10000,100,10000_100,1000000,4.0,2.0,4.0,7.294274430356576,7.293730311586386,7.2920439575585565,7.296665568623983,19590429.5,19800017.25,19666646.5,19691301.885416668,58027.60633772817,kendall_CPU,19666646.5,19639923.25,19728057.5,19768809.5,19676218.0,19745581.0,19702436.75,19674300.5,19642029.5,19660471.75,19607388.75,19620260.75,19800017.25,19696717.25,19683122.5,19691979.0,19754995.0,19728734.0,19641273.75,19590429.5,19613514.0,19693147.25,19756490.25,19797277.0,19678071.25
results/GeneratedSparse/10000_cells_100_features/0.5/sparse_CPU_manhattan.csv,manhattan,CPU,0.5,10000,100,10000_100,1000000,4.0,2.0,4.0,6.0682342415909725,6.0810377717064386,6.065889081343501,6.071458363626399,1163828.75,1178849.5,1205140.75,1170130.34375,3837.5349718903894,manhattan_CPU,1205140.75,1168263.75,1173465.75,1169209.25,1172267.5,1166015.5,1172297.0,1177710.0,1169209.5,1174503.25,1167927.0,1168256.75,1178849.5,1166440.0,1164338.75,1166024.25,1171229.25,1172843.0,1172121.5,1167611.5,1167530.0,1171508.0,1167863.75,1163828.75,1173814.75
results/GeneratedSparse/10000_cells_100_features/0.5/sparse_CPU_pearson.csv,pearson,CPU,0.5,10000,100,10000_100,1000000,4.0,2.0,4.0,5.699257719583177,5.714843817676671,5.696894772285952,5.701841383628864,497616.5,503316.75,518613.5,500331.3541666667,1563.7013330367704,pearson_CPU,518613.5,502015.5,499424.75,498495.75,502431.75,502748.25,500544.25,497616.5,502175.0,499410.5,501837.0,499336.5,498757.25,503316.75,499446.25,500055.5,498345.75,500368.0,499609.0,499801.5,499427.5,501021.0,498295.5,501510.75,501962.0
results/GeneratedSparse/10000_cells_100_features/0.5/sparse_CPU_spearman.csv,spearman,CPU,0.5,10000,100,10000_100,1000000,4.0,2.0,4.0,6.031391752850769,6.038377715850068,6.03101004361243,6.031697426425622,1074014.25,1075715.5,1092390.0,1074958.6354166667,489.3068331577093,spearman_CPU,1092390.0,1074657.25,1075273.0,1074827.5,1075299.0,1074334.5,1075681.25,1074933.5,1074376.25,1075243.0,1074956.75,1075715.5,1074593.5,1075245.5,1075112.75,1074676.0,1074082.75,1075103.25,1074014.25,1074285.25,1074837.0,1075544.5,1075389.25,1075646.75,1075179.0
results/GeneratedSparse/10000_cells_100_features/0.5/sparse_GPU_cosine.csv,cosine,GPU,0.5,10000,100,10000_100,1000000,4.0,2.0,4.0,4.503655370399388,6.096311229474124,4.49538127306638,4.511502351042884,31288.25,32471.5,1248277.75,31890.0625,338.5462967632098,cosine_GPU,1248277.75,32097.25,31559.0,31288.25,32361.75,31806.25,31825.0,31750.0,32346.5,31626.25,32335.5,31294.25,32277.75,31966.75,31942.0,32471.5,32144.25,31582.5,31530.25,31893.0,31388.0,32049.25,31827.75,32173.25,31825.25
results/GeneratedSparse/10000_cells_100_features/0.5/sparse_GPU_euclidean.csv,euclidean,GPU,0.5,10000,100,10000_100,1000000,4.0,2.0,4.0,4.494959160645323,6.124565517327705,4.494238104158476,4.496137098623623,31206.0,31342.75,1332188.0,31257.854166666668,39.32973036994052,euclidean_GPU,1332188.0,31231.0,31299.75,31235.5,31221.0,31233.25,31253.5,31294.25,31206.0,31273.25,31215.0,31228.25,31227.0,31220.5,31327.25,31325.5,31267.0,31342.75,31266.0,31208.0,31301.0,31223.5,31254.75,31253.25,31281.25
results/GeneratedSparse/10000_cells_100_features/0.5/sparse_GPU_kendall.csv,kendall,GPU,0.5,10000,100,10000_100,1000000,4.0,2.0,4.0,6.486307139657132,6.58289593794035,6.448342233194138,6.520783668638316,2807645.25,3317291.75,3827330.25,3064129.6666666665,116294.4500578987,kendall_GPU,3827330.25,2980980.75,3153084.75,3097159.5,3065599.25,3317291.75,3046132.25,3072653.25,3069255.25,2906923.25,3076208.5,3157984.25,2919276.25,2915553.0,2980125.0,2807645.25,3008284.5,3228542.75,3091959.5,3097440.25,3202083.5,3248646.5,2987224.0,3095601.5,3013457.25
results/GeneratedSparse/10000_cells_100_features/0.5/sparse_GPU_manhattan.csv,manhattan,GPU,0.5,10000,100,10000_100,1000000,4.0,2.0,4.0,5.88678694550871,6.214932088251093,5.76930493762995,5.988084384790192,587902.0,972936.25,1640333.25,770525.375,96820.46341930598,manhattan_GPU,1640333.25,680633.75,853366.5,808808.25,629469.5,972936.25,587902.0,727059.75,864954.75,769800.5,732361.0,659629.5,795355.0,747448.0,915090.0,710123.0,793618.25,797056.75,928127.5,851444.0,657149.5,679064.75,710580.5,852111.75,768518.25
results/GeneratedSparse/10000_cells_100_features/0.5/sparse_GPU_pearson.csv,pearson,GPU,0.5,10000,100,10000_100,1000000,4.0,2.0,4.0,4.502418584238564,6.105494941617713,4.501322909896757,4.503405910178397,31719.25,31871.75,1274955.25,31799.375,37.77103442674911,pearson_GPU,1274955.25,31775.0,31819.0,31763.0,31814.5,31819.5,31773.75,31830.5,31871.75,31782.0,31850.0,31823.0,31819.5,31807.5,31807.25,31819.5,31735.75,31719.25,31863.5,31816.5,31748.75,31784.0,31751.0,31791.25,31799.25
results/GeneratedSparse/10000_cells_100_features/0.5/sparse_GPU_spearman.csv,spearman,GPU,0.5,10000,100,10000_100,1000000,4.0,2.0,4.0,5.929148876657994,6.218390606814799,5.766316347164295,6.032038743662799,583870.25,1076561.25,1653448.25,849471.625,114560.80547198778,spearman_GPU,1653448.25,730862.0,892459.0,869529.0,932514.25,583870.25,715848.75,743312.5,1003327.0,825528.25,797454.0,779228.0,1076561.25,847495.0,991285.25,773018.0,877882.25,809079.5,753921.5,921556.25,968517.5,1038286.5,773248.5,770028.5,912506.0
results/GeneratedSparse/10000_cells_100_features/0.5/sparse_armadillo_cosine.csv,cosine,armadillo,0.5,10000,100,10000_100,1000000,4.0,2.0,4.0,6.981225627761049,6.979626668119039,6.980373799126322,6.982439253012148,9558149.06079352,9603714.769267367,9541720.0,9576914.887729252,10338.02476198337,cosine_armadillo,9541720.0,9590070.0,9588640.0,9568300.0,9578350.0,9572323.353244392,9569095.05680809,9572514.854223954,9573508.7462685,9584922.303741522,9573805.870720897,9567871.43133704,9558149.06079352,9577139.084942194,9561867.308816047,9603714.769267367,9573061.210157877,9575178.044076275,9576365.8104369,9567233.538995584,9574453.517108276,9586599.917784274,9591267.258408282,9589851.181828791,9571674.986542268
results/GeneratedSparse/10000_cells_100_features/0.5/sparse_armadillo_euclidean.csv,euclidean,armadillo,0.5,10000,100,10000_100,1000000,4.0,2.0,4.0,6.996254042378286,6.996169180000064,6.995725992133445,6.996937516802476,9902070.0,9929731.76233649,9912180.0,9914117.057439575,7833.049130702733,euclidean_armadillo,9912180.0,9922100.0,9913410.0,9911070.0,9902070.0,9910895.26834088,9928117.926611047,9921918.050723242,9910531.152718306,9908362.743446222,9910247.561730493,9921992.353710016,9912993.314758187,9904462.9085017,9918720.372092267,9905935.078140987,9921127.358771378,9906658.91595029,9922859.811124625,9905724.130736766,9929731.76233649,9908087.10314665,9904961.143569658,9914643.210658424,9922189.211482164
results/GeneratedSparse/10000_cells_100_features/0.5/sparse_armadillo_manhattan.csv,manhattan,armadillo,0.5,10000,100,10000_100,1000000,4.0,2.0,4.0,7.546744642841653,7.54683867245147,7.5459279495526355,7.548515276705313,35150212.06853625,35360245.91712924,35224000.0,35216374.43581072,48972.63537898257,manhattan_armadillo,35224000.0,35224100.0,35211700.0,35164600.0,35278700.0,35233775.57649699,35217906.30664929,35207911.57730402,35296643.71306014,35254691.02543851,35178495.335599095,35244210.94872731,35150212.06853625,35182728.894166335,35170139.17352011,35212417.90094825,35219568.6467165,35184886.109230086,35163111.2490726,35189311.625680365,35241752.145414,35163092.44787984,35176957.638359,35360245.91712924,35265828.15952955
results/GeneratedSparse/10000_cells_100_features/0.5/sparse_armadillo_pearson.csv,pearson,armadillo,0.5,10000,100,10000_100,1000000,4.0,2.0,4.0,6.990507715959603,6.989828770011322,6.987186393799925,6.993593961060509,9709265.874723976,9853578.05193546,9768520.0,9783803.371746818,36627.61838438719,pearson_armadillo,9768520.0,9763640.0,9758420.0,9777270.0,9845900.0,9784487.522246163,9764714.120625934,9791535.813097376,9787933.423629189,9709265.874723976,9745104.467943544,9820671.78404356,9796502.52976999,9840896.18095786,9779630.821783789,9800304.154516192,9853578.05193546,9812987.849408718,9814633.044762429,9740390.421363903,9807250.530393705,9734496.960016448,9729485.20545687,9769856.650495524,9782325.51475302
results/GeneratedSparse/10000_cells_100_features/0.5/sparse_armadillo_spearman.csv,spearman,armadillo,0.5,10000,100,10000_100,1000000,4.0,2.0,4.0,5.8777689071297115,5.8838186610320715,5.871191593041535,5.882667950982918,743347.0,763252.0,765277.0,754690.5416666666,4874.013575237273,spearman_armadillo,765277.0,745855.0,758321.0,757146.0,753611.0,756003.0,755768.0,759168.0,757055.0,759080.0,755469.0,757281.0,757221.0,749560.0,763252.0,756617.0,750747.0,762640.0,756343.0,753158.0,746185.0,750065.0,753907.0,754774.0,743347.0
results/GeneratedSparse/10000_cells_100_features/0.5/sparse_arrayfirecuda_cosine.csv,cosine,arrayfirecuda,0.5,10000,100,10000_100,1000000,4.0,2.0,4.0,5.057447856034089,5.059093656382342,5.048492299972984,5.065400433230741,111813.0,116252.0,114576.0,114142.625,1074.5804534987908,cosine_arrayfirecuda,114576.0,115181.0,113062.0,116252.0,115273.0,113704.0,114571.0,113903.0,114615.0,114171.0,114604.0,112870.0,111813.0,115338.0,115417.0,113983.0,113090.0,112237.0,113395.0,112943.0,114619.0,115112.0,114096.0,114116.0,115058.0
results/GeneratedSparse/10000_cells_100_features/0.5/sparse_arrayfirecuda_euclidean.csv,euclidean,arrayfirecuda,0.5,10000,100,10000_100,1000000,4.0,2.0,4.0,5.055233988581752,5.055099161586551,5.054356384984003,5.056119363679552,113333.0,113794.0,113527.0,113562.25,116.44821810573144,euclidean_arrayfirecuda,113527.0,113682.0,113474.0,113445.0,113597.0,113333.0,113404.0,113571.0,113475.0,113627.0,113595.0,113640.0,113669.0,113637.0,113360.0,113577.0,113389.0,113696.0,113555.0,113712.0,113559.0,113540.0,113794.0,113517.0,113646.0
results/GeneratedSparse/10000_cells_100_features/0.5/sparse_arrayfirecuda_manhattan.csv,manhattan,arrayfirecuda,0.5,10000,100,10000_100,1000000,4.0,2.0,4.0,5.1139020088450655,5.139113676374153,5.1019394402843945,5.1264593592678205,126456.0,133801.0,137757.0,129987.625,2108.772960999279,manhattan_arrayfirecuda,137757.0,131821.0,128522.0,133801.0,127438.0,129778.0,130671.0,130642.0,130501.0,127559.0,129065.0,129743.0,133694.0,126456.0,131872.0,127335.0,127922.0,131858.0,131921.0,133671.0,127277.0,130427.0,128495.0,129972.0,129262.0
results/GeneratedSparse/10000_cells_100_features/0.5/sparse_arrayfirecuda_pearson.csv,pearson,arrayfirecuda,0.5,10000,100,10000_100,1000000,4.0,2.0,4.0,5.062505678314122,5.062724845493073,5.060607195524556,5.064315697037164,114976.0,115962.0,115538.0,115479.70833333333,228.9422196331545,pearson_arrayfirecuda,115538.0,115294.0,115629.0,115962.0,115417.0,115136.0,115598.0,115347.0,115558.0,115366.0,115525.0,115417.0,114976.0,115651.0,115381.0,115245.0,115591.0,115156.0,115726.0,115884.0,115305.0,115712.0,115566.0,115500.0,115571.0
results/GeneratedSparse/10000_cells_100_features/0.5/sparse_raft_cosine.csv,cosine,raft,0.5,10000,100,10000_100,1000000,4.0,2.0,4.0,5.2582830266382325,5.9554293857507945,5.252854335298476,5.263753943126502,179000.5375923176,183549.81162396696,902462.9592895508,181252.09148552114,1087.0686060157313,cosine_raft,1625452.0416259766,179473.876953125,180645.22743225095,182296.7529296875,182589.7693634033,182698.6308146529,180908.04373074137,181088.0608430341,179237.99850262888,181779.31052564457,181412.3044177933,182107.6713386248,180585.9389381125,182136.71050393785,181206.06525000356,180926.37848599936,179000.5375923176,179991.17112252995,181747.58153596875,183549.81162396696,181134.09422490207,182250.5953123049,181161.27991686057,180993.32141369625,181129.0628803199
results/GeneratedSparse/10000_cells_100_features/0.5/sparse_raft_euclidean.csv,euclidean,raft,0.5,10000,100,10000_100,1000000,4.0,2.0,4.0,5.270581477401529,5.987527546395397,5.266997032271258,5.275078082639247,184925.5982140378,188398.7784824808,971689.5818710326,186458.19571448237,940.6023744277222,euclidean_raft,1755512.237548828,187866.9261932373,185999.63188171387,186240.91148376465,185117.9599761963,186268.28566361815,185564.39004177207,186822.51746749933,185695.45455897343,187954.795597101,185507.92413020143,187629.23663115068,187224.84204803503,185844.2201097749,186719.97599699572,187212.6890112966,184925.5982140378,186672.92842492647,188398.7784824808,186145.80000035983,187053.17236202664,184936.32055100932,185777.05481813324,186633.48122394824,186783.802279324
results/GeneratedSparse/10000_cells_100_features/0.5/sparse_raft_manhattan.csv,manhattan,raft,0.5,10000,100,10000_100,1000000,4.0,2.0,4.0,5.397845118988505,5.998135423225742,5.396973278277458,5.398831948609313,249444.12416462047,250513.96950715707,995715.856552124,249945.38307419085,309.0858070575252,manhattan_raft,1741332.2925567627,250099.42054748532,250228.1665802002,249444.7231292725,249896.52633666992,249444.12416462047,249839.91912892423,249652.305894854,249662.51969137104,250021.82119772665,250353.6315294997,249973.74545958056,250186.0886114162,249802.600009381,249554.85557029647,249916.6960306436,249466.29064967393,250137.26699065056,250513.96950715707,249864.64967083928,249924.4097316629,249721.9849366441,250424.53854275224,250321.24014756433,250237.69972169385
results/GeneratedSparse/10000_cells_100_features/0.5/sparse_raft_pearson.csv,pearson,raft,0.5,10000,100,10000_100,1000000,4.0,2.0,4.0,5.1002693529676275,5.748197967104281,5.097805302876587,5.102188376302506,125257.95092727852,126528.50489724505,560012.8173828125,125970.64497451315,357.28121502866674,pearson_raft,994579.3151855468,125446.31958007812,126289.12925720216,125824.4514465332,126008.74900817873,125716.67707813352,125734.96857397514,125452.64920345596,126434.129094826,126418.96882657518,126050.04817721188,125257.95092727852,125877.3546736163,125762.13224121048,126078.77189319691,126052.14560303593,126262.85381573444,126132.75015376268,126088.6370321972,126528.50489724505,125946.43323593069,126501.1031047298,125296.20148586032,126271.21337151852,125863.33670682897
results/GeneratedSparse/10000_cells_100_features/0.75/sparse_CPU_cosine.csv,cosine,CPU,0.75,10000,100,10000_100,1000000,4.0,2.0,4.0,5.712715871786885,5.720160130632753,5.687322466191526,5.740458618498024,486768.5,550121.5,525001.0,516078.625,15420.447803937419,cosine_CPU,525001.0,527549.25,507011.5,550121.5,520036.0,529941.0,502917.0,534037.75,501545.25,533729.25,497598.25,523957.5,524707.5,503786.25,532798.5,522840.25,537305.0,504999.75,507833.75,494153.25,513858.25,508545.5,514102.5,505743.75,486768.5
results/GeneratedSparse/10000_cells_100_features/0.75/sparse_CPU_euclidean.csv,euclidean,CPU,0.75,10000,100,10000_100,1000000,4.0,2.0,4.0,5.701019149157104,5.730064451077928,5.690842387447371,5.708592119486743,490729.75,511201.5,537111.5,502364.7395833333,6178.485459674752,euclidean_CPU,537111.5,508291.5,498667.25,499917.75,505106.75,506828.75,505974.25,493406.0,502388.5,509249.5,501521.25,507723.75,511201.5,510179.75,493792.5,508095.5,503584.0,498591.0,510959.5,493032.5,490729.75,498535.75,500649.0,505002.25,493325.5
results/GeneratedSparse/10000_cells_100_features/0.75/sparse_CPU_kendall.csv,kendall,CPU,0.75,10000,100,10000_100,1000000,4.0,2.0,4.0,6.980020939122363,6.981365792412535,6.9798019236463125,6.980156620934843,9545571.25,9553370.5,9580006.25,9550386.3125,2051.8647682885316,kendall_CPU,9580006.25,9548288.0,9551731.75,9551203.0,9548496.5,9546912.25,9548443.0,9552932.5,9550681.25,9551600.5,9551401.25,9545571.25,9552712.75,9552184.25,9549495.75,9553370.5,9547179.25,9551473.75,9550679.0,9548974.5,9548901.5,9551689.5,9551978.0,9551059.75,9552311.75
results/GeneratedSparse/10000_cells_100_features/0.75/sparse_CPU_manhattan.csv,manhattan,CPU,0.75,10000,100,10000_100,1000000,4.0,2.0,4.0,5.877985364140143,5.893410940085133,5.871276883986844,5.882520838182723,743493.0,762993.5,782367.75,755066.78125,4951.170539373587,manhattan_CPU,782367.75,758833.0,751753.0,756893.75,759496.5,752867.25,743493.0,762993.5,753360.0,752778.5,745865.75,752465.0,753909.25,756555.5,750529.0,750813.5,760624.25,756024.0,759766.5,755647.0,757325.5,754412.0,762401.75,750086.0,762709.25
results/GeneratedSparse/10000_cells_100_features/0.75/sparse_CPU_pearson.csv,pearson,CPU,0.75,10000,100,10000_100,1000000,4.0,2.0,4.0,5.71114810185807,5.716046979686158,5.703027066061982,5.718543206431658,504692.75,523050.0,520052.25,514218.9791666667,4343.377524747606,pearson_CPU,520052.25,517775.0,510722.0,516510.25,516643.5,523050.0,510690.5,512642.0,509503.5,517820.5,519528.25,511496.5,506803.25,515626.25,513341.25,512886.5,518674.5,512255.75,509772.0,513955.0,504692.75,517655.25,519779.0,517543.5,511888.5
results/GeneratedSparse/10000_cells_100_features/0.75/sparse_CPU_spearman.csv,spearman,CPU,0.75,10000,100,10000_100,1000000,4.0,2.0,4.0,5.838642023744562,5.8555986479052216,5.830110168049807,5.847352680168588,676254.5,703643.5,717131.25,689671.09375,6569.2829433392835,spearman_CPU,717131.25,694613.5,684635.25,692898.0,687829.75,681787.75,687793.5,693064.75,703643.5,691599.0,694938.5,676812.0,687776.0,692503.5,701978.5,690119.5,684280.0,686702.25,691802.25,693471.0,697946.25,676254.5,686940.25,684798.0,687918.75
results/GeneratedSparse/10000_cells_100_features/0.75/sparse_GPU_cosine.csv,cosine,GPU,0.75,10000,100,10000_100,1000000,4.0,2.0,4.0,4.45908450199308,6.105785321082165,4.456339458352942,4.462405485670302,28598.25,29000.5,1275808.0,28779.583333333332,85.26657544952118,cosine_GPU,1275808.0,28705.0,28865.25,28875.75,28598.25,28845.25,28807.0,28740.0,28811.5,28636.5,28746.0,28760.0,28739.75,28912.75,28718.0,28777.25,28799.75,28800.75,28759.75,28830.5,28795.75,28720.5,28786.0,29000.5,28678.25
results/GeneratedSparse/10000_cells_100_features/0.75/sparse_GPU_euclidean.csv,euclidean,GPU,0.75,10000,100,10000_100,1000000,4.0,2.0,4.0,4.460000903043643,6.115314974415458,4.457984027154765,4.462895653746367,28706.75,29033.25,1304112.25,28840.375,66.50516897204307,euclidean_GPU,1304112.25,28880.5,28786.25,28706.75,28785.25,28807.5,28979.25,28882.0,28835.25,28854.0,28779.5,29033.25,28806.5,28901.75,28812.25,28886.25,28813.25,28856.0,28824.75,28788.0,28865.75,28837.75,28834.25,28769.5,28843.5
results/GeneratedSparse/10000_cells_100_features/0.75/sparse_GPU_kendall.csv,kendall,GPU,0.75,10000,100,10000_100,1000000,4.0,2.0,4.0,6.058491797943563,6.285185411746072,5.991151951252769,6.117869530200562,979832.75,1311805.75,1928348.0,1144173.2708333333,82227.22085372757,kendall_GPU,1928348.0,1088979.25,1202009.5,1307637.5,1108959.75,984123.0,1122735.5,1226303.0,1191856.75,1110256.75,1205533.75,1099931.0,1140376.0,1081669.25,1154976.75,979832.75,1148168.0,1211781.75,1127899.5,1159438.75,1174960.75,1034175.25,1209223.75,1311805.75,1077524.5
results/GeneratedSparse/10000_cells_100_features/0.75/sparse_GPU_manhattan.csv,manhattan,GPU,0.75,10000,100,10000_100,1000000,4.0,2.0,4.0,5.869012108301952,6.210541831053732,5.657013282258743,6.001398237856495,453955.5,1003224.75,1623834.75,739625.8958333334,124553.114376038,manhattan_GPU,1623834.75,674689.25,847819.5,515089.5,755947.5,648083.0,616675.0,806331.75,791456.75,453955.5,914674.0,843804.0,1003224.75,772538.5,625805.0,804004.5,561182.5,792041.5,746635.75,840743.25,661372.5,711684.5,847791.25,747949.5,767522.25
results/GeneratedSparse/10000_cells_100_features/0.75/sparse_GPU_pearson.csv,pearson,GPU,0.75,10000,100,10000_100,1000000,4.0,2.0,4.0,4.476255422365323,6.117717047471989,4.436985118275644,4.52948489442765,27351.75,33844.25,1311345.25,29940.25,1441.7462068616653,pearson_GPU,1311345.25,31002.0,28726.25,30254.25,28498.5,30033.75,30038.25,29882.75,31033.75,28925.0,29394.75,32143.0,28765.25,33844.25,29359.0,29573.5,30383.5,31053.5,27351.75,30396.0,32260.5,30320.5,28503.5,28361.75,28460.75
results/GeneratedSparse/10000_cells_100_features/0.75/sparse_GPU_spearman.csv,spearman,GPU,0.75,10000,100,10000_100,1000000,4.0,2.0,4.0,5.878947862362769,6.21461114687363,5.764753561835229,6.015242152999314,581773.0,1035719.5,1639121.5,756742.0416666666,125008.45135972864,spearman_GPU,1639121.5,688544.0,873185.0,648853.25,622313.0,677238.0,866258.5,600393.25,836722.0,842372.25,921183.75,875623.5,729421.0,678093.75,623060.0,947812.25,581773.0,899999.25,677139.25,821787.5,731443.75,650954.25,1035719.5,653524.0,678395.0
results/GeneratedSparse/10000_cells_100_features/0.75/sparse_armadillo_cosine.csv,cosine,armadillo,0.75,10000,100,10000_100,1000000,4.0,2.0,4.0,6.784915871876608,6.784535275257561,6.784313974733567,6.785439462730823,6085748.135941313,6101540.0,6088850.0,6094188.339649994,4095.733464910221,cosine_armadillo,6088850.0,6091130.0,6101540.0,6095000.0,6095610.0,6097217.947352958,6098377.024327142,6086416.325936735,6091733.346549752,6091103.357002975,6097483.854421789,6089423.464995904,6093018.228786904,6092867.846614556,6096870.059083575,6089108.781920647,6097403.358966214,6090263.901344211,6085748.135941313,6095901.646587906,6099439.991530219,6093018.486871621,6095553.823275812,6097110.884148865,6099179.685940743
results/GeneratedSparse/10000_cells_100_features/0.75/sparse_armadillo_euclidean.csv,euclidean,armadillo,0.75,10000,100,10000_100,1000000,4.0,2.0,4.0,6.783264163412064,6.783748548476,6.782651415031231,6.7840503114150215,6062495.301552244,6082054.555580299,6077830.0,6071054.9452317385,5201.322640966404,euclidean_armadillo,6077830.0,6069370.0,6076240.0,6064550.0,6071360.0,6065456.183592932,6075275.752099987,6071776.004768241,6070966.115211249,6067870.068939978,6078527.743139553,6079737.587891049,6071385.518369631,6071864.487344674,6064858.25284645,6069894.156320443,6062583.038502969,6072916.78801232,6075851.325662858,6071703.9056984,6082054.555580299,6070706.647699036,6064270.082959288,6062495.301552244,6073605.169370102
results/GeneratedSparse/10000_cells_100_features/0.75/sparse_armadillo_manhattan.csv,manhattan,armadillo,0.75,10000,100,10000_100,1000000,4.0,2.0,4.0,7.5482962910647595,7.53587363664022,7.540293177769867,7.554943191769843,34697100.0,35887498.8650449,34345800.0,35342420.60615414,293271.0333563186,manhattan_armadillo,34345800.0,34697100.0,35631200.0,35409800.0,35355400.0,35430423.80062282,35567814.932962544,35859238.2485008,35082624.671137474,35227488.77092354,35141617.31099569,34799128.96800435,35516526.042426184,35699734.57401808,35511152.51894748,35176925.99809013,35535059.92591805,35399221.56704198,35887498.8650449,34879827.043487824,35329576.47159296,35366535.31896898,35342192.93886774,35148276.11522371,35223730.46492398
results/GeneratedSparse/10000_cells_100_features/0.75/sparse_armadillo_pearson.csv,pearson,armadillo,0.75,10000,100,10000_100,1000000,4.0,2.0,4.0,6.810637879900471,6.810968044110882,6.808347954524669,6.812187054406084,6432028.417694044,6489138.662061902,6470950.0,6466032.451460424,12334.865729707672,pearson_armadillo,6470950.0,6479490.0,6455060.0,6461440.0,6478140.0,6461309.744155046,6463380.365385751,6432028.417694044,6455320.877938403,6464753.367087906,6463234.626256745,6476315.701573019,6480986.9568801485,6455344.7955251215,6471569.649137595,6455377.893868316,6478323.960441092,6471630.554408104,6458361.97201795,6477630.756328938,6489138.662061902,6458841.60288102,6479672.591014849,6462599.608344042,6454826.732050153
results/GeneratedSparse/10000_cells_100_features/0.75/sparse_armadillo_spearman.csv,spearman,armadillo,0.75,10000,100,10000_100,1000000,4.0,2.0,4.0,5.877371609863908,5.868862412443517,5.871699002741433,5.882718589507965,744216.0,763341.0,739371.0,754000.4583333334,4301.521978509144,spearman_armadillo,739371.0,755361.0,747805.0,749944.0,757908.0,749405.0,752524.0,763341.0,758291.0,753729.0,757702.0,752767.0,753243.0,753391.0,749760.0,754324.0,750456.0,762600.0,754221.0,756573.0,755396.0,753145.0,752178.0,744216.0,757731.0
results/GeneratedSparse/10000_cells_100_features/0.75/sparse_arrayfirecuda_cosine.csv,cosine,arrayfirecuda,0.75,10000,100,10000_100,1000000,4.0,2.0,4.0,5.066546123312032,5.068200709166956,5.0665197302934155,5.066586796470695,116552.0,116570.0,117004.0,116559.08333333333,5.1065045666178435,cosine_arrayfirecuda,117004.0,116562.0,116554.0,116556.0,116556.0,116561.0,116553.0,116556.0,116561.0,116556.0,116570.0,116556.0,116554.0,116565.0,116561.0,116558.0,116563.0,116552.0,116556.0,116564.0,116552.0,116557.0,116569.0,116559.0,116567.0
results/GeneratedSparse/10000_cells_100_features/0.75/sparse_arrayfirecuda_euclidean.csv,euclidean,arrayfirecuda,0.75,10000,100,10000_100,1000000,4.0,2.0,4.0,5.062702918088815,5.06774020292624,5.061444939186988,5.063363386918429,115198.0,115708.0,116880.0,115532.16666666667,121.38941011838261,euclidean_arrayfirecuda,116880.0,115617.0,115443.0,115615.0,115646.0,115550.0,115708.0,115542.0,115638.0,115590.0,115571.0,115580.0,115507.0,115536.0,115598.0,115636.0,115380.0,115477.0,115467.0,115628.0,115365.0,115547.0,115286.0,115198.0,115647.0
results/GeneratedSparse/10000_cells_100_features/0.75/sparse_arrayfirecuda_manhattan.csv,manhattan,arrayfirecuda,0.75,10000,100,10000_100,1000000,4.0,2.0,4.0,5.103969114620183,5.106218103583157,5.103666913746792,5.1042002183303845,126960.0,127116.0,127708.0,127048.375,38.150810935024694,manhattan_arrayfirecuda,127708.0,127098.0,127029.0,127015.0,127009.0,127031.0,127050.0,127046.0,127025.0,127037.0,127096.0,127080.0,127025.0,127093.0,127014.0,127116.0,127010.0,127111.0,127066.0,127031.0,126960.0,127094.0,127020.0,127061.0,127044.0
results/GeneratedSparse/10000_cells_100_features/0.75/sparse_arrayfirecuda_pearson.csv,pearson,arrayfirecuda,0.75,10000,100,10000_100,1000000,4.0,2.0,4.0,5.052368612137524,5.050576942287405,5.050043173330253,5.05493846198963,112213.0,113485.0,112351.0,112815.45833333333,338.9929914672114,pearson_arrayfirecuda,112351.0,113104.0,112682.0,112664.0,112420.0,112548.0,113015.0,112911.0,112623.0,113183.0,112389.0,112700.0,112745.0,112213.0,113304.0,113454.0,113485.0,112485.0,112793.0,113169.0,112963.0,113004.0,112668.0,112673.0,112376.0
results/GeneratedSparse/10000_cells_100_features/0.75/sparse_raft_cosine.csv,cosine,raft,0.75,10000,100,10000_100,1000000,4.0,2.0,4.0,5.18544761470342,5.952731468160355,5.182917197606942,5.187876378809848,152376.22062747664,154126.16729736328,896874.0701675415,153266.6322543981,463.8502858925744,cosine_raft,1640501.2607574463,153246.87957763672,154126.16729736328,152995.58639526367,153121.9482421875,152376.22062747664,153463.43553114036,153248.07470375122,153700.32936032553,153956.48125656045,152879.76511124737,153340.54857903943,153282.04261107655,152691.17760125315,153548.2153285236,153802.61353646746,152937.10783602786,153971.6369200967,153882.57324683122,152966.56640169097,153493.19086137463,152643.68176311383,152927.17758413558,153100.18736041914,152697.5663725521
results/GeneratedSparse/10000_cells_100_features/0.75/sparse_raft_euclidean.csv,euclidean,raft,0.75,10000,100,10000_100,1000000,4.0,2.0,4.0,5.180462369494851,5.952074235289756,5.173078941163581,5.18883600957255,148963.18216127183,154467.10586547852,895517.8260803223,151517.35121044653,1390.8625027884534,euclidean_raft,1639844.1791534424,151191.47300720215,154467.10586547852,151536.9415283203,150784.96932983398,149214.4771954203,148963.18216127183,150151.76775469517,151918.58335130592,151885.85580982687,150932.35354376936,151287.22331030335,152616.8229680664,152211.84506017013,151529.23121923234,150163.78988284213,154084.09444867395,152805.37099979178,151998.6287558813,153386.74175677693,149464.71362840044,150951.31053093023,150783.25045448917,152931.4193386985,151155.27714933595
results/GeneratedSparse/10000_cells_100_features/0.75/sparse_raft_manhattan.csv,manhattan,raft,0.75,10000,100,10000_100,1000000,4.0,2.0,4.0,5.264103114962482,5.965926061673718,5.258222231777942,5.273232968645217,181226.72062585928,187600.05814343083,924540.7581329346,183697.44462088216,1722.3286078874994,manhattan_raft,1663275.2418518066,185806.2744140625,181472.3014831543,182080.03044128415,181989.4313812256,184117.2475427628,186187.87483737367,182837.8570241333,185111.08033929096,184185.7476798833,183880.20924852244,183428.58148641465,182512.68564003168,183010.68841883316,185199.17051220505,187600.05814343083,185657.6294299113,185940.81195270907,184604.86420859236,181301.31638190016,183564.38116314905,181226.72062585928,182105.5615124182,182086.09295102808,182832.0540829964
results/GeneratedSparse/10000_cells_100_features/0.75/sparse_raft_pearson.csv,pearson,raft,0.75,10000,100,10000_100,1000000,4.0,2.0,4.0,5.111891038669324,5.751193551427839,5.108499935830866,5.1162215449155,128380.75807836124,130683.73698686429,563888.9074325562,129387.117784433,634.4215558733828,pearson_raft,997598.8864898682,130178.92837524414,129159.68894958496,129871.12998962402,128720.52192687988,130300.44108144562,130683.73698686429,128536.60746602862,128380.75807836124,128696.87589255236,128699.87327970292,129103.91942257692,128922.60278788196,129786.73490222964,129402.48541479689,128454.51006710443,129046.51162079682,130249.95195636508,129636.79660782048,129142.9746198374,129423.84022995547,130031.28932219076,129794.24522571238,129824.21806352328,129242.18455931208
results/GeneratedSparse/10000_cells_100_features/0.9/sparse_CPU_cosine.csv,cosine,CPU,0.9,10000,100,10000_100,1000000,4.0,2.0,4.0,5.70183945116616,5.719315124960868,5.692833044536147,5.711399095665769,492984.25,514516.25,523980.5,503314.5104166667,6285.135257958176,cosine_CPU,523980.5,507145.5,492984.25,506903.25,496850.5,508658.5,506982.25,493372.75,497033.0,506009.25,506908.5,503168.5,506420.5,510251.25,496504.5,514516.25,513013.75,495556.0,497020.5,508120.75,502649.0,496903.5,505302.0,509930.0,497344.0
results/GeneratedSparse/10000_cells_100_features/0.9/sparse_CPU_euclidean.csv,euclidean,CPU,0.9,10000,100,10000_100,1000000,4.0,2.0,4.0,5.685132198116457,5.723925834721056,5.659312805496495,5.710838685095775,456365.5,513852.75,529573.0,484319.7708333333,14190.782876593088,euclidean_CPU,529573.0,498725.25,476135.75,496622.75,480859.75,494030.75,479307.75,468195.75,486851.75,513852.75,491680.0,506937.75,456365.5,472613.0,490279.5,467532.25,482608.0,480996.0,498413.75,493074.0,474596.0,486909.25,495701.25,473493.5,457892.5
results/GeneratedSparse/10000_cells_100_features/0.9/sparse_CPU_kendall.csv,kendall,CPU,0.9,10000,100,10000_100,1000000,4.0,2.0,4.0,6.5568146397794385,6.555019952822534,6.555527136251196,6.558325484660331,3593578.5,3616808.25,3589384.25,3604247.78125,6745.170302748918,kendall_CPU,3589384.25,3598045.0,3607881.5,3601619.75,3594839.0,3598262.0,3614936.5,3594508.0,3598137.25,3602470.75,3609972.25,3599049.75,3603636.75,3612047.0,3610203.5,3610303.0,3610411.5,3601410.25,3601945.0,3612774.0,3596392.0,3606314.5,3616808.25,3606400.75,3593578.5
results/GeneratedSparse/10000_cells_100_features/0.9/sparse_CPU_manhattan.csv,manhattan,CPU,0.9,10000,100,10000_100,1000000,4.0,2.0,4.0,5.6527132305695895,5.682890231427927,5.649919934291493,5.654725803215282,446601.25,451570.75,481826.0,449482.9583333333,1407.2859529861805,manhattan_CPU,481826.0,450788.25,448860.5,450006.5,448448.25,446798.25,450759.75,449641.0,446704.5,449381.75,446601.25,449814.5,450774.75,451570.75,449192.0,450786.5,451495.5,449528.75,449142.5,450099.0,449857.25,447960.5,450480.0,450729.0,448170.0
results/GeneratedSparse/10000_cells_100_features/0.9/sparse_CPU_pearson.csv,pearson,CPU,0.9,10000,100,10000_100,1000000,4.0,2.0,4.0,5.706546257964652,5.711233834955829,5.683998604634904,5.740612534347635,483057.25,550316.5,514320.5,508799.0104166667,16899.772480975764,pearson_CPU,514320.5,483057.25,509113.0,497172.5,516958.0,495298.25,506104.5,505281.0,535757.0,498484.0,517267.5,524838.75,495248.25,493415.5,523248.0,507398.25,499687.5,489857.75,503095.5,483350.0,539013.0,522381.75,502514.25,512318.25,550316.5
results/GeneratedSparse/10000_cells_100_features/0.9/sparse_CPU_spearman.csv,spearman,CPU,0.9,10000,100,10000_100,1000000,4.0,2.0,4.0,5.625712214056414,5.658707380215345,5.6239549623251355,5.626618514230172,420683.0,423271.0,455729.75,422388.625,673.2911741648878,spearman_CPU,455729.75,422579.5,421585.5,421320.0,423037.75,421969.0,423101.25,423271.0,422506.5,423256.25,422903.25,422451.5,422962.5,423211.0,422724.0,421699.75,422553.25,422311.25,422225.5,420683.0,421191.5,422378.5,422252.5,422413.25,422739.5
results/GeneratedSparse/10000_cells_100_features/0.9/sparse_GPU_cosine.csv,cosine,GPU,0.9,10000,100,10000_100,1000000,4.0,2.0,4.0,4.429245273641011,6.100695713369686,4.416869242078238,4.4375563549001145,26113.75,27387.75,1260943.75,26868.614583333332,284.29021610816363,cosine_GPU,1260943.75,27060.5,26586.75,27216.5,26860.25,26837.25,27208.0,26113.75,26962.25,26847.0,26874.5,26742.25,26596.5,26858.5,26923.75,27239.75,27387.75,26337.75,27027.75,27095.5,26992.5,26658.75,26581.0,26898.5,26939.75
results/GeneratedSparse/10000_cells_100_features/0.9/sparse_GPU_euclidean.csv,euclidean,GPU,0.9,10000,100,10000_100,1000000,4.0,2.0,4.0,4.4253098354766545,6.098020992668982,4.424534552194834,4.426389251395546,26578.75,26692.5,1253201.75,26626.239583333332,25.570519235890686,euclidean_GPU,1253201.75,26639.75,26599.0,26578.75,26624.5,26692.5,26607.5,26650.0,26617.25,26624.75,26647.25,26639.25,26623.5,26578.75,26625.75,26594.5,26651.5,26642.25,26628.25,26640.0,26624.75,26657.75,26597.25,26634.5,26610.5
results/GeneratedSparse/10000_cells_100_features/0.9/sparse_GPU_kendall.csv,kendall,GPU,0.9,10000,100,10000_100,1000000,4.0,2.0,4.0,5.96698966648165,6.244522347511892,5.8007957526719505,6.071794587542653,632114.5,1179762.5,1755991.25,926807.7708333334,128194.35112158391,kendall_GPU,1755991.25,824877.5,1003950.25,1082879.75,1179762.5,849477.0,632114.5,785593.75,908629.25,1047779.75,1118589.0,899939.25,920761.25,879777.75,769139.5,978164.0,1018894.5,986581.25,918200.0,835292.75,766697.5,972732.0,836737.5,1121552.0,905264.0
results/GeneratedSparse/10000_cells_100_features/0.9/sparse_GPU_manhattan.csv,manhattan,GPU,0.9,10000,100,10000_100,1000000,4.0,2.0,4.0,5.8706196758828195,6.207471106061408,5.621323272851966,5.963667435559091,418141.5,919745.0,1612393.75,742368.7395833334,141752.27567131785,manhattan_GPU,1612393.75,672655.75,853860.75,756832.75,720648.5,835137.0,915038.0,658925.0,908946.5,855818.25,850390.0,418141.5,646583.5,606960.5,537079.25,877823.0,536222.0,919745.0,536818.25,884206.5,742500.75,776908.25,813444.75,870342.5,621821.5
results/GeneratedSparse/10000_cells_100_features/0.9/sparse_GPU_pearson.csv,pearson,GPU,0.9,10000,100,10000_100,1000000,4.0,2.0,4.0,4.427638907563175,6.088915612022737,4.426812072815156,4.428118588708467,26718.5,26799.0,1227200.75,26769.416666666668,19.217324359950727,pearson_GPU,1227200.75,26790.0,26750.0,26771.0,26742.5,26780.5,26766.75,26799.0,26786.0,26789.5,26780.75,26739.0,26786.0,26770.25,26770.25,26777.5,26718.5,26778.0,26773.5,26763.25,26779.25,26760.75,26741.75,26760.0,26792.0
results/GeneratedSparse/10000_cells_100_features/0.9/sparse_GPU_spearman.csv,spearman,GPU,0.9,10000,100,10000_100,1000000,4.0,2.0,4.0,5.906651246119536,6.203593828447115,5.696196229499327,5.994103142814272,496816.75,986513.75,1598062.75,806587.0520833334,135354.0901998074,spearman_GPU,1598062.75,676702.0,852382.75,797561.5,790615.25,864084.75,679426.0,755076.5,747532.25,986513.75,822688.25,982486.5,861162.75,861349.5,972420.5,902404.75,953964.0,897997.5,629197.0,642370.0,496816.75,959445.75,940422.0,575268.25,710201.0
results/GeneratedSparse/10000_cells_100_features/0.9/sparse_armadillo_cosine.csv,cosine,armadillo,0.9,10000,100,10000_100,1000000,4.0,2.0,4.0,6.494202921581054,6.5073781548698255,6.492388774481708,6.496321151418739,3107339.9917242285,3135603.578543165,3216460.0,3120347.207692763,6994.17258785446,cosine_armadillo,3216460.0,3107460.0,3127550.0,3125480.0,3119030.0,3124914.3535221475,3125524.1854093205,3112825.326379784,3129880.0645247856,3112060.911320846,3122143.108851281,3122158.854412102,3121633.1214961954,3128963.7651543966,3112151.0221009804,3114570.103866152,3116375.378975485,3120218.4445437347,3135603.578543165,3116351.1293310667,3118091.307242066,3121826.39649566,3107339.9917242285,3126642.5982511016,3119539.342481811
results/GeneratedSparse/10000_cells_100_features/0.9/sparse_armadillo_euclidean.csv,euclidean,armadillo,0.9,10000,100,10000_100,1000000,4.0,2.0,4.0,6.528903911256051,6.529200569261072,6.526864849197268,6.530221973196366,3364068.64538597,3390173.87778783,3382210.0,3379900.4678660235,6052.546178544276,euclidean_armadillo,3382210.0,3387220.0,3378450.0,3376230.0,3374470.0,3374416.982193869,3364068.64538597,3372305.612850935,3378898.0175095685,3390173.87778783,3375233.070776641,3373504.8930850388,3374078.152224646,3385968.139811052,3383653.9730649954,3384291.265664113,3384579.8546378794,3385666.6236406234,3375615.498408528,3382577.4465140835,3381654.103188469,3388071.5166125065,3382885.084809778,3382850.145168457,3380748.325449588
results/GeneratedSparse/10000_cells_100_features/0.9/sparse_armadillo_manhattan.csv,manhattan,armadillo,0.9,10000,100,10000_100,1000000,4.0,2.0,4.0,7.548749922398972,7.546753590533818,7.545774173913158,7.551064383461978,35137768.23208916,35568404.425102904,35217100.0,35379355.92569657,112181.30649022433,manhattan_armadillo,35217100.0,35233100.0,35426100.0,35444800.0,35515400.0,35348609.27660669,35437861.30301006,35453483.489192195,35363563.9287461,35243394.124597855,35288065.702567466,35353388.21890447,35370090.04124916,35235345.86941496,35436354.9909316,35460524.60010568,35199447.64322073,35375775.701752774,35137768.23208916,35535227.9662836,35476890.34656606,35299882.03267524,35568404.425102904,35523523.21860605,35377541.10509497
results/GeneratedSparse/10000_cells_100_features/0.9/sparse_armadillo_pearson.csv,pearson,armadillo,0.9,10000,100,10000_100,1000000,4.0,2.0,4.0,6.5532197865227575,6.551571973674253,6.551938106095481,6.5549048892081885,3564003.3706270014,3588433.3909971006,3561000.0,3574536.915381407,6648.79180951959,pearson_armadillo,3561000.0,3579980.0,3580300.0,3567540.0,3566470.0,3588433.3909971006,3586974.300276438,3578384.2711349786,3580359.643273321,3577277.382430692,3572151.9223584244,3580696.794582484,3569572.1551958555,3577266.131876207,3568931.1021724865,3570646.9730256703,3571599.6338626626,3567568.367755061,3580146.4645935707,3564003.3706270014,3565657.374028066,3579303.948640098,3570649.558680174,3568419.8014211766,3576553.382222298
results/GeneratedSparse/10000_cells_100_features/0.9/sparse_armadillo_spearman.csv,spearman,armadillo,0.9,10000,100,10000_100,1000000,4.0,2.0,4.0,5.881446453258518,5.884381822960448,5.87678344100151,5.8850783841492245,752980.0,767500.0,766270.0,761108.2916666666,3493.0509405480893,spearman_armadillo,766270.0,760468.0,759214.0,767500.0,758623.0,766235.0,759424.0,760825.0,763070.0,766694.0,763687.0,761260.0,757136.0,762129.0,762939.0,757350.0,758770.0,760340.0,752980.0,756798.0,763286.0,760884.0,759654.0,760069.0,767264.0
results/GeneratedSparse/10000_cells_100_features/0.9/sparse_arrayfirecuda_cosine.csv,cosine,arrayfirecuda,0.9,10000,100,10000_100,1000000,4.0,2.0,4.0,5.063236379463295,5.084504783246228,5.060051582743743,5.066877296953947,114829.0,116648.0,121480.0,115674.16666666667,433.72751302581156,cosine_arrayfirecuda,121480.0,116015.0,115390.0,115424.0,115924.0,116529.0,115689.0,115911.0,115004.0,116648.0,115029.0,115652.0,115841.0,115613.0,115866.0,115981.0,115857.0,115850.0,116049.0,115208.0,115571.0,115237.0,115690.0,114829.0,115373.0
results/GeneratedSparse/10000_cells_100_features/0.9/sparse_arrayfirecuda_euclidean.csv,euclidean,arrayfirecuda,0.9,10000,100,10000_100,1000000,4.0,2.0,4.0,5.065883950361471,5.068104191857283,5.065314501278312,5.066378112121236,116229.0,116514.0,116978.0,116381.5,76.7132105094466,euclidean_arrayfirecuda,116978.0,116490.0,116328.0,116357.0,116229.0,116490.0,116267.0,116497.0,116377.0,116376.0,116388.0,116514.0,116424.0,116463.0,116303.0,116380.0,116358.0,116314.0,116319.0,116331.0,116429.0,116379.0,116294.0,116365.0,116484.0
results/GeneratedSparse/10000_cells_100_features/0.9/sparse_arrayfirecuda_manhattan.csv,manhattan,arrayfirecuda,0.9,10000,100,10000_100,1000000,4.0,2.0,4.0,5.1068514439299335,5.131496762528186,5.103245961367873,5.1109867903357795,126837.0,129118.0,135362.0,127894.375,617.5246832111247,manhattan_arrayfirecuda,135362.0,128512.0,127476.0,128558.0,127568.0,128287.0,128790.0,127166.0,127228.0,129118.0,127798.0,127789.0,127929.0,128327.0,127708.0,127585.0,127139.0,128340.0,127150.0,127858.0,128133.0,128516.0,126994.0,126837.0,128659.0
results/GeneratedSparse/10000_cells_100_features/0.9/sparse_arrayfirecuda_pearson.csv,pearson,arrayfirecuda,0.9,10000,100,10000_100,1000000,4.0,2.0,4.0,5.066972846517829,5.052820865076189,5.056493219444551,5.076214313015668,113892.0,119183.0,112933.0,116673.66666666667,1336.6851931384424,pearson_arrayfirecuda,112933.0,117667.0,115826.0,116342.0,115436.0,113892.0,114811.0,115499.0,116688.0,118585.0,117750.0,116848.0,115450.0,116911.0,116368.0,118527.0,117166.0,116399.0,119183.0,118620.0,114798.0,118062.0,116991.0,116711.0,115638.0
results/GeneratedSparse/10000_cells_100_features/0.9/sparse_raft_cosine.csv,cosine,raft,0.9,10000,100,10000_100,1000000,4.0,2.0,4.0,5.128081344432798,5.948968231748609,5.125371587236647,5.13182094082211,133466.2896333743,135463.07842887595,889136.0759735107,134301.64878979942,574.8831643441787,cosine_raft,1642883.062362671,135389.0895843506,133619.3084716797,133556.12754821777,133983.61206054688,134884.5670163962,134307.61025219332,134452.53629578254,135463.07842887595,134187.6262648248,134547.90503240912,133466.2896333743,134155.09073732796,133752.78135447094,134173.20767846037,134588.83335518232,134611.59813206588,135062.48438090092,134998.1009490302,133497.09316924502,133769.3786195503,133970.24353253611,134585.33542379556,134537.06166557316,133680.61136839655
results/GeneratedSparse/10000_cells_100_features/0.9/sparse_raft_euclidean.csv,euclidean,raft,0.9,10000,100,10000_100,1000000,4.0,2.0,4.0,5.147050209238596,5.920367130050139,5.130737719836644,5.15942918819835,135125.62628104546,144354.12154188778,832467.1983718872,140297.58946946374,2650.9271603286084,euclidean_raft,1526629.92477417,138304.4719696045,137722.01538085938,143712.04376220703,137292.62351989746,137523.73624261512,142376.83202505248,142068.64057214858,141634.365321113,144354.12154188778,138657.77679341956,138502.28725708422,140294.13575990786,142646.84041739666,143002.4660107709,143632.3220188884,136475.8448766622,140328.84359030848,141723.84378735957,140176.6409725717,135942.87804072385,142850.571125278,140213.93602868647,135125.62628104546,142579.2839716411
results/GeneratedSparse/10000_cells_100_features/0.9/sparse_raft_manhattan.csv,manhattan,raft,0.9,10000,100,10000_100,1000000,4.0,2.0,4.0,5.1521515258680255,5.937755193253572,5.1476483591334175,5.156907526852762,140490.9532096438,143518.38110171328,866473.3171463013,141955.2718950695,905.4275671143353,manhattan_raft,1591255.9032440186,141690.73104858398,141645.6699371338,140896.08192443848,143232.8224182129,141339.4393354529,142680.17952991117,140709.45985567546,140490.9532096438,142098.40009026928,141694.61252688037,143171.28070704042,142381.1918097787,142977.9092256219,142076.99517043435,143518.38110171328,141673.10249106272,143101.93028560467,142038.19250067495,143147.63370107097,141150.3561790535,142352.07464598154,140536.80315272984,141171.53366702326,141150.79096767592
results/GeneratedSparse/10000_cells_100_features/0.9/sparse_raft_pearson.csv,pearson,raft,0.9,10000,100,10000_100,1000000,4.0,2.0,4.0,5.112422210358718,5.75008276411584,5.107181342108223,5.116919033590982,127991.5628577874,130893.78722844868,562448.5015869141,129545.46384385659,834.7878164644414,pearson_raft,995832.4432373048,129064.55993652344,129336.83395385742,130684.61418151855,128520.96557617188,129932.18615934416,130736.34254485733,128041.60543839168,130892.1075906334,129355.21127848967,129041.71405134532,129557.00490608477,128952.76566074004,129518.61043565448,128578.6452208166,129271.07841721692,129671.77682360612,130893.78722844868,130443.2338970726,130576.85454791042,127991.5628577874,128987.10741409785,130139.49198416612,129512.16480017063,129390.907347653
results/GeneratedSparse/10000_cells_100_features/0.95/sparse_CPU_cosine.csv,cosine,CPU,0.95,10000,100,10000_100,1000000,4.0,2.0,4.0,5.694976776630699,5.724774816677109,5.6804245845155625,5.706717995644409,479098.25,509000.25,530609.25,495423.6979166667,8144.830320381644,cosine_CPU,530609.25,499862.0,485654.75,489217.25,492232.75,482481.25,492321.5,503374.75,509000.25,484371.25,491798.75,495842.25,502868.75,501567.25,479098.25,506861.5,502377.5,495208.5,508378.75,488771.5,491264.0,501817.25,489313.0,499934.25,496551.5
results/GeneratedSparse/10000_cells_100_features/0.95/sparse_CPU_euclidean.csv,euclidean,CPU,0.95,10000,100,10000_100,1000000,4.0,2.0,4.0,5.698485559230281,5.715462017463476,5.681709434844677,5.714578066624214,480517.75,518296.25,519352.25,499442.5729166667,8660.482748368437,euclidean_CPU,519352.25,490718.25,506401.25,497976.5,504612.5,503224.75,497785.5,497445.5,480517.75,510512.5,498885.5,504769.0,505536.0,518296.25,501736.5,507400.0,486741.5,494789.0,499326.25,500756.0,505933.25,503516.25,488976.25,482077.5,498688.0
results/GeneratedSparse/10000_cells_100_features/0.95/sparse_CPU_kendall.csv,kendall,CPU,0.95,10000,100,10000_100,1000000,4.0,2.0,4.0,6.248725529588341,6.256491882981709,6.247310707498641,6.249906230702192,1767301.75,1777895.5,1805061.0,1773068.5625,2866.2114414927155,kendall_CPU,1805061.0,1775398.0,1771078.0,1767301.75,1774692.5,1772892.25,1772300.0,1774020.25,1776363.75,1769048.25,1770111.75,1770495.25,1777895.5,1771895.75,1769798.75,1777058.25,1771259.5,1777390.75,1775423.25,1770506.5,1774522.5,1776772.25,1771371.25,1774422.25,1771627.25
results/GeneratedSparse/10000_cells_100_features/0.95/sparse_CPU_manhattan.csv,manhattan,CPU,0.95,10000,100,10000_100,1000000,4.0,2.0,4.0,5.59263619352855,5.626393495896948,5.583266237453444,5.602287393517108,383059.5,400209.5,423051.75,391413.8541666667,4585.187838594071,manhattan_CPU,423051.75,389901.5,396109.75,390909.0,392046.25,389743.5,386170.0,397755.25,400209.5,385249.0,399139.25,395142.0,392219.0,384688.75,393208.5,393809.5,390628.25,384395.75,389578.75,391076.75,387906.25,391228.0,396581.0,393177.5,383059.5
results/GeneratedSparse/10000_cells_100_features/0.95/sparse_CPU_pearson.csv,pearson,CPU,0.95,10000,100,10000_100,1000000,4.0,2.0,4.0,5.686964965415195,5.716288464570371,5.649066750061035,5.720786715722377,445724.75,525759.0,520341.5,486367.96875,19694.978715016703,pearson_CPU,520341.5,502971.75,476612.25,482068.25,468681.5,468518.25,488022.0,501821.25,489364.0,502879.25,485234.75,494198.5,512179.0,493409.0,484532.0,450198.0,483908.25,451676.5,488065.25,505042.75,445724.75,507722.0,525759.0,467652.25,496590.75
results/GeneratedSparse/10000_cells_100_features/0.95/sparse_CPU_spearman.csv,spearman,CPU,0.95,10000,100,10000_100,1000000,4.0,2.0,4.0,5.5940091964686545,5.627773328596385,5.59102646538755,5.596536070215725,389965.75,394944.5,424398.0,392653.25,1608.615505255995,spearman_CPU,424398.0,394164.5,391797.0,394665.5,394698.0,391202.5,393925.0,394527.5,391639.75,391729.75,394533.5,391174.75,392922.0,392432.25,392556.25,390096.25,390483.0,390130.75,392947.25,394883.25,394944.5,389965.75,393066.25,392062.75,393130.0
results/GeneratedSparse/10000_cells_100_features/0.95/sparse_GPU_cosine.csv,cosine,GPU,0.95,10000,100,10000_100,1000000,4.0,2.0,4.0,4.420543457762265,6.125711770970983,4.418089894281207,4.423593989389936,26187.25,26521.25,1335708.75,26335.614583333332,80.03007179487632,cosine_GPU,1335708.75,26350.25,26231.0,26288.0,26378.0,26406.25,26213.25,26310.75,26302.75,26436.25,26292.0,26362.75,26289.0,26338.75,26479.25,26365.0,26378.25,26323.0,26200.75,26354.25,26376.75,26305.75,26521.25,26187.25,26364.25
results/GeneratedSparse/10000_cells_100_features/0.95/sparse_GPU_euclidean.csv,euclidean,GPU,0.95,10000,100,10000_100,1000000,4.0,2.0,4.0,4.448796305620251,6.09369093430819,4.40414496789441,4.483883143978262,25359.75,30470.75,1240769.0,28105.822916666668,1173.1480518050537,euclidean_GPU,1240769.0,27292.75,28985.25,29148.75,25359.75,27396.0,27846.75,28939.0,29914.25,26917.75,26631.75,27654.25,27984.0,30470.75,27089.5,28073.5,29625.25,28859.75,28894.75,28118.75,28135.5,27538.0,27519.5,26687.75,29456.5
results/GeneratedSparse/10000_cells_100_features/0.95/sparse_GPU_kendall.csv,kendall,GPU,0.95,10000,100,10000_100,1000000,4.0,2.0,4.0,5.916600262496996,6.232664675680207,5.7980759817309595,6.017117162571618,628168.25,1040200.75,1708695.5,825277.9895833334,112727.6734853708,kendall_GPU,1708695.5,746633.0,934554.25,628168.25,856714.0,852669.5,772262.5,674393.25,848387.25,744317.25,859008.0,722998.25,1026770.25,885113.5,674720.5,931438.0,1040200.75,671762.0,929021.0,929634.75,806959.25,880205.25,839280.0,666159.0,885302.0
results/GeneratedSparse/10000_cells_100_features/0.95/sparse_GPU_manhattan.csv,manhattan,GPU,0.95,10000,100,10000_100,1000000,4.0,2.0,4.0,5.903064420544728,6.170592225617866,5.737287087507428,6.004709485377567,546118.75,1010903.0,1481126.75,799952.90625,113743.67184066065,manhattan_GPU,1481126.75,661110.25,832671.5,875230.75,714852.0,546118.75,673151.75,894560.25,764917.25,791722.25,834234.25,1010903.0,804095.75,932103.5,843356.5,775255.75,903333.0,834121.5,720875.75,830172.0,780651.25,978733.5,670911.5,604645.0,921142.75
results/GeneratedSparse/10000_cells_100_features/0.95/sparse_GPU_pearson.csv,pearson,GPU,0.95,10000,100,10000_100,1000000,4.0,2.0,4.0,4.422337241782255,6.096218065256196,4.420438488217328,4.424648916531597,26329.25,26585.75,1248010.0,26444.614583333332,65.03572652647458,pearson_GPU,1248010.0,26504.5,26410.5,26390.75,26523.75,26378.5,26329.25,26452.25,26478.75,26342.75,26366.75,26377.75,26461.5,26452.5,26513.5,26376.5,26411.75,26516.75,26517.25,26439.75,26585.75,26479.5,26501.0,26459.0,26400.5
results/GeneratedSparse/10000_cells_100_features/0.95/sparse_GPU_spearman.csv,spearman,GPU,0.95,10000,100,10000_100,1000000,4.0,2.0,4.0,5.8654330023321855,6.226829621019713,5.755590375826495,5.988511578741335,569626.75,973893.75,1685891.5,733555.5416666666,86939.88368714742,spearman_GPU,1685891.5,662135.0,839809.0,651984.75,661637.5,677172.75,654190.25,697624.75,663012.0,701719.5,697695.25,776856.0,722452.0,973893.75,724943.0,775791.25,802057.5,713476.25,675689.25,841912.75,569626.75,763547.25,834814.25,678773.5,844518.75
results/GeneratedSparse/10000_cells_100_features/0.95/sparse_armadillo_cosine.csv,cosine,armadillo,0.95,10000,100,10000_100,1000000,4.0,2.0,4.0,6.096205629238698,6.096520710718789,6.093788490518259,6.100084367977455,1241047.7470771566,1259170.0,1248880.0,1247974.2637596475,4884.660856408595,cosine_armadillo,1248880.0,1247150.0,1246590.0,1259170.0,1247460.0,1247315.2963879968,1249691.3819788254,1257851.3279025836,1242872.856750307,1244488.7598631077,1241612.9923201497,1247201.174428692,1248681.4085884315,1244079.2191920446,1242766.64185801,1247576.784927833,1248006.9739198475,1245421.6644847766,1256279.9772811474,1242480.5494499833,1255323.5087720442,1241047.7470771566,1251302.482406485,1247506.7471464192,1249504.8354957004
results/GeneratedSparse/10000_cells_100_features/0.95/sparse_armadillo_euclidean.csv,euclidean,armadillo,0.95,10000,100,10000_100,1000000,4.0,2.0,4.0,6.1702431869863545,6.170349739139184,6.16943510283966,6.1710562166280845,1477185.727410182,1482710.0,1480300.0,1479936.859755474,1496.1106842334518,euclidean_armadillo,1480300.0,1480100.0,1478660.0,1478950.0,1482710.0,1480937.822781776,1482262.14517902,1479675.99298363,1481352.6989026868,1478677.0566989393,1479343.1485077376,1479173.6369766693,1480881.2185021508,1481089.020830473,1478592.6811629625,1477185.727410182,1480545.1422746193,1479848.4732435662,1477921.9459395362,1479035.6556268942,1477909.621788389,1481393.3027822585,1482129.5950017355,1478557.5515028962,1481552.196035249
results/GeneratedSparse/10000_cells_100_features/0.95/sparse_armadillo_manhattan.csv,manhattan,armadillo,0.95,10000,100,10000_100,1000000,4.0,2.0,4.0,7.545713718511729,7.5363652395574094,7.536332698887833,7.550557529025428,34382123.731383845,35526917.62661567,34384700.0,35132877.26495474,308494.48312377563,manhattan_armadillo,34384700.0,34737400.0,35148300.0,35526300.0,35472300.0,35170978.36183819,35088343.69012963,34680623.60324362,35133933.07324759,35296052.39420721,35213064.7422819,35397442.64238089,34904597.07442487,35336702.00304345,35526917.62661567,35326381.58934318,35416300.9466425,35310970.23062929,34894175.88988976,34580020.81215332,34939532.98391782,34382123.731383845,35425918.01483016,34918568.83217914,35362106.116531625
results/GeneratedSparse/10000_cells_100_features/0.95/sparse_armadillo_pearson.csv,pearson,armadillo,0.95,10000,100,10000_100,1000000,4.0,2.0,4.0,6.214480958273686,6.215169446824841,6.210973614829948,6.218125567944715,1625450.0,1652439.5004494973,1641230.0,1638630.213648055,6536.555844830428,pearson_armadillo,1641230.0,1625450.0,1638580.0,1638330.0,1644300.0,1625738.5106184408,1638864.1128091903,1637695.3721010091,1637707.1393161048,1652439.5004494973,1642737.094318158,1635162.3394509896,1633105.9985294335,1644977.5745576334,1629882.9869436342,1640515.7279789858,1632111.093827477,1640506.0654974931,1632994.7921865012,1640892.418232326,1643973.8400533015,1641475.5488236442,1649794.7090569604,1635859.084986929,1644031.2178156136
results/GeneratedSparse/10000_cells_100_features/0.95/sparse_armadillo_spearman.csv,spearman,armadillo,0.95,10000,100,10000_100,1000000,4.0,2.0,4.0,5.883293690380801,5.881968079767865,5.881867761723472,5.884885384374335,761847.0,767159.0,762023.0,764352.5,1512.9764263420188,spearman_armadillo,762023.0,764799.0,765729.0,763096.0,762748.0,765286.0,763382.0,762115.0,762366.0,766946.0,763104.0,763526.0,761847.0,766289.0,764793.0,767159.0,763339.0,763255.0,765459.0,764785.0,764402.0,765341.0,764915.0,766524.0,763255.0
results/GeneratedSparse/10000_cells_100_features/0.95/sparse_arrayfirecuda_cosine.csv,cosine,arrayfirecuda,0.95,10000,100,10000_100,1000000,4.0,2.0,4.0,5.056758474510514,5.066501098961579,5.053420363796977,5.060157468566592,113089.0,114857.0,116547.0,113961.58333333333,435.18194630394413,cosine_arrayfirecuda,116547.0,113604.0,114335.0,114035.0,114139.0,113289.0,113607.0,114698.0,113543.0,114033.0,113666.0,113862.0,114592.0,113846.0,113416.0,114448.0,113874.0,114117.0,114857.0,114093.0,114425.0,113926.0,113089.0,113870.0,113714.0
results/GeneratedSparse/10000_cells_100_features/0.95/sparse_arrayfirecuda_euclidean.csv,euclidean,arrayfirecuda,0.95,10000,100,10000_100,1000000,4.0,2.0,4.0,5.066425633892856,5.066049976839828,5.06535186508599,5.067569245718495,116239.0,116834.0,116426.0,116526.75,148.55028609868108,euclidean_arrayfirecuda,116426.0,116380.0,116582.0,116452.0,116535.0,116324.0,116435.0,116527.0,116834.0,116576.0,116449.0,116547.0,116568.0,116538.0,116605.0,116349.0,116364.0,116627.0,116525.0,116546.0,116822.0,116239.0,116624.0,116798.0,116396.0
results/GeneratedSparse/10000_cells_100_features/0.95/sparse_arrayfirecuda_manhattan.csv,manhattan,arrayfirecuda,0.95,10000,100,10000_100,1000000,4.0,2.0,4.0,5.107786101947079,5.121086885271274,5.099356007238092,5.115047727513579,125706.0,130331.0,132156.0,128169.91666666667,1175.8080879642825,manhattan_arrayfirecuda,132156.0,127696.0,129308.0,127138.0,126351.0,129575.0,128863.0,127270.0,127284.0,129118.0,129434.0,127879.0,129900.0,126957.0,129263.0,129478.0,127484.0,127102.0,128293.0,128051.0,128431.0,127855.0,125706.0,130331.0,127311.0
results/GeneratedSparse/10000_cells_100_features/0.95/sparse_arrayfirecuda_pearson.csv,pearson,arrayfirecuda,0.95,10000,100,10000_100,1000000,4.0,2.0,4.0,5.06097186294017,5.062694773342393,5.059608851738971,5.062401460695727,114712.0,115452.0,115530.0,115072.58333333333,186.41975857963362,pearson_arrayfirecuda,115530.0,115252.0,114988.0,114837.0,115291.0,114712.0,115364.0,115165.0,114881.0,115075.0,115193.0,115074.0,115182.0,114900.0,114959.0,115244.0,114915.0,115193.0,115452.0,114989.0,115062.0,115009.0,114760.0,115256.0,114989.0
results/GeneratedSparse/10000_cells_100_features/0.95/sparse_raft_cosine.csv,cosine,raft,0.95,10000,100,10000_100,1000000,4.0,2.0,4.0,5.101212476122968,5.935221158921265,5.098639134662861,5.1032966938973745,125498.67328084972,126851.81745214066,861432.3139190674,126244.50276270618,359.32297404317757,cosine_raft,1596297.9793548584,126566.64848327637,126391.64924621582,126217.12684631348,125537.87231445312,126097.71458212982,126489.16803867738,126163.97111566269,126066.01345327028,126102.77968772993,125809.4096254597,126530.48564521526,126140.81983978512,126082.74663938458,126206.67890128934,126407.75981199802,126626.34132132164,126343.53936457654,126578.7808224118,126851.81745214066,125498.67328084972,125518.74451287118,126601.6595673777,126522.98246109736,126514.68329144052
results/GeneratedSparse/10000_cells_100_features/0.95/sparse_raft_euclidean.csv,euclidean,raft,0.95,10000,100,10000_100,1000000,4.0,2.0,4.0,5.114195774994431,5.918780729859351,5.112125379764462,5.115472969419262,129456.95265914788,130458.67683555832,829431.8914413452,130075.5811759826,231.80683633229677,euclidean_raft,1528731.8229675293,130131.95991516112,129986.76300048828,130195.14083862305,129687.54768371582,130416.76227963074,130458.67683555832,129964.70826160492,130104.2184120413,130211.90044686625,130103.72691955265,129802.59856950377,129456.95265914788,129836.29104592255,130104.42419661376,130125.04376832867,130221.9562180548,130296.11647409391,129920.70909027103,130185.83618171448,130237.8307847366,130033.45624921474,130275.4900307241,129781.47351417896,130274.36484783486
results/GeneratedSparse/10000_cells_100_features/0.95/sparse_raft_manhattan.csv,manhattan,raft,0.95,10000,100,10000_100,1000000,4.0,2.0,4.0,5.119719814065733,5.931373400743212,5.112949493040035,5.126701457646554,129702.8422251798,133875.60844421387,853833.9138031006,131740.6536927773,1181.7718102102972,manhattan_raft,1576211.929321289,131455.8982849121,130733.96682739258,133875.60844421387,131728.6491394043,132968.1099198116,133507.99851040432,133512.5357267473,132192.91986485643,129702.8422251798,130825.11190423976,129726.83977193235,131960.89811888983,129782.90354503616,131660.70325293427,131020.05950907618,131629.66358028294,131394.75971665548,131136.19650461472,131934.91025008398,132149.59293204523,131151.32856855303,131279.7301638654,133848.9723948131,132595.489470711
results/GeneratedSparse/10000_cells_100_features/0.95/sparse_raft_pearson.csv,pearson,raft,0.95,10000,100,10000_100,1000000,4.0,2.0,4.0,5.11328156928522,5.749398404868567,5.109087852152794,5.1181720971219455,128554.66830987588,131271.99852398786,561562.8957748413,129802.0553298581,762.5812105282362,pearson_raft,993665.9336090088,129459.85794067384,130753.99398803712,129084.82551574708,128946.78115844728,129765.17737480428,130470.76181741596,131271.99852398786,129302.95025261315,130929.24193069182,129689.78202309697,128723.99711567668,129150.68268935363,129351.16760174598,129526.82019928664,129866.8214595239,128832.099470348,130704.38486671045,130599.52936722568,128554.66830987588,130650.77504850752,130450.04550718896,130010.47256233104,129105.25221640988,130047.24097689512
results/GeneratedSparse/10000_cells_100_features/0.99/sparse_CPU_cosine.csv,cosine,CPU,0.99,10000,100,10000_100,1000000,4.0,2.0,4.0,5.700547452244283,5.718910671388697,5.698914628259276,5.701729843986394,499936.25,503187.5,523492.75,501819.40625,932.3702317338523,cosine_CPU,523492.75,502571.75,500838.5,501683.5,500751.5,502940.75,499936.25,501643.5,502827.5,501234.5,502634.25,501289.0,501324.0,502416.5,500506.5,501397.5,503187.5,500084.75,502077.5,502429.75,503005.25,502657.25,502001.75,502784.25,501442.25
results/GeneratedSparse/10000_cells_100_features/0.99/sparse_CPU_euclidean.csv,euclidean,CPU,0.99,10000,100,10000_100,1000000,4.0,2.0,4.0,5.681543074569547,5.720521684664897,5.65833532631949,5.699775741293479,455339.5,500928.5,525438.25,480333.71875,11066.255973564905,euclidean_CPU,525438.25,488890.75,471715.75,465152.75,474611.75,481574.25,494603.25,460304.25,476279.75,477853.25,486270.75,479839.0,469901.5,481471.75,489263.5,473651.0,490980.75,497720.0,477383.0,480538.75,455339.5,484404.0,491810.75,500928.5,477520.75
results/GeneratedSparse/10000_cells_100_features/0.99/sparse_CPU_kendall.csv,kendall,CPU,0.99,10000,100,10000_100,1000000,4.0,2.0,4.0,5.84870702250882,5.867387928665746,5.846916866942265,5.850166347326895,702937.75,708217.0,736865.0,705841.2291666666,1382.9306779382107,kendall_CPU,736865.0,705207.75,706763.5,707578.0,704136.5,704960.5,705416.5,708217.0,704476.25,706981.25,704320.5,704455.75,705399.0,707653.5,704907.75,704557.25,706653.5,702937.75,706654.75,704512.0,706430.0,707593.5,706227.5,706526.0,707623.5
results/GeneratedSparse/10000_cells_100_features/0.99/sparse_CPU_manhattan.csv,manhattan,CPU,0.99,10000,100,10000_100,1000000,4.0,2.0,4.0,5.572818497550785,5.611711096621626,5.569742786163523,5.575675863163537,371315.25,376422.75,408988.5,373954.2708333333,1478.1624412394506,manhattan_CPU,408988.5,374911.25,372798.75,372522.25,376422.75,371918.0,373450.75,374396.0,376087.75,372946.25,372263.0,375175.25,373664.75,371537.75,374527.5,371315.25,375533.25,372462.25,373596.25,374880.25,375342.75,375129.0,373291.25,374701.75,376028.5
results/GeneratedSparse/10000_cells_100_features/0.99/sparse_CPU_pearson.csv,pearson,CPU,0.99,10000,100,10000_100,1000000,4.0,2.0,4.0,5.688616715375537,5.716126515466698,5.670694994897078,5.698654592033632,468484.25,499637.0,520147.5,488221.2916666667,8045.749798245793,pearson_CPU,520147.5,485094.0,495569.5,492131.75,494429.25,495674.25,495042.75,492834.5,490278.5,497277.0,487423.0,479243.5,487896.5,499637.0,489199.75,486304.0,495696.5,475700.0,480089.0,493169.25,488079.0,468484.25,470756.75,486212.25,491088.75
results/GeneratedSparse/10000_cells_100_features/0.99/sparse_CPU_spearman.csv,spearman,CPU,0.99,10000,100,10000_100,1000000,4.0,2.0,4.0,5.608082866393963,5.639053971660683,5.607226556403572,5.608959843900876,404787.0,406405.75,435566.0,405585.9166666667,401.42957214048005,spearman_CPU,435566.0,405189.5,405812.75,405412.0,405093.25,405892.75,405562.0,405460.5,406253.75,405738.25,405489.75,406380.0,405241.25,404787.0,405783.25,405632.25,405275.0,405025.5,406405.75,405911.25,405323.5,405563.5,405500.5,405877.25,405451.5
results/GeneratedSparse/10000_cells_100_features/0.99/sparse_GPU_cosine.csv,cosine,GPU,0.99,10000,100,10000_100,1000000,4.0,2.0,4.0,4.462417341044247,6.073553580384936,4.399310215446545,4.538196578349455,25079.0,34530.0,1184550.5,29001.291666666668,2870.6310442155204,cosine_GPU,1184550.5,30976.0,27498.25,29228.5,25132.0,26242.0,30982.75,25079.0,33191.0,33565.75,28516.25,26874.5,31171.0,27691.5,27852.25,33693.0,26092.5,26984.25,29100.0,25302.75,34530.0,28932.0,26337.5,32555.25,28503.0
results/GeneratedSparse/10000_cells_100_features/0.99/sparse_GPU_euclidean.csv,euclidean,GPU,0.99,10000,100,10000_100,1000000,4.0,2.0,4.0,4.42909337625904,6.105955916780191,4.399669395817246,4.45938871782549,25099.75,28799.75,1276309.25,26859.21875,985.7418190983229,euclidean_GPU,1276309.25,27283.5,26122.25,28445.75,28163.75,25856.5,26973.25,28721.0,26540.25,27619.0,26162.5,26020.25,26874.5,26103.25,26294.25,26615.0,26393.75,26565.5,27650.75,27879.5,25501.5,26251.75,26684.0,28799.75,25099.75
results/GeneratedSparse/10000_cells_100_features/0.99/sparse_GPU_kendall.csv,kendall,GPU,0.99,10000,100,10000_100,1000000,4.0,2.0,4.0,5.876749686768106,6.2233344458064765,5.688491011984331,6.0105487352616835,488080.0,1024586.75,1672378.0,752921.4791666666,135319.93110447313,kendall_GPU,1672378.0,691240.75,859818.5,1024586.75,622655.5,795287.25,888434.75,798992.0,751869.25,832102.75,969300.75,849822.0,559056.0,997903.75,587864.5,648387.25,761236.0,653444.25,696558.25,662792.75,756710.25,614846.5,802316.0,488080.0,756809.75
results/GeneratedSparse/10000_cells_100_features/0.99/sparse_GPU_manhattan.csv,manhattan,GPU,0.99,10000,100,10000_100,1000000,4.0,2.0,4.0,5.884921430954327,6.204040513066992,5.742859796687495,6.011717051381996,553171.5,1027346.75,1599707.25,767222.6770833334,104403.67284865488,manhattan_GPU,1599707.25,676293.5,852618.25,701232.25,553171.5,775690.75,879482.0,601859.5,805689.25,882546.75,644802.75,857863.25,1027346.75,782010.0,724169.25,735709.75,754893.5,760041.75,855127.75,704023.75,727905.5,678652.5,700076.0,895852.75,836285.25
results/GeneratedSparse/10000_cells_100_features/0.99/sparse_GPU_pearson.csv,pearson,GPU,0.99,10000,100,10000_100,1000000,4.0,2.0,4.0,4.41413422420723,6.048675494426119,4.411350292504278,4.416049398193645,25784.0,26064.5,1118601.75,25949.8125,71.06929753475359,pearson_GPU,1118601.75,25993.5,25873.25,26049.5,25896.25,25966.25,25889.75,25960.75,25991.25,25941.25,25925.75,26030.0,25878.75,26062.0,25900.0,25892.0,25938.25,25784.0,26064.5,25836.75,26023.75,25974.5,25991.5,26001.25,25930.75
results/GeneratedSparse/10000_cells_100_features/0.99/sparse_GPU_spearman.csv,spearman,GPU,0.99,10000,100,10000_100,1000000,4.0,2.0,4.0,5.866366940133864,6.20519969336205,5.731423758342926,5.987713958743488,538795.25,972106.75,1603982.75,735134.7291666666,100726.26906194924,spearman_GPU,1603982.75,656459.0,829903.0,663425.5,819163.75,675101.75,745999.25,691489.75,564572.0,664992.25,756887.75,790374.75,662391.5,661837.5,868806.25,972106.75,789095.75,666185.5,725975.75,777093.0,704233.5,721011.75,930156.25,538795.25,767176.0
results/GeneratedSparse/10000_cells_100_features/0.99/sparse_armadillo_cosine.csv,cosine,armadillo,0.99,10000,100,10000_100,1000000,4.0,2.0,4.0,5.714611722059277,5.712985392589537,5.711700961468667,5.7175057393623225,514874.0,521802.0,516399.0,518336.4166666667,2237.966690932245,cosine_armadillo,516399.0,518858.0,521802.0,515569.0,514874.0,517573.0,517725.0,518428.0,521747.0,520848.0,516035.0,514885.0,520298.0,515769.0,520638.0,514978.0,516971.0,521101.0,519068.0,518378.0,516899.0,517223.0,519033.0,521047.0,520327.0
results/GeneratedSparse/10000_cells_100_features/0.99/sparse_armadillo_euclidean.csv,euclidean,armadillo,0.99,10000,100,10000_100,1000000,4.0,2.0,4.0,5.845202981834091,5.844181953997451,5.836304489710915,5.853548555121589,685969.0,713754.0,698525.0,700169.1666666666,7196.876183842234,euclidean_armadillo,698525.0,691711.0,709197.0,699593.0,700448.0,699444.0,694792.0,712722.0,698705.0,700450.0,703475.0,690230.0,704149.0,708611.0,713754.0,703470.0,693242.0,696119.0,697756.0,701341.0,688919.0,703534.0,709478.0,696951.0,685969.0
results/GeneratedSparse/10000_cells_100_features/0.99/sparse_armadillo_manhattan.csv,manhattan,armadillo,0.99,10000,100,10000_100,1000000,4.0,2.0,4.0,7.550977636243232,7.550761412803987,7.55038904011083,7.551855427375186,35513137.27469789,35633249.388180286,35543600.0,35561300.60002831,29135.858513722815,manhattan_armadillo,35543600.0,35601400.0,35542900.0,35539100.0,35554100.0,35633249.388180286,35568945.15535437,35617567.53221696,35544084.8567387,35533376.6583407,35581481.56575566,35537441.18255203,35556540.81956531,35553472.30741399,35569030.071018204,35540412.56264629,35589064.350631416,35526349.93627716,35540600.09112924,35551462.626974344,35539140.85176499,35513137.27469789,35576877.39924939,35596891.65917725,35564588.110995285
results/GeneratedSparse/10000_cells_100_features/0.99/sparse_armadillo_pearson.csv,pearson,armadillo,0.99,10000,100,10000_100,1000000,4.0,2.0,4.0,5.9709868222503015,5.967729050495865,5.967862819165489,5.97401171309378,928673.0,941915.0,928387.0,935377.2916666666,3395.339348272946,pearson_armadillo,928387.0,928673.0,935048.0,941915.0,934352.0,932368.0,929924.0,932075.0,934197.0,935954.0,931955.0,935665.0,941342.0,937574.0,931923.0,938275.0,936814.0,936962.0,934107.0,939348.0,941286.0,934474.0,934020.0,936877.0,933927.0
results/GeneratedSparse/10000_cells_100_features/0.99/sparse_armadillo_spearman.csv,spearman,armadillo,0.99,10000,100,10000_100,1000000,4.0,2.0,4.0,5.876760994548269,5.876569407482339,5.874635446114873,5.878974237063001,749265.0,756788.0,752609.0,752941.0833333334,1802.7175993636818,spearman_armadillo,752609.0,754263.0,752212.0,754946.0,751890.0,752894.0,753451.0,749880.0,753437.0,750783.0,750605.0,753648.0,753726.0,749265.0,752053.0,754087.0,750788.0,753182.0,752384.0,756056.0,752786.0,756788.0,754633.0,754131.0,752698.0
results/GeneratedSparse/10000_cells_100_features/0.99/sparse_arrayfirecuda_cosine.csv,cosine,arrayfirecuda,0.99,10000,100,10000_100,1000000,4.0,2.0,4.0,5.058154505547315,5.072422698461091,5.0573046753107,5.05910123721413,114105.0,114578.0,118147.0,114328.5,125.77990035507793,cosine_arrayfirecuda,118147.0,114277.0,114490.0,114368.0,114304.0,114341.0,114418.0,114258.0,114208.0,114157.0,114105.0,114556.0,114318.0,114152.0,114474.0,114203.0,114166.0,114340.0,114365.0,114578.0,114331.0,114315.0,114324.0,114506.0,114330.0
results/GeneratedSparse/10000_cells_100_features/0.99/sparse_arrayfirecuda_euclidean.csv,euclidean,arrayfirecuda,0.99,10000,100,10000_100,1000000,4.0,2.0,4.0,5.058681091221319,5.058319715594434,5.05715240481542,5.060248207300312,114065.0,114881.0,114372.0,114467.20833333333,188.64759455279454,euclidean_arrayfirecuda,114372.0,114187.0,114493.0,114546.0,114446.0,114413.0,114639.0,114431.0,114371.0,114430.0,114537.0,114629.0,114568.0,114108.0,114881.0,114317.0,114065.0,114487.0,114607.0,114400.0,114557.0,114781.0,114644.0,114303.0,114373.0
results/GeneratedSparse/10000_cells_100_features/0.99/sparse_arrayfirecuda_manhattan.csv,manhattan,arrayfirecuda,0.99,10000,100,10000_100,1000000,4.0,2.0,4.0,5.1042789335342125,5.1311597505453745,5.103848174021506,5.104644139101279,127013.0,127246.0,135257.0,127139.04166666667,56.47527421112909,manhattan_arrayfirecuda,135257.0,127112.0,127192.0,127086.0,127166.0,127188.0,127115.0,127185.0,127056.0,127133.0,127147.0,127057.0,127128.0,127158.0,127166.0,127145.0,127198.0,127179.0,127208.0,127124.0,127035.0,127246.0,127128.0,127172.0,127013.0
results/GeneratedSparse/10000_cells_100_features/0.99/sparse_arrayfirecuda_pearson.csv,pearson,arrayfirecuda,0.99,10000,100,10000_100,1000000,4.0,2.0,4.0,5.064712033340519,5.0628751750198004,5.0641621189487,5.065221077693112,115921.0,116204.0,115578.0,116067.875,72.43980978485978,pearson_arrayfirecuda,115578.0,116014.0,116102.0,116108.0,116113.0,116204.0,116037.0,116025.0,115946.0,116148.0,116184.0,116108.0,116020.0,116007.0,116020.0,115980.0,116079.0,116008.0,116115.0,116064.0,115921.0,116028.0,116109.0,116113.0,116176.0
results/GeneratedSparse/10000_cells_100_features/0.99/sparse_raft_cosine.csv,cosine,raft,0.99,10000,100,10000_100,1000000,4.0,2.0,4.0,5.103954332918231,5.9126727051355195,5.103084792700698,5.104717354786086,126789.93894241928,127267.45361906664,817848.2055664062,127044.05083901784,105.33240415663661,cosine_raft,1508589.9829864502,127106.4281463623,126818.89533996582,127055.88340759276,127042.05513000488,127049.3471622496,126931.63550916352,127021.28186488753,126966.56168133598,127015.3500681288,127085.02109877428,127103.81339651904,127077.31534752304,127124.41738632512,127011.67270690104,127054.59941852432,127032.50522571716,127014.91455681004,126789.93894241928,126973.9990216282,127267.45361906664,127079.96293587486,127240.14458522762,127173.94588821266,127020.07769721402
results/GeneratedSparse/10000_cells_100_features/0.99/sparse_raft_euclidean.csv,euclidean,raft,0.99,10000,100,10000_100,1000000,4.0,2.0,4.0,5.091794257307091,5.911011128536581,5.086302569137944,5.095462669855155,121983.91541394824,124584.114535225,814725.1605987549,123536.20543058189,679.1379864959082,euclidean_raft,1505283.8325500488,124166.48864746094,124262.09449768066,122854.94804382324,122920.27473449708,123165.79681459286,124244.18084147511,122997.24334792416,123148.3909272014,123811.7679077104,123731.83523207996,124195.9185882476,124151.54954501295,123400.6377114577,122698.02447047643,122728.25273504236,123936.84147815472,124297.07323266998,124017.8685076766,123152.77896717149,124390.43099908088,123114.2307039234,124584.114535225,121983.91541394824,122914.27245143228
results/GeneratedSparse/10000_cells_100_features/0.99/sparse_raft_manhattan.csv,manhattan,raft,0.99,10000,100,10000_100,1000000,4.0,2.0,4.0,5.104093939162009,5.937390743530206,5.099237482601376,5.10756975206251,125671.69787163402,128106.08292701108,865746.4981079102,127084.89638153526,527.1314925312427,manhattan_raft,1603732.5859069824,127760.41030883788,126470.56579589844,127242.8035736084,126631.25991821288,127092.22944284751,127447.40704313506,127328.96424622944,127738.58296304496,127177.09302705688,128106.08292701108,126769.28286790608,126945.14661621656,127370.2669647594,127682.82462900726,126722.06024922448,127161.0052757229,126801.09578334435,125671.69787163402,127082.89903525384,127025.13080984305,127440.48502697464,126703.09685144214,127449.74869987574,126217.37322975932
results/GeneratedSparse/10000_cells_100_features/0.99/sparse_raft_pearson.csv,pearson,raft,0.99,10000,100,10000_100,1000000,4.0,2.0,4.0,5.096113603175633,5.7434853889942294,5.092247710439961,5.100748065443767,123665.25872605196,126109.57597590396,553968.9064025879,124770.98487230344,649.7193608526843,pearson_raft,982673.168182373,125264.64462280272,125478.74450683594,124595.40367126463,123776.19743347168,124854.14570673688,124996.46495596676,126109.57597590396,125421.06346781242,124127.18091744838,123816.77579664308,123665.25872605196,125706.19058039294,124485.76647044416,124055.94257023108,125534.1189548614,124914.6413488453,124008.87645867512,124531.53344204865,124378.34138227116,124599.85758343212,125303.99205977267,125170.44353982202,125168.08225431656,124540.3945092309
results/GeneratedSparse/10000_cells_10_features/0.5/sparse_CPU_cosine.csv,cosine,CPU,0.5,10000,10,10000_10,100000,4.0,1.0,4.0,5.974267990965065,6.129296900240164,5.87637042324861,6.093955206805067,752264.25,1241524.25,1346780.75,942470.9895833334,119953.59373249738,cosine_CPU,1346780.75,864294.5,1036756.0,1064842.25,991643.5,869370.5,836879.75,1142915.5,752264.25,1149973.0,863768.5,1241524.25,869480.25,905818.0,937678.0,922984.5,752304.75,894694.75,977549.75,1007431.5,780110.0,912886.5,940799.75,990569.75,912764.25
results/GeneratedSparse/10000_cells_10_features/0.5/sparse_CPU_euclidean.csv,euclidean,CPU,0.5,10000,10,10000_10,100000,4.0,1.0,4.0,5.979537704995546,6.131280061741707,5.900772963346844,6.073026960551888,795743.25,1183115.0,1352944.75,953976.5625,115828.93526937351,euclidean_CPU,1352944.75,843657.0,1014764.75,953845.5,855474.75,1016710.0,907851.25,905544.75,828190.75,1083502.25,1037818.75,884549.25,1073591.75,907650.0,828828.75,943087.25,814000.5,1183115.0,1121859.0,1008369.0,795743.25,1095206.5,807923.5,852662.25,1131491.75
results/GeneratedSparse/10000_cells_10_features/0.5/sparse_CPU_kendall.csv,kendall,CPU,0.5,10000,10,10000_10,100000,4.0,1.0,4.0,6.321659706985189,6.39385008169731,6.271163275757193,6.3616838378697,1867081.5,2299767.0,2476567.0,2097295.8958333335,106996.97519519625,kendall_CPU,2476567.0,1984048.5,2162971.25,2201771.75,2128785.0,2069147.5,2071410.5,2060050.75,2096732.25,2239089.75,1867081.5,2299767.0,2116369.25,2229811.5,2047060.5,1975988.75,2182800.5,1990266.5,2184762.0,2020589.25,2199870.0,2184833.5,2064832.0,2061761.75,1895300.25
results/GeneratedSparse/10000_cells_10_features/0.5/sparse_CPU_manhattan.csv,manhattan,CPU,0.5,10000,10,10000_10,100000,4.0,1.0,4.0,5.9119045475996135,6.091763212607833,5.757590354869046,6.052704616436717,572256.0,1129027.75,1235273.75,816402.9166666666,130874.32169556528,manhattan_CPU,1235273.75,748592.25,923353.75,688723.25,746259.5,764521.0,782820.0,572256.0,767280.5,970773.0,853073.75,890039.75,779641.25,873138.75,984416.25,772625.25,790928.5,681514.25,607350.75,1129027.75,910830.25,676731.0,741780.25,999149.25,938843.75
results/GeneratedSparse/10000_cells_10_features/0.5/sparse_CPU_pearson.csv,pearson,CPU,0.5,10000,10,10000_10,100000,4.0,1.0,4.0,5.986340074926459,6.1257919922515685,5.89500338225832,6.076447644026041,785241.75,1192470.5,1335955.5,969036.3645833334,104685.39098405406,pearson_CPU,1335955.5,866409.5,1037919.0,868325.25,1192470.5,1014663.0,927274.5,1014981.25,1085756.25,876547.0,1105026.5,843697.25,985006.5,785241.75,994030.75,990167.0,1034168.75,864996.0,900082.75,837534.5,954133.75,1054523.75,1172282.25,942562.75,909072.25
results/GeneratedSparse/10000_cells_10_features/0.5/sparse_CPU_spearman.csv,spearman,CPU,0.5,10000,10,10000_10,100000,4.0,1.0,4.0,5.929462933056518,6.099529319394631,5.754470463860588,6.0739071449428454,568159.75,1185515.25,1257561.75,850086.1354166666,141147.62545726317,spearman_CPU,1257561.75,761951.75,949270.5,937622.5,778276.75,742962.0,1072889.25,1185515.25,839087.5,632283.5,869909.0,901778.75,832001.75,890668.75,810968.5,1080294.25,568159.75,713123.5,834275.25,999461.75,712251.5,891746.5,691204.75,844099.0,862265.25
results/GeneratedSparse/10000_cells_10_features/0.5/sparse_GPU_cosine.csv,cosine,GPU,0.5,10000,10,10000_10,100000,4.0,1.0,4.0,4.409573879158687,6.083454780303303,4.40517554621799,4.414797924390211,25420.0,25989.5,1211866.5,25678.75,132.29394354995998,cosine_GPU,1211866.5,25775.25,25595.5,25692.0,25989.5,25759.25,25717.0,25812.0,25420.0,25518.75,25763.0,25635.75,25722.0,25653.0,25530.25,25487.75,25598.75,25864.5,25711.5,25846.5,25519.0,25725.0,25704.25,25539.5,25710.0
results/GeneratedSparse/10000_cells_10_features/0.5/sparse_GPU_euclidean.csv,euclidean,GPU,0.5,10000,10,10000_10,100000,4.0,1.0,4.0,4.4077585039247165,6.115989397245893,4.403596610793852,4.412195857962601,25327.75,25834.25,1306139.0,25571.635416666668,121.79135974345522,euclidean_GPU,1306139.0,25661.25,25495.5,25792.5,25412.0,25492.0,25475.5,25332.0,25535.0,25327.75,25543.75,25564.5,25524.0,25565.75,25603.0,25678.25,25699.0,25666.5,25530.5,25834.25,25674.0,25588.0,25656.0,25502.25,25566.0
results/GeneratedSparse/10000_cells_10_features/0.5/sparse_GPU_kendall.csv,kendall,GPU,0.5,10000,10,10000_10,100000,4.0,1.0,4.0,5.935990618543858,6.238569451421634,5.817901371578883,6.066998095390902,657508.5,1166804.5,1732086.0,862959.90625,121164.10292536052,kendall_GPU,1732086.0,733219.75,904373.75,724877.25,847429.0,813125.5,913392.0,851249.0,801533.75,867835.5,1113380.75,1166804.5,791177.75,876199.0,893937.75,777685.75,843311.0,963433.5,836029.75,1057670.5,870817.75,657508.5,703782.75,950936.5,751326.5
results/GeneratedSparse/10000_cells_10_features/0.5/sparse_GPU_manhattan.csv,manhattan,GPU,0.5,10000,10,10000_10,100000,4.0,1.0,4.0,5.901563720603801,6.208653345747504,5.747211318008937,6.011108204781092,558742.0,1025907.5,1616789.0,797193.4479166666,133641.43847850506,manhattan_GPU,1616789.0,669193.75,852773.0,907570.25,998447.5,967676.75,750654.5,959333.25,789440.5,851157.0,912690.5,809560.75,998395.75,875196.75,1025907.5,696795.25,635759.25,688227.0,758748.25,664525.5,749854.0,593413.25,558742.0,694350.25,724230.25
results/GeneratedSparse/10000_cells_10_features/0.5/sparse_GPU_pearson.csv,pearson,GPU,0.5,10000,10,10000_10,100000,4.0,1.0,4.0,4.434558093107161,6.059744083928336,4.374156973221423,4.483822565217288,23667.75,30466.5,1147477.25,27199.322916666668,2151.423671663873,pearson_GPU,1147477.25,29622.0,25695.25,24670.25,25046.5,29409.25,24034.75,24951.5,29963.25,26800.75,25658.0,27099.0,28519.5,28306.75,29879.25,26774.75,26351.25,27352.25,28557.0,23667.75,29867.75,30466.5,23839.5,26452.0,29799.0
results/GeneratedSparse/10000_cells_10_features/0.5/sparse_GPU_spearman.csv,spearman,GPU,0.5,10000,10,10000_10,100000,4.0,1.0,4.0,5.884626395531659,6.208260653958188,5.700555105909991,5.994171043223314,501828.25,986668.0,1615327.75,766701.6458333334,115138.81336286622,spearman_GPU,1615327.75,674446.0,854241.5,771039.75,986668.0,670038.25,551027.75,944933.5,901239.75,728841.0,749453.0,865965.75,839430.0,800491.0,946152.5,748455.25,777727.25,723929.0,726326.25,501828.25,762022.5,680791.5,641590.0,764844.5,789357.25
results/GeneratedSparse/10000_cells_10_features/0.5/sparse_armadillo_cosine.csv,cosine,armadillo,0.5,10000,10,10000_10,100000,4.0,1.0,4.0,6.6488805628803185,6.650656178934309,6.647523316475401,6.650861575092424,4441435.059769636,4475706.249583902,4473590.0,4455337.034830433,8689.608847057483,cosine_armadillo,4473590.0,4463570.0,4456000.0,4453400.0,4444830.0,4457731.608770722,4441435.059769636,4458763.103260371,4463156.969700391,4475706.249583902,4449401.534888618,4444148.027840931,4463045.019387727,4464592.716861779,4457357.670047025,4442015.722725024,4451348.978000191,4463091.449465651,4452492.547572838,4456511.150966588,4459843.351879663,4456837.084388619,4445919.013157973,4442218.612893569,4464672.964769192
results/GeneratedSparse/10000_cells_10_features/0.5/sparse_armadillo_euclidean.csv,euclidean,armadillo,0.5,10000,10,10000_10,100000,4.0,1.0,4.0,6.671978459279459,6.6713913239924825,6.669642291032934,6.6737868358171974,4673500.473567241,4718313.9604274975,4692360.0,4698708.027445972,10693.539755698168,euclidean_armadillo,4692360.0,4691840.0,4694480.0,4711350.0,4710930.0,4704245.086333176,4701269.249045428,4697539.217560959,4673500.473567241,4692598.463337602,4699695.810155265,4707977.230058584,4687895.196469037,4682847.901524575,4710467.020739511,4706928.583240629,4682815.912480194,4690819.646903829,4702918.337696265,4691478.430904552,4698967.893663083,4707069.6993964,4693076.418962872,4718313.9604274975,4709968.1262366185
results/GeneratedSparse/10000_cells_10_features/0.5/sparse_armadillo_manhattan.csv,manhattan,armadillo,0.5,10000,10,10000_10,100000,4.0,1.0,4.0,6.556908163300103,6.556356784184882,6.556777552039039,6.557088186066031,3603940.0,3606518.680842527,3600450.0,3605024.0246818326,715.2407188051307,manhattan_armadillo,3600450.0,3604480.0,3605600.0,3605900.0,3603940.0,3604026.715732758,3604503.116700068,3606254.1136518894,3605109.123018502,3604692.975730636,3604445.815988017,3604099.102754032,3605162.966026821,3605803.0253235535,3605922.103411578,3604661.189832079,3605277.982177604,3606518.680842527,3604104.13068524,3605143.3631713646,3604885.321658413,3604833.4347819,3604634.0825774553,3605813.956300554,3604765.391998992
results/GeneratedSparse/10000_cells_10_features/0.5/sparse_armadillo_pearson.csv,pearson,armadillo,0.5,10000,10,10000_10,100000,4.0,1.0,4.0,6.685807507455677,6.687545012870097,6.683830986091384,6.686806356583074,4828708.471494855,4861903.745740239,4870180.0,4850734.531766794,7613.706844160239,pearson_armadillo,4870180.0,4856930.0,4843720.0,4860130.0,4844120.0,4846703.192359606,4828708.471494855,4851235.78447375,4852442.917183671,4857556.763750648,4844164.93021395,4850680.56013661,4848620.7734627845,4842472.421804036,4857078.263603885,4860336.181984732,4858759.811152328,4854990.11007104,4842869.186527923,4861903.745740239,4856606.630127898,4843991.883026317,4855051.112272035,4849624.717466496,4848931.305550263
results/GeneratedSparse/10000_cells_10_features/0.5/sparse_armadillo_spearman.csv,spearman,armadillo,0.5,10000,10,10000_10,100000,4.0,1.0,4.0,5.870286902175128,5.869616545374163,5.863843106845341,5.873220592107162,730875.0,746828.0,740656.0,741800.125,3617.3827476102574,spearman_armadillo,740656.0,746186.0,744444.0,737774.0,740586.0,746130.0,746828.0,742505.0,744429.0,743292.0,742330.0,744474.0,738838.0,738435.0,740293.0,737910.0,730875.0,741090.0,744696.0,738804.0,745722.0,743962.0,743861.0,738737.0,741002.0
results/GeneratedSparse/10000_cells_10_features/0.5/sparse_arrayfirecuda_cosine.csv,cosine,arrayfirecuda,0.5,10000,10,10000_10,100000,4.0,1.0,4.0,5.049305583637803,5.049051252594218,5.048193120138325,5.050360419478271,111736.0,112295.0,111957.0,112022.58333333333,135.69663366822658,cosine_arrayfirecuda,111957.0,111913.0,112106.0,111997.0,112002.0,112064.0,111966.0,112037.0,111736.0,111771.0,112146.0,112098.0,112011.0,111988.0,111922.0,112270.0,112007.0,112047.0,111879.0,111824.0,112096.0,112058.0,112295.0,112130.0,112179.0
results/GeneratedSparse/10000_cells_10_features/0.5/sparse_arrayfirecuda_euclidean.csv,euclidean,arrayfirecuda,0.5,10000,10,10000_10,100000,4.0,1.0,4.0,5.0557690588206805,5.053834917128663,5.05478535945179,5.056599976292781,113445.0,113920.0,113197.0,113702.25,113.3138157213556,euclidean_arrayfirecuda,113197.0,113785.0,113504.0,113724.0,113799.0,113621.0,113585.0,113838.0,113620.0,113698.0,113628.0,113771.0,113719.0,113625.0,113655.0,113445.0,113909.0,113715.0,113717.0,113797.0,113646.0,113700.0,113620.0,113920.0,113813.0
results/GeneratedSparse/10000_cells_10_features/0.5/sparse_arrayfirecuda_manhattan.csv,manhattan,arrayfirecuda,0.5,10000,10,10000_10,100000,4.0,1.0,4.0,5.067880913389464,5.0677922200261225,5.0658895477934065,5.069505298453388,116383.0,117356.0,116894.0,116917.875,263.4856593978756,manhattan_arrayfirecuda,116894.0,116681.0,117042.0,116716.0,117216.0,117197.0,117331.0,117356.0,116665.0,117041.0,117197.0,116741.0,116697.0,116549.0,116780.0,116787.0,117337.0,116727.0,116739.0,117082.0,117058.0,116383.0,116771.0,116891.0,117045.0
results/GeneratedSparse/10000_cells_10_features/0.5/sparse_arrayfirecuda_pearson.csv,pearson,arrayfirecuda,0.5,10000,10,10000_10,100000,4.0,1.0,4.0,5.063550233071857,5.062570703705509,5.061429858993858,5.0657178603885615,115194.0,116337.0,115497.0,115757.79166666667,289.01109828267073,pearson_arrayfirecuda,115497.0,115983.0,115618.0,115785.0,115629.0,116092.0,115575.0,115732.0,115796.0,115245.0,115568.0,115732.0,116092.0,116337.0,115983.0,115194.0,115884.0,116056.0,115922.0,115681.0,115571.0,115300.0,115849.0,116144.0,115419.0
results/GeneratedSparse/10000_cells_10_features/0.5/sparse_raft_cosine.csv,cosine,raft,0.5,10000,10,10000_10,100000,4.0,1.0,4.0,5.100827234895087,5.9275524832442334,5.096963141428565,5.104621522188793,125015.29252400369,127239.37353609048,846354.8421859741,126132.56714070924,578.0401209427342,cosine_raft,1565473.7949371338,127235.88943481444,126293.18237304688,125754.59480285645,125958.20426940918,126394.806341352,125577.89196551914,125690.82553813935,126489.8064585622,126346.36758691688,127239.37353609048,126691.19431710088,127032.70804781184,126026.02050568628,125015.29252400369,125850.56729223608,126539.56173075782,125624.24840094236,125826.52929769667,125824.74632339612,126865.73161712088,125609.00436676072,126189.84620799252,125363.86022050856,125741.35821830058
results/GeneratedSparse/10000_cells_10_features/0.5/sparse_raft_euclidean.csv,euclidean,raft,0.5,10000,10,10000_10,100000,4.0,1.0,4.0,5.116039613459793,5.956195653872083,5.111005052615871,5.11899823842854,129123.4295846645,131521.949742994,904056.6682815552,130629.00338036528,584.8543768583455,euclidean_raft,1676834.8217010498,131278.51486206055,130619.28749084473,130088.09089660645,130466.93801879884,129936.59837157391,130766.32232201264,131406.47481484988,130644.63000274928,129123.4295846645,130495.2908936781,130429.10831152977,130922.00084129415,130634.18118677512,130673.8930753916,131164.7790982203,130453.0909579141,130501.03763204474,130090.16605957857,131432.89588710063,131521.949742994,131354.9072722574,130232.36969850434,129681.29436232908,131178.829744994
results/GeneratedSparse/10000_cells_10_features/0.5/sparse_raft_manhattan.csv,manhattan,raft,0.5,10000,10,10000_10,100000,4.0,1.0,4.0,5.129028758814593,5.94377947325821,5.12308437025762,5.133805193297055,132765.23552995195,136083.4131131107,878576.2786865234,134594.94793650616,864.975136529887,manhattan_raft,1622410.2973937988,134742.25997924805,134221.07696533203,134281.87370300293,135997.05696105957,135535.25040464418,135165.9789108109,133875.3549246941,133059.15017596763,134252.2197140856,135383.56205050796,132765.23552995195,133112.23822223846,135213.09429909763,134060.9911672324,135064.91130984717,134562.5940927224,134964.96504373406,134105.67368204577,135405.08587376776,136083.4131131107,134169.75376180504,134123.7805423455,135498.80025062137,134634.42979827482
results/GeneratedSparse/10000_cells_10_features/0.5/sparse_raft_pearson.csv,pearson,raft,0.5,10000,10,10000_10,100000,4.0,1.0,4.0,5.082681118385572,5.7369670094124485,5.078058107838602,5.087406160597474,119690.0663800084,122294.28453142312,545716.404914856,120970.95756396574,822.6402058233282,pearson_raft,971304.178237915,120128.63159179688,121192.69371032716,122101.0684967041,121312.37983703612,120187.24296663135,122294.28453142312,120710.31038823364,120547.40797768718,121464.33619280954,122145.04603711424,119690.0663800084,120665.121334112,119981.54957955403,119924.40923653769,120031.9129138952,121014.78927709922,121086.05343172136,122271.46685291058,120845.79383305584,121400.58576303,119821.9776669202,120764.74875830275,121465.42112100877,122255.68365725812
results/GeneratedSparse/10000_cells_10_features/0.75/sparse_CPU_cosine.csv,cosine,CPU,0.75,10000,10,10000_10,100000,4.0,1.0,4.0,5.97849036256692,6.113338259423401,5.866918380032073,6.07747782784122,736068.75,1195302.5,1298190.0,951678.7291666666,116432.61006264339,cosine_CPU,1298190.0,845121.75,1016108.5,1032629.0,1067858.5,1005258.75,842595.0,855258.75,1099370.75,909171.0,1055614.75,755330.75,1006888.75,805490.75,904717.5,1195302.5,905745.75,1041252.5,887252.5,858816.75,920789.0,934347.0,736068.75,1120754.25,1038546.0
results/GeneratedSparse/10000_cells_10_features/0.75/sparse_CPU_euclidean.csv,euclidean,CPU,0.75,10000,10,10000_10,100000,4.0,1.0,4.0,5.9706190725891695,6.1201055783963865,5.86979842690973,6.055704216663275,740966.25,1136852.75,1318577.25,934585.5729166666,98117.04070626886,euclidean_CPU,1318577.25,856951.75,1030296.5,924383.75,775196.0,987175.5,939163.5,851980.75,898898.25,1035847.75,901761.5,855838.0,892817.75,892232.25,1136852.75,1089209.5,1040511.0,922923.0,827277.0,882832.0,878443.0,1003684.0,990738.5,740966.25,1074073.5
results/GeneratedSparse/10000_cells_10_features/0.75/sparse_CPU_kendall.csv,kendall,CPU,0.75,10000,10,10000_10,100000,4.0,1.0,4.0,6.197620369729145,6.288543817475298,6.145966773915764,6.238311556661048,1399480.25,1731057.75,1943317.75,1576232.8333333333,84097.35336593247,kendall_CPU,1943317.75,1453812.25,1629772.25,1524025.5,1573165.25,1530720.25,1690332.25,1488156.25,1648026.0,1628583.5,1665820.0,1600920.25,1554750.75,1686120.25,1528225.75,1507521.5,1638138.5,1731057.75,1629743.25,1615403.25,1582397.5,1424215.5,1582766.0,1516434.0,1399480.25
results/GeneratedSparse/10000_cells_10_features/0.75/sparse_CPU_manhattan.csv,manhattan,CPU,0.75,10000,10,10000_10,100000,4.0,1.0,4.0,5.925413254985903,6.094090211510336,5.720195493104899,6.0405934405458,525043.75,1097977.5,1241910.25,842196.15625,139927.0656747392,manhattan_CPU,1241910.25,755576.5,929833.75,1097977.5,655750.25,815876.25,946896.5,905632.25,955157.75,932696.25,597954.5,525043.75,871447.5,955184.25,852858.25,910063.5,804675.5,845863.0,849679.5,852383.5,1027793.25,752926.5,558319.75,963402.25,849715.75
results/GeneratedSparse/10000_cells_10_features/0.75/sparse_CPU_pearson.csv,pearson,CPU,0.75,10000,10,10000_10,100000,4.0,1.0,4.0,5.981173195996561,6.121467920283696,5.803863052671048,6.094528163170067,636594.75,1243163.25,1322720.0,957575.875,152973.01137833513,pearson_CPU,1322720.0,838856.0,1037841.75,880259.25,984809.0,1095922.75,895612.25,1062140.25,871194.0,636594.75,1036199.75,792090.0,738106.75,1243163.25,818867.25,1182157.0,1025353.75,775148.0,1049230.75,1010949.75,1240278.0,1045956.5,823721.5,980752.5,916616.25
results/GeneratedSparse/10000_cells_10_features/0.75/sparse_CPU_spearman.csv,spearman,CPU,0.75,10000,10,10000_10,100000,4.0,1.0,4.0,5.943310903589977,6.096497237150657,5.760687616163721,5.998531668160102,576351.75,996624.75,1248812.5,877628.875,85891.19215675944,spearman_CPU,1248812.5,770185.0,937934.0,810389.25,996624.75,576351.75,881625.0,967129.75,772510.25,922728.75,964274.5,907311.25,894785.75,888476.0,863163.0,907641.75,899767.5,913416.25,788772.25,866111.0,917522.75,899552.25,920927.25,839496.75,956396.25
results/GeneratedSparse/10000_cells_10_features/0.75/sparse_GPU_cosine.csv,cosine,GPU,0.75,10000,10,10000_10,100000,4.0,1.0,4.0,4.403373285384666,6.059323391577594,4.400322083604799,4.407420649649463,25137.5,25551.75,1146366.25,25314.729166666668,105.23010294574564,cosine_GPU,1146366.25,25449.5,25263.5,25375.0,25180.0,25352.0,25324.5,25386.0,25330.5,25319.0,25268.0,25176.0,25295.5,25369.75,25346.5,25535.25,25368.5,25221.75,25226.75,25551.75,25380.5,25137.5,25272.75,25149.75,25273.25
results/GeneratedSparse/10000_cells_10_features/0.75/sparse_GPU_euclidean.csv,euclidean,GPU,0.75,10000,10,10000_10,100000,4.0,1.0,4.0,4.428124159355533,6.111529831728338,4.278118838776857,4.517017655435538,18972.25,32886.5,1292795.5,26799.34375,3080.0057332303413,euclidean_GPU,1292795.5,29946.5,25294.25,25077.5,32512.0,24696.5,27947.25,24388.0,30181.0,28161.75,18972.25,25767.5,26091.75,25007.25,22284.5,28606.25,26694.25,25119.25,25729.25,29970.25,32886.5,29648.5,24376.0,26547.5,27278.5
results/GeneratedSparse/10000_cells_10_features/0.75/sparse_GPU_kendall.csv,kendall,GPU,0.75,10000,10,10000_10,100000,4.0,1.0,4.0,5.9260132402571015,6.226009404705903,5.77809768409422,6.026537554334716,599926.0,1063010.5,1682710.5,843360.46875,114007.6045479513,kendall_GPU,1682710.5,725298.5,895835.5,949866.75,758559.0,749935.0,824639.5,1025332.25,954208.25,901023.75,786294.0,837754.5,599926.0,654724.0,755118.75,914542.75,799897.5,780760.0,932775.75,1063010.5,981650.0,970864.5,801972.25,825265.5,751396.75
results/GeneratedSparse/10000_cells_10_features/0.75/sparse_GPU_manhattan.csv,manhattan,GPU,0.75,10000,10,10000_10,100000,4.0,1.0,4.0,5.882046318407183,6.199930888396957,5.6943447635124125,5.994338052863674,494703.25,987047.5,1584641.0,762160.2916666666,126541.46485923982,manhattan_GPU,1584641.0,660711.5,843568.75,893553.0,850177.0,494703.25,699259.75,828358.25,636473.75,987047.5,839823.25,821627.0,892113.0,713611.25,671745.75,957162.0,622506.0,711166.5,702203.0,772126.25,703863.25,739721.0,841128.5,506411.0,902786.5
results/GeneratedSparse/10000_cells_10_features/0.75/sparse_GPU_pearson.csv,pearson,GPU,0.75,10000,10,10000_10,100000,4.0,1.0,4.0,4.421924080452499,6.066603654533571,4.333689041703905,4.521905922625417,21562.0,33258.75,1165745.25,26419.46875,2754.0305248555137,pearson_GPU,1165745.25,25546.5,28920.0,27549.5,26389.5,27735.0,28692.75,30212.75,29373.75,23746.75,25318.5,22934.75,22730.5,21562.0,33258.75,28069.25,27667.0,25180.0,28971.5,25667.75,25409.75,25417.25,24112.5,22177.0,27424.25
results/GeneratedSparse/10000_cells_10_features/0.75/sparse_GPU_spearman.csv,spearman,GPU,0.75,10000,10,10000_10,100000,4.0,1.0,4.0,5.889835154187638,6.2047178794096585,5.769789267245331,5.964324463024336,588558.0,921137.5,1602204.25,775952.53125,98814.09455919592,spearman_GPU,1602204.25,657254.25,840092.25,857360.25,588558.0,904173.75,760763.5,855582.75,621779.5,838505.5,764101.5,792638.25,901533.75,818711.75,700136.0,863395.0,684960.75,673307.75,879450.5,689892.5,732799.0,839792.25,921137.5,822698.75,614235.75
results/GeneratedSparse/10000_cells_10_features/0.75/sparse_armadillo_cosine.csv,cosine,armadillo,0.75,10000,10,10000_10,100000,4.0,1.0,4.0,6.315851350744686,6.314261279733897,6.3122771825952295,6.318815593719427,2052471.72327483,2083605.9729052868,2061870.0,2069432.907111387,7247.480233911296,cosine_armadillo,2061870.0,2066050.0,2069220.0,2060520.0,2078540.0,2052471.72327483,2072084.602461303,2072094.3939432416,2064458.2334981735,2060921.437995307,2083605.9729052868,2070176.1884940767,2054728.567530817,2067996.4895394528,2069242.2810229724,2079212.982968443,2073168.4548713577,2075188.4420631104,2069446.9960133012,2074034.3210172437,2069378.5302144943,2065993.8831848053,2072401.1751062644,2067170.266752631,2078284.827816176
results/GeneratedSparse/10000_cells_10_features/0.75/sparse_armadillo_euclidean.csv,euclidean,armadillo,0.75,10000,10,10000_10,100000,4.0,1.0,4.0,6.356223616844239,6.355006844736357,6.3542192349354565,6.357942466135056,2260576.6373614627,2280040.0,2264680.0,2271033.899003412,5459.5208318951645,euclidean_armadillo,2264680.0,2272080.0,2271860.0,2280040.0,2270230.0,2260576.6373614627,2263666.551809984,2272044.1204108344,2278018.624195698,2275360.8855404626,2277643.1745126643,2272656.782934855,2261073.268150036,2263631.5846640645,2274961.205730108,2278703.9349421,2266564.1875705267,2273173.2557634218,2270330.579386588,2263095.1128857704,2272578.6863173046,2267722.575707834,2271765.775332402,2275839.361654374,2271197.271211396
results/GeneratedSparse/10000_cells_10_features/0.75/sparse_armadillo_manhattan.csv,manhattan,armadillo,0.75,10000,10,10000_10,100000,4.0,1.0,4.0,6.546145182086615,6.544335983417839,6.545632489054411,6.546814632191249,3512630.670556844,3522205.02384334,3502160.0,3516779.847583936,2578.308306875974,manhattan_armadillo,3502160.0,3513440.0,3520890.0,3516470.0,3514650.0,3514290.453436255,3518960.6295743235,3515001.03522559,3518738.110501917,3521324.664701241,3513034.9784438307,3512630.670556844,3516497.1799312574,3517685.616671938,3518616.40438116,3515257.37084168,3518342.5391412936,3517145.8573935195,3516061.6734556863,3516090.6520695714,3514926.577511265,3514042.3161921347,3519307.9030986275,3517106.685042992,3522205.02384334
results/GeneratedSparse/10000_cells_10_features/0.75/sparse_armadillo_pearson.csv,pearson,armadillo,0.75,10000,10,10000_10,100000,4.0,1.0,4.0,6.3937940697200055,6.3970496615461245,6.3931187349197875,6.39453162246089,2472400.0,2480456.541609514,2494880.0,2476247.6119455663,2250.752665439647,pearson_armadillo,2494880.0,2472400.0,2478070.0,2475170.0,2477370.0,2473295.314286512,2476203.090957664,2474721.5763976136,2477106.7248183927,2476639.8635746613,2475031.683640556,2476987.15297956,2474324.59311094,2480456.541609514,2472959.309447289,2479317.344743536,2476785.7425642023,2473149.00485241,2477975.7675238485,2475592.2906211778,2479407.492173347,2480107.123048868,2474736.8260236657,2474504.4876372823,2477630.75668255
results/GeneratedSparse/10000_cells_10_features/0.75/sparse_armadillo_spearman.csv,spearman,armadillo,0.75,10000,10,10000_10,100000,4.0,1.0,4.0,5.861201294164785,5.855590018023515,5.858628618363978,5.86369571733435,722152.0,730627.0,717117.0,726442.5833333334,2203.2040667451174,spearman_armadillo,717117.0,726212.0,730030.0,726611.0,724525.0,726834.0,724333.0,728619.0,727685.0,725817.0,722730.0,730627.0,722152.0,724331.0,727104.0,728229.0,727984.0,724663.0,726958.0,726673.0,726534.0,726480.0,727034.0,729728.0,722729.0
results/GeneratedSparse/10000_cells_10_features/0.75/sparse_arrayfirecuda_cosine.csv,cosine,arrayfirecuda,0.75,10000,10,10000_10,100000,4.0,1.0,4.0,5.0609886887730635,5.058604412995518,5.054731760809761,5.0679519478888295,113431.0,116937.0,114447.0,115077.04166666667,850.6979722149075,cosine_arrayfirecuda,114447.0,114503.0,115873.0,115562.0,114665.0,115888.0,114675.0,113431.0,115137.0,114561.0,115135.0,115591.0,113915.0,115411.0,115617.0,114012.0,116080.0,114468.0,116937.0,116311.0,114802.0,114648.0,115988.0,113845.0,114794.0
results/GeneratedSparse/10000_cells_10_features/0.75/sparse_arrayfirecuda_euclidean.csv,euclidean,arrayfirecuda,0.75,10000,10,10000_10,100000,4.0,1.0,4.0,5.063845114409324,5.064300716199567,5.063168168012814,5.0645066574331885,115656.0,116013.0,115958.0,115836.41666666667,84.79333536441541,euclidean_arrayfirecuda,115958.0,115772.0,115899.0,115881.0,115844.0,115881.0,115945.0,115879.0,115843.0,115727.0,115826.0,115884.0,116013.0,115812.0,115939.0,115944.0,115814.0,115781.0,115873.0,115755.0,115852.0,115691.0,115656.0,115841.0,115722.0
results/GeneratedSparse/10000_cells_10_features/0.75/sparse_arrayfirecuda_manhattan.csv,manhattan,arrayfirecuda,0.75,10000,10,10000_10,100000,4.0,1.0,4.0,5.059233248816422,5.0602368659953285,5.05841083906978,5.060327588143502,114396.0,114902.0,114878.0,114612.83333333333,161.82054532379036,manhattan_arrayfirecuda,114878.0,114535.0,114755.0,114536.0,114439.0,114463.0,114652.0,114816.0,114817.0,114693.0,114797.0,114902.0,114468.0,114537.0,114396.0,114610.0,114657.0,114429.0,114848.0,114429.0,114822.0,114735.0,114463.0,114403.0,114506.0
results/GeneratedSparse/10000_cells_10_features/0.75/sparse_arrayfirecuda_pearson.csv,pearson,arrayfirecuda,0.75,10000,10,10000_10,100000,4.0,1.0,4.0,5.0646435854954355,5.064004738720576,5.062593264457821,5.066791656754557,115503.0,116625.0,115879.0,116049.58333333333,286.11840740426953,pearson_arrayfirecuda,115879.0,115859.0,116238.0,116089.0,116408.0,116102.0,116174.0,116092.0,116212.0,116100.0,116357.0,116625.0,115623.0,116070.0,115802.0,115933.0,115971.0,116084.0,115503.0,115764.0,116112.0,116611.0,116093.0,115518.0,115850.0
results/GeneratedSparse/10000_cells_10_features/0.75/sparse_raft_cosine.csv,cosine,raft,0.75,10000,10,10000_10,100000,4.0,1.0,4.0,5.104715255757754,5.916887261095972,5.10108110783729,5.10965269238194,126206.3212601784,128721.97434686552,825823.5454559326,127266.83851259768,630.7261612745921,cosine_raft,1523363.3518218994,128283.73908996582,127074.9568939209,126837.49198913574,126933.09783935548,127640.06125475476,127841.98448003228,126259.65540067707,128721.97434686552,127399.99484512936,127916.81842250498,126206.3212601784,127148.61831737094,127293.30164106665,127194.51624130616,126227.81012394174,126965.95235878162,127106.61059416244,127264.51912390976,127349.75610117216,128041.02511771108,127141.02243904446,127271.04954446096,127898.6019549078,126385.24492198836
results/GeneratedSparse/10000_cells_10_features/0.75/sparse_raft_euclidean.csv,euclidean,raft,0.75,10000,10,10000_10,100000,4.0,1.0,4.0,5.096587646291336,5.899146177736153,5.094167815632819,5.099935403001666,124213.21868896484,125873.81730461826,792768.120765686,124907.2498278593,407.040415557191,euclidean_raft,1460733.413696289,124802.827835083,125408.64944458008,125275.3734588623,124213.21868896484,124385.90221286954,125471.44208576184,124542.59620939005,124988.7708903804,124593.26725596776,125221.1122176112,125873.81730461826,124247.28974433844,124912.5966291339,125004.07663116328,124889.37318532354,124729.57788464476,124963.40987188349,124646.4886323762,124986.4867370498,124349.59709944838,124824.2623825741,125056.29997793838,124896.08943969806,125491.47004896143
results/GeneratedSparse/10000_cells_10_features/0.75/sparse_raft_manhattan.csv,manhattan,raft,0.75,10000,10,10000_10,100000,4.0,1.0,4.0,5.110507845748952,5.945017238902978,5.1089632001370076,5.111691704042256,128517.77560290832,129327.74467256032,881083.8460922241,128975.685779671,224.40521584285872,manhattan_raft,1632871.6278076172,129296.06437683104,129023.07510375977,128775.83503723145,128861.665725708,129327.74467256032,128551.28747070848,128831.75950171864,129018.2326124468,128517.77560290832,128848.03792173068,129259.20736824095,128793.61890011956,128890.02794439916,129124.17214709413,129304.16037026582,128740.26846878944,129196.74671535863,129106.92193407367,128721.81133399296,128933.31692144267,129054.40122334311,128975.5936990542,129085.84688881268,129178.886771513
results/GeneratedSparse/10000_cells_10_features/0.75/sparse_raft_pearson.csv,pearson,raft,0.75,10000,10,10000_10,100000,4.0,1.0,4.0,5.070969614753706,5.715739409766878,5.067124873861415,5.074167224335359,116714.51612086176,118622.5414276123,519684.0763092041,117752.35856542061,426.96571245976213,pearson_raft,921553.373336792,117814.7792816162,117867.70820617676,117253.54194641112,118622.5414276123,117539.764906285,117888.97671501226,116714.51612086176,118091.08347253404,117325.50511179135,117638.49160275375,117542.49252186096,117795.58245021931,117490.69367815112,117703.883700705,118125.3503130973,118473.94171550186,117439.08365317552,118001.6051257562,117813.0594579794,118362.93517686508,118002.31887335805,117892.9765582047,117597.31065287328,117058.46290129202
results/GeneratedSparse/10000_cells_10_features/0.9/sparse_CPU_cosine.csv,cosine,CPU,0.9,10000,10,10000_10,100000,4.0,1.0,4.0,5.993474289303419,6.115523061586743,5.887740904781337,6.086024725105143,772219.75,1219059.0,1304737.25,985086.3229166666,101861.31064491253,cosine_CPU,1304737.25,853039.5,1045043.0,1024061.75,940644.25,904027.75,1042591.0,1016766.25,1075922.0,1105222.25,1142743.75,845102.5,957143.5,772219.75,898453.25,960033.0,937648.5,1024452.25,985081.0,938527.0,1140138.25,957137.5,1219059.0,941048.5,915966.25
results/GeneratedSparse/10000_cells_10_features/0.9/sparse_CPU_euclidean.csv,euclidean,CPU,0.9,10000,10,10000_10,100000,4.0,1.0,4.0,5.960738601037986,6.125632916974408,5.7839687542693445,6.048534926036431,608091.25,1118239.75,1335466.25,913563.2083333334,140605.4208872235,euclidean_CPU,1335466.25,840188.25,1039068.75,863148.25,995301.5,1092288.75,1098826.5,852040.5,1020288.25,1020421.0,806052.25,1025062.5,844893.25,1049767.0,806053.0,608091.25,831054.25,799289.25,949063.0,1099858.0,817029.25,1118239.75,648199.5,767725.0,933568.0
results/GeneratedSparse/10000_cells_10_features/0.9/sparse_CPU_kendall.csv,kendall,CPU,0.9,10000,10,10000_10,100000,4.0,1.0,4.0,6.098574809263547,6.208435108035509,6.007084952035427,6.170447424607301,1016447.5,1480633.0,1615976.75,1254800.8645833333,126313.52093657957,kendall_CPU,1615976.75,1130550.25,1301240.5,1252441.0,1209432.25,1016447.5,1234868.75,1478201.25,1479470.0,1040141.0,1202234.0,1150576.75,1197878.5,1289893.25,1345929.5,1188482.75,1185967.25,1120347.75,1450282.0,1235121.25,1216151.5,1230320.5,1480633.0,1338946.75,1339663.5
results/GeneratedSparse/10000_cells_10_features/0.9/sparse_CPU_manhattan.csv,manhattan,CPU,0.9,10000,10,10000_10,100000,4.0,1.0,4.0,5.916030502469396,6.087802706232963,5.773375901201787,6.006762031786897,593438.75,1015692.0,1224060.0,824196.0,120492.08077539093,manhattan_CPU,1224060.0,737113.75,911152.75,965284.5,888018.0,816343.75,656885.5,855447.0,724092.75,641416.75,927651.25,772098.5,889764.5,1013058.0,858972.5,906402.25,899930.25,871479.0,805583.5,596178.25,1015692.0,593438.75,692306.5,912797.25,829596.75
results/GeneratedSparse/10000_cells_10_features/0.9/sparse_CPU_pearson.csv,pearson,CPU,0.9,10000,10,10000_10,100000,4.0,1.0,4.0,5.957319033400326,6.118001605510181,5.836654459017073,6.092408405233821,686522.0,1237110.25,1312204.75,906398.1979166666,133197.3726978474,pearson_CPU,1312204.75,865310.5,1036038.75,876453.0,824402.25,865524.5,906086.25,963445.75,891274.5,994066.5,750604.25,1237110.25,839697.25,793215.25,868117.25,1069377.5,965812.0,780522.25,686522.0,760912.25,733391.5,1144620.0,955869.25,869793.25,1075390.5
results/GeneratedSparse/10000_cells_10_features/0.9/sparse_CPU_spearman.csv,spearman,CPU,0.9,10000,10,10000_10,100000,4.0,1.0,4.0,5.924170521098286,6.0870321105355965,5.753307995227751,6.007795449655698,566641.0,1018111.75,1221890.0,839789.65625,99305.18192066262,spearman_CPU,1221890.0,733432.5,913377.5,977021.5,927945.5,863672.0,910894.75,905869.0,724495.5,566641.0,819535.75,894770.25,732968.0,793487.25,771728.5,735423.25,859211.75,816013.75,923147.25,878812.75,916616.5,724459.5,863003.5,884312.75,1018111.75
results/GeneratedSparse/10000_cells_10_features/0.9/sparse_GPU_cosine.csv,cosine,GPU,0.9,10000,10,10000_10,100000,4.0,1.0,4.0,4.4320376374114785,6.064427381619163,4.354679756154455,4.486678373946036,22629.75,30667.5,1159918.25,27041.927083333332,1952.9048015594599,cosine_GPU,1159918.25,28203.75,25659.25,27610.0,26327.5,26699.75,28958.75,28032.25,30127.25,25414.25,28741.25,25800.25,22629.75,27957.75,26959.0,30667.5,22836.0,28565.5,27876.5,26026.25,28133.0,26851.5,25159.0,28624.25,25146.0
results/GeneratedSparse/10000_cells_10_features/0.9/sparse_GPU_euclidean.csv,euclidean,GPU,0.9,10000,10,10000_10,100000,4.0,1.0,4.0,4.417239986920462,6.0931556859076705,4.363047594521094,4.4548905728112365,23070.0,28503.0,1239240.75,26136.052083333332,1380.6730072745295,euclidean_GPU,1239240.75,27309.25,25182.5,25337.5,25915.5,24205.5,28279.0,27013.75,26396.0,25305.25,24657.0,26624.25,23070.0,25290.25,26972.5,28503.0,25563.75,24660.0,28345.0,26916.75,28182.25,24923.25,25709.0,26291.25,26612.75
results/GeneratedSparse/10000_cells_10_features/0.9/sparse_GPU_kendall.csv,kendall,GPU,0.9,10000,10,10000_10,100000,4.0,1.0,4.0,5.90048307299148,6.215528116951871,5.736700202983112,6.008523737723038,545381.25,1019820.5,1642586.0,795212.2708333334,132846.9962005539,kendall_GPU,1642586.0,698480.5,878475.0,1006929.75,791133.75,688258.75,924343.75,727485.0,1019820.5,772030.5,704096.0,925928.0,682305.75,895209.25,806029.75,611244.25,936305.75,791863.0,877589.75,580984.0,804516.5,545381.25,760252.5,998720.0,657711.25
results/GeneratedSparse/10000_cells_10_features/0.9/sparse_GPU_manhattan.csv,manhattan,GPU,0.9,10000,10,10000_10,100000,4.0,1.0,4.0,5.868794350141509,6.2094092429145995,5.678291384928542,6.013171671303942,476750.75,1030793.5,1619605.5,739255.1354166666,122347.42561643315,manhattan_GPU,1619605.5,676634.25,870899.25,665378.0,694224.25,700086.0,876926.25,718270.0,476750.75,802247.5,687056.5,902195.25,797080.25,882933.75,714871.0,635563.25,507804.0,762653.0,653968.5,671732.75,710151.5,834346.5,1030793.5,659847.25,809710.0
results/GeneratedSparse/10000_cells_10_features/0.9/sparse_GPU_pearson.csv,pearson,GPU,0.9,10000,10,10000_10,100000,4.0,1.0,4.0,4.444336473281148,6.070156126449026,4.364072351158594,4.513537208434065,23124.5,32624.0,1175320.0,27818.677083333332,2887.087100239731,pearson_GPU,1175320.0,25330.75,30024.25,24152.0,24960.75,25738.5,30570.5,32624.0,31540.0,29484.25,23708.75,29977.25,32223.0,26707.75,30751.5,23356.25,28377.0,29976.0,24878.0,27612.25,28438.75,27839.25,23124.5,30224.5,26028.5
results/GeneratedSparse/10000_cells_10_features/0.9/sparse_GPU_spearman.csv,spearman,GPU,0.9,10000,10,10000_10,100000,4.0,1.0,4.0,5.910642600148573,6.203335372792472,5.707886840127184,6.050834792218763,510372.0,1124177.25,1597112.0,814034.1041666666,140275.83106705037,spearman_GPU,1597112.0,663281.75,839107.5,865196.25,772728.0,853540.75,825572.25,823652.75,721533.5,910067.0,734985.75,919341.5,1124177.25,831723.0,510372.0,671986.75,1100125.25,865078.5,848247.5,759362.25,546836.5,802711.75,991850.0,730849.5,824491.25
results/GeneratedSparse/10000_cells_10_features/0.9/sparse_armadillo_cosine.csv,cosine,armadillo,0.9,10000,10,10000_10,100000,4.0,1.0,4.0,5.865107282692454,5.8663753708116255,5.858916588342105,5.871558925820498,722631.0,743976.0,735149.0,733005.5833333334,4862.893702284909,cosine_armadillo,735149.0,734821.0,729695.0,739372.0,729154.0,735067.0,735026.0,729813.0,732147.0,729910.0,730472.0,737687.0,734661.0,739830.0,733101.0,733153.0,722631.0,728484.0,732544.0,743976.0,736811.0,725277.0,728218.0,739414.0,730870.0
results/GeneratedSparse/10000_cells_10_features/0.9/sparse_armadillo_euclidean.csv,euclidean,armadillo,0.9,10000,10,10000_10,100000,4.0,1.0,4.0,5.962344608912602,5.962221546210024,5.960953798196513,5.964062007185906,914016.0,920581.0,916688.0,916947.7916666666,1852.579057673533,euclidean_armadillo,916688.0,919416.0,915233.0,916544.0,918621.0,920053.0,915408.0,914177.0,917022.0,918634.0,917144.0,916691.0,916782.0,919560.0,920581.0,915193.0,916766.0,915466.0,919208.0,917278.0,915246.0,914016.0,916967.0,915956.0,914785.0
results/GeneratedSparse/10000_cells_10_features/0.9/sparse_armadillo_manhattan.csv,manhattan,armadillo,0.9,10000,10,10000_10,100000,4.0,1.0,4.0,6.558142348628555,6.558080669290691,6.5574023132912505,6.55911237064461,3609128.236270777,3623367.383731484,3614770.0,3615283.413046991,3503.11247968683,manhattan_armadillo,3614770.0,3613680.0,3619760.0,3617360.0,3613750.0,3616809.8442240977,3623367.383731484,3616777.349719236,3611507.344288111,3618299.212911751,3616541.7873196495,3617129.19158285,3618406.9210948776,3615468.205136514,3612594.4660852742,3613376.223768565,3613492.321101799,3609452.499400988,3614286.4960985393,3619197.8518877407,3618395.3213629145,3616666.117015676,3610006.710059059,3609128.236270777,3611348.430067889
results/GeneratedSparse/10000_cells_10_features/0.9/sparse_armadillo_pearson.csv,pearson,armadillo,0.9,10000,10,10000_10,100000,4.0,1.0,4.0,6.062817371949888,6.063126860458549,6.061429263059724,6.0642600918754255,1151938.419321627,1159471.5368428696,1156450.0,1155626.1799788068,2009.7705901681627,pearson_armadillo,1156450.0,1158310.0,1155800.0,1155470.0,1153690.0,1157732.8454906582,1155445.9054842026,1155683.4075226404,1152295.0265977758,1159008.2174172387,1154907.7344199582,1155922.8163686448,1159471.5368428696,1158366.139753701,1156437.218539965,1155001.798187101,1151938.419321627,1154889.412912875,1152196.1803847817,1155559.043045659,1156653.695835202,1156305.7202948031,1152883.8529622713,1155455.1540918215,1155604.1940175637
results/GeneratedSparse/10000_cells_10_features/0.9/sparse_armadillo_spearman.csv,spearman,armadillo,0.9,10000,10,10000_10,100000,4.0,1.0,4.0,5.870620023233444,5.870101198397675,5.8652881996601005,5.8773765297252245,733311.0,754009.0,741483.0,742369.3333333334,5256.242849116552,spearman_armadillo,741483.0,736792.0,748094.0,747678.0,738364.0,748197.0,748023.0,736756.0,738405.0,741645.0,739872.0,748655.0,737744.0,740731.0,742065.0,750478.0,737512.0,744308.0,744511.0,736140.0,738273.0,754009.0,743104.0,733311.0,742197.0
results/GeneratedSparse/10000_cells_10_features/0.9/sparse_arrayfirecuda_cosine.csv,cosine,arrayfirecuda,0.9,10000,10,10000_10,100000,4.0,1.0,4.0,5.04775952656422,5.0480998271340844,5.047648628212128,5.047893734060473,111596.0,111659.0,111712.0,111624.5,14.66287829861518,cosine_arrayfirecuda,111712.0,111637.0,111612.0,111596.0,111629.0,111610.0,111628.0,111612.0,111615.0,111615.0,111626.0,111636.0,111643.0,111627.0,111625.0,111603.0,111607.0,111631.0,111629.0,111631.0,111659.0,111605.0,111634.0,111636.0,111642.0
results/GeneratedSparse/10000_cells_10_features/0.9/sparse_arrayfirecuda_euclidean.csv,euclidean,arrayfirecuda,0.9,10000,10,10000_10,100000,4.0,1.0,4.0,5.068076036934337,5.061735130891445,5.0567371965483465,5.082404747249914,113956.0,120894.0,115275.0,116970.41666666667,1534.2605959839054,euclidean_arrayfirecuda,115275.0,115715.0,117943.0,115250.0,118563.0,116857.0,117726.0,116429.0,116528.0,113956.0,116855.0,116512.0,117481.0,118769.0,118193.0,118345.0,114558.0,117340.0,115653.0,116669.0,118538.0,115104.0,117695.0,115717.0,120894.0
results/GeneratedSparse/10000_cells_10_features/0.9/sparse_arrayfirecuda_manhattan.csv,manhattan,arrayfirecuda,0.9,10000,10,10000_10,100000,4.0,1.0,4.0,5.056243541104472,5.055041775699209,5.055557975911038,5.057064825099605,113647.0,114042.0,113512.0,113826.54166666667,109.69996170109732,manhattan_arrayfirecuda,113512.0,113899.0,113748.0,114042.0,113727.0,113766.0,113918.0,113688.0,113699.0,113832.0,114014.0,113798.0,113750.0,113689.0,113982.0,113818.0,113647.0,113853.0,113886.0,113930.0,113871.0,113922.0,113751.0,113912.0,113695.0
results/GeneratedSparse/10000_cells_10_features/0.9/sparse_arrayfirecuda_pearson.csv,pearson,arrayfirecuda,0.9,10000,10,10000_10,100000,4.0,1.0,4.0,5.0672421645146635,5.060127218108558,5.048791273848409,5.085526039744262,111890.0,121766.0,114849.0,116746.04166666667,2730.6310699050055,pearson_arrayfirecuda,114849.0,116571.0,119458.0,121766.0,115533.0,116079.0,116770.0,112588.0,115897.0,117264.0,114061.0,120843.0,119834.0,114671.0,116322.0,115599.0,111890.0,118655.0,113081.0,118609.0,121596.0,116860.0,115623.0,113231.0,119104.0
results/GeneratedSparse/10000_cells_10_features/0.9/sparse_raft_cosine.csv,cosine,raft,0.9,10000,10,10000_10,100000,4.0,1.0,4.0,5.101189162267658,5.950191143597616,5.094431805108832,5.112124563314192,124288.74566901296,129456.70928726764,891643.2857513428,126237.72587007839,1336.2212183466734,cosine_raft,1657062.292098999,126224.27940368652,125904.56008911131,125727.17666625977,128427.26707458496,124931.13805714666,127839.700834536,124288.74566901296,125880.54358506248,126056.93547625234,124622.41188196234,125465.62995024936,127155.35642500552,126610.77594594088,128061.90627475896,126754.38273303329,124733.4551132487,129456.70928726764,126125.20788059618,124771.8995455536,128369.3852165877,125293.71224568636,125300.17703566712,126222.6278513674,125481.43663930356
results/GeneratedSparse/10000_cells_10_features/0.9/sparse_raft_euclidean.csv,euclidean,raft,0.9,10000,10,10000_10,100000,4.0,1.0,4.0,5.103220639975631,5.920830702750977,5.099336186628375,5.10845980510008,125700.26307997486,128368.89567663107,833356.2612533569,126829.6050273833,789.9160557549924,euclidean_raft,1540681.8389892578,126030.68351745604,128233.67118835448,126512.05062866212,126252.1743774414,127712.01986376052,127492.99290038816,125970.34255815687,126567.2771273178,127224.32290979465,127103.64789151178,125700.26307997486,125713.09070111383,126795.4553862206,126360.80314173314,128354.70045481568,125726.33543400244,126745.28891477578,128368.89567663107,127333.76018235904,126329.01052844658,126668.3928169486,127280.88003272816,126362.112214458,127072.34913014736
results/GeneratedSparse/10000_cells_10_features/0.9/sparse_raft_manhattan.csv,manhattan,raft,0.9,10000,10,10000_10,100000,4.0,1.0,4.0,5.086977504034548,5.929860967011688,5.078263785918187,5.096195526937112,119746.76397643358,124794.5234457466,850865.6024932861,122173.63739564572,1092.3284562937365,manhattan_raft,1578214.6453857422,123516.55960083008,121758.93783569336,121762.75253295898,122044.32487487792,121234.20637578072,119746.76397643358,122513.90373915753,123820.0668236436,121056.83881558508,122049.95390860672,120158.52426620484,124794.5234457466,122347.32008034522,121105.19938470887,122603.275642705,121549.76711606026,123253.538945665,121985.8364073034,121766.9866385948,122560.00787837038,123041.65741657231,122637.1620755592,122027.47607963136,122831.71363446282
results/GeneratedSparse/10000_cells_10_features/0.9/sparse_raft_pearson.csv,pearson,raft,0.9,10000,10,10000_10,100000,4.0,1.0,4.0,5.083403601970421,5.754259973172841,5.080177667587059,5.087566732919053,120275.63752889728,122339.50893254128,567884.4451904297,121172.3699076891,635.8838781365807,pearson_raft,1013494.7299957277,122274.16038513184,121211.76719665527,120610.71395874023,121283.29277038574,120640.19259067193,121947.1790248806,120388.19213065888,121176.72963245644,120672.04817933764,120633.99835531786,121108.71817766914,121806.518495189,120912.76817286252,122339.50893254128,120275.63752889728,121864.62896771732,121918.21445254836,120556.15642646384,120675.59373558396,121346.08653908524,121377.367626574,122090.75183373094,120378.79997061356,120647.85270082577
results/GeneratedSparse/10000_cells_10_features/0.95/sparse_CPU_cosine.csv,cosine,CPU,0.95,10000,10,10000_10,100000,4.0,1.0,4.0,5.976118682553457,6.125413351047505,5.7731601416162475,6.116978047898224,593144.0,1309115.75,1334791.25,946495.78125,159397.22695751773,cosine_CPU,1334791.25,849680.25,1049361.0,1016774.0,1309115.75,1094405.5,870144.25,710410.5,740898.5,879357.75,914943.5,982097.75,593144.0,915177.5,987883.0,877645.5,803244.0,1216123.5,1036290.0,1098997.25,1035294.75,958879.5,983434.0,738763.25,1053833.75
results/GeneratedSparse/10000_cells_10_features/0.95/sparse_CPU_euclidean.csv,euclidean,CPU,0.95,10000,10,10000_10,100000,4.0,1.0,4.0,5.973220309403507,6.126215367076581,5.879641130279195,6.040152881791677,757951.0,1096864.25,1337258.5,940200.1354166666,95670.20904434375,euclidean_CPU,1337258.5,853420.0,1009261.25,867386.5,1015849.25,968779.5,953708.75,900522.25,903209.25,1034241.75,916440.0,837263.25,1096864.25,1070653.25,1051466.0,885777.75,840509.75,979033.0,867383.0,1013192.25,794893.5,757951.0,1060753.75,832359.0,1053885.0
results/GeneratedSparse/10000_cells_10_features/0.95/sparse_CPU_kendall.csv,kendall,CPU,0.95,10000,10,10000_10,100000,4.0,1.0,4.0,6.033791125120519,6.168092537637724,5.9405001736809835,6.110399033369223,871967.25,1289433.75,1472626.25,1080913.9583333333,98337.56505828285,kendall_CPU,1472626.25,996545.75,1164496.5,1084724.5,972500.0,1057450.0,988755.5,1161860.75,1114522.5,1212468.25,1022441.75,1124407.25,1020295.5,1151275.25,1289433.75,1184098.75,1222213.5,1007228.25,1049194.25,1131094.5,983898.75,951044.5,1039525.5,871967.25,1140492.5
results/GeneratedSparse/10000_cells_10_features/0.95/sparse_CPU_manhattan.csv,manhattan,CPU,0.95,10000,10,10000_10,100000,4.0,1.0,4.0,5.890493703711946,6.082616734412487,5.726132804923335,6.050236450246815,532271.0,1122629.5,1209530.25,777130.0520833334,146185.21916903876,manhattan_CPU,1209530.25,731184.75,903884.5,543601.75,1122629.5,800130.0,574471.5,913674.25,975861.75,894903.75,625057.25,635692.25,654295.0,671976.25,712892.5,532271.0,775858.25,980412.0,768547.75,700290.5,783687.75,756137.5,905217.25,826385.75,862058.5
results/GeneratedSparse/10000_cells_10_features/0.95/sparse_CPU_pearson.csv,pearson,CPU,0.95,10000,10,10000_10,100000,4.0,1.0,4.0,5.985161171775684,6.133186539862092,5.877193473346919,6.030741360626946,753691.25,1073350.0,1358897.0,966409.4583333334,97935.53713435761,pearson_CPU,1358897.0,855227.0,1042616.25,897998.5,876318.0,1068704.5,1019934.25,1055866.5,1030377.0,926786.0,809153.25,1037371.25,1005767.5,1062032.0,894372.75,1047418.5,753691.25,946531.75,1028858.25,907796.5,764304.75,1071995.25,1013175.0,1073350.0,1004181.0
results/GeneratedSparse/10000_cells_10_features/0.95/sparse_CPU_spearman.csv,spearman,CPU,0.95,10000,10,10000_10,100000,4.0,1.0,4.0,5.90020233635723,6.086787240163002,5.744211007193661,6.029500757615521,554895.25,1070288.25,1221201.25,794698.3958333334,112215.54157686979,spearman_CPU,1221201.25,728077.5,899249.25,871842.0,677717.0,838343.75,807507.0,765018.0,790308.75,898144.75,698215.25,773408.0,925021.75,803216.5,845709.5,1070288.25,852188.0,692862.0,727362.25,759654.25,977488.25,609210.75,554895.25,750647.25,756386.25
results/GeneratedSparse/10000_cells_10_features/0.95/sparse_GPU_cosine.csv,cosine,GPU,0.95,10000,10,10000_10,100000,4.0,1.0,4.0,4.485153201870222,6.066318655994421,4.3665817025364975,4.6214203739403565,23258.5,41823.5,1164980.5,30559.989583333332,5308.1862557197755,cosine_GPU,1164980.5,34902.0,26611.25,35934.25,24473.0,25420.5,25358.0,41823.5,31825.75,37553.5,29799.5,27002.5,24651.5,29327.0,31922.25,34323.75,23986.5,36465.5,41328.75,26120.75,23258.5,30507.75,31575.0,27454.0,31814.75
results/GeneratedSparse/10000_cells_10_features/0.95/sparse_GPU_euclidean.csv,euclidean,GPU,0.95,10000,10,10000_10,100000,4.0,1.0,4.0,4.400781654052155,6.087897427065191,4.399591526500629,4.401529775861177,25095.25,25207.5,1224327.0,25164.114583333332,25.52837261087597,euclidean_GPU,1224327.0,25180.75,25146.75,25177.0,25154.0,25194.25,25095.25,25191.5,25136.25,25176.25,25207.5,25132.0,25172.0,25200.5,25180.25,25132.0,25183.5,25153.75,25183.25,25151.5,25167.75,25164.75,25135.75,25157.0,25165.25
results/GeneratedSparse/10000_cells_10_features/0.95/sparse_GPU_kendall.csv,kendall,GPU,0.95,10000,10,10000_10,100000,4.0,1.0,4.0,5.856603184509834,6.206093026770653,5.638982923844777,5.974350011146631,435494.75,942649.0,1607285.5,718791.9166666666,118082.3489606994,kendall_GPU,1607285.5,686622.25,879022.5,555305.25,808625.5,758159.0,758663.75,809781.75,726443.75,602236.0,798277.25,579813.5,659712.0,764466.75,709881.75,581199.0,785109.25,674589.5,615313.25,924173.75,942649.0,741780.0,435494.75,665264.5,788422.0
results/GeneratedSparse/10000_cells_10_features/0.95/sparse_GPU_manhattan.csv,manhattan,GPU,0.95,10000,10,10000_10,100000,4.0,1.0,4.0,5.883268079820008,6.200286615946711,5.663543571119902,6.003966483327375,460833.0,1009175.0,1585939.5,764307.4270833334,139432.27946383745,manhattan_GPU,1585939.5,658195.75,837840.5,688862.0,1009175.0,703063.5,825321.5,951224.25,733075.75,687361.5,460833.0,926151.5,852862.5,872392.5,730757.75,723227.0,725604.5,499641.0,1000960.75,642711.5,647376.0,653883.25,914678.0,775590.5,822588.75
results/GeneratedSparse/10000_cells_10_features/0.95/sparse_GPU_pearson.csv,pearson,GPU,0.95,10000,10,10000_10,100000,4.0,1.0,4.0,4.455914515661771,6.0705392334256025,4.382314279380988,4.5394524915494605,24116.5,34630.0,1176357.25,28570.28125,3051.0809827151324,pearson_GPU,1176357.25,25664.75,30067.25,24116.5,29058.75,26597.25,31064.5,26417.0,27505.0,27304.0,27926.75,26899.75,24347.25,31242.0,25847.75,33969.25,28152.0,33239.25,28361.75,24339.25,34276.5,27462.0,34630.0,28639.5,28558.75
results/GeneratedSparse/10000_cells_10_features/0.95/sparse_GPU_spearman.csv,spearman,GPU,0.95,10000,10,10000_10,100000,4.0,1.0,4.0,5.870056059725863,6.203015199222618,5.67639384300097,5.985265211758925,474672.25,966641.0,1595935.0,741405.9375,131834.0036036529,spearman_GPU,1595935.0,660910.75,837891.5,679214.5,657075.75,908878.5,966641.0,813517.25,858053.0,498937.75,829110.25,767056.0,952208.5,744351.75,654580.0,662958.0,914624.5,802919.75,525096.75,628131.0,753615.0,761703.0,693181.25,748414.5,474672.25
results/GeneratedSparse/10000_cells_10_features/0.95/sparse_armadillo_cosine.csv,cosine,armadillo,0.95,10000,10,10000_10,100000,4.0,1.0,4.0,5.754359008162883,5.75906545719574,5.750444364479546,5.757962064803393,562917.0,572746.0,574203.0,568013.9583333334,2458.3845556104293,cosine_armadillo,574203.0,567040.0,569612.0,564544.0,570345.0,569461.0,565774.0,569437.0,568198.0,572746.0,565211.0,562917.0,566986.0,571496.0,568576.0,566244.0,566322.0,567239.0,567088.0,568504.0,567514.0,571544.0,565479.0,567768.0,572290.0
results/GeneratedSparse/10000_cells_10_features/0.95/sparse_armadillo_euclidean.csv,euclidean,armadillo,0.95,10000,10,10000_10,100000,4.0,1.0,4.0,5.87847681745948,5.885452819363261,5.871535575273852,5.883269541799298,743936.0,764310.0,768162.0,755921.7083333334,4997.210509200497,euclidean_armadillo,768162.0,753581.0,755461.0,752929.0,762152.0,755571.0,759110.0,759575.0,754242.0,745037.0,757330.0,752501.0,753753.0,762438.0,752100.0,756501.0,759660.0,758911.0,743936.0,756480.0,749450.0,762394.0,764310.0,757506.0,757193.0
results/GeneratedSparse/10000_cells_10_features/0.95/sparse_armadillo_manhattan.csv,manhattan,armadillo,0.95,10000,10,10000_10,100000,4.0,1.0,4.0,6.545483205863624,6.545215546152772,6.542462905069504,6.547871440707322,3487087.981682841,3530786.364380057,3509260.0,3511423.4560449817,11113.27652527947,manhattan_armadillo,3509260.0,3512210.0,3525510.0,3518070.0,3498010.0,3492144.0378544377,3507722.9827967715,3504671.837099876,3487087.981682841,3526462.5485213445,3511903.195938838,3512695.252550428,3498543.8510703063,3518090.5498493533,3504479.2936379644,3519073.075389186,3521798.0696940976,3515112.378680948,3518175.828175964,3530786.364380057,3521167.898052879,3515525.180813088,3493660.306920396,3509543.267490054,3511719.0444807312
results/GeneratedSparse/10000_cells_10_features/0.95/sparse_armadillo_pearson.csv,pearson,armadillo,0.95,10000,10,10000_10,100000,4.0,1.0,4.0,5.974109988026216,5.967978781030301,5.966831361004729,5.980068397198089,926470.0,955143.0,928921.0,942128.1666666666,7564.955423236515,pearson_armadillo,928921.0,949275.0,935587.0,933763.0,944808.0,942669.0,927791.0,946355.0,947058.0,942987.0,937359.0,955143.0,936649.0,942100.0,946153.0,942302.0,926470.0,943936.0,951370.0,940709.0,929776.0,937854.0,948217.0,950815.0,951930.0
results/GeneratedSparse/10000_cells_10_features/0.95/sparse_armadillo_spearman.csv,spearman,armadillo,0.95,10000,10,10000_10,100000,4.0,1.0,4.0,5.869305954267139,5.8592794350821595,5.863651728514782,5.875823215703413,730553.0,751317.0,723235.0,740126.5,4631.4941163732465,spearman_armadillo,723235.0,745343.0,736596.0,735974.0,739305.0,735761.0,742957.0,743854.0,739344.0,743788.0,744353.0,737364.0,744499.0,743190.0,743884.0,735390.0,751317.0,738830.0,735307.0,738747.0,742187.0,732509.0,730553.0,742446.0,739538.0
results/GeneratedSparse/10000_cells_10_features/0.95/sparse_arrayfirecuda_cosine.csv,cosine,arrayfirecuda,0.95,10000,10,10000_10,100000,4.0,1.0,4.0,5.052833683534115,5.055749005579252,5.052197431569028,5.053474124520207,112771.0,113103.0,113697.0,112936.33333333333,94.29769644882931,cosine_arrayfirecuda,113697.0,113004.0,112862.0,113019.0,112979.0,112806.0,112922.0,113070.0,112771.0,112999.0,112909.0,112818.0,112965.0,112960.0,112873.0,112823.0,113013.0,112997.0,113078.0,112822.0,112830.0,112981.0,113103.0,113010.0,112858.0
results/GeneratedSparse/10000_cells_10_features/0.95/sparse_arrayfirecuda_euclidean.csv,euclidean,arrayfirecuda,0.95,10000,10,10000_10,100000,4.0,1.0,4.0,5.055891268083596,5.053880954192943,5.0515576749220665,5.059199775987489,112605.0,114604.0,113209.0,113734.25,453.8976802834166,euclidean_arrayfirecuda,113209.0,113979.0,113455.0,114017.0,114170.0,114333.0,112605.0,113472.0,113931.0,113832.0,113635.0,113872.0,113131.0,114143.0,113822.0,113695.0,114604.0,113429.0,114412.0,113970.0,113578.0,112989.0,113236.0,113734.0,113578.0
results/GeneratedSparse/10000_cells_10_features/0.95/sparse_arrayfirecuda_manhattan.csv,manhattan,arrayfirecuda,0.95,10000,10,10000_10,100000,4.0,1.0,4.0,5.073159699833495,5.075660082196251,5.070706350173558,5.075057648361402,117681.0,118866.0,119031.0,118347.66666666667,343.31007202754125,manhattan_arrayfirecuda,119031.0,118119.0,118756.0,117950.0,118344.0,118272.0,118381.0,118707.0,118809.0,118276.0,118866.0,117759.0,117681.0,118498.0,118288.0,117895.0,118296.0,118341.0,118122.0,118636.0,118681.0,118194.0,118692.0,118845.0,117936.0
results/GeneratedSparse/10000_cells_10_features/0.95/sparse_arrayfirecuda_pearson.csv,pearson,arrayfirecuda,0.95,10000,10,10000_10,100000,4.0,1.0,4.0,5.0624749641415825,5.060607195524556,5.061546716796558,5.062867659779192,115225.0,115576.0,114976.0,115471.54166666667,82.69168598205961,pearson_arrayfirecuda,114976.0,115389.0,115490.0,115499.0,115225.0,115474.0,115515.0,115449.0,115503.0,115512.0,115563.0,115419.0,115461.0,115435.0,115372.0,115394.0,115484.0,115576.0,115348.0,115491.0,115573.0,115547.0,115575.0,115563.0,115460.0
results/GeneratedSparse/10000_cells_10_features/0.95/sparse_raft_cosine.csv,cosine,raft,0.95,10000,10,10000_10,100000,4.0,1.0,4.0,5.0871309478662585,5.9116707357222085,5.081113666275946,5.092880615280971,120535.13712132508,123845.60962340892,815963.5066986084,122216.81110383618,990.4204428834173,cosine_raft,1509420.1564788818,122506.85691833496,123246.66976928712,121272.80235290527,121845.24536132812,121723.43523774506,121267.18554334386,122634.73658958904,120535.13712132508,123408.64897043956,123387.01968523535,123174.63559203788,123331.08116583388,121660.80450021628,121010.5675825535,123845.60962340892,121001.14834923396,123219.9776783028,121328.14251351528,121511.6980813197,121650.46770016644,122422.47947726,123404.84152821796,122936.0066583408,120878.26849212764
results/GeneratedSparse/10000_cells_10_features/0.95/sparse_raft_euclidean.csv,euclidean,raft,0.95,10000,10,10000_10,100000,4.0,1.0,4.0,5.087943731865752,5.908519181899834,5.086252267444985,5.0909069409807355,121969.78757585508,123284.06363813262,810063.7197494507,122445.75456143478,336.60948572138886,euclidean_raft,1498146.7723846436,121980.6671142578,122845.64971923828,122566.93840026855,122303.48587036131,122724.84894119046,122403.89024543537,122356.4656548519,121979.53309850406,123284.06363813262,123043.81552625912,122059.97880638404,122657.5598159888,122185.0678826202,122240.29182995892,122106.16760798756,122107.63693438865,122596.1312329186,122539.10447813664,122631.29129767611,122452.48049038553,122515.61818710282,121969.78757585508,122374.7546226402,122772.8805038922
results/GeneratedSparse/10000_cells_10_features/0.95/sparse_raft_manhattan.csv,manhattan,raft,0.95,10000,10,10000_10,100000,4.0,1.0,4.0,5.096219195408766,5.943156639016557,5.093965440858888,5.0982641546976994,124155.35065902416,125390.36157114156,877317.1901702881,124801.32476662776,342.47741713121513,manhattan_raft,1629328.4893035889,125305.8910369873,124557.2566986084,124623.77548217772,124611.37771606444,124859.17746217328,125009.09668394284,125390.36157114156,125215.7884676794,124402.43480961648,124865.68058166894,124857.91433877076,124945.7320849861,124724.61609205329,125219.82515804554,124155.35065902416,125005.65067271654,124502.33194315768,125171.12200624603,124324.4539795104,124655.4082567704,125054.81817919228,124163.4427390768,124587.70037195623,125022.58740749968
results/GeneratedSparse/10000_cells_10_features/0.95/sparse_raft_pearson.csv,pearson,raft,0.95,10000,10,10000_10,100000,4.0,1.0,4.0,5.082525213632508,5.703889261336924,5.079618942884585,5.086117977076591,120121.00106971106,121932.07851834504,505695.7006454468,120927.53872433402,511.3734456747183,pearson_raft,890638.3514404297,120753.04985046388,121582.03125,120450.73509216309,120847.94044494627,120523.17244831684,120510.38464615637,120207.92709051228,120915.5058543591,120188.96764391684,121451.10416955956,121149.9111825635,120880.00720490524,121115.94370119888,121932.07851834504,120462.72386540443,120121.00106971106,121362.11571615128,121751.27378811582,121648.6369235602,121067.07207051084,120697.2564824412,120376.26026475371,121353.65555824991,120912.1745477114
results/GeneratedSparse/10000_cells_10_features/0.99/sparse_CPU_cosine.csv,cosine,CPU,0.99,10000,10,10000_10,100000,4.0,1.0,4.0,5.963933683900724,6.125051882724064,5.819140051336823,6.080678245679726,659386.5,1204143.5,1333680.75,920309.03125,128130.92920196075,cosine_CPU,1333680.75,832570.75,1015665.5,983675.75,697196.0,786126.0,1204143.5,693192.25,1001190.75,902288.5,849810.5,1064340.25,659386.5,935659.25,976770.0,829855.5,939752.75,927341.0,848427.75,970837.75,968936.0,952307.25,1101172.25,1048007.25,898763.75
results/GeneratedSparse/10000_cells_10_features/0.99/sparse_CPU_euclidean.csv,euclidean,CPU,0.99,10000,10,10000_10,100000,4.0,1.0,4.0,5.9660271969210985,6.1273124970221104,5.865460654669988,6.063991152634039,733602.25,1158753.75,1340641.0,924756.0833333334,113085.34859331787,euclidean_CPU,1340641.0,841179.0,1021293.25,982694.25,962983.0,1084813.25,1158753.75,733602.25,942915.25,874030.5,747809.0,855977.75,1099407.5,1031422.5,986012.75,933903.75,1031160.0,915320.5,835716.5,978895.25,839597.5,790139.25,921319.5,737070.0,888129.75
results/GeneratedSparse/10000_cells_10_features/0.99/sparse_CPU_kendall.csv,kendall,CPU,0.99,10000,10,10000_10,100000,4.0,1.0,4.0,5.993818485703129,6.148709133349964,5.884538221743211,6.108351460023121,766546.0,1283368.75,1408345.25,985867.3541666666,107546.70347998133,kendall_CPU,1408345.25,923887.75,1099676.0,897555.75,1042730.0,974556.75,1026932.75,897406.75,1086648.0,821754.0,972204.25,1283368.75,932664.25,973786.75,1038804.75,1050117.0,869555.75,1108153.75,766546.0,1032289.75,980761.0,969729.75,844220.0,1014206.0,1053261.0
results/GeneratedSparse/10000_cells_10_features/0.99/sparse_CPU_manhattan.csv,manhattan,CPU,0.99,10000,10,10000_10,100000,4.0,1.0,4.0,5.910038303360749,6.084927324765562,5.793159256727826,6.024629416725279,621096.75,1058350.25,1215982.5,812902.2083333334,114249.92733968484,manhattan_CPU,1215982.5,737981.0,903839.5,885235.5,867507.25,652545.25,739358.75,624536.75,953986.75,787544.75,1012188.5,818846.75,777489.0,835263.0,848308.75,913391.25,621096.75,874359.25,681486.75,757535.25,694846.75,718742.5,879281.0,1058350.25,865931.75
results/GeneratedSparse/10000_cells_10_features/0.99/sparse_CPU_pearson.csv,pearson,CPU,0.99,10000,10,10000_10,100000,4.0,1.0,4.0,5.975046637039576,6.126371469693432,5.812401255494512,6.093575062094092,649234.0,1240438.0,1337739.25,944162.2604166666,122022.45124119063,pearson_CPU,1337739.25,872495.75,1012861.0,1093288.75,1099052.25,798220.75,801865.75,649234.0,816135.0,1080139.5,921273.5,953977.25,935674.25,1006868.25,917720.0,914565.75,944175.75,850215.0,824724.75,1040921.25,1024853.25,1005318.75,910028.75,1240438.0,945847.0
results/GeneratedSparse/10000_cells_10_features/0.99/sparse_CPU_spearman.csv,spearman,CPU,0.99,10000,10,10000_10,100000,4.0,1.0,4.0,5.918266182144368,6.096635365211278,5.73851419406883,6.00664197075448,547664.0,1015411.25,1249209.75,828449.7708333334,114701.60388726945,spearman_CPU,1249209.75,756885.25,913323.75,547664.0,903097.75,742387.25,961785.0,933298.5,856176.75,699512.75,1015411.25,847453.0,965084.25,732887.25,742240.75,820870.5,848036.25,939841.25,676571.0,866159.0,700979.25,818923.75,707203.5,938804.75,948197.75
results/GeneratedSparse/10000_cells_10_features/0.99/sparse_GPU_cosine.csv,cosine,GPU,0.99,10000,10,10000_10,100000,4.0,1.0,4.0,4.41217939707292,6.1137209700131985,4.363179350058686,4.460927896698077,23077.0,28902.0,1299334.5,25833.270833333332,1257.6315018150742,cosine_GPU,1299334.5,26803.75,25031.0,25536.5,26284.5,24873.75,25979.0,26290.0,26011.75,24450.0,26552.5,23077.0,27005.0,27651.25,23903.75,27286.0,24586.75,25620.25,28902.0,25480.0,25284.0,25806.75,25488.75,27210.5,24883.75
results/GeneratedSparse/10000_cells_10_features/0.99/sparse_GPU_euclidean.csv,euclidean,GPU,0.99,10000,10,10000_10,100000,4.0,1.0,4.0,4.40673333465214,6.060505386379872,4.402484922073764,4.4111439098019245,25263.0,25771.75,1149490.5,25511.34375,141.80267636204016,euclidean_GPU,1149490.5,25565.5,25438.25,25717.5,25437.5,25405.75,25557.0,25393.75,25465.0,25550.25,25483.0,25771.75,25263.0,25618.0,25511.0,25315.0,25716.0,25363.5,25597.75,25537.5,25697.75,25665.75,25578.5,25293.5,25329.75
results/GeneratedSparse/10000_cells_10_features/0.99/sparse_GPU_kendall.csv,kendall,GPU,0.99,10000,10,10000_10,100000,4.0,1.0,4.0,5.859863599064104,6.210553866133593,5.779176783133208,5.940531176985904,601418.5,872029.5,1623879.75,724208.46875,75154.83858741622,kendall_GPU,1623879.75,681666.25,865325.75,853548.25,763221.75,657662.75,733892.5,728114.75,744342.75,742478.0,601418.5,688761.5,756738.25,630076.75,646546.0,735789.25,634371.25,642433.75,796814.5,823351.5,721104.75,701326.25,650537.25,709451.5,872029.5
results/GeneratedSparse/10000_cells_10_features/0.99/sparse_GPU_manhattan.csv,manhattan,GPU,0.99,10000,10,10000_10,100000,4.0,1.0,4.0,5.880813098222917,6.230335734597425,5.725499591844374,5.978786439476908,531495.5,952327.75,1699557.0,759999.1354166666,106002.96629961634,manhattan_GPU,1699557.0,675845.0,856048.75,749358.75,945201.75,830907.75,622189.5,625715.25,784627.75,829367.5,717080.75,531495.5,586510.75,691218.25,701744.0,830194.75,708681.5,860115.5,821681.0,854746.0,736989.0,952327.75,736995.25,731131.0,859806.25
results/GeneratedSparse/10000_cells_10_features/0.99/sparse_GPU_pearson.csv,pearson,GPU,0.99,10000,10,10000_10,100000,4.0,1.0,4.0,4.515342650256698,6.112254928371586,4.348173386298866,4.635174503516335,22293.25,43169.25,1294955.75,32759.90625,4157.185098950984,pearson_GPU,1294955.75,34809.5,27675.75,33712.5,33998.5,32961.5,31205.0,33052.75,37608.5,32031.25,33874.25,29673.25,38399.5,43169.25,38101.0,36017.0,22293.25,33135.0,30532.75,33964.0,27970.75,30616.25,29603.5,29297.75,32535.0
results/GeneratedSparse/10000_cells_10_features/0.99/sparse_GPU_spearman.csv,spearman,GPU,0.99,10000,10,10000_10,100000,4.0,1.0,4.0,5.907053522887105,6.197101840199998,5.725448927580046,6.03540381983725,531433.5,1084935.25,1574352.0,807334.5208333334,117744.17360700018,spearman_GPU,1574352.0,655301.75,832237.25,908671.0,783968.25,699839.5,806723.5,704446.5,752217.75,892225.5,884823.0,1084935.25,866826.0,834254.75,810914.75,818608.25,725695.5,825004.25,1012823.25,598711.0,809398.75,531433.5,804016.0,901578.75,831374.5
results/GeneratedSparse/10000_cells_10_features/0.99/sparse_armadillo_cosine.csv,cosine,armadillo,0.99,10000,10,10000_10,100000,4.0,1.0,4.0,5.705285729011048,5.705258013543009,5.702692412876639,5.708577251996086,504304.0,511184.0,507292.0,507324.375,2072.216542990058,cosine_armadillo,507292.0,506041.0,507354.0,506237.0,510506.0,508031.0,511184.0,507755.0,505300.0,506531.0,505485.0,507498.0,510654.0,504826.0,506816.0,508245.0,505201.0,509867.0,506286.0,508615.0,509065.0,504337.0,504304.0,510339.0,505308.0
results/GeneratedSparse/10000_cells_10_features/0.99/sparse_armadillo_euclidean.csv,euclidean,armadillo,0.99,10000,10,10000_10,100000,4.0,1.0,4.0,5.841427310631617,5.840793392451277,5.836712654406888,5.8452363717946705,686614.0,700223.0,693096.0,694108.4166666666,3471.848101956011,euclidean_armadillo,693096.0,691600.0,692819.0,699143.0,695314.0,687500.0,692648.0,697126.0,693984.0,696744.0,691210.0,699886.0,697451.0,686614.0,691322.0,695077.0,694565.0,693173.0,700223.0,693519.0,693623.0,691728.0,698854.0,692793.0,691686.0
results/GeneratedSparse/10000_cells_10_features/0.99/sparse_armadillo_manhattan.csv,manhattan,armadillo,0.99,10000,10,10000_10,100000,4.0,1.0,4.0,6.560141097036806,6.5604231640605475,6.558746263058122,6.56178621473718,3620314.194325124,3645744.3778635287,3634320.0,3631960.336129701,5884.499113673125,manhattan_armadillo,3634320.0,3622620.0,3631520.0,3632790.0,3638350.0,3635039.254700088,3631582.876303097,3626962.577517729,3620314.194325124,3631590.1578478734,3623240.780933027,3630618.5286798608,3634123.47853374,3634607.9307450703,3635090.0865222425,3630616.026585964,3626427.4166896218,3645744.3778635287,3628322.53083958,3643842.551130135,3626476.8786389055,3633393.748011503,3635653.2203795817,3633355.497189008,3634765.9536771537
results/GeneratedSparse/10000_cells_10_features/0.99/sparse_armadillo_pearson.csv,pearson,armadillo,0.99,10000,10,10000_10,100000,4.0,1.0,4.0,5.95587768255212,5.955093375124637,5.95414840210625,5.957610160001962,899805.0,907006.0,901765.0,903395.0,2190.1838963886116,pearson_armadillo,901765.0,901664.0,903247.0,905588.0,900750.0,905399.0,903691.0,907006.0,905680.0,900927.0,902395.0,902913.0,904957.0,903125.0,906498.0,901970.0,906206.0,902410.0,904789.0,901276.0,900346.0,900190.0,899805.0,906111.0,904537.0
results/GeneratedSparse/10000_cells_10_features/0.99/sparse_armadillo_spearman.csv,spearman,armadillo,0.99,10000,10,10000_10,100000,4.0,1.0,4.0,5.870492496414046,5.872566472677977,5.867216384820527,5.874421510940932,736574.0,748896.0,745704.0,742151.375,3087.026884297414,spearman_armadillo,745704.0,748896.0,740962.0,740478.0,740833.0,740120.0,742306.0,741561.0,745694.0,739345.0,737789.0,740559.0,748037.0,742237.0,744304.0,740776.0,740089.0,741620.0,742631.0,744942.0,746418.0,738092.0,745496.0,741874.0,736574.0
results/GeneratedSparse/10000_cells_10_features/0.99/sparse_arrayfirecuda_cosine.csv,cosine,arrayfirecuda,0.99,10000,10,10000_10,100000,4.0,1.0,4.0,5.052360110852488,5.046604407067495,5.031606376634212,5.075521413906897,107549.0,118993.0,111328.0,112813.25,2867.2935881826493,cosine_arrayfirecuda,111328.0,111809.0,114647.0,112341.0,111696.0,107549.0,109131.0,110130.0,111707.0,110659.0,116578.0,115585.0,112133.0,111706.0,112943.0,110759.0,112736.0,108708.0,118993.0,113535.0,118054.0,117265.0,114792.0,112856.0,111206.0
results/GeneratedSparse/10000_cells_10_features/0.99/sparse_arrayfirecuda_euclidean.csv,euclidean,arrayfirecuda,0.99,10000,10,10000_10,100000,4.0,1.0,4.0,5.068495387299757,5.063536007447333,5.066281188862412,5.07092403147615,116488.0,117740.0,115754.0,117083.41666666667,294.4242852113633,euclidean_arrayfirecuda,115754.0,116913.0,117365.0,117138.0,116730.0,116930.0,117366.0,116794.0,117345.0,117447.0,116992.0,117138.0,117167.0,116660.0,116746.0,117188.0,116999.0,116898.0,117046.0,117080.0,116488.0,117635.0,117078.0,117740.0,117119.0
results/GeneratedSparse/10000_cells_10_features/0.99/sparse_arrayfirecuda_manhattan.csv,manhattan,arrayfirecuda,0.99,10000,10,10000_10,100000,4.0,1.0,4.0,5.061374246255688,5.061580637366717,5.0602935695587705,5.063205716925773,114893.0,115666.0,115234.0,115179.25,167.89139594789643,manhattan_arrayfirecuda,115234.0,114971.0,115304.0,115666.0,114893.0,115099.0,115256.0,115180.0,115042.0,115071.0,115175.0,115122.0,115241.0,115160.0,115239.0,115084.0,115487.0,115011.0,115237.0,115267.0,115277.0,115132.0,115348.0,115093.0,114947.0
results/GeneratedSparse/10000_cells_10_features/0.99/sparse_arrayfirecuda_pearson.csv,pearson,arrayfirecuda,0.99,10000,10,10000_10,100000,4.0,1.0,4.0,5.048813591563202,5.0478859550480975,5.045717967964516,5.051769746899332,111101.0,112660.0,111657.0,111895.75,374.8721170835018,pearson_arrayfirecuda,111657.0,111598.0,112231.0,111990.0,111915.0,112357.0,112432.0,111484.0,111903.0,111581.0,112192.0,111419.0,112660.0,112019.0,111847.0,111101.0,111234.0,112042.0,112115.0,112148.0,111656.0,111898.0,111546.0,112201.0,111929.0
results/GeneratedSparse/10000_cells_10_features/0.99/sparse_raft_cosine.csv,cosine,raft,0.99,10000,10,10000_10,100000,4.0,1.0,4.0,5.093883110154986,5.9381869723445115,5.091848461958924,5.095185391642655,123551.62504833411,124504.5983617554,867335.2003097534,124131.8163314899,241.87551373607846,cosine_raft,1610395.1930999756,124275.20751953124,124279.02221679688,123703.0029296875,123977.6611328125,123551.62504833411,124306.2913321208,124288.87294728708,124206.90671821,124504.5983617554,124405.57803579856,124273.30539986923,124331.96323958838,124068.39761100172,124342.0508067457,124133.38765686093,123900.7177007504,124167.02593567508,124038.94989658362,124077.36128133138,124363.32608133636,124332.82959106358,123646.62544079217,124019.3538829602,123969.53118886462
results/GeneratedSparse/10000_cells_10_features/0.99/sparse_raft_euclidean.csv,euclidean,raft,0.99,10000,10,10000_10,100000,4.0,1.0,4.0,5.102427509297301,5.943491813850744,5.095729394820505,5.111831077902177,124660.65223310098,129369.25521508067,877994.5373535156,126598.19372187454,1382.8185450026706,euclidean_raft,1627571.3443756104,128417.7303314209,125773.19145202637,125252.48527526855,125549.5548248291,128945.51584013236,126304.97350091556,125690.91257651172,126142.89244874772,126326.3431414724,128346.97061579704,125444.4093317494,129369.25521508067,127401.97661531687,124660.65223310098,124948.3718140866,126223.60259907828,126632.410219981,129008.18006637444,127580.15322304273,125482.99761024164,125412.61058925658,127902.10191058424,126251.32144501017,125288.03644496386
results/GeneratedSparse/10000_cells_10_features/0.99/sparse_raft_manhattan.csv,manhattan,raft,0.99,10000,10,10000_10,100000,4.0,1.0,4.0,5.091263790640905,5.941140613840345,5.087757891733627,5.098185879206051,122393.36967468262,125367.7637529452,873254.0607452393,123385.404910865,687.6262170087908,manhattan_raft,1623561.3822937012,122946.73919677734,124254.22668457033,123065.23323059082,122393.36967468262,124053.26276807276,122504.10131474432,123304.11637638208,123364.71140029296,123884.69877666792,122870.94764662602,122532.0546322756,123365.75272387458,123751.086508751,122610.12752124984,123010.4656934607,122948.44620194884,123628.66908289968,124177.0242392234,125367.7637529452,123682.1518107468,124272.1629850428,122995.45014447122,123076.56743830338,123190.5880561602
results/GeneratedSparse/10000_cells_10_features/0.99/sparse_raft_pearson.csv,pearson,raft,0.99,10000,10,10000_10,100000,4.0,1.0,4.0,5.082378169841441,5.752858767958297,5.078488933550885,5.087040192237732,119808.85937775351,122191.27381265831,566055.178642273,120886.60190713512,583.0532698756588,pearson_raft,1011214.017868042,120896.3394165039,120686.53106689452,120186.80572509766,121655.94100952148,120763.28833317624,120428.65390278865,120513.37366776008,119885.48046841616,121777.5833604746,121113.46854389369,120757.6163592814,120661.14948097891,121199.64350566996,120542.54492559908,120589.72109472584,121348.93173064668,121956.0047808098,122191.27381265831,119808.85937775351,120957.5212169964,120541.37108013722,121190.52283408237,120763.73004960324,120862.09002777304
results/GeneratedSparse/1000_cells_10000_features/0.5/sparse_CPU_cosine.csv,cosine,CPU,0.5,1000,10000,1000_10000,10000000,3.0,4.0,3.0,5.227292033764865,5.430937302851301,5.192988163915794,5.257611985942014,155951.0,180972.25,269735.0,168768.75,7720.560773431552,cosine_CPU,269735.0,178842.5,163645.5,171058.0,161779.5,176422.0,157694.25,161067.0,159647.0,171338.5,179573.25,174066.75,158602.25,163299.75,172612.5,173610.5,180972.25,165219.5,178085.25,166726.0,179039.5,166981.0,161144.5,173071.75,155951.0
results/GeneratedSparse/1000_cells_10000_features/0.5/sparse_CPU_euclidean.csv,euclidean,CPU,0.5,1000,10000,1000_10000,10000000,3.0,4.0,3.0,5.240853231207383,5.428819321410354,5.206270514325864,5.266636159704341,160794.25,184772.0,268422.75,174121.83333333334,6213.225605540751,euclidean_CPU,268422.75,177500.5,167976.0,184772.0,171325.5,176098.0,170511.75,176750.0,164499.0,172578.25,178177.5,179226.25,180995.25,179274.0,179424.25,173036.25,166238.25,168793.0,175349.0,179003.25,173863.0,160794.25,174718.0,183952.75,164068.0
results/GeneratedSparse/1000_cells_10000_features/0.5/sparse_CPU_kendall.csv,kendall,CPU,0.5,1000,10000,1000_10000,10000000,3.0,4.0,3.0,7.602686692287088,7.602054133741635,7.602031516962557,7.6033322645133925,39997377.5,40117352.5,39999460.5,40057762.958333336,27542.039204174875,kendall_CPU,39999460.5,40043814.75,40079807.0,40087744.0,40055436.75,40036306.75,40040736.75,40047855.75,40050458.5,40103866.25,40058772.75,40117352.5,40077387.0,40022001.5,40015992.25,40058525.75,40060573.75,40066621.25,40047879.75,40099672.5,40027520.0,40062599.0,40067838.25,40060170.75,39997377.5
results/GeneratedSparse/1000_cells_10000_features/0.5/sparse_CPU_manhattan.csv,manhattan,CPU,0.5,1000,10000,1000_10000,10000000,3.0,4.0,3.0,6.037296297990822,6.072200342558246,6.033113003144656,6.041926834864051,1079227.5,1101353.75,1180865.25,1089673.2708333333,6265.749293828124,manhattan_CPU,1180865.25,1084414.5,1093847.75,1096255.25,1098145.5,1087234.25,1079227.5,1087984.25,1081818.5,1086851.75,1090726.75,1082601.5,1085336.5,1094266.25,1085941.0,1087535.25,1096702.5,1086072.0,1080757.75,1094123.25,1099696.25,1082988.5,1095092.25,1093185.75,1101353.75
results/GeneratedSparse/1000_cells_10000_features/0.5/sparse_CPU_pearson.csv,pearson,CPU,0.5,1000,10000,1000_10000,10000000,3.0,4.0,3.0,5.239107007732299,5.436812409339003,5.2372256920153655,5.2421256930380515,172673.5,174632.75,273408.75,173423.125,459.274365394296,pearson_CPU,273408.75,173748.25,173030.0,172673.5,173456.75,173356.5,173828.25,173282.5,173286.0,172900.75,173695.75,172743.75,173605.25,172968.25,172919.5,173113.75,173135.75,174632.75,173853.25,173505.75,173187.5,173844.75,173839.5,173424.25,174122.75
results/GeneratedSparse/1000_cells_10000_features/0.5/sparse_CPU_spearman.csv,spearman,CPU,0.5,1000,10000,1000_10000,10000000,3.0,4.0,3.0,5.990009243585597,6.0283545597041215,5.987310909590758,5.995136895899098,971205.0,988864.75,1067467.25,977258.0208333334,4546.132315586071,spearman_CPU,1067467.25,980467.75,972154.5,975174.25,971706.5,974372.5,977583.25,972192.75,975587.25,973279.75,975003.5,979107.25,972712.25,974058.0,976641.75,978128.5,980295.5,971205.0,984671.0,984434.0,988864.75,982819.25,976307.0,976693.25,980733.0
results/GeneratedSparse/1000_cells_10000_features/0.5/sparse_GPU_cosine.csv,cosine,GPU,0.5,1000,10000,1000_10000,10000000,3.0,4.0,3.0,5.011908129179694,6.1181524995546495,5.000349466416564,5.0210879518665275,100080.5,104975.5,1312660.75,102779.88541666667,1102.140677412897,cosine_GPU,1312660.75,101618.5,103445.5,103195.0,101518.25,104200.75,101443.0,103124.0,102126.0,104250.25,102509.75,103470.75,101994.0,103023.0,103593.5,104975.5,102535.25,101457.5,103833.5,103427.0,102735.75,103748.75,101932.5,100080.5,102478.75
results/GeneratedSparse/1000_cells_10000_features/0.5/sparse_GPU_euclidean.csv,euclidean,GPU,0.5,1000,10000,1000_10000,10000000,3.0,4.0,3.0,5.018984622810487,6.130712645754037,5.013257612191837,5.025483029466911,103099.75,106043.25,1351178.25,104468.32291666667,862.735398067677,euclidean_GPU,1351178.25,104081.5,105208.0,103801.5,103349.5,105391.5,105641.0,106043.25,104675.75,105705.75,104321.5,103099.75,105866.25,103590.75,104889.75,104004.75,104121.25,103280.0,104546.0,103880.5,104824.0,103287.0,104387.0,104023.0,105220.5
results/GeneratedSparse/1000_cells_10000_features/0.5/sparse_GPU_kendall.csv,kendall,GPU,0.5,1000,10000,1000_10000,10000000,3.0,4.0,3.0,7.0715976522416755,7.077075139391514,7.061366422197383,7.079850755630977,11517717.5,12018513.5,11941947.0,11792276.458333334,134270.37036047023,kendall_GPU,11941947.0,11733633.75,11936675.25,11609306.0,11830317.0,11820138.0,11895959.25,11824560.25,11828468.75,11661660.5,11554179.75,11867883.5,11667993.0,11842165.0,11928972.0,11517717.5,11638287.0,11735975.0,11769771.0,11683125.5,11803392.0,11936382.25,11999106.0,11910453.25,12018513.5
results/GeneratedSparse/1000_cells_10000_features/0.5/sparse_GPU_manhattan.csv,manhattan,GPU,0.5,1000,10000,1000_10000,10000000,3.0,4.0,3.0,5.681143915479565,5.9855785852447605,5.674896947897567,5.688132496354507,473039.0,487677.25,967338.75,479892.4479166667,4425.250686742673,manhattan_GPU,967338.75,477259.25,483192.0,474115.0,483588.5,473304.0,477839.75,483272.0,485982.5,473039.0,478603.5,487677.25,479708.25,487582.75,483733.25,483196.5,479937.5,477136.25,480160.25,480060.0,475471.0,476053.75,475185.75,475680.25,485640.5
results/GeneratedSparse/1000_cells_10000_features/0.5/sparse_GPU_pearson.csv,pearson,GPU,0.5,1000,10000,1000_10000,10000000,3.0,4.0,3.0,5.009452179486862,6.12694741912818,5.004867123795851,5.0137838397303005,101127.0,103224.75,1339514.5,102200.30208333333,514.5837465205831,pearson_GPU,1339514.5,101839.25,102495.5,103087.5,103224.75,101620.5,102524.5,102092.25,102194.25,102842.75,101848.75,102498.75,102343.0,102809.25,101526.75,103014.0,101815.25,102063.0,102147.25,101739.75,102000.5,102000.5,101127.0,102001.5,101950.75
results/GeneratedSparse/1000_cells_10000_features/0.5/sparse_GPU_spearman.csv,spearman,GPU,0.5,1000,10000,1000_10000,10000000,3.0,4.0,3.0,5.730125426765358,6.013922867776491,5.726701541708666,5.733602270545349,532968.5,541504.75,1032578.0,537186.9166666666,2201.223237896501,spearman_GPU,1032578.0,538837.0,535838.5,538722.25,538841.5,537501.25,540567.5,535800.25,534728.75,536318.0,536146.5,538430.5,535923.25,534761.75,534777.25,539877.5,535455.0,532968.5,536414.75,541504.75,540527.0,538713.0,534282.25,537224.25,538324.75
results/GeneratedSparse/1000_cells_10000_features/0.5/sparse_armadillo_cosine.csv,cosine,armadillo,0.5,1000,10000,1000_10000,10000000,3.0,4.0,3.0,6.853519975891337,6.852585504618652,6.851819232507574,6.8554880570447585,7109175.450509368,7169486.594572803,7121730.0,7137070.321714878,16831.982392962593,cosine_armadillo,7121730.0,7144900.0,7110590.0,7149490.0,7120330.0,7134992.417934029,7144397.991630782,7120897.179444318,7145192.489755136,7148784.841666281,7129864.017445378,7115744.629360311,7129311.145421596,7146359.779192691,7132816.74554855,7169486.594572803,7163879.328218857,7137325.583901503,7120372.024300769,7140305.140104265,7127005.349637291,7109175.450509368,7158823.674265607,7165759.484804956,7123883.853442576
results/GeneratedSparse/1000_cells_10000_features/0.5/sparse_armadillo_euclidean.csv,euclidean,armadillo,0.5,1000,10000,1000_10000,10000000,3.0,4.0,3.0,6.8475353049771455,6.846129813872458,6.846010959503114,6.849531456310361,7014730.0,7071824.206369467,7016650.0,7039394.507590286,15161.157795533863,euclidean_armadillo,7016650.0,7042860.0,7014730.0,7047290.0,7030120.0,7027422.089517287,7029338.853344832,7061339.806490684,7038304.304093795,7041091.05567468,7051583.696073621,7020029.285903516,7017299.5162706245,7041742.157414337,7052486.29911139,7056145.714490291,7061227.279124688,7044768.820428181,7020349.992476888,7031417.326178954,7071824.206369467,7021729.202589584,7035518.5441108,7033290.758007444,7053559.274495789
results/GeneratedSparse/1000_cells_10000_features/0.5/sparse_armadillo_manhattan.csv,manhattan,armadillo,0.5,1000,10000,1000_10000,10000000,3.0,4.0,3.0,6.947925008525116,6.958171933608464,6.942962373266987,6.953253656091498,8769248.421761751,8979531.04112289,9081800.0,8870028.362621622,56990.97392750134,manhattan_armadillo,9081800.0,8940240.0,8853160.0,8838720.0,8826850.0,8769248.421761751,8881939.043426339,8860421.15869084,8788026.480609396,8979531.04112289,8831603.776481561,8920091.61578707,8827023.153652996,8855709.65954865,8966331.364256086,8920275.321963571,8789448.357600931,8837929.261828901,8868537.996461214,8899904.050174288,8814894.087713288,8893692.581673361,8973640.484800765,8861958.963615812,8881503.881749263
results/GeneratedSparse/1000_cells_10000_features/0.5/sparse_armadillo_pearson.csv,pearson,armadillo,0.5,1000,10000,1000_10000,10000000,3.0,4.0,3.0,6.8503163141792305,6.8476707344630325,6.840743831159482,6.857005446082713,6930169.090270161,7194580.0,7041590.0,7084615.9765988765,71785.20117635037,pearson_armadillo,7041590.0,7070970.0,7028310.0,7047620.0,7194580.0,7156521.70142961,7092887.421094236,6930169.090270161,7090051.331889809,6976347.218526,7058777.219964607,7047711.9388927175,7154116.016524754,7159944.428900862,6977475.370743223,7011987.917624352,7186415.40966602,7111814.346751696,7004099.025916101,7094068.166427908,7173485.624386252,7117037.467233742,7176928.1544120805,7112832.468295422,7056633.119423487
results/GeneratedSparse/1000_cells_10000_features/0.5/sparse_armadillo_spearman.csv,spearman,armadillo,0.5,1000,10000,1000_10000,10000000,3.0,4.0,3.0,5.674927205706504,5.676383549854867,5.670179961519798,5.679099780418818,467929.0,477639.0,474661.0,473071.9583333333,2632.6044689490586,spearman_armadillo,474661.0,474712.0,473972.0,469736.0,472599.0,468792.0,477639.0,470108.0,472445.0,472731.0,476708.0,474686.0,467929.0,475021.0,473910.0,473685.0,475643.0,476706.0,468050.0,473098.0,474455.0,474957.0,470885.0,472328.0,472932.0
results/GeneratedSparse/1000_cells_10000_features/0.5/sparse_arrayfirecuda_cosine.csv,cosine,arrayfirecuda,0.5,1000,10000,1000_10000,10000000,3.0,4.0,3.0,4.727841865298483,4.725825091314022,4.726116486069165,4.729899875056497,53225.1,53690.8,53189.4,53436.975,113.9408956798802,cosine_arrayfirecuda,53189.4,53491.2,53339.8,53302.8,53587.2,53446.1,53225.1,53433.7,53530.4,53369.9,53430.1,53482.4,53413.1,53383.4,53415.1,53315.1,53429.3,53493.9,53493.4,53267.6,53593.1,53280.6,53461.7,53690.8,53611.6
results/GeneratedSparse/1000_cells_10000_features/0.5/sparse_arrayfirecuda_euclidean.csv,euclidean,arrayfirecuda,0.5,1000,10000,1000_10000,10000000,3.0,4.0,3.0,4.725813353885999,4.727986708981951,4.72340805301642,4.729099964783044,52894.2,53592.0,53454.8,53187.9625,158.84293293612447,euclidean_arrayfirecuda,53454.8,53082.0,53348.3,52894.2,52999.2,53193.2,53280.6,53335.1,53239.9,53174.8,53239.2,53182.6,53177.2,53065.5,53131.9,53184.6,53085.3,53407.4,53143.9,52906.6,53323.4,53229.1,53329.6,52965.5,53592.0
results/GeneratedSparse/1000_cells_10000_features/0.5/sparse_arrayfirecuda_manhattan.csv,manhattan,arrayfirecuda,0.5,1000,10000,1000_10000,10000000,3.0,4.0,3.0,5.127215923561493,5.13114048481651,5.126589172820293,5.127762224244919,133841.0,134203.0,135251.0,134034.29166666666,92.66628259812495,manhattan_arrayfirecuda,135251.0,134094.0,133908.0,134079.0,134022.0,134167.0,134114.0,133951.0,133841.0,133984.0,134117.0,134056.0,134203.0,133934.0,134065.0,134126.0,134019.0,133871.0,133957.0,134056.0,134110.0,134150.0,133960.0,134016.0,134023.0
results/GeneratedSparse/1000_cells_10000_features/0.5/sparse_arrayfirecuda_pearson.csv,pearson,arrayfirecuda,0.5,1000,10000,1000_10000,10000000,3.0,4.0,3.0,4.727233760144815,4.726438669957784,4.7246190724241774,4.731314726753937,53041.9,53866.0,53264.6,53362.20416666666,202.36045702155397,pearson_arrayfirecuda,53264.6,53254.0,53493.8,53507.0,53467.8,53372.7,53534.8,53222.0,53156.1,53466.4,53069.9,53256.4,53364.3,53377.3,53866.0,53410.0,53378.3,53533.1,53505.1,53228.1,53041.9,53257.8,53737.4,53062.4,53130.3
results/GeneratedSparse/1000_cells_10000_features/0.5/sparse_raft_cosine.csv,cosine,raft,0.5,1000,10000,1000_10000,10000000,3.0,4.0,3.0,5.099621849194629,5.96996552149862,5.070820232865134,5.12052440930953,117711.86289806566,131984.94911193848,933180.2129745483,125782.97118066729,3589.98145352164,cosine_raft,1734375.4768371582,131984.94911193848,126509.9048614502,123317.00325012208,122458.93478393556,117711.86289806566,123560.28726998626,121556.02534435668,127843.43620743245,128393.77048249928,126026.00262116564,122586.12457342226,129677.57434241136,125380.03141255245,119981.39966135671,126403.22493438717,130825.81375767729,128945.23835228603,126057.34762359044,128662.52575386956,123693.56934097515,127414.29500078176,123570.56432195392,131852.1328574926,124379.28957230544
results/GeneratedSparse/1000_cells_10000_features/0.5/sparse_raft_euclidean.csv,euclidean,raft,0.5,1000,10000,1000_10000,10000000,3.0,4.0,3.0,5.093973837640065,5.900481834908824,5.06873340048356,5.112206808158387,117147.60130550127,129481.22757047963,795210.0038528442,124157.75113941933,3291.836113874274,euclidean_raft,1461205.4824829102,129214.52522277832,124061.58447265624,121199.13101196288,121840.4769897461,125641.67209226114,122359.44766670352,117852.70394900446,127359.48839576164,127133.1500886676,124902.93791448174,123135.45741707672,126339.10892150682,122663.24543580636,128094.99812199484,122858.11791718242,117147.60130550127,122990.24871872664,124576.14273841202,129481.22757047963,119456.1233770314,121870.96855585574,124455.8947791153,128064.54236639736,127087.23231695378
results/GeneratedSparse/1000_cells_10000_features/0.5/sparse_raft_manhattan.csv,manhattan,raft,0.5,1000,10000,1000_10000,10000000,3.0,4.0,3.0,5.247120309869809,5.9695294593632875,5.240100093346976,5.252797337507065,173820.1391857263,178977.0466978895,932243.7047958374,176652.71228111433,1144.2681697697221,manhattan_raft,1687296.6289520264,177190.78063964844,178147.3159790039,175777.91213989258,175794.8398590088,175789.82836875704,177957.1764739073,175914.81639221022,176610.66031838488,175836.9672253948,177614.5903939656,175785.6293458004,173820.1391857263,177706.52693905032,176271.8432425994,176142.48532298437,176183.1759736436,178977.0466978895,175456.60850488488,178740.6926237552,177210.81430739074,177451.2406128716,176340.34846972863,176475.86016638327,176467.79556386208
results/GeneratedSparse/1000_cells_10000_features/0.5/sparse_raft_pearson.csv,pearson,raft,0.5,1000,10000,1000_10000,10000000,3.0,4.0,3.0,4.734032669126903,5.680507523004147,4.731633407229292,4.73681377443875,53905.54077905104,54552.38901775632,479189.7535324096,54204.16631090937,197.49411435382052,pearson_raft,904432.2967529296,53947.21031188965,54204.22554016113,54033.04100036621,54448.12774658203,54091.84456627998,54268.88665003044,54220.73808956184,53947.74568842309,54089.77554396861,54072.40500734645,54217.91118104206,54396.86229859205,53905.54077905104,54552.38901775632,54024.9617438038,54431.88459969478,54386.43747827248,54522.20302392903,53908.29799943209,54327.35662978826,54039.14945813708,54351.2170843066,54105.93438740745,54405.84563600239
results/GeneratedSparse/1000_cells_10000_features/0.75/sparse_CPU_cosine.csv,cosine,CPU,0.75,1000,10000,1000_10000,10000000,3.0,4.0,3.0,5.101278253666272,5.115609679691737,5.040321421335322,5.172904176876841,109729.0,148903.25,130499.75,126263.625,8571.731875400093,cosine_CPU,130499.75,128420.0,115786.25,134094.0,129989.5,123609.0,121224.0,120403.5,130241.0,120249.25,114103.75,130752.25,125962.5,132751.75,113142.5,123047.5,131038.0,148903.25,127822.5,128502.5,139080.0,124093.5,122974.5,109729.0,134407.0
results/GeneratedSparse/1000_cells_10000_features/0.75/sparse_CPU_euclidean.csv,euclidean,CPU,0.75,1000,10000,1000_10000,10000000,3.0,4.0,3.0,5.084074337645685,5.1229322826707735,5.077956257253354,5.092594337131638,119662.0,123764.0,132718.75,121359.65625,1081.0995627824652,euclidean_CPU,132718.75,120547.5,122218.25,120746.75,119785.75,123061.0,121984.25,120795.0,123764.0,119662.0,121796.0,121278.5,120229.75,123100.75,122236.0,120262.75,121010.0,121812.75,120350.25,122523.5,120445.25,121505.25,120242.5,121415.5,121858.5
results/GeneratedSparse/1000_cells_10000_features/0.75/sparse_CPU_kendall.csv,kendall,CPU,0.75,1000,10000,1000_10000,10000000,3.0,4.0,3.0,7.3053228041045255,7.303440597904972,7.30294521774289,7.306832183411862,20088394.0,20268993.5,20111321.0,20198671.40625,41722.2583511595,kendall_CPU,20111321.0,20152869.5,20214009.0,20211959.5,20198358.5,20224151.0,20088394.0,20152348.5,20265567.25,20179843.75,20204629.25,20189824.0,20124776.75,20233253.0,20245540.25,20218019.5,20180628.5,20216310.0,20166516.5,20174817.0,20200800.75,20268993.5,20220489.75,20247403.25,20188610.75
results/GeneratedSparse/1000_cells_10000_features/0.75/sparse_CPU_manhattan.csv,manhattan,CPU,0.75,1000,10000,1000_10000,10000000,3.0,4.0,3.0,5.758135625905437,5.76145872744184,5.753111743086566,5.7615249148175485,566385.0,577464.0,577376.0,572974.9375,2767.2692779182903,manhattan_CPU,577376.0,574476.0,571300.5,573287.75,572288.5,570746.75,572611.75,574780.0,573331.5,569872.25,575357.25,576770.0,575429.75,576410.75,577464.0,573213.25,566385.0,573865.75,568715.25,571774.0,571983.5,569057.5,576738.5,570826.75,574712.25
results/GeneratedSparse/1000_cells_10000_features/0.75/sparse_CPU_pearson.csv,pearson,CPU,0.75,1000,10000,1000_10000,10000000,3.0,4.0,3.0,5.0586031480865365,5.196198300045676,5.039809563511997,5.091989481682757,109599.75,123591.75,157108.0,114446.66666666667,3623.401719973312,pearson_CPU,157108.0,111848.75,116976.75,114538.75,111046.0,115943.0,111109.25,111758.25,118359.25,110393.75,109599.75,118343.5,110612.0,111903.75,115151.0,110454.5,116605.5,119756.0,112050.25,113373.5,123591.75,113566.75,118309.5,118834.0,112594.5
results/GeneratedSparse/1000_cells_10000_features/0.75/sparse_CPU_spearman.csv,spearman,CPU,0.75,1000,10000,1000_10000,10000000,3.0,4.0,3.0,5.70690060187953,5.711588129138925,5.690109655691143,5.716685777011157,489902.5,520817.75,514740.25,509214.3125,6244.116372821998,spearman_CPU,514740.25,515699.0,505858.0,506769.5,511646.0,507503.5,508573.75,507072.25,518346.75,506920.5,509478.5,510552.25,502059.5,506287.25,504459.75,511657.0,520817.75,489902.5,504795.25,506681.25,518415.75,517075.25,509425.0,510669.5,510477.75
results/GeneratedSparse/1000_cells_10000_features/0.75/sparse_GPU_cosine.csv,cosine,GPU,0.75,1000,10000,1000_10000,10000000,3.0,4.0,3.0,4.716375970561067,6.096911576465377,4.646136499000131,4.769309000566421,44272.75,58790.75,1250004.5,52044.635416666664,3259.1608382654513,cosine_GPU,1250004.5,54440.5,48800.25,54083.75,54860.25,47811.5,51895.25,49468.75,52742.75,57034.0,50121.75,54732.25,51215.5,47939.25,50736.75,50553.75,52268.75,55712.5,55644.0,53553.25,49049.0,44272.75,58790.75,51267.75,52076.25
results/GeneratedSparse/1000_cells_10000_features/0.75/sparse_GPU_euclidean.csv,euclidean,GPU,0.75,1000,10000,1000_10000,10000000,3.0,4.0,3.0,4.694018523578712,6.145664333961963,4.682172162503082,4.714138980406678,48103.0,51777.25,1398506.0,49433.177083333336,742.6911071371865,euclidean_GPU,1398506.0,49969.0,48853.75,50161.75,51777.25,49270.25,49830.75,49573.5,48103.0,49155.25,49133.5,49970.5,48852.0,49778.25,49771.0,49890.75,48726.25,50055.25,49454.75,49175.0,48774.25,49278.75,48389.75,49855.75,48596.0
results/GeneratedSparse/1000_cells_10000_features/0.75/sparse_GPU_kendall.csv,kendall,GPU,0.75,1000,10000,1000_10000,10000000,3.0,4.0,3.0,6.751345908999886,6.7762840828429995,6.750645160648224,6.752127536019834,5631773.25,5651029.0,5974259.5,5640867.635416667,4028.8620188035925,kendall_GPU,5974259.5,5638611.5,5644478.0,5638306.25,5645871.25,5639696.5,5643520.75,5640724.5,5643214.5,5638734.25,5638126.75,5637919.25,5647758.75,5635923.25,5642327.75,5641663.75,5640916.75,5640644.25,5651029.0,5631773.25,5639676.5,5641172.25,5644541.5,5636397.5,5637795.25
results/GeneratedSparse/1000_cells_10000_features/0.75/sparse_GPU_manhattan.csv,manhattan,GPU,0.75,1000,10000,1000_10000,10000000,3.0,4.0,3.0,5.094089941950787,5.752164884623535,5.089670246455568,5.098580566847859,122933.5,125481.75,565151.5,124190.94791666667,743.7335501653082,manhattan_GPU,565151.5,124795.25,123717.25,125256.0,124440.0,124423.5,124094.25,124040.0,123225.0,123436.25,124355.0,123242.75,123471.25,122933.5,124595.0,125481.75,125117.5,123486.0,124871.75,123107.5,123617.5,124862.75,124142.5,124650.0,125220.5
results/GeneratedSparse/1000_cells_10000_features/0.75/sparse_GPU_pearson.csv,pearson,GPU,0.75,1000,10000,1000_10000,10000000,3.0,4.0,3.0,4.698733158794415,6.115543531977374,4.695400676518542,4.702393912846828,49590.75,50395.75,1304798.75,49972.739583333336,178.34149824328526,pearson_GPU,1304798.75,50111.0,49859.5,50098.0,50005.25,49901.5,50022.25,50144.0,49864.25,49590.75,49903.25,50057.75,49959.0,49956.75,50086.25,50001.0,49938.0,50395.75,49982.5,49718.5,49812.0,49692.25,49820.25,50267.0,50159.0
results/GeneratedSparse/1000_cells_10000_features/0.75/sparse_GPU_spearman.csv,spearman,GPU,0.75,1000,10000,1000_10000,10000000,3.0,4.0,3.0,5.259579620152492,5.768396471608709,5.2554998470053444,5.265969299805649,180094.25,184488.5,586673.5,181794.03125,1086.4072702425815,spearman_GPU,586673.5,182467.75,180975.75,182898.25,182313.5,183417.25,181781.25,180888.75,184488.5,182020.5,181114.5,181611.25,181094.75,182293.25,181547.5,180094.25,182199.0,180690.0,180521.0,180182.25,183020.5,182307.0,180257.0,182759.0,182114.0
results/GeneratedSparse/1000_cells_10000_features/0.75/sparse_armadillo_cosine.csv,cosine,armadillo,0.75,1000,10000,1000_10000,10000000,3.0,4.0,3.0,6.298310840522681,6.3006085255704765,6.296839630316193,6.299531997676598,1980795.4526188576,1993113.348111056,1998060.0,1987516.9473251563,3403.2716320253007,cosine_armadillo,1998060.0,1984260.0,1988560.0,1992560.0,1983410.0,1990943.3671361983,1983152.7537186807,1985000.4985442108,1990031.7782459715,1984711.178461883,1990104.398212292,1989936.7695783768,1988853.3049520776,1989250.5424936928,1984545.8381174493,1993113.348111056,1991276.631196358,1982339.697854644,1986966.465494842,1986930.608942968,1984603.633419448,1980795.4526188576,1991343.886104012,1989774.4810628807,1987942.101537848
results/GeneratedSparse/1000_cells_10000_features/0.75/sparse_armadillo_euclidean.csv,euclidean,armadillo,0.75,1000,10000,1000_10000,10000000,3.0,4.0,3.0,6.289463531132295,6.299175949242333,6.280508185689533,6.305286548599469,1907691.6802946192,2019698.5263557849,1991480.0,1947437.511546424,28701.518013414054,euclidean_armadillo,1991480.0,1987460.0,1930310.0,1934770.0,1942600.0,1950902.9854572292,1914614.7571484784,1915046.3390879647,2019698.5263557849,1907691.6802946192,1951708.66690114,1940469.750762954,1967350.597924417,1908073.572704268,1935710.602306704,1940886.4200937056,1923068.4275675227,1946255.290813801,1961764.416089907,1951379.86426802,1969295.4873958812,1932957.4098093635,2009843.0296410013,1972393.294131448,1924249.1583599648
results/GeneratedSparse/1000_cells_10000_features/0.75/sparse_armadillo_manhattan.csv,manhattan,armadillo,0.75,1000,10000,1000_10000,10000000,3.0,4.0,3.0,6.971244520079913,6.967496494295833,6.969156874053453,6.973734786630595,9314442.671483343,9413145.824127568,9278900.0,9359324.822956363,23418.898472181892,manhattan_armadillo,9278900.0,9396970.0,9346440.0,9347980.0,9349070.0,9368652.086572085,9368325.265396629,9362060.660483908,9375452.851976143,9413145.824127568,9355632.7230013,9314442.671483343,9397415.778031783,9354624.971676065,9353918.764814628,9374473.851746032,9331032.30928605,9337907.180747172,9336324.637608988,9345600.42595613,9355677.578914735,9396671.03741509,9336085.035917494,9341821.68283512,9364070.412962426
results/GeneratedSparse/1000_cells_10000_features/0.75/sparse_armadillo_pearson.csv,pearson,armadillo,0.75,1000,10000,1000_10000,10000000,3.0,4.0,3.0,6.2977306621084885,6.2868784330586145,6.279757658025903,6.314295069034221,1904397.742683916,2062030.425374621,1935880.0,1984863.575954066,38886.03853234183,pearson_armadillo,1935880.0,1935920.0,2012380.0,2016930.0,1990320.0,1905466.527156988,1982534.242511395,2018949.8600972255,1956189.516457877,2024325.7818800444,1966150.843970228,1978731.455462895,1904397.742683916,1947416.0504497983,1971832.245501,2062030.425374621,1969243.2843582784,1992025.0438605845,2018354.2575030609,2000324.0676053425,2059257.157608261,1978381.285740894,1963939.025659586,1997859.36741776,1983767.6415978204
results/GeneratedSparse/1000_cells_10000_features/0.75/sparse_armadillo_spearman.csv,spearman,armadillo,0.75,1000,10000,1000_10000,10000000,3.0,4.0,3.0,5.537684012679736,5.524978685530224,5.516575033681399,5.555700102768631,328530.0,359501.0,334949.0,344892.7083333333,7078.131547703618,spearman_armadillo,334949.0,333075.0,352204.0,346339.0,346091.0,344235.0,350920.0,345450.0,359501.0,343993.0,332868.0,346440.0,340915.0,343526.0,355131.0,338971.0,345025.0,338103.0,328530.0,346891.0,350558.0,347777.0,353898.0,345312.0,341672.0
results/GeneratedSparse/1000_cells_10000_features/0.75/sparse_arrayfirecuda_cosine.csv,cosine,arrayfirecuda,0.75,1000,10000,1000_10000,10000000,3.0,4.0,3.0,4.61639524689069,4.613504610849679,4.609121443042154,4.624300663848883,40655.7,42101.8,41068.1,41342.35833333333,295.80770628437415,cosine_arrayfirecuda,41068.1,41489.2,40979.2,41193.2,41577.0,41567.0,41470.7,41507.9,41707.6,41388.3,41027.1,41283.8,41200.4,41484.7,41379.2,40655.7,40981.6,41215.5,41055.8,41687.1,41315.9,41116.0,41551.3,42101.8,41280.6
results/GeneratedSparse/1000_cells_10000_features/0.75/sparse_arrayfirecuda_euclidean.csv,euclidean,arrayfirecuda,0.75,1000,10000,1000_10000,10000000,3.0,4.0,3.0,4.590351472661178,4.613744596657427,4.575061927477235,4.6021587820855725,37589.1,40009.1,41090.8,38936.012500000004,650.2314570677252,euclidean_arrayfirecuda,41090.8,39485.0,38659.1,40009.1,38804.0,39195.5,37634.2,39402.4,38026.4,39306.9,39435.5,39424.7,39340.2,39170.5,38484.0,38214.5,38568.0,37589.1,39766.9,38913.3,39348.0,38556.4,38492.4,39943.4,38694.8
results/GeneratedSparse/1000_cells_10000_features/0.75/sparse_arrayfirecuda_manhattan.csv,manhattan,arrayfirecuda,0.75,1000,10000,1000_10000,10000000,3.0,4.0,3.0,5.112257192140145,5.117383998682605,5.1096426571306806,5.1134620210172335,128719.0,129856.0,131034.0,129496.25,266.7000890513537,manhattan_arrayfirecuda,131034.0,129740.0,129315.0,129560.0,129834.0,129761.0,129618.0,129675.0,129364.0,129662.0,129513.0,129429.0,129404.0,129438.0,129588.0,128865.0,129643.0,128719.0,129611.0,129331.0,129459.0,129352.0,129390.0,129856.0,129783.0
results/GeneratedSparse/1000_cells_10000_features/0.75/sparse_arrayfirecuda_pearson.csv,pearson,arrayfirecuda,0.75,1000,10000,1000_10000,10000000,3.0,4.0,3.0,4.611177087993555,4.613582858678476,4.598754405217557,4.621510705191095,39696.7,41832.2,41075.5,40848.59166666667,529.6495680452834,pearson_arrayfirecuda,41075.5,41121.2,40378.7,40980.9,40485.8,41832.2,40844.3,40306.3,40111.4,40494.5,41431.5,40905.0,41212.0,40462.2,41189.4,41196.5,41146.7,40421.6,41290.8,41737.3,41568.7,39696.7,40558.4,40319.3,40674.8
results/GeneratedSparse/1000_cells_10000_features/0.75/sparse_raft_cosine.csv,cosine,raft,0.75,1000,10000,1000_10000,10000000,3.0,4.0,3.0,4.81818179981936,5.882146777566438,4.781568231250234,4.840678937805653,60473.93534291263,69291.33644654338,762336.6117477417,65793.31968394139,2096.2304318431616,cosine_raft,1456449.7470855713,68223.47640991211,67216.87316894531,63878.05938720703,63239.81285095215,65422.33171877942,64362.83624532534,69291.33644654338,65800.23777730612,67320.87687524068,63475.66027700373,66315.97433508086,66212.18063678763,66772.64326634527,65828.9434080776,65580.11652892407,69069.70232443191,60473.93534291263,63833.52405018881,68544.88242991026,65522.104361013,68232.9883942554,64333.8528745025,63622.72481383222,66464.59849111557
results/GeneratedSparse/1000_cells_10000_features/0.75/sparse_raft_euclidean.csv,euclidean,raft,0.75,1000,10000,1000_10000,10000000,3.0,4.0,3.0,4.825653771812447,5.881635301563748,4.788261563103813,4.846534586822232,61413.17677453352,70231.92735843961,761439.323425293,66935.07769189002,2179.4832692474806,euclidean_raft,1454739.8090362549,68138.83781433105,68346.50039672852,64849.6150970459,64007.04383850098,70231.92735843961,67993.9445430692,67372.75295616405,66235.25778349901,67798.44929155738,61413.17677453352,67044.99083887858,68156.04181032866,69612.60287275098,69083.75416688951,68015.79897002572,64064.67223150957,67757.99775578221,69338.16264137726,64697.69345989934,66630.97065399711,69987.33225272475,65920.8645802099,65430.90767665613,64312.56884046186
results/GeneratedSparse/1000_cells_10000_features/0.75/sparse_raft_manhattan.csv,manhattan,raft,0.75,1000,10000,1000_10000,10000000,3.0,4.0,3.0,4.977457253984354,5.906413781452421,4.9551015481380345,5.010986329498411,90178.1970528256,102561.96418080194,806146.1448669434,94941.75469104247,3414.0051794626784,manhattan_raft,1512999.2961883545,99292.99354553224,93698.50158691406,92847.82409667967,92993.97468566896,94298.74048462111,98436.64180854794,93743.4875005618,91761.49578002268,95963.61904536343,102561.96418080194,93383.91622752152,96952.78324236289,92289.35004751087,90178.1970528256,95445.4550721282,93208.522024032,90464.19489223605,102397.19855523769,98554.69050958668,91225.91093357033,91078.29388219686,95719.25193815678,98031.99838750108,94073.10710543854
results/GeneratedSparse/1000_cells_10000_features/0.75/sparse_raft_pearson.csv,pearson,raft,0.75,1000,10000,1000_10000,10000000,3.0,4.0,3.0,4.631191937652844,5.627703123311741,4.601625815206265,4.657347852750877,39960.030883818334,45430.535163034525,424329.40006256104,42775.189051941146,1139.0385310010568,pearson_raft,804303.6460876465,44355.15403747559,41891.33644104004,41818.85719299317,41891.09802246094,45430.535163034525,40599.03831700968,44033.113211711054,42977.932649835646,42814.64091282873,42474.12403311242,42336.26443135034,42405.10429749903,43867.36736532376,42933.432060550935,42699.202918013085,42212.98387228671,43321.59111757,43224.27978538352,42525.256688496185,43676.02861530748,43924.26294609449,42368.95317572246,39960.030883818334,42863.94910766938
results/GeneratedSparse/1000_cells_10000_features/0.9/sparse_CPU_cosine.csv,cosine,CPU,0.9,1000,10000,1000_10000,10000000,3.0,4.0,3.0,5.014690217516062,5.308285287009092,5.002427424052415,5.029807718115819,100560.5,107104.5,203369.25,103440.40625,1435.1784619946877,cosine_CPU,203369.25,102182.25,104360.0,103828.5,101433.5,105582.5,104685.25,100560.5,104982.25,103701.5,101868.5,103433.75,103661.25,104194.5,103353.75,103614.25,101937.75,104054.25,103511.0,107104.5,104841.5,102039.0,102039.75,102955.5,102644.25
results/GeneratedSparse/1000_cells_10000_features/0.9/sparse_CPU_euclidean.csv,euclidean,CPU,0.9,1000,10000,1000_10000,10000000,3.0,4.0,3.0,5.003507070143588,5.313790263315283,4.991381153173844,5.015915891382435,98035.0,103732.75,205963.5,100810.80208333333,1312.4877280758958,euclidean_CPU,205963.5,100101.0,101872.75,100136.75,103732.75,99322.25,101103.25,99679.75,101666.0,103368.0,100344.25,99744.0,100829.5,101475.5,99916.25,98035.0,100371.75,102912.0,99871.5,102193.5,100854.25,99842.75,101298.75,100958.75,99829.0
results/GeneratedSparse/1000_cells_10000_features/0.9/sparse_CPU_kendall.csv,kendall,CPU,0.9,1000,10000,1000_10000,10000000,3.0,4.0,3.0,6.884307725785966,6.889379644366618,6.88316888457264,6.885635578625128,7641328.75,7684853.25,7751391.0,7661392.739583333,12506.023111901413,kendall_CPU,7751391.0,7655206.25,7674568.0,7658868.0,7661595.25,7665751.0,7662244.5,7644082.75,7641328.75,7680591.25,7653102.75,7681077.75,7660015.75,7674452.5,7648975.5,7667255.25,7653901.0,7684853.25,7648705.75,7653794.75,7660529.0,7643167.25,7659230.75,7682602.5,7657526.25
results/GeneratedSparse/1000_cells_10000_features/0.9/sparse_CPU_manhattan.csv,manhattan,CPU,0.9,1000,10000,1000_10000,10000000,3.0,4.0,3.0,5.367760379059665,5.52458758493414,5.366643317435486,5.368975444146889,232618.0,233870.5,334647.5,233217.09375,383.2084453206951,manhattan_CPU,334647.5,232931.75,233543.0,232692.5,233076.5,233834.25,233523.5,233785.75,232618.0,232654.5,233037.0,233471.25,232896.25,233638.5,233870.5,232792.75,233746.5,233098.75,233030.5,233415.75,233037.5,232842.0,233079.25,233369.0,233225.0
results/GeneratedSparse/1000_cells_10000_features/0.9/sparse_CPU_pearson.csv,pearson,CPU,0.9,1000,10000,1000_10000,10000000,3.0,4.0,3.0,4.97606689216049,5.309278225042068,4.92621249903871,5.015177363736827,84374.75,103556.5,203834.75,94638.29166666667,5089.523769606434,pearson_CPU,203834.75,90404.5,97592.5,97060.25,103556.5,93957.25,93248.75,84374.75,93631.5,98620.5,102935.0,88526.5,87062.25,95644.5,101188.25,96962.0,99297.25,92322.0,98104.5,89479.25,84973.0,94333.5,98117.75,95506.0,94420.75
results/GeneratedSparse/1000_cells_10000_features/0.9/sparse_CPU_spearman.csv,spearman,CPU,0.9,1000,10000,1000_10000,10000000,3.0,4.0,3.0,5.315628798729489,5.490275300423038,5.312419621789565,5.319641567175128,205314.5,208757.25,309225.5,206837.27083333334,931.0000641018447,spearman_CPU,309225.5,206088.25,207367.0,206735.25,205627.75,206267.0,206516.5,207490.75,208140.5,206921.0,207394.5,207374.25,206174.5,208456.5,206712.75,207036.5,206029.0,205314.5,208757.25,206049.5,206179.25,207927.75,207919.0,205708.0,205907.25
results/GeneratedSparse/1000_cells_10000_features/0.9/sparse_GPU_cosine.csv,cosine,GPU,0.9,1000,10000,1000_10000,10000000,3.0,4.0,3.0,4.317314070408581,6.0855300521864475,4.294774752218443,4.331341238971726,19714.0,21445.75,1217671.25,20764.145833333332,428.1547733970029,cosine_GPU,1217671.25,21135.0,20450.25,20989.5,21276.25,21445.75,20733.5,20802.25,20861.75,21046.75,20785.0,20185.5,20986.75,20749.25,19714.0,20841.0,20524.0,21109.25,20616.75,20587.25,20616.0,19783.25,21100.5,21425.5,20574.5
results/GeneratedSparse/1000_cells_10000_features/0.9/sparse_GPU_euclidean.csv,euclidean,GPU,0.9,1000,10000,1000_10000,10000000,3.0,4.0,3.0,4.327076125132559,6.079745100770657,4.288590131430993,4.3527129983617545,19435.25,22527.5,1201559.0,21236.166666666668,675.423631210237,euclidean_GPU,1201559.0,21670.0,20616.25,21591.0,20276.5,21097.0,21212.0,21609.75,22015.75,19435.25,20839.0,21012.75,21612.5,21985.0,21050.75,20706.0,21424.75,21540.75,22527.5,21488.75,20867.75,21561.25,22225.25,21057.25,20245.25
results/GeneratedSparse/1000_cells_10000_features/0.9/sparse_GPU_kendall.csv,kendall,GPU,0.9,1000,10000,1000_10000,10000000,3.0,4.0,3.0,6.30148992775509,6.394491518512977,6.296279912073299,6.308629179432138,1978244.25,2035303.5,2480227.5,2002119.1875,15044.439352238325,kendall_GPU,2480227.5,1996233.75,2028035.25,2016647.0,1991578.5,1997538.25,2026024.0,2006888.5,1999483.0,1997092.25,2010759.25,1994467.0,1985479.25,1982592.0,1990894.25,1996083.5,1986322.5,1978244.25,2025422.25,2035303.5,2006339.5,2009292.5,2007355.25,1993820.25,1988964.75
results/GeneratedSparse/1000_cells_10000_features/0.9/sparse_GPU_manhattan.csv,manhattan,GPU,0.9,1000,10000,1000_10000,10000000,3.0,4.0,3.0,4.458658304443423,5.721346405551047,4.456897187449348,4.460506952138215,28635.0,28874.0,526437.0,28751.354166666668,56.55633790866315,manhattan_GPU,526437.0,28706.75,28777.25,28739.75,28874.0,28673.25,28688.75,28740.25,28635.0,28693.0,28740.0,28774.0,28685.75,28734.75,28790.25,28801.0,28783.5,28813.75,28778.25,28761.5,28823.5,28679.25,28785.75,28821.5,28731.75
results/GeneratedSparse/1000_cells_10000_features/0.9/sparse_GPU_pearson.csv,pearson,GPU,0.9,1000,10000,1000_10000,10000000,3.0,4.0,3.0,4.334608080899204,6.106785561814151,4.318783082434451,4.34977274878414,20834.5,22375.5,1278749.75,21607.677083333332,411.840643984207,pearson_GPU,1278749.75,21899.75,21223.75,21245.75,21488.75,21928.75,22375.5,21951.25,21181.0,22216.5,21275.0,21544.0,22018.75,21414.0,21848.75,21566.25,21109.5,22231.75,21110.75,21625.5,21481.5,21795.5,20834.5,21153.5,22064.0
results/GeneratedSparse/1000_cells_10000_features/0.9/sparse_GPU_spearman.csv,spearman,GPU,0.9,1000,10000,1000_10000,10000000,3.0,4.0,3.0,4.795711333565382,5.752475422212799,4.78483474199038,4.809971930370256,60930.5,64561.25,565555.75,62475.729166666664,907.5736595354886,spearman_GPU,565555.75,63164.0,61874.5,62548.5,61074.75,62452.25,62023.0,60930.5,62551.75,60995.25,63887.5,64561.25,62430.5,62992.75,62045.0,63129.5,62542.0,62197.5,62259.0,61036.25,63868.75,63350.25,62637.75,62350.25,62514.75
results/GeneratedSparse/1000_cells_10000_features/0.9/sparse_armadillo_cosine.csv,cosine,armadillo,0.9,1000,10000,1000_10000,10000000,3.0,4.0,3.0,5.51496977828846,5.518113678145684,5.507947576375707,5.520914338257398,322068.0,331829.0,329696.0,327317.9166666667,2293.1485799490233,cosine_armadillo,329696.0,324368.0,326891.0,329804.0,328581.0,329164.0,325118.0,326620.0,331829.0,326733.0,325521.0,324802.0,326105.0,328057.0,324217.0,329829.0,328224.0,328906.0,327646.0,328320.0,322068.0,330602.0,324986.0,329324.0,327915.0
results/GeneratedSparse/1000_cells_10000_features/0.9/sparse_armadillo_euclidean.csv,euclidean,armadillo,0.9,1000,10000,1000_10000,10000000,3.0,4.0,3.0,5.4964562535225125,5.505830743952352,5.491538177663278,5.501505657331827,310126.0,317326.0,320502.0,313657.9166666667,1988.4011566387258,euclidean_armadillo,320502.0,315992.0,311285.0,312825.0,313063.0,317214.0,317326.0,311478.0,313954.0,313071.0,315318.0,311436.0,314594.0,313178.0,311304.0,310992.0,314125.0,314038.0,314712.0,314505.0,311675.0,315467.0,316514.0,313598.0,310126.0
results/GeneratedSparse/1000_cells_10000_features/0.9/sparse_armadillo_manhattan.csv,manhattan,armadillo,0.9,1000,10000,1000_10000,10000000,3.0,4.0,3.0,6.969809114124871,6.967482452712152,6.963626024190832,6.975123786813664,9196573.035529066,9443300.0,9278600.0,9328441.967617206,63681.46538049208,manhattan_armadillo,9278600.0,9304440.0,9335080.0,9275010.0,9443300.0,9355110.612899477,9410262.42811947,9294650.139679356,9300126.134865856,9237217.872680146,9433704.283881197,9345677.50041521,9392247.62160406,9363012.24840855,9196573.035529066,9391897.427114343,9357982.25087961,9313858.762360737,9322076.993971528,9371351.230195634,9382734.92126318,9299622.51366472,9232730.892872984,9271631.371617842,9252308.980790006
results/GeneratedSparse/1000_cells_10000_features/0.9/sparse_armadillo_pearson.csv,pearson,armadillo,0.9,1000,10000,1000_10000,10000000,3.0,4.0,3.0,5.496842503813674,5.499545501531511,5.494041829851198,5.499704948796047,311919.0,316013.0,315897.0,313937.0,1198.7860873956342,pearson_armadillo,315897.0,315370.0,312179.0,314296.0,313816.0,313234.0,316013.0,315112.0,314449.0,314442.0,313134.0,312031.0,311924.0,314762.0,314304.0,313374.0,314256.0,315760.0,311919.0,312860.0,313553.0,315097.0,313407.0,313667.0,315529.0
results/GeneratedSparse/1000_cells_10000_features/0.9/sparse_armadillo_spearman.csv,spearman,armadillo,0.9,1000,10000,1000_10000,10000000,3.0,4.0,3.0,5.429378232859186,5.422084017431982,5.425053034837029,5.433517021761922,266105.0,271342.0,264292.0,268768.4166666667,1240.732207094755,spearman_armadillo,264292.0,266996.0,270221.0,268432.0,268740.0,269035.0,269398.0,268737.0,269058.0,269398.0,268008.0,268123.0,268117.0,266105.0,269666.0,271342.0,268347.0,270305.0,269858.0,269545.0,269665.0,269421.0,268591.0,266301.0,267033.0
results/GeneratedSparse/1000_cells_10000_features/0.9/sparse_arrayfirecuda_cosine.csv,cosine,arrayfirecuda,0.9,1000,10000,1000_10000,10000000,3.0,4.0,3.0,4.431455907919176,4.4302750559853745,4.4300492423341895,4.433441789734985,26918.4,27129.5,26932.4,27005.729166666668,60.057406420625746,cosine_arrayfirecuda,26932.4,27061.5,26967.7,27063.1,26947.8,26958.9,27063.1,27001.6,26920.1,27025.8,26966.9,26951.8,27021.1,27117.0,27005.2,26959.6,27080.2,27065.1,27030.4,27032.5,26964.1,27129.5,26939.1,26918.4,26947.0
results/GeneratedSparse/1000_cells_10000_features/0.9/sparse_arrayfirecuda_euclidean.csv,euclidean,arrayfirecuda,0.9,1000,10000,1000_10000,10000000,3.0,4.0,3.0,4.43062745352462,4.431275287752734,4.42996533877892,4.431694988423836,26913.2,27020.6,26994.5,26954.2625,24.04469471109979,euclidean_arrayfirecuda,26994.5,26980.5,26941.6,26948.2,26964.2,26949.2,26919.1,26947.8,26938.4,26927.3,26995.8,26932.8,26913.2,26970.5,27020.6,26943.9,26946.6,26941.5,26980.1,26952.3,26958.7,26931.0,26959.9,26972.0,26967.1
results/GeneratedSparse/1000_cells_10000_features/0.9/sparse_arrayfirecuda_manhattan.csv,manhattan,arrayfirecuda,0.9,1000,10000,1000_10000,10000000,3.0,4.0,3.0,5.1019815090651255,5.094768010499411,5.100918237896916,5.102903422697175,126159.0,126737.0,124385.0,126468.25,133.98763935527785,manhattan_arrayfirecuda,124385.0,126598.0,126362.0,126557.0,126461.0,126737.0,126355.0,126458.0,126297.0,126403.0,126243.0,126418.0,126568.0,126350.0,126645.0,126602.0,126437.0,126159.0,126575.0,126535.0,126441.0,126388.0,126474.0,126559.0,126616.0
results/GeneratedSparse/1000_cells_10000_features/0.9/sparse_arrayfirecuda_pearson.csv,pearson,arrayfirecuda,0.9,1000,10000,1000_10000,10000000,3.0,4.0,3.0,4.432234094274578,4.431940831412212,4.427992166452802,4.435621430374859,26791.2,27266.0,27035.9,27054.162499999995,119.45448858770443,pearson_arrayfirecuda,27035.9,27152.9,26999.2,27000.7,26799.8,27045.2,27201.4,27085.8,27021.0,26965.5,27266.0,27081.9,27194.2,26978.3,26924.5,27230.6,27130.2,27054.1,27071.3,26931.5,26791.2,27137.3,26991.0,27103.5,27142.8
results/GeneratedSparse/1000_cells_10000_features/0.9/sparse_raft_cosine.csv,cosine,raft,0.9,1000,10000,1000_10000,10000000,3.0,4.0,3.0,4.486214405889036,5.8870212207209,4.469683952016358,4.4952643284542235,29490.623321921,31279.82599320152,770941.1382675171,30634.754608979947,480.43420297434574,cosine_raft,1510794.6395874023,31087.63694763184,31102.418899536133,30330.89637756348,30272.24540710449,31277.396391782266,29910.5632051794,31207.912064966906,30758.89455413161,31005.055034956706,31279.82599320152,30177.339540845674,30402.03950513703,31205.518672874736,30089.865864544707,30947.319181538867,30707.883545523742,31021.723557489968,30608.11213651516,30286.859681129725,29490.623321921,30183.14922522272,31031.15539936461,30285.88753557563,30563.78857178086
results/GeneratedSparse/1000_cells_10000_features/0.9/sparse_raft_euclidean.csv,euclidean,raft,0.9,1000,10000,1000_10000,10000000,3.0,4.0,3.0,4.48828314757408,5.882937641335812,4.47676853325453,4.501071699218585,29975.64475602471,31700.90781390983,763726.1152267456,30781.02995751098,374.5911050638826,euclidean_raft,1496498.8231658936,30953.407287597656,31100.749969482426,30291.08047485352,30354.022979736328,30686.831914757942,30474.522508892864,31157.33948889432,30927.192120815776,30877.361341072625,30958.628864235387,30897.746247749317,30730.521430758887,30811.52200439264,31027.96129438605,30606.994995918445,30512.9871615945,31288.72501930445,30591.701869350327,30829.152456571413,31012.715554701987,31700.90781390983,29975.64475602471,30094.20658506367,30882.79484019841
results/GeneratedSparse/1000_cells_10000_features/0.9/sparse_raft_manhattan.csv,manhattan,raft,0.9,1000,10000,1000_10000,10000000,3.0,4.0,3.0,4.656813349160025,5.898575165060945,4.648183649956049,4.671893478565297,44481.93282978706,46977.88696170844,791726.4699935913,45374.65637934811,611.9829991777444,manhattan_raft,1537280.0827026367,46172.8572845459,45040.60745239258,44842.00477600098,45225.38185119629,45379.44977419687,45035.67790089924,45512.22120476399,44481.93282978706,44906.25405579658,46400.43106045583,45244.55753950287,44786.35824006633,44987.59079399566,45488.17786759108,44918.20019579754,44581.25838846929,44978.80449618486,46409.72616607874,45099.26015275218,45831.94551645624,45723.98522008694,45220.22683651959,45746.95653910979,46977.88696170844
results/GeneratedSparse/1000_cells_10000_features/0.9/sparse_raft_pearson.csv,pearson,raft,0.9,1000,10000,1000_10000,10000000,3.0,4.0,3.0,4.600818823022813,5.674485595314351,4.591133566283073,4.609962704351059,39006.193089362656,40734.52949523926,472591.1617279052,39885.847370353535,397.7882060353541,pearson_raft,904447.7939605712,40734.52949523926,39672.6131439209,39777.04048156738,39647.579193115234,40279.28629311252,40582.652851062354,39441.40192924727,39945.01674111232,39902.178270941375,39506.61478842935,40035.811115457225,39664.73269704448,40037.19407442194,39311.48012273388,39638.03119857597,39958.573508497415,39954.41261335686,39847.534019857965,39616.71477034993,39879.460380829194,40567.92562537049,40289.94277525247,39006.193089362656,39963.41770962641
results/GeneratedSparse/1000_cells_10000_features/0.95/sparse_CPU_cosine.csv,cosine,CPU,0.95,1000,10000,1000_10000,10000000,3.0,4.0,3.0,4.938272977412628,4.88785491591461,4.898372722691313,4.988844231201643,79135.75,97464.0,77242.25,86750.69791666667,4195.102065938503,cosine_CPU,77242.25,82468.75,88189.5,89040.25,79135.75,89779.0,87369.5,86796.5,81766.25,91143.25,89159.0,88764.0,87467.0,90512.0,88596.5,97464.0,84086.25,87376.5,79167.75,89208.75,83796.0,82863.25,88473.0,80450.25,88943.75
results/GeneratedSparse/1000_cells_10000_features/0.95/sparse_CPU_euclidean.csv,euclidean,CPU,0.95,1000,10000,1000_10000,10000000,3.0,4.0,3.0,4.930471823709525,4.91441324162112,4.903915718191959,4.95322192554269,80152.25,89788.75,82113.25,85206.32291666667,2859.356809121705,euclidean_CPU,82113.25,87069.5,83080.0,88108.75,81420.0,89788.75,84784.0,82888.5,84761.0,84187.25,89591.0,82358.25,83398.25,89779.0,88688.25,80954.0,87330.5,85899.5,85536.0,83735.0,82658.25,88408.75,86976.75,80152.25,83398.25
results/GeneratedSparse/1000_cells_10000_features/0.95/sparse_CPU_kendall.csv,kendall,CPU,0.95,1000,10000,1000_10000,10000000,3.0,4.0,3.0,6.562295736194454,6.562566324375572,6.561405492083188,6.563268246751868,3642549.75,3658206.75,3652299.0,3650024.1354166665,3618.5031802551307,kendall_CPU,3652299.0,3653892.0,3647319.25,3647495.0,3649813.25,3648431.75,3648888.0,3654452.5,3658206.75,3642549.75,3645620.75,3651600.75,3648523.75,3654646.0,3652229.0,3649677.5,3646087.5,3651299.5,3647392.5,3653429.0,3648939.75,3652402.5,3653427.0,3644130.5,3650125.0
results/GeneratedSparse/1000_cells_10000_features/0.95/sparse_CPU_manhattan.csv,manhattan,CPU,0.95,1000,10000,1000_10000,10000000,3.0,4.0,3.0,5.0564713326379165,5.079634304514333,5.052767023420994,5.058972345073759,112919.0,114544.0,120125.25,113886.26041666667,382.5780045676869,manhattan_CPU,120125.25,113423.0,114062.5,112919.0,113900.75,114459.0,113411.0,113424.25,113989.25,113653.25,114247.75,114093.75,114068.75,113856.5,113676.0,114243.5,114247.75,114198.25,113772.75,113568.0,114544.0,113417.0,114163.5,114097.5,113833.25
results/GeneratedSparse/1000_cells_10000_features/0.95/sparse_CPU_pearson.csv,pearson,CPU,0.95,1000,10000,1000_10000,10000000,3.0,4.0,3.0,4.942919940646799,4.962698365486268,4.936181862973984,4.949526617128584,86334.0,89028.0,91769.5,87683.91666666667,708.818510308214,pearson_CPU,91769.5,86733.0,88092.0,87510.75,88117.75,87209.75,87475.25,87718.5,89028.0,87788.75,86521.5,87326.5,87498.5,86944.75,88876.25,87350.5,87719.25,87020.5,88149.25,87198.75,86334.0,88474.25,88383.5,88372.0,88570.75
results/GeneratedSparse/1000_cells_10000_features/0.95/sparse_CPU_spearman.csv,spearman,CPU,0.95,1000,10000,1000_10000,10000000,3.0,4.0,3.0,5.02715110547075,5.028188840170767,4.9657718380674645,5.055906541823743,92421.25,113738.25,106706.0,106451.33333333333,5532.306157955037,spearman_CPU,106706.0,102962.5,109535.0,105960.25,110784.5,100271.5,111598.5,106214.25,100738.0,112284.75,92421.25,102809.75,110802.75,109427.25,110724.5,99328.0,96421.5,102996.25,110151.5,105657.5,108652.5,112094.0,113738.25,106570.0,112687.75
results/GeneratedSparse/1000_cells_10000_features/0.95/sparse_GPU_cosine.csv,cosine,GPU,0.95,1000,10000,1000_10000,10000000,3.0,4.0,3.0,4.069713950044699,6.102042286963593,4.06116021216913,4.078592740379341,11512.25,11983.75,1264859.5,11741.239583333334,142.2691199651552,cosine_GPU,1264859.5,11578.25,11798.75,11931.25,11660.75,11983.75,11625.0,11808.75,11921.0,11537.0,11558.75,11919.25,11564.75,11512.25,11852.5,11664.5,11850.75,11757.25,11664.5,11951.0,11765.75,11677.75,11712.5,11628.75,11865.0
results/GeneratedSparse/1000_cells_10000_features/0.95/sparse_GPU_euclidean.csv,euclidean,GPU,0.95,1000,10000,1000_10000,10000000,3.0,4.0,3.0,4.080428051258176,6.092685036689718,4.078166708168154,4.083206897927051,11972.0,12111.75,1237898.5,12034.5,37.354091141399756,euclidean_GPU,1237898.5,12015.0,12073.5,11987.5,12082.5,12037.25,12007.5,12088.5,12079.5,12038.0,12003.0,12065.75,11983.5,12111.75,12081.0,12007.0,11992.0,12009.5,12054.5,11972.0,12038.5,12043.75,12024.0,12028.75,12003.75
results/GeneratedSparse/1000_cells_10000_features/0.95/sparse_GPU_kendall.csv,kendall,GPU,0.95,1000,10000,1000_10000,10000000,3.0,4.0,3.0,5.92027290462536,6.0907520420421,5.9006991413935586,5.935048419628308,795608.0,861089.75,1232401.0,832286.6041666666,17510.35324367604,kendall_GPU,1232401.0,819221.0,843992.25,833572.5,808446.75,815235.25,837188.75,843500.25,861089.75,847982.0,818007.75,837127.25,836053.5,818164.5,835658.5,847419.25,808482.75,830994.25,842118.75,821336.5,858687.5,859499.0,809385.5,846107.0,795608.0
results/GeneratedSparse/1000_cells_10000_features/0.95/sparse_GPU_manhattan.csv,manhattan,GPU,0.95,1000,10000,1000_10000,10000000,3.0,4.0,3.0,4.092947876530493,5.639109804594608,4.022706675893442,4.177969136009376,10536.75,15065.0,435622.0,12386.479166666666,1008.1863044923654,manhattan_GPU,435622.0,13041.25,11580.75,11958.5,12617.0,12067.25,14104.5,10665.0,12855.75,12513.5,11899.0,11900.75,15065.0,12244.5,12349.0,11317.5,10536.75,11831.25,12533.25,11525.25,12303.75,12345.5,12660.75,13465.25,13894.5
results/GeneratedSparse/1000_cells_10000_features/0.95/sparse_GPU_pearson.csv,pearson,GPU,0.95,1000,10000,1000_10000,10000000,3.0,4.0,3.0,4.0712754579021695,6.106501628014739,4.055722266483576,4.08423657329355,11369.0,12140.5,1277914.0,11783.53125,187.83731203962336,pearson_GPU,1277914.0,11957.0,11595.25,11767.5,12128.25,11688.5,11843.5,11556.5,11637.5,11902.5,11588.25,11733.0,11768.75,11632.25,11964.0,12036.0,12021.25,12140.5,11616.5,11862.5,11678.0,11759.75,11759.75,11798.75,11369.0
results/GeneratedSparse/1000_cells_10000_features/0.95/sparse_GPU_spearman.csv,spearman,GPU,0.95,1000,10000,1000_10000,10000000,3.0,4.0,3.0,4.447328613526517,5.634685298776215,4.411876335197487,4.484947238502689,25815.25,30545.5,431206.5,28011.0,1319.060091899405,spearman_GPU,431206.5,29466.5,27186.25,30545.5,29360.75,27609.25,28657.75,28754.5,28257.5,26851.0,25977.25,25815.25,27139.5,26456.5,28853.75,29567.5,26877.5,29055.0,28796.5,27576.0,29478.25,26959.75,27721.0,29400.75,25900.5
results/GeneratedSparse/1000_cells_10000_features/0.95/sparse_armadillo_cosine.csv,cosine,armadillo,0.95,1000,10000,1000_10000,10000000,3.0,4.0,3.0,5.107769583048421,5.094589905739522,5.088635683045856,5.125500784115101,122641.0,133506.0,124334.0,128165.04166666667,2680.1429296333977,cosine_armadillo,124334.0,128089.0,131204.0,126164.0,125618.0,132243.0,130302.0,124383.0,131539.0,129665.0,129377.0,127288.0,125367.0,130041.0,129154.0,127873.0,126160.0,129805.0,129348.0,133506.0,128821.0,125222.0,127473.0,122641.0,124678.0
results/GeneratedSparse/1000_cells_10000_features/0.95/sparse_armadillo_euclidean.csv,euclidean,armadillo,0.95,1000,10000,1000_10000,10000000,3.0,4.0,3.0,5.108184482967837,5.116833465325471,5.102385676779637,5.113241232432599,126586.0,129790.0,130868.0,128287.54166666667,943.2798267731704,euclidean_armadillo,130868.0,129614.0,128264.0,127269.0,127388.0,127234.0,129714.0,129790.0,129761.0,128277.0,128919.0,126586.0,127487.0,128340.0,128354.0,127776.0,128014.0,127894.0,129660.0,129448.0,128557.0,128357.0,127211.0,127411.0,127576.0
results/GeneratedSparse/1000_cells_10000_features/0.95/sparse_armadillo_manhattan.csv,manhattan,armadillo,0.95,1000,10000,1000_10000,10000000,3.0,4.0,3.0,6.968118807963824,6.96239585666065,6.965785375065872,6.972252669054692,9242413.082364617,9381076.317045582,9170560.0,9292205.546484431,36254.646848175966,manhattan_armadillo,9170560.0,9313220.0,9328970.0,9244630.0,9266340.0,9274487.49263862,9298643.691782149,9310279.929185994,9355644.709678795,9266344.25239027,9258427.828004977,9258893.044354184,9288427.660273118,9243108.240126504,9319324.87806045,9298228.45267811,9268995.234458974,9272249.023160364,9273797.135858169,9381076.317045582,9284981.420507416,9299720.421730371,9354836.09170762,9309894.209620047,9242413.082364617
results/GeneratedSparse/1000_cells_10000_features/0.95/sparse_armadillo_pearson.csv,pearson,armadillo,0.95,1000,10000,1000_10000,10000000,3.0,4.0,3.0,5.113284032929612,5.112903141528229,5.102001254230446,5.121756758487815,126474.0,132360.0,129689.0,129802.79166666667,1504.3010829830207,pearson_armadillo,129689.0,129661.0,128765.0,129038.0,131664.0,130277.0,127367.0,128609.0,129983.0,130313.0,131077.0,126474.0,131519.0,131689.0,132360.0,132233.0,128535.0,128651.0,129307.0,129510.0,129489.0,131338.0,130406.0,128785.0,128217.0
results/GeneratedSparse/1000_cells_10000_features/0.95/sparse_armadillo_spearman.csv,spearman,armadillo,0.95,1000,10000,1000_10000,10000000,3.0,4.0,3.0,5.394280468511064,5.395300177319457,5.3888575370721075,5.403170299113403,244826.0,253029.0,248485.0,247902.25,1997.0996939311767,spearman_armadillo,248485.0,249249.0,249452.0,245053.0,248618.0,250510.0,246981.0,244826.0,246771.0,248918.0,249550.0,250417.0,245963.0,249114.0,248251.0,245146.0,245641.0,249371.0,246374.0,248248.0,247711.0,246987.0,245771.0,253029.0,247703.0
results/GeneratedSparse/1000_cells_10000_features/0.95/sparse_arrayfirecuda_cosine.csv,cosine,arrayfirecuda,0.95,1000,10000,1000_10000,10000000,3.0,4.0,3.0,4.258978511121665,4.274236384781346,4.258761759443034,4.259216275128191,18145.2,18164.2,18803.4,18154.258333333335,4.936759789803345,cosine_arrayfirecuda,18803.4,18148.9,18156.8,18157.2,18145.2,18153.8,18161.1,18157.5,18151.4,18151.7,18153.7,18147.9,18164.2,18156.1,18146.6,18152.4,18157.1,18150.5,18157.3,18148.8,18157.1,18151.8,18159.0,18152.8,18163.3
results/GeneratedSparse/1000_cells_10000_features/0.95/sparse_arrayfirecuda_euclidean.csv,euclidean,arrayfirecuda,0.95,1000,10000,1000_10000,10000000,3.0,4.0,3.0,4.255919744636328,4.258898164101782,4.255636677190069,4.256205235912688,18015.1,18038.7,18150.9,18026.845833333336,5.468468643556324,euclidean_arrayfirecuda,18150.9,18029.0,18020.1,18029.7,18032.9,18026.8,18036.9,18026.0,18034.8,18038.7,18023.9,18015.1,18022.5,18025.8,18023.7,18029.3,18019.4,18027.7,18026.1,18020.8,18029.1,18023.8,18028.8,18023.3,18030.1
results/GeneratedSparse/1000_cells_10000_features/0.95/sparse_arrayfirecuda_manhattan.csv,manhattan,arrayfirecuda,0.95,1000,10000,1000_10000,10000000,3.0,4.0,3.0,5.084136697271618,5.082163992569661,5.080608451062176,5.089198366805149,120395.0,122800.0,120827.0,121377.08333333333,518.9317486165423,manhattan_arrayfirecuda,120827.0,120923.0,121865.0,120903.0,121481.0,121288.0,121221.0,121188.0,121903.0,122025.0,120772.0,122800.0,121913.0,121562.0,121397.0,121230.0,121553.0,121377.0,121001.0,120923.0,121375.0,122106.0,120395.0,120910.0,120939.0
results/GeneratedSparse/1000_cells_10000_features/0.95/sparse_arrayfirecuda_pearson.csv,pearson,arrayfirecuda,0.95,1000,10000,1000_10000,10000000,3.0,4.0,3.0,4.260950917480222,4.263292757453435,4.254432056409184,4.265671410801216,17965.2,18436.2,18335.5,18236.895833333332,151.71971822840172,pearson_arrayfirecuda,18335.5,18358.2,18111.7,18420.8,18281.0,18094.1,18065.0,18307.5,17965.2,18016.3,18356.2,18419.9,18412.1,18083.5,18409.4,18266.7,18264.0,18331.4,18272.1,18267.5,18027.9,18328.7,17967.8,18436.2,18222.3
results/GeneratedSparse/1000_cells_10000_features/0.95/sparse_raft_cosine.csv,cosine,raft,0.95,1000,10000,1000_10000,10000000,3.0,4.0,3.0,4.201194344718394,5.8767047733822535,4.186330488676636,4.209444842357343,15357.852374742126,16197.382657127328,752843.6183929443,15892.577748030852,223.35216127652495,cosine_raft,1489593.744277954,16093.49250793457,16072.750091552734,15568.49479675293,16139.984130859377,15667.950794572847,15945.659083148235,15957.953923353323,15578.240565973403,16089.450331471164,15897.467977302236,15779.279895522428,15813.11668507698,16044.817642450056,16113.718483980036,16065.05505801962,15882.927531597696,16032.254268961684,15578.705778196514,16033.023087808644,16197.382657127328,15579.362374258304,15875.966963994726,16056.958948083424,15357.852374742126
results/GeneratedSparse/1000_cells_10000_features/0.95/sparse_raft_euclidean.csv,euclidean,raft,0.95,1000,10000,1000_10000,10000000,3.0,4.0,3.0,4.210209106731112,5.897998424320587,4.1991744770351485,4.223682078739469,15818.83430480957,16737.171982562562,790675.7593154907,16225.911643047528,244.38280558497308,euclidean_raft,1565021.9917297363,16329.526901245115,16327.142715454102,15818.83430480957,16487.12158203125,16014.817399345591,16737.171982562562,16555.906971296074,16416.451946434485,15833.915899056354,16275.25760039166,16439.558971046994,16242.541282781598,16500.06256940807,16533.194765226777,16018.164962903358,16092.011365573722,16184.873356087606,16106.793714292751,16306.12122093335,15847.078794226343,16230.04927303176,15955.01235308333,15996.460940961835,16173.808560956428
results/GeneratedSparse/1000_cells_10000_features/0.95/sparse_raft_manhattan.csv,manhattan,raft,0.95,1000,10000,1000_10000,10000000,3.0,4.0,3.0,4.337904600071792,5.896657066194018,4.319163144349033,4.3520869518665535,20852.74077001864,22495.049432964133,788237.452507019,21772.314551098,508.085411873823,manhattan_raft,1553985.1188659668,22489.78614807129,21407.127380371094,21379.470825195312,21334.64813232422,21482.877561135327,22247.048462226467,21531.55361514263,21075.286585973052,21707.27223816095,22384.824946556724,21823.094148875785,20997.531211126185,21612.70844619624,22083.754792637104,21810.488078786064,20917.61492227351,22225.26031461464,22142.336794439627,22159.139878851616,22148.975212887926,20852.74077001864,22495.049432964133,22486.04933774072,21740.9099897828
results/GeneratedSparse/1000_cells_10000_features/0.95/sparse_raft_pearson.csv,pearson,raft,0.95,1000,10000,1000_10000,10000000,3.0,4.0,3.0,4.59428568559908,5.6862170458137005,4.578473329452982,4.6055238763124,37885.526707594014,40320.31128288456,485531.09169006353,39290.330825702,574.4412094615135,pearson_raft,930756.3304901124,40305.85289001465,39407.25326538086,39156.436920166016,38897.75276184082,39187.289313453,39279.01854795049,39449.92097723368,39435.47812170108,40320.31128288456,39850.67756283368,39600.3986129391,39192.740752194135,39674.4447043577,39407.69166426709,38583.81258782586,39006.644372227594,37885.526707594014,38125.63513880481,40266.038502412994,39292.69437933099,39054.09638975744,39077.77002516983,39393.73600202045,39116.71833448729
results/GeneratedSparse/1000_cells_10000_features/0.99/sparse_CPU_cosine.csv,cosine,CPU,0.99,1000,10000,1000_10000,10000000,3.0,4.0,3.0,4.884586931388391,4.947889344957578,4.863041667542902,4.901210315855464,72952.75,79654.5,88693.0,76663.19791666667,1815.3225551009275,cosine_CPU,88693.0,75790.0,78404.75,78245.0,75116.0,74532.75,77712.25,72952.75,73166.25,76795.75,78416.75,73918.5,77582.5,76108.0,77198.25,76141.25,79654.5,76669.25,76356.25,79367.0,76690.0,76419.5,77280.0,79634.0,75765.5
results/GeneratedSparse/1000_cells_10000_features/0.99/sparse_CPU_euclidean.csv,euclidean,CPU,0.99,1000,10000,1000_10000,10000000,3.0,4.0,3.0,4.888537980649253,4.952775496997911,4.763285701373182,4.955672119278437,57981.0,90296.75,89696.5,77363.83333333333,7404.827497943862,euclidean_CPU,89696.5,81713.75,71549.25,57981.0,90296.75,80084.5,78991.75,77580.75,69856.5,59518.75,73897.5,79620.75,79274.75,80308.5,88031.25,80850.75,78558.75,77900.0,83236.25,69039.25,76836.5,84746.25,80421.25,80327.25,76110.0
results/GeneratedSparse/1000_cells_10000_features/0.99/sparse_CPU_kendall.csv,kendall,CPU,0.99,1000,10000,1000_10000,10000000,3.0,4.0,3.0,5.735928021800074,5.743748600205216,5.734574025745668,5.73717633647027,542717.75,545979.5,554304.75,544412.4166666666,818.0066334881127,kendall_CPU,554304.75,545084.75,543811.0,543679.0,544810.0,544064.5,544860.0,544012.25,544489.0,545058.0,545979.5,543808.5,545128.5,543649.25,543981.25,545068.75,544997.75,543517.75,542717.75,545355.25,543264.5,543936.5,543792.0,545780.25,545052.0
results/GeneratedSparse/1000_cells_10000_features/0.99/sparse_CPU_manhattan.csv,manhattan,CPU,0.99,1000,10000,1000_10000,10000000,3.0,4.0,3.0,4.434194023584095,4.569657688610748,4.230863857526014,4.6177366534805655,17016.25,41470.25,37124.25,27176.53125,5447.737644116832,manhattan_CPU,37124.25,30538.0,23168.75,34903.5,28050.75,27554.5,26349.75,17937.0,18392.0,30358.5,17016.25,33720.75,25523.0,41470.25,24833.5,22921.75,23361.5,24046.75,30927.75,25420.0,29009.25,27373.25,28388.75,28756.75,32214.5
results/GeneratedSparse/1000_cells_10000_features/0.99/sparse_CPU_pearson.csv,pearson,CPU,0.99,1000,10000,1000_10000,10000000,3.0,4.0,3.0,4.938609412152102,5.0301937725419466,4.874458623783367,4.982229384940525,74896.0,95990.75,107199.75,86817.92708333333,5174.506864325719,pearson_CPU,107199.75,92162.75,80858.75,86772.5,82416.25,89572.0,95990.75,82234.0,94986.25,83341.25,84175.25,86099.25,82745.0,92589.25,93376.5,80444.5,89689.0,88132.75,85670.0,89276.0,80295.75,74896.0,88982.0,91180.75,87743.75
results/GeneratedSparse/1000_cells_10000_features/0.99/sparse_CPU_spearman.csv,spearman,CPU,0.99,1000,10000,1000_10000,10000000,3.0,4.0,3.0,4.402333221433197,4.633051635913091,4.162646538359162,4.524366908487998,14542.75,33447.75,42958.75,25254.177083333332,4713.354654750054,spearman_CPU,42958.75,28853.75,21293.75,20494.25,29859.25,24247.75,31723.75,22905.25,14542.75,25928.5,28096.5,23598.75,31960.75,23965.5,20021.5,16721.75,29893.5,22734.5,23607.75,25560.5,29069.5,33447.75,29201.75,26332.75,22038.5
results/GeneratedSparse/1000_cells_10000_features/0.99/sparse_GPU_cosine.csv,cosine,GPU,0.99,1000,10000,1000_10000,10000000,3.0,4.0,3.0,3.7857805079344753,6.070544586587814,3.7443907861817323,3.8174662042478067,5551.25,6568.5,1176371.75,6106.333333333333,279.06123008918473,cosine_GPU,1176371.75,6314.25,5881.5,6101.0,5731.25,6191.5,5765.5,6237.25,5828.5,6494.75,5762.5,5810.5,6039.75,6146.25,5901.25,5932.25,5551.25,6550.75,6194.5,6219.0,6568.5,6174.0,6422.0,6398.25,6335.75
results/GeneratedSparse/1000_cells_10000_features/0.99/sparse_GPU_euclidean.csv,euclidean,GPU,0.99,1000,10000,1000_10000,10000000,3.0,4.0,3.0,3.8061644227962796,6.041045406871155,3.7815040572087324,3.840278648297714,6046.5,6922.75,1099120.75,6399.770833333333,238.29643781287533,euclidean_GPU,1099120.75,6728.25,6234.25,6162.75,6283.25,6435.0,6046.5,6547.25,6682.75,6922.75,6553.0,6420.25,6166.75,6410.5,6086.25,6271.5,6268.25,6161.75,6065.5,6717.75,6377.25,6767.0,6270.0,6529.5,6486.5
results/GeneratedSparse/1000_cells_10000_features/0.99/sparse_GPU_kendall.csv,kendall,GPU,0.99,1000,10000,1000_10000,10000000,3.0,4.0,3.0,4.750292109792417,5.685262407071152,4.728128458684696,4.770292220841383,53472.25,58924.0,484465.0,56271.96875,1253.7676849710253,kendall_GPU,484465.0,57480.5,55381.75,56919.25,56238.0,53472.25,57451.75,55474.75,55148.75,55639.5,53787.0,56781.0,56328.5,56822.0,56502.5,56763.5,57555.0,58497.75,55389.0,55465.25,58924.0,56138.25,56567.0,56623.0,55177.0
results/GeneratedSparse/1000_cells_10000_features/0.99/sparse_GPU_manhattan.csv,manhattan,GPU,0.99,1000,10000,1000_10000,10000000,3.0,4.0,3.0,3.646935444011002,5.483931244622588,3.3217537297632274,3.8228216453031045,2097.75,6650.0,304741.25,4435.427083333333,1069.1705154171275,manhattan_GPU,304741.25,5202.25,3616.75,5061.25,4980.5,6650.0,2097.75,3161.0,4385.75,4081.25,5067.0,4333.5,3182.75,3896.0,4914.25,4751.25,4803.5,4442.0,3666.5,6626.5,3506.75,6038.0,3428.25,3667.75,4889.75
results/GeneratedSparse/1000_cells_10000_features/0.99/sparse_GPU_pearson.csv,pearson,GPU,0.99,1000,10000,1000_10000,10000000,3.0,4.0,3.0,3.783257252199994,6.049865394850057,3.778277901138528,3.786804641247632,6001.75,6120.75,1121670.75,6070.958333333333,34.61820531005166,pearson_GPU,1121670.75,6105.5,6041.75,6111.75,6076.0,6110.75,6099.25,6097.0,6103.0,6120.75,6051.5,6001.75,6060.5,6055.25,6075.0,6004.75,6090.75,6026.5,6016.25,6065.25,6071.75,6083.25,6118.5,6044.0,6072.25
results/GeneratedSparse/1000_cells_10000_features/0.99/sparse_GPU_spearman.csv,spearman,GPU,0.99,1000,10000,1000_10000,10000000,3.0,4.0,3.0,3.8340410069741626,5.482228091126502,3.6276218509897133,3.9298147196867705,4242.5,8507.75,303548.5,6824.03125,1005.5390353574564,spearman_GPU,303548.5,7635.5,6021.75,7171.5,7390.25,5380.75,7411.25,7513.25,6064.25,7136.5,7109.0,7256.0,6470.25,8507.75,6674.75,6944.25,4775.5,8085.0,8304.0,7035.75,6506.0,4242.5,6241.75,6438.25,7461.0
results/GeneratedSparse/1000_cells_10000_features/0.99/sparse_armadillo_cosine.csv,cosine,armadillo,0.99,1000,10000,1000_10000,10000000,3.0,4.0,3.0,4.608531961406822,4.6044075113718455,4.60636739006332,4.611246277847805,40398.7,40855.1,40216.8,40600.55416666667,127.64723518081207,cosine_armadillo,40216.8,40712.6,40762.1,40522.0,40504.7,40468.9,40638.2,40773.4,40634.7,40444.5,40584.9,40678.3,40476.0,40777.1,40617.4,40583.4,40755.8,40525.2,40471.8,40490.9,40408.0,40657.9,40855.1,40398.7,40671.7
results/GeneratedSparse/1000_cells_10000_features/0.99/sparse_armadillo_euclidean.csv,euclidean,armadillo,0.99,1000,10000,1000_10000,10000000,3.0,4.0,3.0,4.638496827922717,4.63300765705775,4.635636527256154,4.640971108591032,43215.2,43749.3,42954.4,43500.75833333333,117.7902122301437,euclidean_armadillo,42954.4,43578.8,43567.1,43460.1,43284.6,43534.3,43749.3,43507.2,43374.3,43456.9,43695.9,43215.2,43477.5,43629.6,43500.3,43628.6,43415.8,43400.0,43491.8,43502.1,43469.3,43536.1,43629.6,43453.9,43459.9
results/GeneratedSparse/1000_cells_10000_features/0.99/sparse_armadillo_manhattan.csv,manhattan,armadillo,0.99,1000,10000,1000_10000,10000000,3.0,4.0,3.0,7.488623677659363,7.489214341361234,7.487452413201795,7.4898113439145995,30722207.1545213,30889533.09934662,30847100.0,30805174.812398527,41361.00917484996,manhattan_armadillo,30847100.0,30862200.0,30793200.0,30745100.0,30800000.0,30884739.48411109,30813852.144783124,30768009.28508744,30760629.034273632,30762730.238384727,30819467.88584633,30791217.996477354,30796845.58055116,30784245.116044864,30843868.98375872,30824841.332647994,30845540.44983768,30782977.106830563,30796043.822528534,30845423.168492425,30769216.319858942,30722207.1545213,30795772.237719063,30826535.05646315,30889533.09934662
results/GeneratedSparse/1000_cells_10000_features/0.99/sparse_armadillo_pearson.csv,pearson,armadillo,0.99,1000,10000,1000_10000,10000000,3.0,4.0,3.0,4.670035421378817,4.671857543448357,4.664294965392222,4.673181317500463,46163.1,47117.4,46974.0,46777.32916666666,217.02265142753845,pearson_armadillo,46974.0,46664.1,46606.1,46641.8,47079.6,47069.4,46643.9,46779.9,46685.4,46994.2,46745.7,46653.0,46980.9,46923.5,46656.6,46877.6,46163.1,46654.8,46746.5,46589.3,47117.4,46893.8,47019.0,46515.8,46954.5
results/GeneratedSparse/1000_cells_10000_features/0.99/sparse_armadillo_spearman.csv,spearman,armadillo,0.99,1000,10000,1000_10000,10000000,3.0,4.0,3.0,5.336938294758485,5.335654442164768,5.332200037510612,5.343780686771274,214882.0,220689.0,216598.0,217239.25,1915.5746798719872,spearman_armadillo,216598.0,215530.0,215811.0,219434.0,215367.0,217607.0,218856.0,215357.0,215752.0,214882.0,219068.0,218213.0,215655.0,215762.0,217980.0,217574.0,215758.0,219474.0,220622.0,215489.0,217610.0,215683.0,220689.0,215108.0,220461.0
results/GeneratedSparse/1000_cells_10000_features/0.99/sparse_arrayfirecuda_cosine.csv,cosine,arrayfirecuda,0.99,1000,10000,1000_10000,10000000,3.0,4.0,3.0,3.883662688834136,3.9056555886856383,3.8831143906525747,3.884073393685064,7640.37,7657.26,8047.4,7650.022083333333,4.291317764943894,cosine_arrayfirecuda,8047.4,7646.64,7653.68,7644.32,7650.7,7650.5,7653.3,7646.38,7647.82,7649.85,7653.88,7656.68,7652.57,7642.41,7645.81,7652.1,7653.8,7647.48,7649.44,7656.43,7640.37,7650.34,7650.0,7648.77,7657.26
results/GeneratedSparse/1000_cells_10000_features/0.99/sparse_arrayfirecuda_euclidean.csv,euclidean,arrayfirecuda,0.99,1000,10000,1000_10000,10000000,3.0,4.0,3.0,3.883218612300452,3.901520981700426,3.8789420994090578,3.88773992058454,7567.32,7722.18,7971.15,7642.203750000001,35.892257848141966,euclidean_arrayfirecuda,7971.15,7668.08,7611.03,7687.39,7623.8,7645.0,7599.38,7637.16,7686.12,7644.69,7657.61,7622.3,7610.07,7714.52,7567.32,7722.18,7622.77,7608.23,7613.7,7651.79,7645.54,7646.17,7675.38,7634.3,7618.36
results/GeneratedSparse/1000_cells_10000_features/0.99/sparse_arrayfirecuda_manhattan.csv,manhattan,arrayfirecuda,0.99,1000,10000,1000_10000,10000000,3.0,4.0,3.0,5.098623106432857,5.102944541605412,5.096576346701687,5.100938892031218,124904.0,126165.0,126749.0,125494.04166666667,339.99111252681627,manhattan_arrayfirecuda,126749.0,126084.0,125433.0,125645.0,124955.0,124904.0,125747.0,125094.0,125126.0,125589.0,125724.0,125698.0,125111.0,125294.0,125049.0,125431.0,125640.0,125950.0,125420.0,126165.0,125821.0,125531.0,125306.0,125384.0,125756.0
results/GeneratedSparse/1000_cells_10000_features/0.99/sparse_arrayfirecuda_pearson.csv,pearson,arrayfirecuda,0.99,1000,10000,1000_10000,10000000,3.0,4.0,3.0,3.88808907671852,3.90444612342941,3.8876876143457504,3.8884125907446188,7721.25,7734.15,8025.02,7728.390833333334,3.1548598973998665,pearson_arrayfirecuda,8025.02,7725.31,7730.85,7734.15,7730.97,7726.05,7721.25,7727.44,7724.11,7731.9,7728.88,7729.01,7732.9,7726.23,7728.48,7727.41,7725.65,7729.5,7724.06,7731.48,7727.83,7730.96,7725.0,7731.13,7730.83
results/GeneratedSparse/1000_cells_10000_features/0.99/sparse_raft_cosine.csv,cosine,raft,0.99,1000,10000,1000_10000,10000000,3.0,4.0,3.0,3.8292863760514297,5.879419025682779,3.7610778013621426,3.888764453178223,5768.697970471547,7740.418694778507,757563.4717941284,6749.729616849288,460.0120459386461,cosine_raft,1507957.6969146729,7169.246673583984,6925.344467163086,6762.266159057617,6110.906600952148,6190.680796302056,7153.107065533416,5768.697970471547,7426.112631522812,7740.418694778507,7240.48728064939,6817.050391791634,6654.546886923767,6432.163723889101,7139.500545532694,6833.919523539479,6159.502268409946,6184.564904277034,6993.997858753048,6665.088543516518,6338.146757000471,6638.475027198458,7144.443327129744,6767.481604173291,6737.361102233187
results/GeneratedSparse/1000_cells_10000_features/0.99/sparse_raft_euclidean.csv,euclidean,raft,0.99,1000,10000,1000_10000,10000000,3.0,4.0,3.0,3.826289883382014,5.836519002521833,3.765551938310299,3.9073195822163225,5828.434742662242,8078.292650655541,686307.9071044922,6703.31894029173,540.0623897774325,euclidean_raft,1365047.2164154053,7568.597793579102,6994.962692260742,6847.858428955078,6151.437759399414,6568.65660103623,6653.71176034231,6517.638628201933,6681.271232300062,7442.339466906616,6431.402202839195,6215.924860862329,7077.776266184771,7142.008174489529,6011.843515419924,8078.292650655541,6496.203989141984,6604.582051968288,5828.434742662242,6703.809319712031,6160.476116643214,7045.366597141099,6555.781625050221,7231.850414700165,5869.427676549503
results/GeneratedSparse/1000_cells_10000_features/0.99/sparse_raft_manhattan.csv,manhattan,raft,0.99,1000,10000,1000_10000,10000000,3.0,4.0,3.0,3.9049111615028105,5.8919065077052615,3.8658011754605943,3.94381291295939,7341.776770160045,8786.439296941868,779662.2514724731,8033.617711392121,385.5771975158615,manhattan_raft,1550915.9564971924,8408.546447753906,8124.113082885742,8122.920989990234,7342.57698059082,8737.54840425268,7341.776770160045,8786.439296941868,7958.294236142649,8175.635410844785,8141.513936055785,7667.188253468514,7946.076253305617,8358.67497541824,7691.24289434552,8031.304191502738,8159.514763471489,7703.201412641268,8439.69612275633,8102.276933890355,8579.83243457905,7940.933283740328,7690.036411676135,7776.437191497716,7581.044395499097
results/GeneratedSparse/1000_cells_10000_features/0.99/sparse_raft_pearson.csv,pearson,raft,0.99,1000,10000,1000_10000,10000000,3.0,4.0,3.0,4.589217785646228,5.69914050762129,4.584722985253405,4.593417206726972,38434.654838662034,39211.83863237488,500196.33769989014,38834.506056053964,201.48454120693594,pearson_raft,961193.323135376,39199.3522644043,38850.54588317871,38717.03147888184,38737.05863952637,38955.34402246422,38941.49105864686,38662.45386217407,38949.91071696797,38547.048982663495,39211.83863237488,38881.41072422297,38969.654636342224,38787.3139085271,38698.74976634965,38434.654838662034,38976.31972389144,38525.45986885206,39058.885806269085,38891.35855783562,38847.47478860969,39068.69294968404,38884.983049584174,38612.51249957697,38618.5986856053
results/GeneratedSparse/1000_cells_1000_features/0.5/sparse_CPU_cosine.csv,cosine,CPU,0.5,1000,1000,1000_1000,1000000,3.0,3.0,3.0,4.468994658034986,4.4373858559663875,4.457219357350115,4.477048866273474,28656.25,29995.0,27377.0,29443.854166666668,310.2156920718855,cosine_CPU,27377.0,29677.5,29238.5,29569.75,29175.25,29995.0,29437.0,28656.25,29698.0,29289.75,29645.75,29927.5,29623.5,29411.75,29273.0,29692.5,29315.0,29767.25,29526.5,29506.75,29074.75,29161.0,29222.25,28991.0,29777.0
results/GeneratedSparse/1000_cells_1000_features/0.5/sparse_CPU_euclidean.csv,euclidean,CPU,0.5,1000,1000,1000_1000,1000000,3.0,3.0,3.0,4.48641926120663,4.4207352923322,4.365586251618898,4.561313110246114,23205.25,36417.75,26347.25,30649.208333333332,3374.5761367067357,euclidean_CPU,26347.25,32048.75,27852.5,23205.25,27820.25,26217.75,31156.0,32207.5,31654.5,27374.0,33634.75,31129.0,32677.5,35821.5,34176.5,28876.0,31614.5,33901.5,33398.0,33292.0,24453.0,29106.0,27485.75,36417.75,30060.75
results/GeneratedSparse/1000_cells_1000_features/0.5/sparse_CPU_kendall.csv,kendall,CPU,0.5,1000,1000,1000_1000,1000000,3.0,3.0,3.0,6.497116879914504,6.4968317133078015,6.4957645162020015,6.498466802756726,3131587.25,3151133.5,3139292.0,3141354.0,5005.539010061753,kendall_CPU,3139292.0,3143775.0,3137751.5,3139165.5,3142036.5,3151133.5,3144870.75,3145515.25,3140262.25,3141653.25,3136555.75,3145294.5,3145970.75,3150775.75,3142069.25,3145290.25,3136034.75,3139015.0,3134372.75,3131587.25,3138568.0,3133649.75,3140318.75,3139451.75,3147378.25
results/GeneratedSparse/1000_cells_1000_features/0.5/sparse_CPU_manhattan.csv,manhattan,CPU,0.5,1000,1000,1000_1000,1000000,3.0,3.0,3.0,5.016835721674535,5.02993948129681,5.010276629649575,5.02310732751444,102394.5,105464.75,107137.0,103952.6875,747.8036146567828,manhattan_CPU,107137.0,103304.5,104517.75,103570.25,103632.0,104326.25,103666.0,103731.25,103805.25,103954.0,103889.75,102829.5,103226.0,103884.75,104157.25,104895.5,104951.75,104315.75,102394.5,102943.5,105464.75,105054.0,103213.5,104444.0,104692.75
results/GeneratedSparse/1000_cells_1000_features/0.5/sparse_CPU_pearson.csv,pearson,CPU,0.5,1000,1000,1000_1000,1000000,3.0,3.0,3.0,4.550653137058994,4.325474612795331,4.090980687531518,4.835955188591673,12330.5,68541.75,21158.0,35534.739583333336,14322.489345955042,pearson_CPU,21158.0,23249.0,45908.25,13308.75,35270.5,31396.75,13152.25,12330.5,37366.75,39233.0,28140.25,49623.5,14602.75,55834.0,33516.75,35402.5,55787.5,47964.75,68541.75,46805.5,31484.5,40035.5,22600.75,34153.5,37124.5
results/GeneratedSparse/1000_cells_1000_features/0.5/sparse_CPU_spearman.csv,spearman,CPU,0.5,1000,1000,1000_1000,1000000,3.0,3.0,3.0,4.975551424079973,4.998420642759893,4.966275521780528,4.982926703770837,92528.5,96145.0,99637.0,94526.03125,859.4820821542884,spearman_CPU,99637.0,94849.75,93799.0,95246.5,94235.0,95172.0,93438.5,95400.0,95563.5,92528.5,95326.0,94313.0,94374.5,94259.25,93854.25,96145.0,95540.25,94272.5,94957.0,94249.25,94899.75,93831.75,94982.75,94598.25,92788.5
results/GeneratedSparse/1000_cells_1000_features/0.5/sparse_GPU_cosine.csv,cosine,GPU,0.5,1000,1000,1000_1000,1000000,3.0,3.0,3.0,3.918934721011726,6.087102035455708,3.8888671907322925,3.9399308884515065,7742.25,8708.25,1222086.75,8297.260416666666,269.85053230876974,cosine_GPU,1222086.75,8122.25,8500.25,8539.5,8310.5,8468.25,7835.25,8496.0,8168.75,8400.5,8085.5,8121.75,8359.75,7926.5,8366.5,8260.75,8648.25,8501.0,8054.25,7742.25,8547.0,8708.25,7870.75,8474.5,8626.0
results/GeneratedSparse/1000_cells_1000_features/0.5/sparse_GPU_euclidean.csv,euclidean,GPU,0.5,1000,1000,1000_1000,1000000,3.0,3.0,3.0,3.9487516168245222,6.089758556462278,3.9193919267738595,3.9883471086271225,8306.0,9735.25,1229585.0,8886.927083333334,367.2257726803223,euclidean_GPU,1229585.0,8547.0,9125.5,8401.75,8824.5,9204.5,9110.5,8542.75,8494.5,9735.25,8806.0,9521.0,9014.0,8566.0,8517.5,8306.0,8707.0,9034.0,8613.75,9195.75,8685.0,9385.25,8919.75,8756.25,9272.75
results/GeneratedSparse/1000_cells_1000_features/0.5/sparse_GPU_kendall.csv,kendall,GPU,0.5,1000,1000,1000_1000,1000000,3.0,3.0,3.0,5.862061607452015,5.973235605325101,5.689239801698985,6.02862533281411,488922.25,1068133.0,940233.25,727883.0520833334,125177.10824245223,kendall_GPU,940233.25,798201.75,624554.5,744643.75,813073.25,709321.0,629839.75,632996.75,689208.25,751518.5,771263.25,901986.25,609321.0,558717.75,488922.25,807293.5,881317.0,678522.25,1068133.0,619600.25,644830.0,717979.75,799069.0,877141.25,651739.25
results/GeneratedSparse/1000_cells_1000_features/0.5/sparse_GPU_manhattan.csv,manhattan,GPU,0.5,1000,1000,1000_1000,1000000,3.0,3.0,3.0,4.07201617008101,5.612808748494977,4.015872975925313,4.109915863023794,10372.25,12880.0,410023.5,11803.645833333334,671.8265056788388,manhattan_GPU,410023.5,12106.25,10835.0,12208.0,11348.5,11941.25,12732.0,12220.0,10372.25,12407.75,12018.25,11784.0,11417.0,12118.5,10957.5,12692.25,10466.5,11939.75,11696.75,12194.25,11260.75,11540.25,12586.5,11564.25,12880.0
results/GeneratedSparse/1000_cells_1000_features/0.5/sparse_GPU_pearson.csv,pearson,GPU,0.5,1000,1000,1000_1000,1000000,3.0,3.0,3.0,4.015514309073365,6.095827009947188,3.584359497827513,4.211907754009335,3840.25,16289.5,1246886.75,10363.6875,2956.4303303438564,pearson_GPU,1246886.75,13738.0,8356.25,9791.5,14380.75,10383.0,7260.75,7227.25,16289.5,9184.25,3840.25,12670.5,7713.5,13741.75,15368.25,10128.5,6804.75,9522.75,10978.25,12186.75,11845.25,11545.75,8380.25,8283.25,9107.5
results/GeneratedSparse/1000_cells_1000_features/0.5/sparse_GPU_spearman.csv,spearman,GPU,0.5,1000,1000,1000_1000,1000000,3.0,3.0,3.0,4.439862078714815,5.617684288150588,4.416914974573347,4.467896552954896,26116.5,29369.5,414652.5,27533.541666666668,756.7136721357837,spearman_GPU,414652.5,28368.25,26988.5,28150.75,28628.5,26880.75,27752.5,27030.75,26714.75,27768.0,26998.5,27648.75,26116.5,27809.0,27344.75,27651.0,26885.5,27679.25,26473.25,26792.75,29369.5,27294.5,28537.5,27531.25,28390.25
results/GeneratedSparse/1000_cells_1000_features/0.5/sparse_armadillo_cosine.csv,cosine,armadillo,0.5,1000,1000,1000_1000,1000000,3.0,3.0,3.0,5.762016992380561,5.763460938791244,5.756611008189705,5.765804110952383,570967.0,583182.0,580044.0,578118.6666666666,2957.365729083157,cosine_armadillo,580044.0,575529.0,578518.0,575062.0,582103.0,582130.0,580585.0,573682.0,576606.0,577022.0,578256.0,573695.0,580277.0,580597.0,576934.0,583182.0,570967.0,580237.0,579073.0,578564.0,575064.0,578131.0,580789.0,578400.0,579445.0
results/GeneratedSparse/1000_cells_1000_features/0.5/sparse_armadillo_euclidean.csv,euclidean,armadillo,0.5,1000,1000,1000_1000,1000000,3.0,3.0,3.0,5.768043159331604,5.7746154919550845,5.760934136688901,5.775508506072277,576679.0,596360.0,595135.0,586196.4166666666,5378.548076360592,euclidean_armadillo,595135.0,595502.0,581709.0,585841.0,578823.0,585523.0,576679.0,587479.0,581189.0,577444.0,596360.0,587657.0,581409.0,587415.0,586625.0,585634.0,589821.0,585687.0,585256.0,583501.0,595478.0,584716.0,583696.0,594794.0,590476.0
results/GeneratedSparse/1000_cells_1000_features/0.5/sparse_armadillo_manhattan.csv,manhattan,armadillo,0.5,1000,1000,1000_1000,1000000,3.0,3.0,3.0,5.916714425176402,5.926870071651249,5.872668379892905,5.949893301313941,745879.0,891032.0,845026.0,825494.9583333334,33162.60948779409,manhattan_armadillo,845026.0,796567.0,794218.0,863984.0,841320.0,855884.0,891032.0,867485.0,820943.0,887689.0,843239.0,829861.0,787628.0,823642.0,827183.0,807589.0,745879.0,813696.0,810320.0,794763.0,833710.0,845992.0,788976.0,806897.0,833382.0
results/GeneratedSparse/1000_cells_1000_features/0.5/sparse_armadillo_pearson.csv,pearson,armadillo,0.5,1000,1000,1000_1000,1000000,3.0,3.0,3.0,5.773295423271836,5.769457825585389,5.768355384898776,5.778036147094079,586618.0,599841.0,588109.0,593328.7916666666,3363.326738255427,pearson_armadillo,588109.0,591463.0,587173.0,596533.0,593379.0,594298.0,593532.0,599841.0,590122.0,590691.0,586618.0,593810.0,597499.0,588449.0,594541.0,590064.0,591312.0,595458.0,597702.0,594707.0,597791.0,596515.0,592987.0,592816.0,592590.0
results/GeneratedSparse/1000_cells_1000_features/0.5/sparse_armadillo_spearman.csv,spearman,armadillo,0.5,1000,1000,1000_1000,1000000,3.0,3.0,3.0,4.689589860636562,4.679308858171735,4.687318451276424,4.693286276975418,48676.4,49349.9,47786.9,48931.649999999994,169.34023197889698,spearman_armadillo,47786.9,49238.7,48798.1,48865.1,48955.7,48818.8,48972.8,48938.8,48941.1,48780.1,49349.9,48992.6,48968.2,48932.7,48716.2,48914.3,48969.0,48878.5,49292.0,48773.6,48676.4,48806.1,48778.4,48871.4,49131.1
results/GeneratedSparse/1000_cells_1000_features/0.5/sparse_arrayfirecuda_cosine.csv,cosine,arrayfirecuda,0.5,1000,1000,1000_1000,1000000,3.0,3.0,3.0,3.775579261169421,3.78315720895035,3.7720956974173827,3.779018249534892,5916.92,6011.99,6069.56,5964.571666666667,30.851128243370432,cosine_arrayfirecuda,6069.56,5989.35,5941.47,5933.25,5978.46,5971.35,5921.32,5993.74,5942.93,6011.99,5916.92,5970.17,5929.18,6009.34,5995.58,5996.43,5920.36,5973.74,5959.52,5941.97,5989.64,5982.4,5950.83,6008.43,5921.35
results/GeneratedSparse/1000_cells_1000_features/0.5/sparse_arrayfirecuda_euclidean.csv,euclidean,arrayfirecuda,0.5,1000,1000,1000_1000,1000000,3.0,3.0,3.0,3.7436930991626847,3.7491733772476334,3.741537641918198,3.7468777402676503,5514.9,5583.13,5612.72,5542.339166666668,14.866959147907671,euclidean_arrayfirecuda,5612.72,5527.5,5549.07,5568.03,5527.97,5558.9,5533.93,5535.24,5527.88,5514.9,5545.83,5538.28,5545.75,5541.72,5534.25,5526.01,5530.44,5560.31,5550.46,5542.49,5556.07,5540.73,5583.13,5534.79,5542.46
results/GeneratedSparse/1000_cells_1000_features/0.5/sparse_arrayfirecuda_manhattan.csv,manhattan,arrayfirecuda,0.5,1000,1000,1000_1000,1000000,3.0,3.0,3.0,4.168275221487601,4.190199988905945,4.163814115597508,4.17192527698853,14581.9,14856.8,15495.3,14732.458333333334,64.0881678930588,manhattan_arrayfirecuda,15495.3,14767.1,14691.0,14828.5,14856.8,14776.1,14726.2,14717.4,14730.6,14755.9,14716.4,14749.9,14821.7,14729.7,14799.9,14758.7,14631.1,14753.0,14787.0,14654.9,14685.3,14641.5,14725.7,14581.9,14692.7
results/GeneratedSparse/1000_cells_1000_features/0.5/sparse_arrayfirecuda_pearson.csv,pearson,arrayfirecuda,0.5,1000,1000,1000_1000,1000000,3.0,3.0,3.0,3.777165127657448,3.7880672126004042,3.7755551110684347,3.7791699229681748,5964.24,6014.09,6138.57,5986.391666666667,14.403466210912246,pearson_arrayfirecuda,6138.57,5972.61,5992.94,5984.31,5990.81,5984.35,6011.12,5985.05,6012.89,5993.05,5976.24,5964.24,5980.51,5965.29,5996.82,6014.09,5969.63,5968.01,5977.33,5994.85,5969.33,5997.77,5995.03,5996.68,5980.45
results/GeneratedSparse/1000_cells_1000_features/0.5/sparse_raft_cosine.csv,cosine,raft,0.5,1000,1000,1000_1000,1000000,3.0,3.0,3.0,4.197312524623104,5.9048515478784775,4.147669122237218,4.2278379051974735,14049.767007595698,16898.101141424366,803251.5048980712,15751.159330560287,681.9326249852392,cosine_raft,1589618.682861328,16884.326934814453,15503.406524658203,15473.127365112305,15563.726425170898,14508.44377369944,16278.21772674144,16266.825818950008,16071.681847586791,16898.101141424366,15534.275931346036,15972.80693591158,16020.00707135292,15598.324291806091,15272.218307935183,15468.921971401393,15641.456737102088,16081.125526602527,14049.767007595698,16556.595322212383,15094.60646861977,16361.211392476534,14792.167755968852,15836.465188390335,16300.016466567567
results/GeneratedSparse/1000_cells_1000_features/0.5/sparse_raft_euclidean.csv,euclidean,raft,0.5,1000,1000,1000_1000,1000000,3.0,3.0,3.0,4.20737118861795,5.873159422158055,4.201758832788695,4.213231194299187,15913.248062133787,16339.215256305377,746722.8174209595,16120.228317941534,106.51951851259376,euclidean_raft,1477367.4011230469,16078.23371887207,16088.247299194336,15913.248062133787,16201.97296142578,15988.141381877726,16184.15196824186,16237.701269416531,16213.47312028218,16121.386043692632,16143.183510434255,16252.06287468645,16023.649477569354,16210.825583383676,16048.14319900225,16067.10210138587,16059.346564159632,15961.829369510962,15936.148878098567,16339.215256305377,16160.44707260592,16213.901514207808,16209.818008312152,16075.198707373576,16158.051688424064
results/GeneratedSparse/1000_cells_1000_features/0.5/sparse_raft_manhattan.csv,manhattan,raft,0.5,1000,1000,1000_1000,1000000,3.0,3.0,3.0,4.340732285155473,5.8809245417166895,4.326632008081792,4.3532126918214615,21214.461295269735,22553.434759374373,760194.1823959351,21914.53627526762,388.2930477796787,manhattan_raft,1497926.7120361328,22461.652755737305,21581.411361694336,21420.955657958984,21769.52362060547,22290.574907002345,22462.712971210203,21214.461295269735,21769.890715710266,22401.763220231696,21380.318579193547,21663.59746270917,21978.7194353259,21549.911652212453,21774.81739890793,21885.142085058957,21628.205935970836,22333.927020272484,21959.357801626466,22553.434759374373,21869.574820331247,21424.106265118164,22107.09652696284,22015.00390444212,22452.710453496093
results/GeneratedSparse/1000_cells_1000_features/0.5/sparse_raft_pearson.csv,pearson,raft,0.5,1000,1000,1000_1000,1000000,3.0,3.0,3.0,3.716679303171113,5.653302173513883,3.656106547226768,3.74957474457372,4530.08704734672,5617.909574850381,450092.9117202759,5208.099864528777,231.6154469248212,pearson_raft,894700.0503540039,5485.773086547852,5277.156829833984,5205.392837524414,4904.985427856445,5152.599652735195,5056.008203717109,4920.234290486553,5220.594634138523,5395.125730322422,5112.53563686493,5122.518628095091,5151.98010220069,5311.3643671313,5232.013595810997,5048.058105437314,5617.909574850381,5085.228188521982,5518.311113201439,5268.960707880794,5378.642470367457,5557.25909821043,5123.173981931175,5318.483437677473,4530.08704734672
results/GeneratedSparse/1000_cells_1000_features/0.75/sparse_CPU_cosine.csv,cosine,CPU,0.75,1000,1000,1000_1000,1000000,3.0,3.0,3.0,4.388779441918962,4.483651473677417,4.309975975073774,4.477736069844397,20416.25,30042.5,30454.5,24478.197916666668,2529.4884765534107,cosine_CPU,30454.5,26539.75,22969.0,30042.5,22844.5,25037.5,26851.25,23462.0,21286.75,23211.25,22312.0,26110.25,27798.75,28698.25,23128.5,20416.25,25444.5,25772.0,21797.5,23649.75,23691.5,27064.5,21368.0,26458.5,21522.0
results/GeneratedSparse/1000_cells_1000_features/0.75/sparse_CPU_euclidean.csv,euclidean,CPU,0.75,1000,1000,1000_1000,1000000,3.0,3.0,3.0,4.4083078185237525,4.442452330820692,4.362350507594848,4.467844794454893,23033.0,29366.0,27698.25,25604.0,1764.7733299917018,euclidean_CPU,27698.25,24182.75,26933.25,25067.5,26319.0,25627.75,23254.0,25499.0,28805.25,27993.5,25495.0,23033.0,26127.0,25903.75,26401.5,24201.75,27913.5,23628.0,23330.75,24558.0,23796.0,29366.0,23886.0,27385.5,25788.25
results/GeneratedSparse/1000_cells_1000_features/0.75/sparse_CPU_kendall.csv,kendall,CPU,0.75,1000,1000,1000_1000,1000000,3.0,3.0,3.0,6.196528203972819,6.201701501767709,6.196040429520985,6.197086529920844,1570509.0,1574296.5,1591114.75,1572273.8958333333,1003.7490372470131,kendall_CPU,1591114.75,1571283.5,1572721.0,1572334.0,1572210.25,1574296.5,1571412.0,1570911.75,1572281.75,1572044.75,1572999.25,1572590.5,1570509.0,1573938.5,1573130.25,1573014.5,1571566.5,1573136.75,1572383.5,1572151.25,1571221.0,1572712.5,1571069.5,1570839.75,1573815.25
results/GeneratedSparse/1000_cells_1000_features/0.75/sparse_CPU_manhattan.csv,manhattan,CPU,0.75,1000,1000,1000_1000,1000000,3.0,3.0,3.0,4.774773345795954,4.852993584638873,4.770424868097336,4.780349720966845,58942.0,60304.5,71284.25,59535.135416666664,324.3131763432167,manhattan_CPU,71284.25,59106.25,59650.5,59152.75,60304.5,59595.0,59525.75,58942.0,59725.75,59503.75,59677.0,59574.5,59691.5,59781.0,59451.25,59714.5,58977.0,59109.5,59490.5,59765.5,59956.75,59224.5,59437.25,59486.0,60000.25
results/GeneratedSparse/1000_cells_1000_features/0.75/sparse_CPU_pearson.csv,pearson,CPU,0.75,1000,1000,1000_1000,1000000,3.0,3.0,3.0,4.491816764062082,4.52746555955424,4.284075256553323,4.658125920759715,19234.25,45512.0,33687.25,31032.5,7081.198841754011,pearson_CPU,33687.25,35390.5,26715.5,26967.75,38318.75,22531.25,38295.75,33729.25,41144.25,30934.0,36345.0,20522.5,25789.5,36092.5,33042.5,19234.25,34589.0,40441.25,31473.75,45512.0,28760.0,21472.0,22028.0,30561.25,24889.5
results/GeneratedSparse/1000_cells_1000_features/0.75/sparse_CPU_spearman.csv,spearman,CPU,0.75,1000,1000,1000_1000,1000000,3.0,3.0,3.0,4.717444422454007,4.882480423234275,4.717350071841119,4.717526962429111,52161.5,52182.75,76292.25,52172.833333333336,5.6229934692791135,spearman_CPU,76292.25,52175.25,52165.75,52168.75,52166.0,52175.75,52169.25,52172.5,52177.0,52182.0,52179.75,52172.5,52171.0,52161.5,52171.25,52164.25,52182.75,52169.25,52175.25,52181.25,52171.5,52180.0,52173.5,52173.5,52168.5
results/GeneratedSparse/1000_cells_1000_features/0.75/sparse_GPU_cosine.csv,cosine,GPU,0.75,1000,1000,1000_1000,1000000,3.0,3.0,3.0,3.687665492816048,6.082577325739598,3.68468830528575,3.691059378806336,4838.25,4909.75,1209420.5,4871.53125,18.690504566156047,cosine_GPU,1209420.5,4857.0,4894.25,4856.25,4886.5,4890.0,4859.5,4865.75,4864.25,4851.75,4866.25,4891.0,4885.0,4854.0,4895.0,4909.75,4852.0,4846.75,4867.75,4887.25,4882.75,4864.75,4856.0,4895.0,4838.25
results/GeneratedSparse/1000_cells_1000_features/0.75/sparse_GPU_euclidean.csv,euclidean,GPU,0.75,1000,1000,1000_1000,1000000,3.0,3.0,3.0,3.7010181135565188,6.086255872340947,3.6927367900812795,3.709757420367893,4928.75,5125.75,1219708.0,5023.635416666667,46.35595853278255,euclidean_GPU,1219708.0,4989.0,5054.5,4978.75,5065.5,5125.75,5107.5,5015.25,5059.5,5059.75,4928.75,4990.0,5077.75,5000.5,5059.5,5008.0,4978.5,5020.25,5037.25,5014.25,4980.25,4972.0,5009.5,5058.0,4977.25
results/GeneratedSparse/1000_cells_1000_features/0.75/sparse_GPU_kendall.csv,kendall,GPU,0.75,1000,1000,1000_1000,1000000,3.0,3.0,3.0,5.492292342284041,5.818541104710896,5.446029339088923,5.528948179062259,279273.25,338024.5,658477.75,310665.0104166667,15332.136077546806,kendall_GPU,658477.75,322209.0,295316.0,318160.5,310228.5,314591.5,329847.25,313765.75,328252.25,300082.5,312982.5,306977.5,279273.25,326185.5,288972.0,296760.75,331759.75,300359.25,314627.25,294538.0,316564.0,338024.5,328308.25,297389.5,290785.0
results/GeneratedSparse/1000_cells_1000_features/0.75/sparse_GPU_manhattan.csv,manhattan,GPU,0.75,1000,1000,1000_1000,1000000,3.0,3.0,3.0,3.820170660278826,5.640714422647489,3.6662839226231023,3.9721796877363498,4637.5,9379.5,437234.5,6609.53125,1012.7420500605954,manhattan_GPU,437234.5,7539.25,5995.25,6416.25,6856.25,6245.5,5698.0,6681.25,7074.75,6885.75,7356.5,5686.25,7253.0,7749.25,9379.5,6421.5,6933.75,6141.5,7840.0,5286.5,7007.75,5021.5,4637.5,6886.25,5635.75
results/GeneratedSparse/1000_cells_1000_features/0.75/sparse_GPU_pearson.csv,pearson,GPU,0.75,1000,1000,1000_1000,1000000,3.0,3.0,3.0,3.6863429544387243,6.069267095764283,3.6725596277632757,3.7044722561916448,4705.0,5063.75,1172916.5,4856.71875,106.39287728009569,pearson_GPU,1172916.5,4943.25,4807.5,4865.5,4757.0,4772.25,4874.75,4740.25,4756.5,4747.25,4808.0,4801.5,5014.75,4864.5,4914.0,4712.0,5033.75,4889.25,4849.0,4771.5,4854.5,4970.5,5045.0,4705.0,5063.75
results/GeneratedSparse/1000_cells_1000_features/0.75/sparse_GPU_spearman.csv,spearman,GPU,0.75,1000,1000,1000_1000,1000000,3.0,3.0,3.0,4.1448724556270635,5.623732174454537,4.093517989792176,4.201929423285382,12402.75,15919.5,420467.25,13959.583333333334,920.8952326480406,spearman_GPU,420467.25,14754.0,13249.0,12855.75,13856.75,14251.5,13118.75,14420.25,14791.75,14088.25,12834.5,13503.75,14107.25,14541.0,14114.5,13748.0,12655.0,12402.75,13459.5,15919.5,14492.5,13581.5,15370.25,13183.5,15730.5
results/GeneratedSparse/1000_cells_1000_features/0.75/sparse_armadillo_cosine.csv,cosine,armadillo,0.75,1000,1000,1000_1000,1000000,3.0,3.0,3.0,5.272289701122517,5.270764987898463,5.2709977449996,5.273813511314899,186637.0,187851.0,186537.0,187193.04166666666,349.5165088097493,cosine_armadillo,186537.0,187005.0,187623.0,187435.0,186950.0,186796.0,186707.0,187611.0,187420.0,186637.0,187467.0,187455.0,187738.0,186893.0,187028.0,187038.0,186819.0,187155.0,187084.0,187851.0,186792.0,187115.0,187292.0,187724.0,186998.0
results/GeneratedSparse/1000_cells_1000_features/0.75/sparse_armadillo_euclidean.csv,euclidean,armadillo,0.75,1000,1000,1000_1000,1000000,3.0,3.0,3.0,5.278151552652152,5.280398515185475,5.2708860371590625,5.283360035433025,186589.0,192026.0,190721.0,189736.79166666666,1475.4257571733508,euclidean_armadillo,190721.0,190610.0,191094.0,190484.0,187871.0,190642.0,188780.0,191108.0,188818.0,187320.0,190938.0,190622.0,187500.0,189976.0,191460.0,189447.0,192026.0,188856.0,188729.0,188201.0,191133.0,186589.0,189474.0,190534.0,191471.0
results/GeneratedSparse/1000_cells_1000_features/0.75/sparse_armadillo_manhattan.csv,manhattan,armadillo,0.75,1000,1000,1000_1000,1000000,3.0,3.0,3.0,6.46954514190492,6.442459386534657,6.461210658365236,6.4781565359383935,2892082.3722311934,3007160.0,2769870.0,2948119.897335578,32905.29631857341,manhattan_armadillo,2769870.0,3007160.0,2949650.0,2937310.0,2912190.0,2953947.166425652,2926489.364529951,2998238.8581742337,2959599.3512807023,2928475.7657847786,2892082.3722311934,2942311.5425655865,2947525.516114477,2975031.553700408,2900497.289039221,2969926.7246652986,2919216.202963344,2997836.706364344,2976971.964702061,2908773.468997909,2942830.6827373803,2959159.353546828,2943015.38502974,3003315.0612973184,2903323.205903463
results/GeneratedSparse/1000_cells_1000_features/0.75/sparse_armadillo_pearson.csv,pearson,armadillo,0.75,1000,1000,1000_1000,1000000,3.0,3.0,3.0,5.262769178960773,5.270590338172423,5.261398490274452,5.263688133470395,182557.0,183522.0,186462.0,183134.08333333334,239.22024661154603,pearson_armadillo,186462.0,183450.0,182976.0,182932.0,182825.0,183067.0,182857.0,183042.0,182941.0,183152.0,183243.0,183191.0,183295.0,183445.0,183247.0,183364.0,182971.0,183441.0,183358.0,182971.0,183522.0,182889.0,183335.0,182557.0,183147.0
results/GeneratedSparse/1000_cells_1000_features/0.75/sparse_armadillo_spearman.csv,spearman,armadillo,0.75,1000,1000,1000_1000,1000000,3.0,3.0,3.0,4.587112696839301,4.586866243653053,4.585118799541736,4.588257136718533,38469.7,38748.7,38624.8,38646.725,66.39493736975258,spearman_armadillo,38624.8,38602.1,38617.1,38588.0,38748.7,38587.4,38648.0,38546.7,38667.8,38739.4,38469.7,38625.8,38747.1,38696.8,38629.1,38591.8,38591.5,38660.2,38687.1,38666.5,38685.6,38692.1,38718.4,38705.5,38609.0
results/GeneratedSparse/1000_cells_1000_features/0.75/sparse_arrayfirecuda_cosine.csv,cosine,arrayfirecuda,0.75,1000,1000,1000_1000,1000000,3.0,3.0,3.0,3.6828644670396193,3.6895432615875885,3.6784992587363727,3.6876404188007466,4769.79,4871.25,4892.64,4817.974166666667,23.908425801494165,cosine_arrayfirecuda,4892.64,4836.26,4802.9,4847.44,4806.6,4849.4,4800.46,4845.03,4832.67,4803.06,4793.09,4769.79,4801.23,4777.27,4813.24,4816.99,4871.25,4819.01,4846.39,4808.01,4807.18,4799.34,4836.69,4832.97,4815.11
results/GeneratedSparse/1000_cells_1000_features/0.75/sparse_arrayfirecuda_euclidean.csv,euclidean,arrayfirecuda,0.75,1000,1000,1000_1000,1000000,3.0,3.0,3.0,3.648086905169715,3.6584664515059906,3.645357415104637,3.650595985389704,4419.34,4472.97,4554.77,4447.2025,16.433227581640857,euclidean_arrayfirecuda,4554.77,4458.31,4429.05,4471.72,4443.13,4468.9,4420.57,4421.21,4419.34,4436.06,4462.14,4450.19,4440.05,4429.29,4460.74,4462.88,4459.6,4422.74,4445.94,4450.25,4472.97,4449.92,4451.52,4460.14,4446.2
results/GeneratedSparse/1000_cells_1000_features/0.75/sparse_arrayfirecuda_manhattan.csv,manhattan,arrayfirecuda,0.75,1000,1000,1000_1000,1000000,3.0,3.0,3.0,4.143420785129937,4.163519162569878,4.131278536991779,4.154849841520744,13529.4,14284.0,14572.0,13913.0,197.39443381210128,manhattan_arrayfirecuda,14572.0,14015.3,13764.8,13529.4,13965.9,13679.8,13950.1,14051.0,13828.9,13831.7,14284.0,14108.4,13851.5,13699.3,13937.0,13538.0,14076.2,13943.5,13858.5,13828.3,13717.8,13942.8,14062.0,14171.0,14276.8
results/GeneratedSparse/1000_cells_1000_features/0.75/sparse_arrayfirecuda_pearson.csv,pearson,arrayfirecuda,0.75,1000,1000,1000_1000,1000000,3.0,3.0,3.0,3.6880039803186,3.6914864089481574,3.687943438798566,3.688066368971442,4874.65,4876.03,4914.58,4875.329583333333,0.3580093011672195,pearson_arrayfirecuda,4914.58,4874.94,4875.65,4875.18,4875.16,4875.17,4875.59,4876.03,4875.67,4875.56,4874.7,4875.87,4875.09,4874.9,4874.65,4875.38,4875.28,4875.43,4875.06,4875.29,4875.73,4875.83,4875.03,4875.23,4875.49
results/GeneratedSparse/1000_cells_1000_features/0.75/sparse_raft_cosine.csv,cosine,raft,0.75,1000,1000,1000_1000,1000000,3.0,3.0,3.0,3.9822143341624217,5.874918004074674,3.958230873305749,4.012590778423845,9083.032608032228,10294.15678366672,749752.6407241821,9598.742343126718,309.91641143919344,cosine_raft,1489609.4799041748,9895.801544189451,9606.361389160156,9457.111358642578,9083.032608032228,9608.661268078968,9773.506982879968,9376.423858998682,10155.156642462163,9184.560869458595,9275.374988547064,9895.514890481556,9568.409859519752,9185.09443893073,10294.15678366672,9447.251143533496,9570.058956965788,10076.460314733584,9888.753775598254,9561.247975928836,9286.265914438256,9695.535172188049,9327.56475918478,9543.284161234566,9614.226578186996
results/GeneratedSparse/1000_cells_1000_features/0.75/sparse_raft_euclidean.csv,euclidean,raft,0.75,1000,1000,1000_1000,1000000,3.0,3.0,3.0,3.978180252582538,5.86836879589261,3.9394257239826866,4.043901008739412,8698.12659024087,11063.715735440808,738531.1126708984,9509.994211268595,464.50567704802984,euclidean_raft,1466838.1214141846,10224.103927612305,9336.94839477539,9518.146514892578,8918.76220703125,9492.413583155268,9179.995909547408,9229.469698039731,11063.715735440808,9638.634899404897,9291.654596963524,9604.20271634667,9381.553142876814,10063.0689753937,9261.05879671605,9542.79905373812,9843.580572867932,9304.720766486404,9240.67749098436,9190.058678531335,9824.890803358592,9727.514503740038,9207.359183580553,8698.12659024087,9456.404328721674
results/GeneratedSparse/1000_cells_1000_features/0.75/sparse_raft_manhattan.csv,manhattan,raft,0.75,1000,1000,1000_1000,1000000,3.0,3.0,3.0,4.08371974382844,5.864769718298578,4.052530968159138,4.1021990259934675,11285.764098553209,12653.16076444652,732436.0609054565,12126.060866284222,336.6972816073474,manhattan_raft,1452469.1104888916,12403.011322021484,12079.00047302246,12125.015258789062,11486.530303955078,12360.982464636238,12271.763486504136,12330.828437183496,12367.678121883093,11285.764098553209,11645.65291632532,12311.699743374556,12405.056964656387,11737.16883278544,12353.730718540412,11947.30845285576,12519.147646390897,11988.65034428026,12119.22341108706,12653.16076444652,12307.490278941526,12139.908323698117,12321.018023797968,12228.500302697665,11637.170100395211
results/GeneratedSparse/1000_cells_1000_features/0.75/sparse_raft_pearson.csv,pearson,raft,0.75,1000,1000,1000_1000,1000000,3.0,3.0,3.0,3.6373069024893816,5.658863983762614,3.484171397528853,3.7560467989213664,3049.098101317403,5702.25715637207,455894.11258697504,4338.173353976177,677.5955092004699,pearson_raft,906085.968017578,5702.25715637207,4668.951034545898,3879.308700561523,3905.2963256835938,3478.916397425839,4274.230810839337,3970.063646454136,3049.098101317403,5676.765127032141,5222.556716226193,4616.955823717924,5231.502868519525,4420.561331004225,4508.216333151633,3985.200568621248,4181.749774331032,4492.221747265174,4192.491130928758,3787.4114230692994,3134.854960141317,4769.262907854076,3764.405561974052,4486.603990332323,4717.278058059527
results/GeneratedSparse/1000_cells_1000_features/0.9/sparse_CPU_cosine.csv,cosine,CPU,0.9,1000,1000,1000_1000,1000000,3.0,3.0,3.0,4.429808446737737,4.375937818630777,4.319517246656696,4.537264858754543,20869.75,34456.0,23765.0,26903.479166666668,3384.580404598327,cosine_CPU,23765.0,24286.25,29828.0,23385.75,24402.25,30230.25,21811.75,26365.5,32167.75,24715.25,28179.75,24845.5,24820.5,26964.5,27173.25,27989.0,29874.25,20869.75,34456.0,32435.5,26967.25,28497.0,28255.75,23990.5,23172.25
results/GeneratedSparse/1000_cells_1000_features/0.9/sparse_CPU_euclidean.csv,euclidean,CPU,0.9,1000,1000,1000_1000,1000000,3.0,3.0,3.0,4.398930878425611,4.473454123021285,4.366492999074669,4.429913697763754,23253.75,26910.0,29747.75,25057.104166666668,1090.2606934922976,euclidean_CPU,29747.75,25657.0,23747.0,25326.0,23786.5,26808.5,23253.75,26910.0,24289.25,25333.0,24604.5,25661.0,25014.5,25189.5,24270.75,26256.0,23545.5,26236.75,23622.0,24036.5,25146.25,24090.5,25943.75,26344.5,26297.5
results/GeneratedSparse/1000_cells_1000_features/0.9/sparse_CPU_kendall.csv,kendall,CPU,0.9,1000,1000,1000_1000,1000000,3.0,3.0,3.0,5.728087441321408,5.730481475062135,5.706370378485593,5.739960583597823,508593.0,549491.0,537627.5,534672.0,11036.906081840825,kendall_CPU,537627.5,542975.0,526499.0,545361.75,547834.5,532064.75,539053.5,538195.0,535914.5,540562.25,532956.5,514409.5,541099.5,543974.25,549491.0,540822.75,539078.25,532567.75,515030.75,541453.5,508593.0,525930.5,549018.0,526470.75,522771.75
results/GeneratedSparse/1000_cells_1000_features/0.9/sparse_CPU_manhattan.csv,manhattan,CPU,0.9,1000,1000,1000_1000,1000000,3.0,3.0,3.0,4.451372373207414,4.568547847920169,4.2383848712859,4.550775464013622,17313.5,35544.75,37029.5,28273.03125,4458.887800010888,manhattan_CPU,37029.5,31235.0,24123.25,24665.25,26602.0,29106.75,28314.75,31807.25,29564.75,35544.75,28172.5,33828.0,29732.75,28493.0,25239.75,33322.0,23925.5,17313.5,28694.75,31462.25,29385.5,31889.0,23717.5,33518.0,18895.0
results/GeneratedSparse/1000_cells_1000_features/0.9/sparse_CPU_pearson.csv,pearson,CPU,0.9,1000,1000,1000_1000,1000000,3.0,3.0,3.0,4.3844747564726,4.355154481450661,4.358852942066777,4.407429147897779,22848.25,25552.25,22654.5,24236.770833333332,707.1594252295392,pearson_CPU,22654.5,23729.75,24684.5,23872.25,24443.75,25552.25,24555.5,24590.25,24374.75,25223.5,23267.0,23517.0,22877.25,24457.5,24362.0,23817.25,23411.25,22848.25,24986.25,24480.25,24562.75,24455.5,24863.5,23648.5,25101.75
results/GeneratedSparse/1000_cells_1000_features/0.9/sparse_CPU_spearman.csv,spearman,CPU,0.9,1000,1000,1000_1000,1000000,3.0,3.0,3.0,4.39475711911696,4.544427739353636,4.21175442615308,4.506866793760153,16283.75,32126.75,35029.0,24817.447916666668,3664.4248624863576,spearman_CPU,35029.0,28772.0,22216.25,24749.75,28653.25,16283.75,26359.75,24829.0,23885.75,23755.25,18293.25,28155.75,25672.25,28109.0,24120.75,28417.0,32126.75,27103.25,24923.0,25467.25,22076.75,26195.75,21794.25,17722.0,25937.0
results/GeneratedSparse/1000_cells_1000_features/0.9/sparse_GPU_cosine.csv,cosine,GPU,0.9,1000,1000,1000_1000,1000000,3.0,3.0,3.0,3.8560349651196417,6.078276428754719,3.2359700916573577,4.229496261423601,1721.75,16962.75,1197502.5,7178.520833333333,3993.4371512289977,cosine_GPU,1197502.5,10769.5,6072.75,1721.75,11045.5,4837.75,16962.75,6447.5,9380.5,5547.25,5382.25,2670.0,4050.25,5966.25,4828.25,5425.5,11978.25,13854.0,2397.0,14260.5,6867.0,1726.75,6932.0,6684.25,6477.0
results/GeneratedSparse/1000_cells_1000_features/0.9/sparse_GPU_euclidean.csv,euclidean,GPU,0.9,1000,1000,1000_1000,1000000,3.0,3.0,3.0,3.4594867254685955,6.102377271175719,3.427323786357247,3.4861469968065726,2675.0,3063.0,1265835.5,2880.625,108.30461959214851,euclidean_GPU,1265835.5,3009.0,2831.5,2919.25,2859.25,2756.5,2861.25,3002.25,2970.75,2864.5,2818.0,2854.25,2687.75,3063.0,2779.75,2907.5,2844.5,2773.0,3025.5,2675.0,2866.0,2764.75,2983.75,3043.25,2974.75
results/GeneratedSparse/1000_cells_1000_features/0.9/sparse_GPU_kendall.csv,kendall,GPU,0.9,1000,1000,1000_1000,1000000,3.0,3.0,3.0,4.750988161435855,5.538169850745272,4.732094073679501,4.7673877990553315,53962.75,58531.25,345278.75,56362.229166666664,1288.847563225628,kendall_GPU,345278.75,57072.75,55445.75,58418.75,55439.0,55337.0,55675.25,58355.0,56995.25,54952.5,56957.25,53962.75,55836.0,57143.25,58223.0,55975.0,55939.0,57624.5,58531.25,54754.5,56763.0,56893.25,54263.5,55410.25,56725.75
results/GeneratedSparse/1000_cells_1000_features/0.9/sparse_GPU_manhattan.csv,manhattan,GPU,0.9,1000,1000,1000_1000,1000000,3.0,3.0,3.0,3.60695878624051,5.5969465895079065,3.367681985434892,3.86068231050588,2331.75,7255.75,395318.0,4045.375,1198.6593922135123,manhattan_GPU,395318.0,5164.25,3514.25,2535.5,5314.25,3436.25,3703.75,4725.5,7255.75,5010.0,4998.5,5130.25,4699.5,2889.0,2331.75,4295.0,4352.25,4497.5,3281.75,2522.5,5396.25,3684.0,2840.5,2547.75,2963.0
results/GeneratedSparse/1000_cells_1000_features/0.9/sparse_GPU_pearson.csv,pearson,GPU,0.9,1000,1000,1000_1000,1000000,3.0,3.0,3.0,3.6466875261244973,6.087257127305423,3.058426024457005,3.9365891342822077,1144.0,8641.5,1222523.25,4432.895833333333,2046.4188091088065,pearson_GPU,1222523.25,5417.75,2831.5,3997.75,4969.75,8641.5,5767.75,3321.0,7545.5,2596.75,3384.25,4045.25,7507.25,1144.0,2863.25,2157.5,7245.75,2080.5,5213.5,5811.75,2951.25,6442.0,5634.25,3339.75,1480.0
results/GeneratedSparse/1000_cells_1000_features/0.9/sparse_GPU_spearman.csv,spearman,GPU,0.9,1000,1000,1000_1000,1000000,3.0,3.0,3.0,3.81044325542677,5.62649819395757,3.671358003443492,3.9357339265238256,4692.0,8624.5,423153.75,6463.135416666667,908.3607172262716,spearman_GPU,423153.75,7448.5,5788.5,6445.0,6543.75,6362.25,5601.5,7068.75,5500.75,6045.25,6547.5,7101.0,5158.75,5263.0,5139.25,7147.75,4692.0,7422.5,8624.5,6810.25,6355.25,6960.25,7096.25,7380.5,6612.25
results/GeneratedSparse/1000_cells_1000_features/0.9/sparse_armadillo_cosine.csv,cosine,armadillo,0.9,1000,1000,1000_1000,1000000,3.0,3.0,3.0,4.8301629594998134,4.837963234200424,4.8253709348436296,4.83530873174248,66891.5,68439.8,68859.4,67633.67083333334,392.5798373995256,cosine_armadillo,68859.4,68124.0,67655.8,67757.4,67259.8,67829.4,68379.2,67226.5,67836.2,67538.9,67589.2,67558.1,67571.8,67661.9,67581.6,67251.7,66954.3,67244.6,67663.0,68439.8,66891.5,67635.5,67646.5,67562.0,68349.4
results/GeneratedSparse/1000_cells_1000_features/0.9/sparse_armadillo_euclidean.csv,euclidean,armadillo,0.9,1000,1000,1000_1000,1000000,3.0,3.0,3.0,4.8473461480001925,4.8495612888176165,4.842031668372535,4.85112865269284,69507.5,70978.8,70723.1,70363.29166666667,360.0846948018702,euclidean_armadillo,70723.1,70794.5,70203.4,70451.7,69855.0,70683.0,69855.0,70546.6,69507.5,70243.5,70773.5,70978.8,70431.6,70430.8,70185.5,69795.6,70084.0,70729.3,70659.1,70434.7,70282.2,70400.0,70864.3,70272.0,70257.4
results/GeneratedSparse/1000_cells_1000_features/0.9/sparse_armadillo_manhattan.csv,manhattan,armadillo,0.9,1000,1000,1000_1000,1000000,3.0,3.0,3.0,6.467822492356197,6.464079501542737,6.459397274353078,6.475528109280004,2880031.742209084,2989015.1017394084,2911250.0,2936449.2021791846,30086.158345212516,manhattan_armadillo,2911250.0,2920030.0,2930440.0,2932800.0,2980400.0,2918398.671734333,2896603.042252271,2989015.1017394084,2880031.742209084,2957576.1605152977,2988840.6302264384,2944623.6969241016,2943321.3011491955,2953636.738512656,2963182.766961696,2883568.142473741,2911460.540765847,2952061.169271695,2921932.539168232,2923202.0843599075,2901592.562650557,2956705.4750832394,2931594.196014977,2973161.442514467,2920602.8477732837
results/GeneratedSparse/1000_cells_1000_features/0.9/sparse_armadillo_pearson.csv,pearson,armadillo,0.9,1000,1000,1000_1000,1000000,3.0,3.0,3.0,4.865535289924897,4.868911749872692,4.863857961883973,4.8673849817490416,73090.0,73686.0,73945.5,73372.83333333333,137.26867409896806,pearson_armadillo,73945.5,73686.0,73280.8,73253.5,73318.4,73509.3,73362.6,73376.3,73301.1,73617.0,73431.4,73398.9,73090.0,73481.9,73262.4,73502.0,73438.2,73195.1,73483.2,73365.5,73125.3,73414.2,73416.3,73345.7,73292.9
results/GeneratedSparse/1000_cells_1000_features/0.9/sparse_armadillo_spearman.csv,spearman,armadillo,0.9,1000,1000,1000_1000,1000000,3.0,3.0,3.0,4.507763360715441,4.512808424533425,4.50667141243464,4.510675011009144,32112.3,32409.7,32569.3,32193.141666666666,76.55780450454152,spearman_armadillo,32569.3,32135.9,32169.8,32205.5,32310.7,32236.8,32265.4,32121.8,32293.2,32148.4,32227.6,32112.3,32300.9,32224.0,32116.9,32409.7,32139.5,32188.1,32139.8,32211.5,32127.5,32179.5,32142.3,32114.5,32113.8
results/GeneratedSparse/1000_cells_1000_features/0.9/sparse_arrayfirecuda_cosine.csv,cosine,arrayfirecuda,0.9,1000,1000,1000_1000,1000000,3.0,3.0,3.0,3.570989360442736,3.6053600030076267,3.5649381526551918,3.5761512327645533,3672.3,3768.35,4030.51,3723.825833333334,19.22524337008219,cosine_arrayfirecuda,4030.51,3733.87,3702.33,3722.27,3727.77,3672.3,3726.2,3700.43,3732.96,3727.15,3732.84,3701.46,3768.35,3700.6,3733.86,3716.89,3753.82,3742.13,3720.52,3717.28,3737.61,3714.04,3735.65,3723.12,3728.37
results/GeneratedSparse/1000_cells_1000_features/0.9/sparse_arrayfirecuda_euclidean.csv,euclidean,arrayfirecuda,0.9,1000,1000,1000_1000,1000000,3.0,3.0,3.0,3.568243195253611,3.5805189885036155,3.567104037900834,3.569288447036433,3690.66,3709.27,3806.44,3700.353333333333,4.83175922643323,euclidean_arrayfirecuda,3806.44,3695.06,3702.54,3702.53,3693.68,3690.66,3702.26,3696.75,3696.96,3701.18,3703.04,3692.24,3699.77,3707.12,3702.79,3700.39,3702.28,3699.78,3694.06,3697.37,3704.39,3703.13,3709.27,3702.54,3708.69
results/GeneratedSparse/1000_cells_1000_features/0.9/sparse_arrayfirecuda_manhattan.csv,manhattan,arrayfirecuda,0.9,1000,1000,1000_1000,1000000,3.0,3.0,3.0,4.145610192811278,4.16640939036744,4.1443126181878345,4.1465311220074454,13941.6,14013.0,14669.3,13983.316666666666,19.065756097137946,manhattan_arrayfirecuda,14669.3,14006.3,13975.3,13966.1,13986.9,14012.4,13978.7,13953.3,13989.1,14013.0,14001.2,13996.7,13988.1,13971.7,13986.6,13984.1,13979.4,13991.4,13953.7,13985.2,13948.5,13941.6,13996.3,13994.3,13999.7
results/GeneratedSparse/1000_cells_1000_features/0.9/sparse_arrayfirecuda_pearson.csv,pearson,arrayfirecuda,0.9,1000,1000,1000_1000,1000000,3.0,3.0,3.0,3.5728123277968784,3.5908217796734148,3.5692076518751996,3.576781181766638,3708.58,3773.82,3897.82,3739.4895833333335,16.084126097689918,pearson_arrayfirecuda,3897.82,3752.42,3727.57,3737.47,3744.5,3773.82,3744.55,3725.46,3754.04,3750.17,3732.35,3739.88,3746.61,3750.57,3714.15,3718.26,3749.8,3762.56,3725.59,3745.09,3757.51,3717.95,3708.58,3743.58,3725.27
results/GeneratedSparse/1000_cells_1000_features/0.9/sparse_raft_cosine.csv,cosine,raft,0.9,1000,1000,1000_1000,1000000,3.0,3.0,3.0,3.850507677122016,5.880644341367958,3.799667243881341,3.894802014143,6304.740905761719,7848.777435357786,759703.8745880127,7087.738354962202,355.27335132384985,cosine_raft,1512074.4705200195,7333.278656005859,7118.701934814453,7007.360458374023,6304.740905761719,7848.777435357786,6843.078923709635,6453.545371098178,7233.937423561321,7470.726241423943,6514.845506705268,7390.54773003339,6909.231262620241,7174.836786355023,6879.99392145103,6793.013391648562,7051.697419629484,7412.7346780717,7442.420667285185,7150.77556093661,7046.91988680934,7026.853842173692,7480.27664375437,7385.088327600353,6832.337543911673
results/GeneratedSparse/1000_cells_1000_features/0.9/sparse_raft_euclidean.csv,euclidean,raft,0.9,1000,1000,1000_1000,1000000,3.0,3.0,3.0,3.851838717867056,5.878481482192447,3.7797771100242197,3.9147046841493633,6022.50417897118,8216.837233237435,755929.8276901245,7109.494422894848,472.53317392590895,euclidean_raft,1504493.9517974854,7365.703582763672,7173.776626586914,7044.076919555664,6429.910659790039,7118.020839972265,6022.50417897118,7317.259962068636,6918.173453663845,6981.891488235333,6796.347265912836,6763.815167742841,7260.076791092681,8216.837233237435,7278.352394120762,7563.033202441557,7342.916957048313,7694.048669307391,6329.102725577543,7274.43338519774,7596.379939058061,7675.144986509377,6770.082453420848,6807.38992644059,6888.587340760825
results/GeneratedSparse/1000_cells_1000_features/0.9/sparse_raft_manhattan.csv,manhattan,raft,0.9,1000,1000,1000_1000,1000000,3.0,3.0,3.0,3.9092519813166904,5.8877137667593376,3.865834406349314,3.9505364644549243,7342.338562011719,8923.52540601916,772171.4973449706,8114.31720818863,354.55330271916847,manhattan_raft,1535940.647125244,8402.347564697266,8174.896240234375,8034.229278564453,7342.338562011719,7655.166348892222,8923.52540601916,7970.473348751922,8458.952220648362,8226.328933048171,8077.820147498057,8009.523186465244,8211.05581055068,7629.923529968431,8120.117416137124,8117.476322321041,8778.943150561083,8316.93161259331,8168.433832422907,7390.497845583193,8126.558658942068,7993.18822934739,8203.540932740465,8255.156941854231,8156.187476674234
results/GeneratedSparse/1000_cells_1000_features/0.9/sparse_raft_pearson.csv,pearson,raft,0.9,1000,1000,1000_1000,1000000,3.0,3.0,3.0,3.6373241134941545,5.653227055693639,3.5230540757043363,3.729139177098326,3334.6793157459906,5359.683902366113,450015.0680541992,4338.345278338325,555.1098016906872,pearson_raft,894838.809967041,5191.326141357422,4391.908645629883,3578.9012908935547,3617.286682128906,3334.6793157459906,3807.889248465504,4597.9908132117735,4570.365631451454,4151.952195712844,5359.683902366113,3916.804092479653,3976.0208654411167,4434.989170142424,4675.304610825089,3370.7966689730006,4962.234921277507,4380.794507307099,4092.194492547701,4317.388215768354,4570.947671690714,4244.108992183985,4369.61263314484,4990.812188847879,5216.293782527006
results/GeneratedSparse/1000_cells_1000_features/0.95/sparse_CPU_cosine.csv,cosine,CPU,0.95,1000,1000,1000_1000,1000000,3.0,3.0,3.0,4.416308974757314,4.43773867503501,4.347983405142049,4.503719202377811,22283.5,31894.75,27399.25,26080.083333333332,2151.5424816506,cosine_CPU,27399.25,27061.0,24043.25,27883.75,25277.0,24467.25,24764.25,27172.5,24561.5,28171.25,26721.0,26801.5,24897.25,22283.5,29651.75,23886.5,24415.0,27465.5,25844.5,26265.5,23376.75,31894.75,27758.0,27425.25,23833.5
results/GeneratedSparse/1000_cells_1000_features/0.95/sparse_CPU_euclidean.csv,euclidean,CPU,0.95,1000,1000,1000_1000,1000000,3.0,3.0,3.0,4.360243429508811,4.247254982667434,4.286192534331264,4.416732015691205,19328.25,26105.5,17670.75,22921.520833333332,1495.8784520528304,euclidean_CPU,17670.75,22074.25,23768.0,25389.0,19328.25,21691.25,22138.5,23580.25,24274.25,22013.5,23172.75,22422.5,21781.0,22005.75,20815.5,22420.0,24500.25,23952.5,22558.5,24298.25,22833.25,21143.25,26105.5,23850.5,23999.75
results/GeneratedSparse/1000_cells_1000_features/0.95/sparse_CPU_kendall.csv,kendall,CPU,0.95,1000,1000,1000_1000,1000000,3.0,3.0,3.0,5.353572206138472,5.360860742324674,5.350503866491711,5.356928423380155,224132.0,227472.25,229541.25,225721.125,870.5535415757034,kendall_CPU,229541.25,224905.0,226189.75,224247.0,226188.25,224963.0,225837.5,225445.75,224802.25,224132.0,224727.5,226116.0,225659.75,226818.75,226648.25,225931.5,226973.5,226773.5,227472.25,225012.5,225766.5,226105.75,225827.25,224679.5,226084.0
results/GeneratedSparse/1000_cells_1000_features/0.95/sparse_CPU_manhattan.csv,manhattan,CPU,0.95,1000,1000,1000_1000,1000000,3.0,3.0,3.0,4.232073154074869,4.44387291877104,3.5167336366163866,4.501127757522981,3286.5,31705.0,27789.0,17063.697916666668,5728.8045259693135,manhattan_CPU,27789.0,22908.5,12259.25,18185.75,3286.5,19552.75,23320.25,22223.25,23938.75,13814.0,11759.5,12359.25,14415.0,11873.25,19823.75,19850.0,18005.75,14821.25,22241.0,12620.25,31705.0,11126.25,17980.0,17047.0,14412.5
results/GeneratedSparse/1000_cells_1000_features/0.95/sparse_CPU_pearson.csv,pearson,CPU,0.95,1000,1000,1000_1000,1000000,3.0,3.0,3.0,4.44846089737394,4.240324555090434,4.357991987252086,4.547633198298535,22803.0,35288.5,17391.0,28084.125,3455.4704206699557,pearson_CPU,17391.0,25587.75,30985.5,33033.75,23456.25,25523.0,22803.0,32621.5,27055.0,25468.25,26558.25,25419.25,25938.75,31991.0,24279.75,29241.75,35288.5,26107.0,30262.0,25244.25,26641.0,34399.0,29583.75,29855.5,26675.25
results/GeneratedSparse/1000_cells_1000_features/0.95/sparse_CPU_spearman.csv,spearman,CPU,0.95,1000,1000,1000_1000,1000000,3.0,3.0,3.0,4.129144533981754,4.439825930092142,2.6399842480415887,4.524357170179344,436.5,33447.0,27531.25,13463.083333333334,8683.295985704231,spearman_CPU,27531.25,22436.75,10761.75,18580.5,21265.75,8908.25,18804.75,33447.0,13801.25,25894.25,25253.5,20023.75,13542.25,4458.75,7267.5,8502.25,21413.25,14386.75,12784.5,436.5,2821.5,639.0,4017.0,3984.25,9683.0
results/GeneratedSparse/1000_cells_1000_features/0.95/sparse_GPU_cosine.csv,cosine,GPU,0.95,1000,1000,1000_1000,1000000,3.0,3.0,3.0,3.3532869550262925,6.085953468486524,3.3216502030686006,3.378624983035352,2097.25,2391.25,1218859.0,2255.7291666666665,66.85528980047545,cosine_GPU,1218859.0,2299.0,2210.0,2205.0,2266.0,2391.25,2324.5,2283.75,2270.0,2295.25,2193.0,2097.25,2266.75,2233.5,2255.25,2259.5,2232.75,2334.75,2191.75,2236.5,2159.5,2183.5,2296.25,2389.5,2263.0
results/GeneratedSparse/1000_cells_1000_features/0.95/sparse_GPU_euclidean.csv,euclidean,GPU,0.95,1000,1000,1000_1000,1000000,3.0,3.0,3.0,3.356021871359103,6.081633502135277,3.3353575901491754,3.3867218521256777,2164.5,2436.25,1206795.0,2269.9791666666665,56.797470814924694,euclidean_GPU,1206795.0,2331.75,2263.25,2165.0,2164.5,2333.75,2266.0,2247.0,2249.25,2254.0,2279.75,2242.75,2261.5,2436.25,2329.0,2260.0,2271.25,2308.75,2346.5,2253.5,2223.25,2214.0,2246.5,2251.0,2281.0
results/GeneratedSparse/1000_cells_1000_features/0.95/sparse_GPU_kendall.csv,kendall,GPU,0.95,1000,1000,1000_1000,1000000,3.0,3.0,3.0,4.463736412029825,5.657867482940096,4.436321700139733,4.514567673968604,27310.0,32701.5,454849.25,29089.510416666668,1205.7638214512242,kendall_GPU,454849.25,30084.75,28470.75,27952.25,28358.75,27921.5,29976.75,27894.5,27919.75,29828.25,30824.75,30581.0,29868.75,29398.75,29625.5,28372.0,28191.75,32701.5,28487.0,28598.75,29255.25,27310.0,29559.5,29135.75,27830.75
results/GeneratedSparse/1000_cells_1000_features/0.95/sparse_GPU_manhattan.csv,manhattan,GPU,0.95,1000,1000,1000_1000,1000000,3.0,3.0,3.0,3.5449202860475326,5.6294865623142405,2.8536982117761744,3.812094106352245,714.0,6487.75,426075.5,3506.875,1504.8548621877128,manhattan_GPU,426075.5,4062.25,2556.0,815.25,2378.75,3437.75,714.0,2450.25,4654.5,6466.25,2101.5,3668.5,3354.75,2566.75,6487.75,3804.5,2761.25,4083.0,3127.25,6191.75,4298.5,4325.75,1747.75,4559.0,3552.0
results/GeneratedSparse/1000_cells_1000_features/0.95/sparse_GPU_pearson.csv,pearson,GPU,0.95,1000,1000,1000_1000,1000000,3.0,3.0,3.0,3.3496194685437026,6.086704904263622,3.3197304943302246,3.3722674440956544,2088.0,2356.5,1220969.75,2236.7604166666665,66.31814416628168,pearson_GPU,1220969.75,2305.0,2196.75,2253.75,2321.0,2172.75,2179.5,2191.0,2088.0,2257.25,2226.5,2214.25,2226.5,2315.25,2280.5,2231.75,2226.25,2155.25,2219.5,2296.75,2202.0,2129.5,2313.25,2323.5,2356.5
results/GeneratedSparse/1000_cells_1000_features/0.95/sparse_GPU_spearman.csv,spearman,GPU,0.95,1000,1000,1000_1000,1000000,3.0,3.0,3.0,3.606445187734801,5.61500788377777,3.38377049853043,3.75249020417992,2419.75,5655.75,412105.0,4040.59375,939.665329420589,spearman_GPU,412105.0,5085.5,3592.0,4384.5,4572.75,2692.75,5624.0,4284.0,5500.75,5563.0,4208.5,5655.75,4314.0,3479.0,2774.75,2779.5,2419.75,3654.5,4132.75,3925.0,4025.5,3810.25,2944.0,3422.25,4129.5
results/GeneratedSparse/1000_cells_1000_features/0.95/sparse_armadillo_cosine.csv,cosine,armadillo,0.95,1000,1000,1000_1000,1000000,3.0,3.0,3.0,4.682893536370046,4.682994775592381,4.672822617040965,4.689990406192086,47078.5,48976.8,48194.2,48182.966666666674,409.9754491294439,cosine_armadillo,48194.2,48008.6,48763.5,48179.8,47869.8,48645.2,48343.9,48146.8,48039.8,48480.0,48405.3,47299.2,48332.8,48386.4,48113.2,48103.7,47078.5,48043.4,48360.1,47777.8,48334.8,48568.4,48224.3,47909.1,48976.8
results/GeneratedSparse/1000_cells_1000_features/0.95/sparse_armadillo_euclidean.csv,euclidean,armadillo,0.95,1000,1000,1000_1000,1000000,3.0,3.0,3.0,4.71972475712962,4.727572974006685,4.71520835866755,4.722684093808815,51904.9,52806.1,53403.9,52447.49583333333,260.30937759898706,euclidean_armadillo,53403.9,52741.5,52551.3,52132.2,52320.0,52604.4,52468.7,52343.6,52656.4,51904.9,52764.4,52795.1,52692.7,52446.2,52806.1,52672.1,51979.3,52002.4,52294.9,52413.9,52523.9,52548.4,52449.3,52107.1,52521.1
results/GeneratedSparse/1000_cells_1000_features/0.95/sparse_armadillo_manhattan.csv,manhattan,armadillo,0.95,1000,1000,1000_1000,1000000,3.0,3.0,3.0,6.465529216919454,6.446563571872478,6.452751157301903,6.475964618872324,2836293.419142756,2992020.8725513658,2796170.0,2920984.2611870877,37661.488406180026,manhattan_armadillo,2796170.0,2881570.0,2912150.0,2932010.0,2969890.0,2836293.419142756,2895244.7130568065,2896966.857783574,2992020.8725513658,2911577.780908038,2960870.198780428,2904102.1269605034,2957446.3612213214,2912335.4358620425,2950096.921314353,2902051.2379622445,2892709.5411116458,2861267.9977925755,2954515.631481308,2934898.664631018,2933391.2407619967,2988625.0673882323,2884139.0509468582,2913006.692036046,2926442.45679699
results/GeneratedSparse/1000_cells_1000_features/0.95/sparse_armadillo_pearson.csv,pearson,armadillo,0.95,1000,1000,1000_1000,1000000,3.0,3.0,3.0,4.712628484364629,4.714742059890617,4.709474336649271,4.715370650451499,51224.1,51924.3,51849.2,51597.479166666664,232.52865231903272,pearson_armadillo,51849.2,51737.7,51810.3,51275.6,51290.8,51495.6,51859.1,51673.0,51352.5,51881.4,51398.3,51803.7,51442.8,51924.3,51636.4,51260.5,51635.3,51282.4,51723.3,51472.2,51224.1,51873.0,51882.8,51826.7,51577.7
results/GeneratedSparse/1000_cells_1000_features/0.95/sparse_armadillo_spearman.csv,spearman,armadillo,0.95,1000,1000,1000_1000,1000000,3.0,3.0,3.0,4.469869184667506,4.468489117707541,4.466744577526408,4.474130271085285,29291.7,29794.1,29409.6,29503.204166666663,117.6585224253029,spearman_armadillo,29409.6,29536.7,29660.2,29548.0,29397.3,29411.3,29628.5,29526.5,29636.1,29353.7,29402.7,29504.5,29391.2,29390.8,29468.5,29524.0,29636.0,29582.5,29291.7,29451.0,29329.8,29530.1,29794.1,29509.2,29572.5
results/GeneratedSparse/1000_cells_1000_features/0.95/sparse_arrayfirecuda_cosine.csv,cosine,arrayfirecuda,0.95,1000,1000,1000_1000,1000000,3.0,3.0,3.0,3.4673529041881883,3.496004750814479,3.466249088635921,3.4685688527234655,2925.83,2941.5,3133.32,2933.275833333333,4.102962259825923,cosine_arrayfirecuda,3133.32,2936.33,2929.82,2934.92,2935.84,2934.51,2925.83,2936.34,2932.06,2929.64,2928.72,2930.55,2932.74,2933.84,2938.17,2934.44,2926.66,2931.74,2935.54,2940.96,2936.77,2941.5,2928.35,2928.61,2934.74
results/GeneratedSparse/1000_cells_1000_features/0.95/sparse_arrayfirecuda_euclidean.csv,euclidean,arrayfirecuda,0.95,1000,1000,1000_1000,1000000,3.0,3.0,3.0,3.465709750644434,3.4849714083501313,3.464984069372644,3.4668157390749044,2917.32,2929.65,3054.72,2922.19875,2.701248650315845,euclidean_arrayfirecuda,3054.72,2923.89,2920.13,2923.2,2923.06,2922.26,2921.09,2929.65,2925.02,2917.32,2925.67,2921.12,2921.1,2924.03,2922.89,2917.82,2921.8,2918.9,2919.82,2922.06,2926.25,2920.85,2923.31,2920.77,2920.76
results/GeneratedSparse/1000_cells_1000_features/0.95/sparse_arrayfirecuda_manhattan.csv,manhattan,arrayfirecuda,0.95,1000,1000,1000_1000,1000000,3.0,3.0,3.0,4.140449509899051,4.164590760190224,4.1360003729080015,4.147574307150347,13677.3,14046.7,14608.0,13818.137499999999,94.36036779504784,manhattan_arrayfirecuda,14608.0,13875.3,13747.8,13809.5,13915.3,13686.3,13677.3,13824.6,13708.1,13761.8,13923.7,13696.7,13815.0,13689.8,13870.1,14046.7,13894.9,13907.8,13866.6,13836.1,13816.9,13846.0,13691.3,13798.8,13928.9
results/GeneratedSparse/1000_cells_1000_features/0.95/sparse_arrayfirecuda_pearson.csv,pearson,arrayfirecuda,0.95,1000,1000,1000_1000,1000000,3.0,3.0,3.0,3.4732113428426197,3.5011798067309825,3.472254600526181,3.474698383866348,2966.57,2983.31,3170.88,2973.1124999999997,5.219086965169322,pearson_arrayfirecuda,3170.88,2978.34,2969.36,2974.33,2966.97,2971.77,2968.52,2967.74,2966.57,2973.73,2966.79,2982.91,2969.06,2972.47,2978.26,2975.44,2969.62,2967.6,2973.93,2975.07,2976.69,2983.31,2979.34,2966.71,2980.17
results/GeneratedSparse/1000_cells_1000_features/0.95/sparse_raft_cosine.csv,cosine,raft,0.95,1000,1000,1000_1000,1000000,3.0,3.0,3.0,3.7696182903011364,5.856388520223368,3.713537399325403,3.8178436073584323,5170.557823769976,6574.210525609877,718436.7179870605,5883.263368159568,347.3667276529813,cosine_raft,1430722.2366333008,6151.1993408203125,5774.736404418945,6028.175354003906,5291.70036315918,6129.963765291879,5942.969683266936,6024.371419136424,5773.074216162168,5827.477142678102,5987.934841781205,6475.713349199083,5289.1576608017995,5170.557823769976,5829.457772289047,5816.760470239445,5525.510423639406,6574.210525609877,5970.554150110954,5820.942751113126,6362.014316544698,5922.788997667278,6149.268201568905,5444.839912571633,5914.94194998534
results/GeneratedSparse/1000_cells_1000_features/0.95/sparse_raft_euclidean.csv,euclidean,raft,0.95,1000,1000,1000_1000,1000000,3.0,3.0,3.0,3.7994532723377525,5.839672719563947,3.7729836935186114,3.8206452138621407,5929.030623946327,6616.757432147244,691309.8096847534,6301.635402634699,161.6695110719533,euclidean_raft,1376122.4746704102,6497.14469909668,6271.600723266602,6170.749664306641,6111.14501953125,6332.541135155766,6299.326193113659,6345.8027198253,6340.526912098959,6465.873004591318,6113.229069277434,6505.096940339371,6306.542277496922,6544.219146441087,6110.774062454933,6170.79860458298,5929.030623946327,6346.442321962237,6207.022759013342,6273.770983761226,6264.959478685913,6268.670109632673,6533.880331106283,6616.757432147244,6213.345451398621
results/GeneratedSparse/1000_cells_1000_features/0.95/sparse_raft_manhattan.csv,manhattan,raft,0.95,1000,1000,1000_1000,1000000,3.0,3.0,3.0,3.831089899044659,5.843336103482559,3.811529666566954,3.850658900711181,6479.323538832702,7090.206771919756,697165.846824646,6777.817940575111,157.79703415033455,manhattan_raft,1387362.9570007324,6968.73664855957,6636.857986450195,6589.889526367188,6688.356399536133,6604.486822504306,6849.378944021102,6646.775900563857,6636.7139107590665,6479.323538832702,7026.963420612685,6963.47961829476,6900.97600342753,6625.388776934586,6772.31470279056,6733.24385622046,7090.206771919756,6929.836080751918,6723.918339963124,6764.298643882503,6947.399116865686,6627.580668659072,6708.155755393172,6868.40124076216,6884.947899730565
results/GeneratedSparse/1000_cells_1000_features/0.95/sparse_raft_pearson.csv,pearson,raft,0.95,1000,1000,1000_1000,1000000,3.0,3.0,3.0,3.6103440252047427,5.638505385696184,3.281091648260997,3.7232687146848056,1910.2563334546085,5287.72322334412,435016.1552429199,4077.0311084331,816.8313063823063,pearson_raft,865096.5690612793,4935.741424560547,4199.028015136719,3430.12809753418,3449.2015838623047,3702.3063282062712,2298.3997774104464,5059.820921311269,3733.640033054996,5287.72322334412,4107.711845719863,5181.557291154582,4097.247159827214,4672.434915157841,1910.2563334546085,4316.604897606305,3673.2574952702175,3816.256633515048,4991.050343865581,3960.6746742404903,4311.097189739606,4179.283771352692,3331.4473439482367,4517.256543025468,4686.620760095793
results/GeneratedSparse/1000_cells_1000_features/0.99/sparse_CPU_cosine.csv,cosine,CPU,0.99,1000,1000,1000_1000,1000000,3.0,3.0,3.0,4.431806712926143,4.437211322624582,4.361383095997437,4.504566002663273,22981.75,31957.0,27366.0,27027.552083333332,2501.017980221552,cosine_CPU,27366.0,29329.0,24885.0,29268.75,24621.0,24680.25,28435.25,25091.0,29656.5,27239.0,24532.25,24784.75,28773.5,26544.0,30968.0,30401.0,25769.75,26364.0,31957.0,23973.25,28481.5,29636.5,22981.75,24210.75,26077.5
results/GeneratedSparse/1000_cells_1000_features/0.99/sparse_CPU_euclidean.csv,euclidean,CPU,0.99,1000,1000,1000_1000,1000000,3.0,3.0,3.0,4.338341098051603,4.227288817114195,4.043990665878134,4.4685024078935065,11066.0,29410.5,16876.75,21794.208333333332,4470.623383933411,euclidean_CPU,16876.75,20283.0,27434.25,25784.75,27438.0,25981.0,22094.75,23826.5,28199.75,18450.5,21795.75,23730.25,20756.75,11737.5,19349.0,19573.75,29410.5,22666.25,17102.5,21729.75,11066.0,21134.0,19349.0,20582.0,23585.5
results/GeneratedSparse/1000_cells_1000_features/0.99/sparse_CPU_kendall.csv,kendall,CPU,0.99,1000,1000,1000_1000,1000000,3.0,3.0,3.0,4.585384815342835,4.594207410853148,4.256771849062734,4.712458182670786,18062.25,51577.25,39283.25,38493.270833333336,7505.902129018157,kendall_CPU,39283.25,44043.5,34090.75,30095.75,28935.25,36838.25,46325.0,44689.25,46186.5,47786.0,44848.0,39951.0,35882.5,41017.25,40467.0,37761.25,29736.25,35671.25,45104.75,29377.25,51577.25,18062.25,42711.75,34793.25,37887.25
results/GeneratedSparse/1000_cells_1000_features/0.99/sparse_CPU_manhattan.csv,manhattan,CPU,0.99,1000,1000,1000_1000,1000000,3.0,3.0,3.0,4.1006440472685455,4.3083562864900316,3.4150986071598526,4.47465689309272,2600.75,29830.25,20340.25,12607.9375,7306.082910781861,manhattan_CPU,20340.25,18037.0,2600.75,7654.0,13928.5,29830.25,13381.5,17582.5,16669.5,8016.0,9329.75,6382.75,22009.75,23342.25,,3846.25,4788.0,7626.25,19103.5,11803.75,13263.0,2963.5,,,
results/GeneratedSparse/1000_cells_1000_features/0.99/sparse_CPU_pearson.csv,pearson,CPU,0.99,1000,1000,1000_1000,1000000,3.0,3.0,3.0,4.362390376900642,4.235484257720949,4.290307351723721,4.434572895693078,19512.25,27200.25,17198.25,23035.114583333332,1976.8570909969255,pearson_CPU,17198.25,24965.0,21572.75,22290.5,23900.0,21377.5,19512.25,24741.5,21008.25,25703.75,22024.25,23018.25,25017.25,27200.25,21217.5,21040.25,22657.75,21219.75,24175.25,20829.5,24892.5,20657.75,24725.0,23652.0,25444.0
results/GeneratedSparse/1000_cells_1000_features/0.99/sparse_CPU_spearman.csv,spearman,CPU,0.99,1000,1000,1000_1000,1000000,3.0,3.0,3.0,4.053948562284726,4.304183440242554,2.469822015978163,4.54419521197134,295.0,35010.25,20145.75,11322.6625,10730.899094226392,spearman_CPU,20145.75,17466.5,2528.5,515.25,24279.25,12711.75,,3565.75,10869.5,,35010.25,25861.75,,14856.75,918.75,,34550.75,5569.0,14389.5,6529.5,1487.75,295.0,4552.5,3706.0,6789.25
results/GeneratedSparse/1000_cells_1000_features/0.99/sparse_GPU_cosine.csv,cosine,GPU,0.99,1000,1000,1000_1000,1000000,3.0,3.0,3.0,3.62598087331167,6.043766416122454,2.798477998063984,3.9774034808734346,628.75,9493.0,1106028.75,4226.5,2696.604879288028,cosine_GPU,1106028.75,5537.5,1756.75,4386.5,,2804.5,4006.25,3756.5,,2367.25,1240.25,3537.5,1555.25,2766.5,628.75,3462.5,9132.5,899.5,9493.0,6303.25,,5621.75,9390.5,2846.75,7263.25
results/GeneratedSparse/1000_cells_1000_features/0.99/sparse_GPU_euclidean.csv,euclidean,GPU,0.99,1000,1000,1000_1000,1000000,3.0,3.0,3.0,3.272141483572592,6.0867049931877,3.2463138925166395,3.3005954838899636,1763.25,1998.0,1220970.0,1871.2916666666667,62.747288564703915,euclidean_GPU,1220970.0,1923.0,1826.0,1764.75,1778.25,1848.0,1861.5,1861.0,1842.0,1831.0,1856.5,1924.5,1917.75,1854.0,1939.0,1813.5,1890.0,1939.5,1971.25,1909.5,1865.75,1763.25,1998.0,1800.0,1933.0
results/GeneratedSparse/1000_cells_1000_features/0.99/sparse_GPU_kendall.csv,kendall,GPU,0.99,1000,1000,1000_1000,1000000,3.0,3.0,3.0,3.6746956472973142,5.596879844717129,3.3747941552482565,3.857528487904046,2370.25,7203.25,395257.25,4728.197916666667,1160.8248952324777,kendall_GPU,395257.25,5535.25,4012.25,6131.75,5517.25,4778.0,6048.25,4926.0,5081.25,3992.75,4226.5,2370.25,3680.5,4443.5,6295.25,3274.25,5128.25,4211.5,4646.25,4050.5,3286.25,7203.25,4948.25,3201.5,6488.0
results/GeneratedSparse/1000_cells_1000_features/0.99/sparse_GPU_manhattan.csv,manhattan,GPU,0.99,1000,1000,1000_1000,1000000,3.0,3.0,3.0,3.4767018374476013,5.473630008218322,2.9786369483844743,3.6715430852625737,952.0,4694.0,297598.0,2997.1041666666665,965.8712628714928,manhattan_GPU,297598.0,3553.5,1917.5,4694.0,3615.25,3479.25,3504.0,3512.0,2798.0,2216.75,3171.25,2881.5,2599.0,2871.75,1954.75,3809.5,3207.75,3049.75,3690.0,1798.0,952.0,1047.0,4411.75,4495.75,2700.5
results/GeneratedSparse/1000_cells_1000_features/0.99/sparse_GPU_pearson.csv,pearson,GPU,0.99,1000,1000,1000_1000,1000000,3.0,3.0,3.0,3.2735895837068965,6.03929164672969,3.2631624649622166,3.2850507117969214,1833.0,1927.75,1094691.25,1877.5416666666667,26.548174241471965,pearson_GPU,1094691.25,1861.25,1902.25,1862.75,1879.75,1859.5,1846.75,1927.75,1886.5,1892.0,1918.0,1913.75,1857.5,1896.0,1833.0,1837.75,1906.0,1848.25,1872.5,1846.5,1908.5,1889.0,1873.25,1889.0,1853.5
results/GeneratedSparse/1000_cells_1000_features/0.99/sparse_GPU_spearman.csv,spearman,GPU,0.99,1000,1000,1000_1000,1000000,3.0,3.0,3.0,3.4211244506561247,5.468514959362379,2.8739015978644615,3.5812383297478494,748.0,3812.75,294113.5,2637.086956521739,741.1957715653737,spearman_GPU,294113.5,3645.0,2057.5,3812.75,,3431.5,748.0,2477.0,2162.75,2453.0,3549.75,2928.25,2317.0,2272.5,1789.5,1857.25,2073.25,2766.5,3179.5,3206.0,3512.25,2322.0,2173.75,3549.75,2368.25
results/GeneratedSparse/1000_cells_1000_features/0.99/sparse_armadillo_cosine.csv,cosine,armadillo,0.99,1000,1000,1000_1000,1000000,3.0,3.0,3.0,3.9026497240746574,3.8956379822243434,3.8976930550627227,3.907507561396644,7901.2,8081.79,7863.9,7991.894166666666,46.55946286888292,cosine_armadillo,7863.9,7965.94,7932.08,8021.58,8019.76,7921.2,8001.57,7973.38,7969.62,7945.1,7901.2,8001.14,8081.79,8015.19,7984.69,7978.67,7949.55,7973.52,8051.2,8051.99,8048.4,8036.52,8043.91,7932.58,8004.88
results/GeneratedSparse/1000_cells_1000_features/0.99/sparse_armadillo_euclidean.csv,euclidean,armadillo,0.99,1000,1000,1000_1000,1000000,3.0,3.0,3.0,4.046532345712509,4.072558684818884,3.9247510664585716,4.14386724241316,8409.13,13927.31,11818.4,11130.952916666667,1493.1242642874681,euclidean_armadillo,11818.4,11952.6,11929.3,12036.2,9212.77,9049.37,9473.76,12605.51,10457.19,9476.88,10604.86,13927.31,11387.47,11323.3,11959.07,8409.13,12577.94,12118.49,13747.78,9601.95,12283.42,9585.64,10664.83,10228.67,12529.43
results/GeneratedSparse/1000_cells_1000_features/0.99/sparse_armadillo_manhattan.csv,manhattan,armadillo,0.99,1000,1000,1000_1000,1000000,3.0,3.0,3.0,6.492078707087265,6.487315169488137,6.486895801500116,6.498672699866864,3068285.738816177,3152627.792770174,3071250.0,3105122.277722091,20010.10161486688,manhattan_armadillo,3071250.0,3088970.0,3130930.0,3091280.0,3111330.0,3120317.739660564,3083446.003737848,3095764.806979561,3109868.120299192,3080723.917254966,3109988.545403032,3068285.738816177,3102466.79890102,3097605.7243299657,3102896.9513763613,3092762.432085699,3152627.792770174,3122422.0368581014,3145009.6265873043,3114951.8211016376,3087483.6181453094,3113614.865607826,3111522.069860936,3110824.205621595,3077841.8499329146
results/GeneratedSparse/1000_cells_1000_features/0.99/sparse_armadillo_pearson.csv,pearson,armadillo,0.99,1000,1000,1000_1000,1000000,3.0,3.0,3.0,4.026014975117576,4.055756645018502,3.8844849618154753,4.107617946914919,7664.52,12812.03,11369.9,10617.321666666667,1153.3478274522777,pearson_armadillo,11369.9,11387.7,11451.4,11478.9,9019.32,12338.07,11656.54,11127.65,9345.91,9939.74,9553.24,11729.26,11127.52,10152.32,9584.25,10891.34,12812.03,9719.16,10221.26,9747.56,11603.08,7664.52,10399.0,11433.46,10432.49
results/GeneratedSparse/1000_cells_1000_features/0.99/sparse_armadillo_spearman.csv,spearman,armadillo,0.99,1000,1000,1000_1000,1000000,3.0,3.0,3.0,4.433350466688955,4.43446830211713,4.42707206615203,4.439956051054812,26734.5,27539.5,27193.7,27123.795833333334,220.31533741277642,spearman_armadillo,27193.7,27078.5,26823.3,27365.4,27301.5,27119.1,27189.3,27428.4,27030.5,27539.5,27127.3,26941.2,26850.7,27104.7,27305.5,27164.6,26984.4,26734.5,27290.0,26970.1,27391.6,27232.1,27372.0,26837.2,26789.7
results/GeneratedSparse/1000_cells_1000_features/0.99/sparse_arrayfirecuda_cosine.csv,cosine,arrayfirecuda,0.99,1000,1000,1000_1000,1000000,3.0,3.0,3.0,3.2992770703278773,3.4221480989601214,3.296213113315693,3.3019583928242215,1977.94,2004.28,2643.31,1991.9437500000001,5.558802938058375,cosine_arrayfirecuda,2643.31,1995.7,1988.47,1988.63,1977.94,2004.28,1990.96,1997.9,1996.51,1994.83,1995.56,1987.25,1997.36,1988.26,1993.55,1989.3,1992.67,1997.36,1992.53,1989.5,1981.23,1988.42,1993.48,1988.2,1996.76
results/GeneratedSparse/1000_cells_1000_features/0.99/sparse_arrayfirecuda_euclidean.csv,euclidean,arrayfirecuda,0.99,1000,1000,1000_1000,1000000,3.0,3.0,3.0,3.304168798776852,3.4337170435419493,3.3037833621152233,3.3044797564474067,2012.72,2015.95,2714.67,2014.5070833333332,0.727017188968442,euclidean_arrayfirecuda,2714.67,2014.1,2014.95,2013.77,2015.0,2012.72,2014.23,2014.18,2013.1,2014.38,2014.74,2014.53,2014.95,2014.53,2015.04,2015.48,2014.02,2015.17,2014.95,2015.95,2014.16,2013.67,2014.47,2014.63,2015.45
results/GeneratedSparse/1000_cells_1000_features/0.99/sparse_arrayfirecuda_manhattan.csv,manhattan,arrayfirecuda,0.99,1000,1000,1000_1000,1000000,3.0,3.0,3.0,4.128695240996188,4.147042193401106,4.124986506374021,4.132755834079818,13334.8,13575.5,14029.5,13449.1625,64.36917489826436,manhattan_arrayfirecuda,14029.5,13457.8,13368.4,13440.6,13508.1,13387.2,13465.6,13407.6,13496.8,13433.5,13465.9,13385.3,13515.8,13374.4,13426.0,13512.6,13408.9,13384.9,13542.0,13522.6,13575.5,13369.3,13334.8,13529.9,13466.4
results/GeneratedSparse/1000_cells_1000_features/0.99/sparse_arrayfirecuda_pearson.csv,pearson,arrayfirecuda,0.99,1000,1000,1000_1000,1000000,3.0,3.0,3.0,3.3097639123687497,3.4287954559979883,3.293203394748058,3.3204910912256875,1964.28,2091.66,2684.08,2040.6283333333333,27.249365079249497,pearson_arrayfirecuda,2684.08,2063.26,2020.08,2044.19,1964.28,2022.62,2036.63,2058.15,2066.88,2053.11,2060.77,2091.66,2086.45,2049.63,2020.85,1999.69,2028.05,2020.32,2032.7,2053.96,2037.04,2010.96,2039.98,2051.45,2062.37
results/GeneratedSparse/1000_cells_1000_features/0.99/sparse_raft_cosine.csv,cosine,raft,0.99,1000,1000,1000_1000,1000000,3.0,3.0,3.0,3.7092906967320114,5.881635777508905,3.6334749958116728,3.759687052232001,4300.064756083493,5750.254310877891,761440.1578903197,5120.244464552575,384.0142400783689,cosine_raft,1517463.445663452,5416.8701171875,5279.541015625,5195.856094360352,4390.954971313477,5434.129601474277,4969.247259483957,4935.388003738113,4875.978569282774,5423.588238772681,5015.590898989398,5319.666627888197,4411.211767581068,5275.362109003124,5579.724150365914,5157.650158361754,5502.287741264161,5204.955376501804,5607.989628072311,4820.629067927717,5750.254310877891,5209.726707023948,4300.064756083493,4640.36848506553,5168.831493017359
results/GeneratedSparse/1000_cells_1000_features/0.99/sparse_raft_euclidean.csv,euclidean,raft,0.99,1000,1000,1000_1000,1000000,3.0,3.0,3.0,3.708780531651675,5.890054835142469,3.5894105775883047,3.768552856427275,3885.174929125405,5868.847929203339,776345.1337814331,5114.233252386841,479.6809883841669,euclidean_raft,1547296.0472106934,5394.220352172852,5273.580551147461,5116.22428894043,4409.074783325195,5396.464406031154,4962.338405134513,4593.47600041548,5269.03371857888,4542.65068236661,4894.105798469024,4709.173136699821,4544.366863402606,5463.115297777761,5667.264921859723,5850.463807209458,5455.589684590177,5277.663399430431,4821.87167131655,5063.469436752426,5232.685183549653,5410.606360312533,3885.174929125405,5868.847929203339,5640.136449472691
results/GeneratedSparse/1000_cells_1000_features/0.99/sparse_raft_manhattan.csv,manhattan,raft,0.99,1000,1000,1000_1000,1000000,3.0,3.0,3.0,3.704610061791044,5.871670042161625,3.649831496080982,3.760560008549761,4465.103149414063,5761.824269468665,744166.374206543,5065.357028999867,316.22911367366504,manhattan_raft,1482920.4082489014,5412.34016418457,5305.767059326172,5181.074142456055,4465.103149414063,5137.950363717294,5036.1898503716375,5291.918471770872,4888.699502209724,5532.712142919576,5104.673753536256,5761.824269468665,4740.038766323761,4575.712561562152,5004.101405793936,5068.8771846774125,5060.443442595686,5214.105008859024,4872.098230702534,4857.336752857868,4750.330072875503,5184.296980821975,5595.208825147993,4648.959341446493,4878.807252957577
results/GeneratedSparse/1000_cells_1000_features/0.99/sparse_raft_pearson.csv,pearson,raft,0.99,1000,1000,1000_1000,1000000,3.0,3.0,3.0,3.5804519795693706,5.637503701507561,3.4189926138491584,3.691523434529791,2624.173913047224,4914.999008178711,434013.9627456665,3805.8527353171667,596.3397759202998,pearson_raft,863112.9264831543,4914.999008178711,4141.092300415039,3377.676010131836,3412.485122680664,4469.336824093059,4097.662471522402,4637.501633912091,3741.650744369171,4231.115579699145,4532.540778709556,2624.173913047224,3621.874097353265,3146.562920772993,3627.344585056932,2902.250153057262,3885.857349099007,3067.941307483407,4049.094502080575,3115.754140782814,3742.390978221734,4488.402220881538,3833.220410522795,3268.94247925066,4410.596116290124
results/GeneratedSparse/1000_cells_100_features/0.5/sparse_CPU_cosine.csv,cosine,CPU,0.5,1000,100,1000_100,100000,3.0,2.0,3.0,4.129360878669032,4.1942575743665325,3.9874428049358013,4.221401195770177,9715.0,16649.5,15640.75,13469.791666666666,1641.8030257455437,cosine_CPU,15640.75,12674.25,15317.75,13629.25,12723.5,14204.25,14536.25,13713.0,11009.5,16649.5,14816.5,12484.75,14768.0,12424.0,14325.75,16373.75,12832.5,10337.25,9715.0,13553.25,14469.75,13253.0,13632.0,13759.75,12072.5
results/GeneratedSparse/1000_cells_100_features/0.5/sparse_CPU_euclidean.csv,euclidean,CPU,0.5,1000,100,1000_100,100000,3.0,2.0,3.0,4.34625168431875,4.174626667518491,4.18113585445742,4.481195311237397,15175.25,30282.75,14949.5,22194.822916666668,3852.5641714582757,euclidean_CPU,14949.5,26138.25,19366.75,22483.0,21064.75,22938.25,22739.75,18020.5,26261.25,22166.75,27840.75,21371.5,20682.0,27663.5,30282.75,25631.75,15175.25,19617.25,24996.25,17107.5,22464.0,18660.75,24654.0,16032.0,19317.25
results/GeneratedSparse/1000_cells_100_features/0.5/sparse_CPU_kendall.csv,kendall,CPU,0.5,1000,100,1000_100,100000,3.0,2.0,3.0,5.293815215305797,5.307839273003645,5.292671886461391,5.294698192091034,196187.75,197105.25,203160.5,196704.91666666666,218.9132565398653,kendall_CPU,203160.5,196513.5,196796.0,196798.5,196531.5,196783.25,196706.0,196805.25,196655.25,196603.25,196649.5,197058.0,196905.75,196870.75,196437.5,196219.5,196881.75,196864.0,196840.75,196632.0,197105.25,196568.75,196709.75,196187.75,196794.5
results/GeneratedSparse/1000_cells_100_features/0.5/sparse_CPU_manhattan.csv,manhattan,CPU,0.5,1000,100,1000_100,100000,3.0,2.0,3.0,4.311917051931856,4.428098331207687,3.6576771954233034,4.713601832545086,4546.5,51713.25,26797.75,20507.704545454544,12015.945815645342,manhattan_CPU,26797.75,26565.25,11054.5,10784.75,30778.0,15597.25,6505.5,20276.75,37195.5,35572.25,22069.75,12379.25,33350.0,24264.25,8936.25,24030.5,15323.5,4546.5,51713.25,4946.0,,25336.5,,6350.75,23593.25
results/GeneratedSparse/1000_cells_100_features/0.5/sparse_CPU_pearson.csv,pearson,CPU,0.5,1000,100,1000_100,100000,3.0,2.0,3.0,4.184285272596784,4.168084796140683,3.8005624364205652,4.375393810440251,6317.75,23735.25,14726.0,15285.697916666666,4351.0633943152125,pearson_CPU,14726.0,11210.0,19972.25,10432.75,15326.75,15879.75,16993.25,14800.75,18832.0,9704.0,18304.25,23735.25,14380.75,6317.75,13377.0,15513.25,17290.5,18606.5,14413.75,15544.75,21216.0,9717.5,8391.5,22319.5,14577.0
results/GeneratedSparse/1000_cells_100_features/0.5/sparse_CPU_spearman.csv,spearman,CPU,0.5,1000,100,1000_100,100000,3.0,2.0,3.0,4.2770027118052445,4.408324780170415,3.8939835672118472,4.491140988147354,7834.0,30984.25,25605.0,18923.554347826088,6507.417928192027,spearman_CPU,25605.0,21170.75,10978.25,,10043.75,13902.25,22912.75,9281.75,28723.0,16842.0,12203.75,20903.5,16425.25,21085.0,30984.25,21588.0,20562.5,11309.0,24719.5,24092.75,22936.5,20469.5,7834.0,29539.25,16734.5
results/GeneratedSparse/1000_cells_100_features/0.5/sparse_GPU_cosine.csv,cosine,GPU,0.5,1000,100,1000_100,100000,3.0,2.0,3.0,3.2459083288519053,6.039770134350362,3.2454509738752857,3.24619072334908,1759.75,1762.75,1095898.0,1761.6041666666667,0.7427309779156619,cosine_GPU,1095898.0,1761.0,1762.0,1762.25,1761.5,1762.25,1761.75,1762.0,1760.5,1762.25,1762.25,1761.25,1762.25,1761.5,1760.75,1761.0,1762.75,1760.5,1762.25,1762.75,1761.25,1761.25,1759.75,1761.75,1761.75
results/GeneratedSparse/1000_cells_100_features/0.5/sparse_GPU_euclidean.csv,euclidean,GPU,0.5,1000,100,1000_100,100000,3.0,2.0,3.0,3.292629824738633,6.081484308622813,3.161966616364075,3.3881900415998545,1452.0,2444.5,1206380.5,1961.6875,293.48162607521107,euclidean_GPU,1206380.5,2172.25,1805.0,1842.5,1779.75,2252.75,2259.25,1949.0,1612.75,2433.25,2444.5,2072.25,1586.25,2063.25,1632.75,1573.5,2227.5,1903.75,1452.0,1796.75,1815.75,2195.25,1632.75,2192.0,2385.75
results/GeneratedSparse/1000_cells_100_features/0.5/sparse_GPU_kendall.csv,kendall,GPU,0.5,1000,100,1000_100,100000,3.0,2.0,3.0,4.403063655774368,5.504472561608787,4.376709232498515,4.430337134161018,23807.25,26936.25,319501.25,25296.6875,766.414250510399,kendall_GPU,319501.25,26253.75,24727.0,26262.0,23857.5,25818.25,25199.0,24308.75,24537.25,26936.25,23807.25,24906.5,25137.0,25485.75,25332.75,25209.75,25733.25,25653.5,26048.75,25507.0,25350.25,24528.5,25437.5,26325.75,24757.25
results/GeneratedSparse/1000_cells_100_features/0.5/sparse_GPU_manhattan.csv,manhattan,GPU,0.5,1000,100,1000_100,100000,3.0,2.0,3.0,3.542372067664514,5.47793082081742,3.161667412437736,3.710857489788406,1451.0,5138.75,300559.75,3486.358695652174,1020.1068779951839,manhattan_GPU,300559.75,4074.0,2411.0,2302.25,4076.75,1451.0,3773.5,2786.25,3030.25,3797.0,3210.75,3528.25,3662.5,3984.5,4830.0,,4281.75,4558.0,1738.5,1894.25,4073.5,4913.25,2638.0,4032.25,5138.75
results/GeneratedSparse/1000_cells_100_features/0.5/sparse_GPU_pearson.csv,pearson,GPU,0.5,1000,100,1000_100,100000,3.0,2.0,3.0,3.4377670730936094,6.054187359952497,2.301572524756275,3.8414689689470993,200.25,6941.75,1132889.0,2740.1041666666665,1538.2336578115517,pearson_GPU,1132889.0,3737.75,1727.25,3101.75,3024.5,571.5,6941.75,3133.5,3725.75,5054.75,4393.25,200.25,500.75,237.75,2756.0,2961.75,2192.5,1544.0,2608.0,1764.75,3611.25,2439.0,2602.5,2926.25,4006.0
results/GeneratedSparse/1000_cells_100_features/0.5/sparse_GPU_spearman.csv,spearman,GPU,0.5,1000,100,1000_100,100000,3.0,2.0,3.0,3.65848540178122,5.478465485131264,3.2555739938220456,3.8328759918337543,1801.25,6805.75,300930.0,4554.96875,1104.16701331559,spearman_GPU,300930.0,5159.75,3578.5,4401.25,5175.75,3277.25,5312.25,3192.25,4275.75,5449.25,1801.25,5012.5,5867.0,6805.75,6392.5,4696.75,3208.75,4800.75,4517.0,4171.5,5202.0,3550.75,5041.75,4805.25,3623.75
results/GeneratedSparse/1000_cells_100_features/0.5/sparse_armadillo_cosine.csv,cosine,armadillo,0.5,1000,100,1000_100,100000,3.0,2.0,3.0,4.961297057197954,4.960845450537368,4.958114545446213,4.9670670846064375,90806.0,92697.3,91378.8,91473.87083333335,492.79144970190663,cosine_armadillo,91378.8,92067.6,91885.5,91066.6,91102.4,92256.8,91294.2,91266.2,91201.9,91301.8,92697.3,91072.6,90806.0,92350.8,90813.2,91335.2,91664.5,91339.8,91055.4,91055.8,91753.9,91102.7,91619.4,91323.0,91940.3
results/GeneratedSparse/1000_cells_100_features/0.5/sparse_armadillo_euclidean.csv,euclidean,armadillo,0.5,1000,100,1000_100,100000,3.0,2.0,3.0,4.965155449886647,4.959726178396721,4.9439246401954815,4.991578685986055,87887.0,98079.6,91143.6,92290.17083333334,2596.014567479537,euclidean_armadillo,91143.6,96844.2,91292.6,90595.3,90658.0,93610.1,96390.4,93559.9,89338.9,91561.0,91066.2,94644.4,90050.0,91772.0,93629.3,90148.9,87887.0,90756.0,98079.6,90539.3,92286.4,90647.0,97046.7,90701.6,91859.3
results/GeneratedSparse/1000_cells_100_features/0.5/sparse_armadillo_manhattan.csv,manhattan,armadillo,0.5,1000,100,1000_100,100000,3.0,2.0,3.0,5.447116667993276,5.47214625384751,5.4414233220432555,5.450447729518207,276327.0,282129.0,296583.0,279973.3333333333,1416.8547522201734,manhattan_armadillo,296583.0,281264.0,279159.0,279227.0,278803.0,281874.0,280637.0,278751.0,281422.0,278766.0,281437.0,280917.0,278783.0,282129.0,279385.0,278189.0,278982.0,281717.0,276327.0,280411.0,278999.0,280748.0,279298.0,280691.0,281444.0
results/GeneratedSparse/1000_cells_100_features/0.5/sparse_armadillo_pearson.csv,pearson,armadillo,0.5,1000,100,1000_100,100000,3.0,2.0,3.0,4.9718486143173655,4.961591455969225,4.968998658800153,4.974371664308947,93110.5,94269.6,91535.9,93723.52500000001,313.9678211351184,pearson_armadillo,91535.9,93945.6,94061.7,93650.0,93335.9,94269.6,93806.2,93984.4,93863.5,93452.0,93492.4,93110.5,93505.0,93272.1,93432.5,94037.1,93463.6,94082.5,93819.5,93916.5,93805.0,94188.0,93252.2,93893.5,93725.3
results/GeneratedSparse/1000_cells_100_features/0.5/sparse_armadillo_spearman.csv,spearman,armadillo,0.5,1000,100,1000_100,100000,3.0,2.0,3.0,3.8935821324060704,3.8958179828131496,3.889021982836608,3.8967003412796073,7745.01,7883.16,7867.16,7826.762083333332,29.1540114419906,spearman_armadillo,7867.16,7777.04,7836.38,7840.3,7848.65,7806.38,7813.03,7830.63,7841.03,7820.99,7795.46,7813.18,7818.58,7833.13,7847.85,7809.88,7851.53,7798.19,7825.92,7870.45,7852.32,7883.16,7745.01,7838.63,7844.57
results/GeneratedSparse/1000_cells_100_features/0.5/sparse_arrayfirecuda_cosine.csv,cosine,arrayfirecuda,0.5,1000,100,1000_100,100000,3.0,2.0,3.0,3.319787429350153,3.3877776703073956,3.216764789151375,3.3957491219334397,1647.27,2487.42,2442.18,2088.27375,212.74447417055083,cosine_arrayfirecuda,2442.18,2217.54,1832.25,2068.63,2105.23,2162.23,1897.78,1957.53,2487.42,2418.75,1647.27,2001.57,1855.94,2256.35,1922.18,1810.53,2102.3,1927.28,2080.49,2168.52,2428.76,2199.87,2441.31,2054.47,2074.37
results/GeneratedSparse/1000_cells_100_features/0.5/sparse_arrayfirecuda_euclidean.csv,euclidean,arrayfirecuda,0.5,1000,100,1000_100,100000,3.0,2.0,3.0,3.3132275178866095,3.3892529345761813,3.14619627659232,3.406201128112409,1400.22,2548.01,2450.49,2056.9679166666665,330.0753945815406,euclidean_arrayfirecuda,2450.49,2288.97,1871.37,1661.62,2535.55,1573.25,2340.06,2394.43,2472.22,1885.83,2298.39,2065.02,1400.22,1819.8,2548.01,2323.65,1569.09,2096.16,2031.03,1694.67,2024.16,2105.21,1726.54,2198.92,2443.06
results/GeneratedSparse/1000_cells_100_features/0.5/sparse_arrayfirecuda_manhattan.csv,manhattan,arrayfirecuda,0.5,1000,100,1000_100,100000,3.0,2.0,3.0,3.5016513324828886,3.56363057087986,3.3176392732844375,3.5890801426130787,2077.97,3882.22,3661.26,3174.324583333333,438.59260997516407,manhattan_arrayfirecuda,3661.26,3442.78,2906.28,2960.62,3127.89,2883.95,2077.97,3603.68,2834.12,3694.66,3618.98,3791.53,3539.92,2883.32,2688.42,3056.72,2903.7,2788.78,3882.22,2820.84,3215.2,2807.21,3806.39,3501.82,3346.79
results/GeneratedSparse/1000_cells_100_features/0.5/sparse_arrayfirecuda_pearson.csv,pearson,arrayfirecuda,0.5,1000,100,1000_100,100000,3.0,2.0,3.0,3.3162192416505842,3.3894070952311273,3.2266952591055644,3.4370240179376146,1685.37,2735.42,2451.36,2071.1866666666665,255.1087353572111,pearson_arrayfirecuda,2451.36,2231.2,1855.28,2354.13,1792.17,2043.88,2081.41,2476.24,1746.07,1797.79,2093.07,2382.9,1685.37,2735.42,1837.53,2031.85,2283.25,2186.74,2288.85,2042.56,1950.44,1771.25,1911.08,2118.94,2011.06
results/GeneratedSparse/1000_cells_100_features/0.5/sparse_raft_cosine.csv,cosine,raft,0.5,1000,100,1000_100,100000,3.0,2.0,3.0,3.7965724011772686,5.844141603090406,3.7852919016014646,3.8116611066943733,6099.467219361177,6481.284816343267,698460.1020812988,6259.972151383013,97.60760984795007,cosine_raft,1390574.6936798096,6345.510482788086,6289.72053527832,6210.3271484375,6116.867065429688,6196.579043058481,6364.10907421929,6320.471140230389,6184.492333298304,6258.478279128716,6313.526667256837,6293.877494614568,6228.933430664964,6465.1695605466875,6206.0665326389135,6099.467219361177,6277.414919058271,6237.498661704952,6125.99067638484,6373.276067329535,6176.874762291886,6161.574475035432,6481.284816343267,6243.001193813686,6268.820054278523
results/GeneratedSparse/1000_cells_100_features/0.5/sparse_raft_euclidean.csv,euclidean,raft,0.5,1000,100,1000_100,100000,3.0,2.0,3.0,3.7773429606976325,5.8822565097756,3.7141983982101014,3.8419934724557105,5178.433436568834,6950.138712946116,762529.2539596558,5988.84345056769,442.33158903385214,euclidean_raft,1518531.7993164062,6526.708602905273,6349.325180053711,6096.124649047852,5414.962768554688,6554.151950429539,6010.397117681266,6324.811052080369,5949.015025699545,6457.549598334749,6123.2938420324335,5645.549111969151,5532.141582924849,5924.8474305194495,5730.9868072525205,5178.433436568834,5960.788087848724,5621.424699403448,5538.40509161604,5487.295960054888,5806.64578281662,6950.138712946116,5588.695765933029,6577.741145141353,6382.809411810132
results/GeneratedSparse/1000_cells_100_features/0.5/sparse_raft_manhattan.csv,manhattan,raft,0.5,1000,100,1000_100,100000,3.0,2.0,3.0,3.805791643278393,5.847378689335366,3.749533610186889,3.858754173898569,5617.377497350557,7223.608059874969,703685.6412887573,6394.279904974864,405.5066077951928,manhattan_raft,1400439.739227295,6931.543350219727,6401.538848876953,6576.299667358398,5911.350250244141,5761.411009861111,6475.188065370742,6719.356228087921,6197.556773308996,5707.581166583382,6255.113999912025,6652.318295930828,6170.788878632834,6410.821637339068,6090.965966342808,5617.377497350557,6853.349341551923,6587.092014570997,6675.037082050348,6134.183249987361,6863.737209690904,6585.172293083091,7223.608059874969,6638.513804700998,6022.813028466645
results/GeneratedSparse/1000_cells_100_features/0.5/sparse_raft_pearson.csv,pearson,raft,0.5,1000,100,1000_100,100000,3.0,2.0,3.0,3.393306222592396,5.648054442100577,3.2653510076374426,3.4940684690439943,1842.2603607177732,3119.381333889116,444687.00885772705,2473.467581129916,296.510203472028,pearson_raft,886503.4580230713,2870.5596923828125,2598.7625122070312,2523.8990783691406,1842.2603607177732,2569.1882378232326,1943.0655227685331,2455.9984162749074,2238.771470047844,2314.5400126727,2262.279234334551,2750.349094407549,2440.3213682727624,2862.0438581905078,3119.381333889116,2761.3845028948617,2074.837899246666,2180.8495913667807,2651.3234156051926,2298.41108776548,2585.145656448795,2669.7855746378173,2373.026280564403,2381.8870707276724,2595.150675501861
results/GeneratedSparse/1000_cells_100_features/0.75/sparse_CPU_cosine.csv,cosine,CPU,0.75,1000,100,1000_100,100000,3.0,2.0,3.0,4.420803281382825,4.258086284327979,4.333527878521092,4.53384511231236,21554.0,34185.75,18117.0,26351.375,3517.7310906380644,cosine_CPU,18117.0,28704.75,23121.75,22439.5,32677.25,31338.5,28675.75,23731.0,22845.0,34185.75,27360.25,25026.5,23672.0,24730.5,26225.25,29989.75,23561.0,22930.25,23171.75,26856.0,24312.0,29052.75,21554.0,31165.5,25106.25
results/GeneratedSparse/1000_cells_100_features/0.75/sparse_CPU_euclidean.csv,euclidean,CPU,0.75,1000,100,1000_100,100000,3.0,2.0,3.0,4.291369775583696,4.125806458139527,4.282236808665103,4.300388938407136,19153.0,19970.5,13360.0,19560.041666666668,224.42586084025362,euclidean_CPU,13360.0,19762.25,19438.5,19598.25,19634.25,19300.25,19293.25,19153.0,19792.75,19568.75,19341.75,19879.25,19538.0,19804.5,19802.5,19439.5,19627.5,19292.25,19287.25,19705.0,19491.0,19350.5,19890.5,19479.75,19970.5
results/GeneratedSparse/1000_cells_100_features/0.75/sparse_CPU_kendall.csv,kendall,CPU,0.75,1000,100,1000_100,100000,3.0,2.0,3.0,4.977044918713934,4.992353554965267,4.974353927224039,4.9803942880084495,94265.75,95586.0,98254.75,94851.65625,332.4445584456214,kendall_CPU,98254.75,95157.25,94438.5,94751.5,94648.25,94852.0,94611.25,95036.5,95202.75,94884.75,95145.0,95065.75,94887.0,94265.75,94343.0,94540.75,95066.5,95217.25,94828.75,94568.0,94657.25,95586.0,95227.5,94355.25,95103.25
results/GeneratedSparse/1000_cells_100_features/0.75/sparse_CPU_manhattan.csv,manhattan,CPU,0.75,1000,100,1000_100,100000,3.0,2.0,3.0,4.162431220383099,4.368468190572148,2.6655809910179533,4.4805279275270715,463.0,30236.25,23359.75,14535.541666666666,6745.757223937543,manhattan_CPU,23359.75,18956.25,6845.25,22639.0,30236.25,9286.25,11158.75,6843.75,25440.25,13513.0,18940.25,9237.75,13963.75,14505.75,14986.0,20382.75,463.0,1208.5,17061.75,14296.5,14871.0,15797.0,18302.0,13805.5,16112.75
results/GeneratedSparse/1000_cells_100_features/0.75/sparse_CPU_pearson.csv,pearson,CPU,0.75,1000,100,1000_100,100000,3.0,2.0,3.0,4.21403790150586,4.152035952080606,4.178012375922649,4.264623054914202,15066.5,18391.75,14191.75,16369.59375,908.0416479656118,pearson_CPU,14191.75,15665.25,17335.0,15409.5,18391.75,15657.75,15466.75,15816.0,17258.0,16632.75,16739.25,16212.25,16341.0,16575.5,16225.0,15267.5,15402.25,15066.5,15854.5,15860.5,17165.75,17917.75,17101.75,15658.0,17850.0
results/GeneratedSparse/1000_cells_100_features/0.75/sparse_CPU_spearman.csv,spearman,CPU,0.75,1000,100,1000_100,100000,3.0,2.0,3.0,4.114884000248177,4.351917034799811,3.0728929567206027,4.4246611680673675,1182.75,26586.5,22486.25,13028.1875,7400.168674263587,spearman_CPU,22486.25,17925.25,6892.25,13373.75,26586.5,6663.5,5616.75,25196.25,4431.75,15498.5,18904.75,8212.5,2913.25,20815.0,14713.5,16385.5,4452.0,7998.25,24102.75,14640.75,8794.75,8328.0,16236.5,1182.75,22811.75
results/GeneratedSparse/1000_cells_100_features/0.75/sparse_GPU_cosine.csv,cosine,GPU,0.75,1000,100,1000_100,100000,3.0,2.0,3.0,3.7614285408180614,6.057372703932357,1.7283537820212285,4.134559577422625,53.5,13632.0,1141228.75,5773.358695652174,3282.66989181368,cosine_GPU,1141228.75,6471.25,1482.0,7060.5,13091.5,4602.25,1137.75,,2923.5,6686.75,6492.0,3478.0,7366.25,13632.0,53.5,9333.5,4045.5,3382.0,7432.5,4671.75,7720.0,3611.5,7313.75,6552.5,4247.0
results/GeneratedSparse/1000_cells_100_features/0.75/sparse_GPU_euclidean.csv,euclidean,GPU,0.75,1000,100,1000_100,100000,3.0,2.0,3.0,3.5847731079810545,6.045043923417747,2.475307913956194,3.912580719620731,298.75,8176.75,1109287.0,3843.909090909091,1785.7546271328674,euclidean_GPU,1109287.0,5006.0,1416.5,5703.0,3533.0,5362.0,4863.0,4197.25,4266.75,2071.75,4632.0,2729.5,4330.5,2571.0,,6423.75,4024.25,1059.0,2113.25,298.75,3807.25,,4109.25,8176.75,3871.5
results/GeneratedSparse/1000_cells_100_features/0.75/sparse_GPU_kendall.csv,kendall,GPU,0.75,1000,100,1000_100,100000,3.0,2.0,3.0,3.8271403248760336,5.482193394654978,3.627800957327028,3.920553753485052,4244.25,8328.25,303524.25,6716.458333333333,974.0457741497003,kendall_GPU,303524.25,7707.0,6099.25,4244.25,5936.5,6338.5,7482.25,6393.0,7829.0,6088.75,7532.0,7701.5,7183.25,4872.25,8328.25,7636.5,7254.0,6972.25,6152.25,6047.25,6637.75,6890.75,5624.75,6471.5,7772.25
results/GeneratedSparse/1000_cells_100_features/0.75/sparse_GPU_manhattan.csv,manhattan,GPU,0.75,1000,100,1000_100,100000,3.0,2.0,3.0,3.46068959947736,5.47757304781302,3.118595365223762,3.683947130751512,1314.0,4830.0,300312.25,2888.6145833333335,1033.7945626710173,manhattan_GPU,300312.25,3755.5,2096.5,3760.25,2614.5,2732.5,2322.25,3404.25,3884.5,2566.25,4790.5,1314.0,2583.0,3010.5,2763.25,1571.25,2613.25,2260.75,1879.25,3977.75,4562.75,4830.0,3225.5,1459.25,1349.25
results/GeneratedSparse/1000_cells_100_features/0.75/sparse_GPU_pearson.csv,pearson,GPU,0.75,1000,100,1000_100,100000,3.0,2.0,3.0,3.2047331037144584,6.040696960912063,3.1375914523814146,3.291202294560029,1372.75,1955.25,1098239.25,1602.2604166666667,143.10322758645145,pearson_GPU,1098239.25,1679.5,1463.25,1774.5,1456.5,1747.0,1714.5,1502.75,1591.75,1596.5,1556.25,1613.5,1822.0,1469.5,1484.25,1475.5,1484.5,1701.0,1436.25,1616.0,1955.25,1696.25,1755.25,1489.75,1372.75
results/GeneratedSparse/1000_cells_100_features/0.75/sparse_GPU_spearman.csv,spearman,GPU,0.75,1000,100,1000_100,100000,3.0,2.0,3.0,3.475545590308241,5.479666708245303,3.0674428427763805,3.745016204741772,1168.0,5559.25,301763.5,2989.1354166666665,1217.198394750486,spearman_GPU,301763.5,4239.5,2572.25,2999.0,2660.25,2113.25,1209.0,4672.25,3063.5,3769.5,4219.75,1707.0,3096.25,4173.75,2827.75,1328.75,3484.0,5559.25,1520.75,4214.0,3400.0,4308.25,1684.75,1168.0,1748.5
results/GeneratedSparse/1000_cells_100_features/0.75/sparse_armadillo_cosine.csv,cosine,armadillo,0.75,1000,100,1000_100,100000,3.0,2.0,3.0,4.73168373154143,4.72992252312362,4.729313040301034,4.734201963415307,53618.3,54225.3,53693.6,53911.7875,158.31626130549594,cosine_armadillo,53693.6,54050.3,54087.8,53753.3,53785.3,53955.5,54174.9,53840.2,54113.9,53798.7,53760.9,53935.8,53676.0,53925.1,53618.3,54024.7,54015.0,53923.3,53780.4,54125.4,53859.0,53805.6,54225.3,53802.4,53845.8
results/GeneratedSparse/1000_cells_100_features/0.75/sparse_armadillo_euclidean.csv,euclidean,armadillo,0.75,1000,100,1000_100,100000,3.0,2.0,3.0,4.7468480181652595,4.746265904306878,4.74244545929291,4.753183814723395,55264.4,56647.9,55752.7,55827.479166666664,371.45842743969655,euclidean_armadillo,55752.7,55365.9,56098.7,55762.9,55980.4,55264.4,55449.6,56021.4,55492.6,56086.3,55889.9,55391.7,56314.1,55723.8,56524.6,56647.9,55285.4,56092.0,55688.1,55523.7,55502.0,55937.1,56111.4,56002.8,55702.8
results/GeneratedSparse/1000_cells_100_features/0.75/sparse_armadillo_manhattan.csv,manhattan,armadillo,0.75,1000,100,1000_100,100000,3.0,2.0,3.0,5.472953384746215,5.496060189360586,5.471482406627663,5.474226465504673,296130.0,298007.0,313372.0,297134.7083333333,411.7241672898927,manhattan_armadillo,313372.0,297349.0,297065.0,297279.0,296592.0,297628.0,296416.0,297034.0,296720.0,297269.0,297189.0,296633.0,297281.0,297086.0,297457.0,297547.0,296838.0,296990.0,297213.0,297356.0,297412.0,297188.0,297554.0,298007.0,296130.0
results/GeneratedSparse/1000_cells_100_features/0.75/sparse_armadillo_pearson.csv,pearson,armadillo,0.75,1000,100,1000_100,100000,3.0,2.0,3.0,4.751264216565087,4.754994708569809,4.74823998413077,4.753429841575423,56006.7,56680.0,56884.6,56398.06666666667,193.67096165633305,pearson_armadillo,56884.6,56651.1,56527.2,56290.7,56247.2,56294.3,56006.7,56291.2,56144.4,56056.4,56531.6,56593.3,56569.4,56644.2,56305.3,56607.2,56229.3,56193.7,56502.6,56418.1,56321.0,56647.0,56428.8,56680.0,56372.9
results/GeneratedSparse/1000_cells_100_features/0.75/sparse_armadillo_spearman.csv,spearman,armadillo,0.75,1000,100,1000_100,100000,3.0,2.0,3.0,3.9285649748040967,3.8864348837206384,3.926019178315848,3.9312676344911153,8433.72,8536.26,7699.01,8483.302916666667,30.312541337314556,spearman_armadillo,7699.01,8490.47,8475.38,8470.61,8536.26,8455.56,8437.53,8492.37,8450.64,8480.96,8523.54,8501.36,8508.78,8433.72,8439.49,8501.82,8455.21,8484.69,8449.88,8535.24,8525.19,8499.78,8509.05,8466.72,8475.02
results/GeneratedSparse/1000_cells_100_features/0.75/sparse_arrayfirecuda_cosine.csv,cosine,arrayfirecuda,0.75,1000,100,1000_100,100000,3.0,2.0,3.0,3.289179285977896,3.496310960356825,3.192324871993822,3.4288892920937886,1557.13,2684.66,3135.53,1946.1633333333332,294.95589061002926,cosine_arrayfirecuda,3135.53,2172.37,1738.05,2110.39,1601.13,2211.38,1862.18,1747.6,2123.57,1557.13,1776.14,1659.98,2146.75,1859.78,1805.82,2684.66,2111.53,1679.24,1594.12,2445.41,2190.46,1965.61,1691.01,1652.13,2321.48
results/GeneratedSparse/1000_cells_100_features/0.75/sparse_arrayfirecuda_euclidean.csv,euclidean,arrayfirecuda,0.75,1000,100,1000_100,100000,3.0,2.0,3.0,3.287304189051476,3.395623394355836,3.064540347612162,3.4778878313608637,1160.22,3005.3,2486.7,1937.7787500000002,368.60490385271714,euclidean_arrayfirecuda,2486.7,2223.16,1740.75,1692.7,2117.28,1639.45,1859.23,1939.7,1756.62,3005.3,1896.25,1840.55,1568.52,1884.55,1813.4,2165.54,2271.28,2121.67,1873.17,1160.22,2525.47,1665.45,2100.41,1412.6,2233.42
results/GeneratedSparse/1000_cells_100_features/0.75/sparse_arrayfirecuda_manhattan.csv,manhattan,arrayfirecuda,0.75,1000,100,1000_100,100000,3.0,2.0,3.0,3.480984323141141,3.5458548975127977,3.4134858504149865,3.5577260985200287,2591.11,3611.82,3514.43,3026.804166666667,244.2410141287472,manhattan_arrayfirecuda,3514.43,3314.81,2825.27,2750.48,3043.82,3273.53,3491.45,2974.4,2959.89,2851.54,2591.11,3611.82,3287.93,3132.47,3022.13,3273.28,2745.44,3062.91,2877.83,2794.72,2870.11,3132.52,2865.66,2864.48,3025.7
results/GeneratedSparse/1000_cells_100_features/0.75/sparse_arrayfirecuda_pearson.csv,pearson,arrayfirecuda,0.75,1000,100,1000_100,100000,3.0,2.0,3.0,3.289084714098086,3.3994469986572677,3.050971045952767,3.413443946034776,1124.53,2590.86,2508.69,1945.7395833333333,349.4628535633791,pearson_arrayfirecuda,2508.69,2189.86,1764.42,2269.53,2529.43,1946.77,1920.52,1968.4,1498.86,2230.68,1936.21,1719.34,1993.4,2087.26,2069.98,2241.09,2174.82,2590.86,1530.67,1821.81,1746.62,1214.28,2039.87,1124.53,2088.54
results/GeneratedSparse/1000_cells_100_features/0.75/sparse_raft_cosine.csv,cosine,raft,0.75,1000,100,1000_100,100000,3.0,2.0,3.0,3.7041307856721923,5.8683842178885675,3.6293621033823844,3.7781800318451566,4259.534139360134,6000.397643761538,738557.3387145996,5059.770115798631,424.6412720729063,cosine_raft,1471627.950668335,5486.726760864258,5380.868911743164,5208.730697631836,4526.615142822266,5205.120389581942,5763.872782466384,4556.66534653866,4976.382183219155,4733.211501405058,4333.916912669238,5171.905421184412,5096.615110014043,5169.957775332206,4928.076453439617,5048.914001073585,5367.824308579764,4853.506769293374,5117.210907424603,4778.953809506898,6000.397643761538,5735.565652811363,4921.911420340349,4259.534139360134,4811.998738103304
results/GeneratedSparse/1000_cells_100_features/0.75/sparse_raft_euclidean.csv,euclidean,raft,0.75,1000,100,1000_100,100000,3.0,2.0,3.0,3.7128746848730354,5.863405911386182,3.6558421898862967,3.76051524728573,4527.33039855957,5761.230448322296,730139.6131515503,5162.6737947415395,344.25174355341755,euclidean_raft,1454810.8577728271,5468.3685302734375,5308.389663696289,5189.180374145508,4527.33039855957,5248.54149530361,4651.352055693957,5716.503725310688,4743.7116770790735,5279.63164170938,5186.605187684221,5717.103131770425,4964.675099011134,5761.230448322296,5018.246160246279,5159.150821352288,4791.089572702686,5432.571347836755,4882.306843926704,5156.265368793044,5671.663408448028,5105.075439796227,4681.000399506969,5275.140304806344,4969.0379778220295
results/GeneratedSparse/1000_cells_100_features/0.75/sparse_raft_manhattan.csv,manhattan,raft,0.75,1000,100,1000_100,100000,3.0,2.0,3.0,3.7408579112704414,5.890486417357521,3.6370407281753705,3.7918012476283556,4335.515349828512,6191.57656289143,777117.0139312745,5506.275173617585,416.8741070503994,manhattan_raft,1548256.874084473,5977.153778076172,5773.782730102539,5628.585815429688,5003.213882446289,6072.133734533736,5614.980156985241,5891.045380554848,5079.786429274784,6032.454928567668,5706.663520626044,5627.4103836798,5654.488448760535,5088.879751309959,5684.371883748638,5341.069765811146,5078.7311743297405,5573.219916436211,5474.138373599876,5448.690038054063,5645.532556260784,6191.57656289143,5134.99938893229,5092.180216582053,4335.515349828512
results/GeneratedSparse/1000_cells_100_features/0.75/sparse_raft_pearson.csv,pearson,raft,0.75,1000,100,1000_100,100000,3.0,2.0,3.0,3.407168571935206,5.6421208601721835,3.3624961831748683,3.455437083520585,2304.072726474746,2853.889039369234,438652.75382995605,2553.6923291208186,144.78488178075233,pearson_raft,874522.9244232178,2782.583236694336,2527.7137756347656,2500.772476196289,2472.8775024414062,2678.221706205068,2502.1937102034835,2610.577768281829,2593.1461457453297,2557.5891908482927,2430.4145076631503,2304.072726474746,2484.8950398313505,2340.044542497052,2514.755048182839,2464.1627099236935,2852.349901166149,2477.277741915242,2506.6068061220567,2576.445500679245,2568.8139469199728,2853.889039369234,2776.932552495161,2564.157411454569,2348.1229119543927
results/GeneratedSparse/1000_cells_100_features/0.9/sparse_CPU_cosine.csv,cosine,CPU,0.9,1000,100,1000_100,100000,3.0,2.0,3.0,4.226657087845109,4.050708349916778,4.2148703286112195,4.238253159512379,16401.0,17308.25,11238.5,16852.21875,262.00922686221855,cosine_CPU,11238.5,16725.75,17125.5,17015.25,17176.5,17058.25,16829.25,16962.0,16927.75,17095.75,17187.5,16430.75,17033.5,16401.0,16468.25,16949.0,17090.5,16534.5,16664.0,16449.0,16822.75,16830.25,16675.0,17308.25,16693.0
results/GeneratedSparse/1000_cells_100_features/0.9/sparse_CPU_euclidean.csv,euclidean,CPU,0.9,1000,100,1000_100,100000,3.0,2.0,3.0,4.229054654778785,4.20422854270696,4.129520716372493,4.377497487986816,13474.75,23850.5,16004.0,16945.510416666668,2793.5802478994574,euclidean_CPU,16004.0,14459.75,18311.25,17343.25,19103.5,18665.0,23850.5,20389.0,20186.25,21537.0,15911.75,13474.75,13946.5,15577.75,14437.5,15683.75,19705.0,13665.5,17054.5,18314.75,14143.25,13730.0,17642.75,14481.0,15078.0
results/GeneratedSparse/1000_cells_100_features/0.9/sparse_CPU_kendall.csv,kendall,CPU,0.9,1000,100,1000_100,100000,3.0,2.0,3.0,4.592491465190255,4.689257788773905,4.35204738325048,4.714172530099431,22493.0,51781.25,48894.25,39128.34375,6782.936691469395,kendall_CPU,48894.25,43269.25,34133.75,22493.0,46403.75,37268.5,33069.5,34396.0,37037.75,33627.5,48747.5,42436.25,51781.25,42156.25,39436.5,33519.25,31722.75,46786.5,45190.75,45265.5,39019.5,33322.25,34802.5,47859.0,35335.5
results/GeneratedSparse/1000_cells_100_features/0.9/sparse_CPU_manhattan.csv,manhattan,CPU,0.9,1000,100,1000_100,100000,3.0,2.0,3.0,4.094424234001318,4.307078657986946,3.4564039942742886,4.383438335256655,2860.25,24179.0,20280.5,12428.657894736842,5165.978197614383,manhattan_CPU,20280.5,16635.0,2860.25,10561.5,9587.5,13267.25,8163.5,4563.75,,,19986.75,,16368.5,8009.0,,9680.0,8568.0,24179.0,16645.25,10929.75,,16560.5,13007.25,15921.0,10650.75
results/GeneratedSparse/1000_cells_100_features/0.9/sparse_CPU_pearson.csv,pearson,CPU,0.9,1000,100,1000_100,100000,3.0,2.0,3.0,4.151059100035084,4.60738263476848,3.819971439325659,4.355446730791751,6606.5,22669.75,40493.25,14159.864583333334,3808.555970866757,pearson_CPU,40493.25,11079.5,17046.0,11653.25,18837.0,11736.75,19117.0,10117.75,15013.25,18337.5,11948.75,14619.75,15971.0,9554.75,13092.5,12890.75,10929.25,17542.75,15064.25,8081.0,17840.25,14490.25,15597.25,6606.5,22669.75
results/GeneratedSparse/1000_cells_100_features/0.9/sparse_CPU_spearman.csv,spearman,CPU,0.9,1000,100,1000_100,100000,3.0,2.0,3.0,4.136938892301302,4.318532870756846,3.420615770625765,4.488060448537629,2634.0,30765.25,20822.5,13706.888888888889,8189.850451516797,spearman_CPU,20822.5,17015.5,2634.0,7543.5,11993.5,,3124.25,,23148.5,30765.25,10587.25,13879.75,,,7277.0,16828.75,18147.75,12747.5,8250.0,,5740.5,,29144.5,21934.25,5962.25
results/GeneratedSparse/1000_cells_100_features/0.9/sparse_GPU_cosine.csv,cosine,GPU,0.9,1000,100,1000_100,100000,3.0,2.0,3.0,3.1713546339911383,6.038610029618068,3.0169289290369714,3.241172786770047,1039.75,1742.5,1092974.5,1483.7291666666667,182.20371092353074,cosine_GPU,1092974.5,1578.75,1288.5,1589.0,1315.75,1624.75,1583.25,1617.75,1483.5,1039.75,1610.75,1351.75,1461.75,1742.5,1101.75,1564.75,1657.75,1442.0,1453.0,1550.75,1421.5,1742.0,1264.25,1709.5,1414.5
results/GeneratedSparse/1000_cells_100_features/0.9/sparse_GPU_euclidean.csv,euclidean,GPU,0.9,1000,100,1000_100,100000,3.0,2.0,3.0,3.149331393551033,6.081217017923379,3.1279142943715934,3.1728946977521764,1342.5,1489.0,1205638.25,1410.3645833333333,39.108421618534486,euclidean_GPU,1205638.25,1389.25,1471.0,1408.25,1382.0,1465.5,1398.25,1416.0,1417.75,1489.0,1370.5,1349.25,1455.5,1425.25,1342.5,1387.5,1416.75,1472.0,1366.0,1437.75,1367.75,1376.25,1413.0,1414.75,1417.0
results/GeneratedSparse/1000_cells_100_features/0.9/sparse_GPU_kendall.csv,kendall,GPU,0.9,1000,100,1000_100,100000,3.0,2.0,3.0,3.652260446478474,5.470941273063276,3.229681842317676,3.8435909077665396,1697.0,6975.75,295761.25,4490.145833333333,1071.3840102795257,kendall_GPU,295761.25,5471.0,3921.0,4653.75,5960.25,3819.25,5338.5,3617.0,4182.5,6975.75,5063.75,4542.25,4251.25,4064.5,1697.0,5518.25,3767.25,4615.75,5017.0,2908.5,2981.75,4455.25,4760.0,5252.5,4929.5
results/GeneratedSparse/1000_cells_100_features/0.9/sparse_GPU_manhattan.csv,manhattan,GPU,0.9,1000,100,1000_100,100000,3.0,2.0,3.0,3.3700463778972582,5.514549080775937,1.105510184769974,3.704407927386841,12.75,5063.0,327001.0,2344.4791666666665,1233.2448389915546,manhattan_GPU,327001.0,3457.25,1897.25,1211.5,2433.0,3101.75,3242.5,2595.0,1702.75,2504.0,1917.25,2405.5,2420.0,5063.0,1728.5,1367.5,2361.25,12.75,4025.25,346.75,3585.25,1010.0,2115.75,4722.0,1041.75
results/GeneratedSparse/1000_cells_100_features/0.9/sparse_GPU_pearson.csv,pearson,GPU,0.9,1000,100,1000_100,100000,3.0,2.0,3.0,3.135540108386744,6.0442140153887225,3.073901558314207,3.1815577738627865,1185.5,1519.0,1107169.25,1366.28125,85.00632061365104,pearson_GPU,1107169.25,1426.75,1314.0,1334.0,1519.0,1209.25,1256.0,1426.0,1489.25,1449.5,1307.75,1428.5,1298.0,1286.25,1185.5,1511.75,1360.0,1352.75,1393.25,1373.0,1395.25,1378.0,1302.5,1403.25,1391.25
results/GeneratedSparse/1000_cells_100_features/0.9/sparse_GPU_spearman.csv,spearman,GPU,0.9,1000,100,1000_100,100000,3.0,2.0,3.0,3.406540180433955,5.480390017269333,2.627109711211139,3.6261863349272834,423.75,4228.5,302266.5,2550.0,972.5693473560981,spearman_GPU,302266.5,3624.0,2115.0,3149.25,2317.0,2761.25,808.75,423.75,2781.5,3200.25,1916.0,2176.75,3489.5,3171.0,1963.0,1428.5,1546.5,3418.5,2904.25,4228.5,2833.0,918.25,3477.0,3046.0,3502.5
results/GeneratedSparse/1000_cells_100_features/0.9/sparse_armadillo_cosine.csv,cosine,armadillo,0.9,1000,100,1000_100,100000,3.0,2.0,3.0,4.427294223561588,4.501053782126623,4.420714687488031,4.432086985778083,26346.0,27045.0,31699.6,26748.179166666665,172.00584529594374,cosine_armadillo,31699.6,26987.0,26729.9,26617.0,26501.8,26730.8,26858.7,26912.1,26693.7,26841.7,26568.2,26660.9,26613.0,26625.1,26803.6,26947.8,26346.0,26606.4,26731.8,26964.3,26613.5,26694.3,26962.6,27045.0,26901.1
results/GeneratedSparse/1000_cells_100_features/0.9/sparse_armadillo_euclidean.csv,euclidean,armadillo,0.9,1000,100,1000_100,100000,3.0,2.0,3.0,4.483095971627164,4.552794714847495,4.477912397285676,4.487400005056489,30054.7,30718.5,35710.4,30415.57083333333,145.3349793843135,euclidean_armadillo,35710.4,30439.3,30054.7,30505.0,30443.7,30497.8,30570.9,30534.1,30343.3,30463.4,30245.0,30454.6,30423.7,30290.9,30582.6,30449.7,30548.8,30718.5,30477.2,30495.6,30292.8,30155.8,30246.9,30418.1,30321.3
results/GeneratedSparse/1000_cells_100_features/0.9/sparse_armadillo_manhattan.csv,manhattan,armadillo,0.9,1000,100,1000_100,100000,3.0,2.0,3.0,5.46670553255648,5.475398034338597,5.4494614282010705,5.487165252805604,281489.0,307019.0,298812.0,292890.6666666667,5121.0289059480565,manhattan_armadillo,298812.0,286903.0,286784.0,293781.0,299285.0,281489.0,285459.0,291464.0,291013.0,296550.0,290601.0,291631.0,298275.0,290240.0,289757.0,295509.0,291198.0,293350.0,295915.0,293924.0,296157.0,307019.0,296933.0,295404.0,290735.0
results/GeneratedSparse/1000_cells_100_features/0.9/sparse_armadillo_pearson.csv,pearson,armadillo,0.9,1000,100,1000_100,100000,3.0,2.0,3.0,4.478082032823696,4.540057799337177,4.470392848323122,4.489300214407176,29538.8,30853.2,34678.3,30066.441666666666,332.352171294079,pearson_armadillo,34678.3,30170.7,29662.7,30391.5,30036.2,29607.2,29964.3,29859.8,29538.8,30278.3,29556.4,30318.7,30042.5,30283.8,30453.8,29993.2,30165.7,29721.0,30317.4,30601.6,30110.6,29737.1,30082.7,29847.4,30853.2
results/GeneratedSparse/1000_cells_100_features/0.9/sparse_armadillo_spearman.csv,spearman,armadillo,0.9,1000,100,1000_100,100000,3.0,2.0,3.0,3.8298429015062396,3.8155352464788193,3.8229816190662373,3.83833014508323,6652.45,6891.76,6539.36,6758.384583333333,59.722195481744684,spearman_armadillo,6539.36,6728.52,6695.36,6793.66,6806.13,6671.55,6861.38,6891.76,6802.84,6786.14,6813.7,6797.72,6784.71,6810.34,6796.5,6719.29,6762.94,6689.09,6709.2,6739.21,6768.96,6652.45,6723.01,6689.59,6707.18
results/GeneratedSparse/1000_cells_100_features/0.9/sparse_arrayfirecuda_cosine.csv,cosine,arrayfirecuda,0.9,1000,100,1000_100,100000,3.0,2.0,3.0,3.3332621644728038,3.390474086641626,3.120155886135225,3.4519183918903935,1318.73,2830.86,2457.39,2154.081666666667,329.6349574740047,cosine_arrayfirecuda,2457.39,2237.73,1755.96,1777.46,2141.1,2487.36,2830.86,1927.27,1935.61,2205.33,1977.51,2279.42,1318.73,1953.64,2021.63,2240.02,2375.77,2476.82,2162.73,2770.02,2531.84,2229.02,2028.3,1810.67,2223.16
results/GeneratedSparse/1000_cells_100_features/0.9/sparse_arrayfirecuda_euclidean.csv,euclidean,arrayfirecuda,0.9,1000,100,1000_100,100000,3.0,2.0,3.0,3.3132734369578007,3.4120773256288617,3.1060378299501616,3.458172338062444,1276.55,2871.92,2582.72,2057.1854166666667,374.112956638535,euclidean_arrayfirecuda,2582.72,2230.41,1709.62,2182.38,2201.05,1985.81,2341.19,2390.08,1643.7,2011.42,1498.65,1883.45,2413.12,1961.28,2208.61,2871.92,2150.43,1329.73,2272.94,1690.27,2292.12,2526.73,2061.2,2239.79,1276.55
results/GeneratedSparse/1000_cells_100_features/0.9/sparse_arrayfirecuda_manhattan.csv,manhattan,arrayfirecuda,0.9,1000,100,1000_100,100000,3.0,2.0,3.0,3.494964891854215,3.5503164263851343,3.2980251641088536,3.599027827054466,1986.21,3972.17,3550.72,3125.8266666666664,428.2173501240021,manhattan_arrayfirecuda,3550.72,3344.44,2784.13,2804.43,3422.14,2845.87,2791.2,2890.51,2884.45,3214.6,3753.11,3590.26,2780.55,3512.72,3151.39,1986.21,2589.03,3287.07,2821.55,2978.12,3510.29,3972.17,3398.4,3147.22,3559.98
results/GeneratedSparse/1000_cells_100_features/0.9/sparse_arrayfirecuda_pearson.csv,pearson,arrayfirecuda,0.9,1000,100,1000_100,100000,3.0,2.0,3.0,3.292514964417763,3.4457676166855467,3.134521345591806,3.4436837753102454,1363.08,2777.69,2791.05,1961.16875,324.6399462008193,pearson_arrayfirecuda,2791.05,2210.1,1751.64,1988.55,1977.16,2088.12,1857.56,1808.8,1950.9,1756.35,2777.69,1571.4,2256.52,1363.08,1918.01,2127.06,2064.48,2080.16,1804.65,1540.44,2403.14,1541.54,1595.53,2156.48,2478.69
results/GeneratedSparse/1000_cells_100_features/0.9/sparse_raft_cosine.csv,cosine,raft,0.9,1000,100,1000_100,100000,3.0,2.0,3.0,3.701961077833112,5.87116794088279,3.628929652668195,3.7683617103048594,4255.294799804688,5866.265440277113,743306.5176010132,5034.55486279114,395.83560089692816,cosine_raft,1481390.2378082275,5222.797393798828,5374.431610107422,5078.554153442383,4255.294799804688,4753.832403178428,4867.2618310549005,4908.771549721048,4669.821800313056,4561.8799534865575,5457.816208582465,5107.057677060747,4580.884358674985,5307.384864370232,5224.169880618095,4963.282410425473,5644.116285107534,5378.544588847935,5500.527434753581,4765.70914376395,4989.096391104568,5866.265440277113,4760.923299049621,5215.706083497406,4375.1871459463355
results/GeneratedSparse/1000_cells_100_features/0.9/sparse_raft_euclidean.csv,euclidean,raft,0.9,1000,100,1000_100,100000,3.0,2.0,3.0,3.6918337813409896,5.831667837221081,3.619240395079585,3.7610666632416274,4161.408932752858,5768.550025627736,678684.3538284302,4918.5125214092395,407.7577662861793,euclidean_raft,1352007.6274871826,5361.080169677734,5257.606506347656,5107.641220092773,4434.347152709961,5338.010432707779,4628.702462746393,4932.185032632616,4461.912444913408,4533.619883886427,5403.93514866882,4866.338936898834,5416.831525141059,4833.154980428312,5226.753637822913,4801.548944147033,5380.997177504577,4426.06337625772,4939.994570050233,5768.550025627736,5012.356452726335,4731.911461677839,4681.961764688902,4337.388273713833,4161.408932752858
results/GeneratedSparse/1000_cells_100_features/0.9/sparse_raft_manhattan.csv,manhattan,raft,0.9,1000,100,1000_100,100000,3.0,2.0,3.0,3.697903940876685,5.828818195174756,3.626730155276444,3.778095858235631,4233.798213032114,5999.234777995512,674245.7151412964,4987.741542436207,489.93623960345457,manhattan_raft,1343161.1061096191,5330.324172973633,5220.174789428711,4993.677139282227,4359.245300292969,5033.425720072534,5435.156248794988,4942.515350648693,4303.872850065418,4615.048711447304,5783.952153906612,4551.330033563467,5497.748308857435,4892.723064593267,5089.628345031891,4614.223943793774,5739.197252089851,4284.161147501087,4919.290063513089,4233.798213032114,5532.200051046896,4960.851470727125,4631.51683560992,5999.234777995512,4742.501074200436
results/GeneratedSparse/1000_cells_100_features/0.9/sparse_raft_pearson.csv,pearson,raft,0.9,1000,100,1000_100,100000,3.0,2.0,3.0,3.4067258917502734,5.637865346357518,3.3483256936182015,3.4456124232797367,2230.106962642088,2790.052807565196,434375.524520874,2551.0906542508583,132.11813513184347,pearson_raft,865986.8240356445,2764.225006103516,2536.296844482422,2492.4278259277344,2514.123916625977,2709.5553232336188,2472.030077015912,2518.9895641549,2589.704777855539,2583.1636605814533,2566.2386295157007,2590.7023498099206,2544.8318201159677,2696.416651297456,2635.4968109461365,2665.0089127047663,2352.471030745753,2649.7434056376046,2541.4979031619782,2393.531879754033,2322.906462584305,2491.0808797485547,2575.5721998100694,2230.106962642088,2790.052807565196
results/GeneratedSparse/1000_cells_100_features/0.95/sparse_CPU_cosine.csv,cosine,CPU,0.95,1000,100,1000_100,100000,3.0,2.0,3.0,4.474265902701752,4.200310028679238,4.420953643599573,4.516852550818354,26360.5,32874.0,15860.25,29803.40625,1568.8257266126698,cosine_CPU,15860.25,31009.75,28787.0,29708.0,29437.25,29589.0,31359.25,26360.5,28831.75,29916.5,28963.0,28228.25,32874.0,30559.5,32281.0,28600.25,31328.5,28833.0,29629.75,32208.75,27910.5,30114.25,27580.0,31439.0,29733.0
results/GeneratedSparse/1000_cells_100_features/0.95/sparse_CPU_euclidean.csv,euclidean,CPU,0.95,1000,100,1000_100,100000,3.0,2.0,3.0,4.3056292093139845,4.180419799354803,4.030630076996559,4.519644265409076,10730.75,33086.0,15150.25,20212.927083333332,6388.656026944999,euclidean_CPU,15150.25,14997.5,24535.75,27539.25,32545.5,20322.75,17123.5,19201.75,20566.0,17863.0,16820.75,22912.0,18838.75,33086.0,18728.0,27446.75,12710.75,16193.75,23285.25,14197.0,19989.25,12316.0,11665.0,31495.25,10730.75
results/GeneratedSparse/1000_cells_100_features/0.95/sparse_CPU_kendall.csv,kendall,CPU,0.95,1000,100,1000_100,100000,3.0,2.0,3.0,4.358054079071007,4.476896811251122,3.820464190577684,4.509686296171229,6614.0,32336.0,29984.5,22806.260416666668,6796.544625487695,kendall_CPU,29984.5,27259.25,17443.0,28275.0,13410.75,32336.0,20070.75,27878.0,28194.0,20146.5,25415.75,27445.75,10491.0,21147.5,24098.75,26881.75,6614.0,29643.75,24491.75,19558.25,28384.75,26125.25,31521.25,18888.75,11628.75
results/GeneratedSparse/1000_cells_100_features/0.95/sparse_CPU_manhattan.csv,manhattan,CPU,0.95,1000,100,1000_100,100000,3.0,2.0,3.0,4.19000712964733,4.296544536147155,3.3426693689753333,4.628544737177152,2201.25,42515.25,19794.5,15488.420454545454,9572.09756905525,manhattan_CPU,19794.5,17580.5,2201.25,6472.0,19865.5,11077.25,,13643.75,21117.25,27195.5,13631.25,28896.75,4499.5,18095.0,6001.0,7840.25,3352.0,17618.5,24502.25,14985.25,20889.75,,42515.25,12208.25,6557.25
results/GeneratedSparse/1000_cells_100_features/0.95/sparse_CPU_pearson.csv,pearson,CPU,0.95,1000,100,1000_100,100000,3.0,2.0,3.0,4.168219023981265,4.113006940000935,3.663300360773868,4.386873349684179,4605.75,24371.0,12972.0,14730.552083333334,4206.727471648815,pearson_CPU,12972.0,12580.5,18184.25,15206.0,17568.75,14414.5,11099.25,24371.0,10362.0,19540.5,10182.25,11401.5,17878.25,14916.0,10666.0,4605.75,19139.25,14563.5,13253.5,16394.25,13713.75,19065.5,20373.0,12002.0,12052.0
results/GeneratedSparse/1000_cells_100_features/0.95/sparse_CPU_spearman.csv,spearman,CPU,0.95,1000,100,1000_100,100000,3.0,2.0,3.0,4.1258254201842295,4.451126051617077,3.256296713969811,4.410224526706384,1804.25,25717.25,28257.0,13360.583333333334,6929.892636997883,spearman_CPU,28257.0,17570.5,3282.75,24461.0,15642.0,12781.25,23191.25,15031.75,3139.25,5581.0,25717.25,11362.25,21189.75,,9849.75,16400.0,,1804.25,,16416.25,15588.25,4399.0,15831.25,8705.0,12628.5
results/GeneratedSparse/1000_cells_100_features/0.95/sparse_GPU_cosine.csv,cosine,GPU,0.95,1000,100,1000_100,100000,3.0,2.0,3.0,3.2294898606677935,6.045851146923755,3.184975190698261,3.280521462226489,1531.0,1907.75,1111350.75,1696.25,86.31289976977176,cosine_GPU,1111350.75,1752.0,1630.75,1766.75,1584.0,1743.25,1643.75,1714.0,1531.0,1578.25,1682.0,1687.75,1805.0,1725.5,1591.75,1723.5,1777.0,1683.5,1750.25,1619.5,1907.75,1676.5,1634.25,1672.75,1829.25
results/GeneratedSparse/1000_cells_100_features/0.95/sparse_GPU_euclidean.csv,euclidean,GPU,0.95,1000,100,1000_100,100000,3.0,2.0,3.0,3.1175233177554937,6.097576924444254,3.074999186064199,3.160243371959806,1188.5,1446.25,1251921.0,1310.7604166666667,54.31502819042248,euclidean_GPU,1251921.0,1352.75,1255.5,1314.0,1299.5,1314.25,1261.25,1188.5,1297.0,1334.5,1265.75,1241.25,1320.75,1327.0,1334.0,1329.25,1446.25,1279.75,1369.5,1277.5,1363.75,1263.75,1327.0,1409.75,1285.75
results/GeneratedSparse/1000_cells_100_features/0.95/sparse_GPU_kendall.csv,kendall,GPU,0.95,1000,100,1000_100,100000,3.0,2.0,3.0,3.6458028471444743,5.476061369659699,3.25653735366673,3.8563814366508073,1805.25,7184.25,299268.75,4423.875,1502.0101600299959,kendall_GPU,299268.75,4933.75,3239.5,3468.75,4814.0,3721.25,5168.75,1805.25,5990.75,4413.25,5117.25,3441.25,4981.0,2295.5,2475.75,5684.25,1946.5,7020.25,4879.25,5189.25,6747.75,7184.25,4775.0,2876.25,4004.25
results/GeneratedSparse/1000_cells_100_features/0.95/sparse_GPU_manhattan.csv,manhattan,GPU,0.95,1000,100,1000_100,100000,3.0,2.0,3.0,3.4195892094904714,5.470076261447448,2.910891088644528,3.6844413876256064,814.5,4835.5,295172.75,2627.78125,1183.1196256096018,manhattan_GPU,295172.75,3324.25,1804.25,3223.25,3796.0,3305.5,1592.75,2066.75,2194.75,814.5,3799.25,4062.25,916.25,1512.5,2769.0,4736.5,4074.75,3047.5,2152.75,1815.75,4835.5,896.0,1141.75,2795.5,2389.5
results/GeneratedSparse/1000_cells_100_features/0.95/sparse_GPU_pearson.csv,pearson,GPU,0.95,1000,100,1000_100,100000,3.0,2.0,3.0,3.1269427179442277,6.034930513047803,3.097691040361552,3.1572300416963417,1252.25,1436.25,1083753.5,1339.5,55.95952778571313,pearson_GPU,1083753.5,1385.5,1284.0,1293.0,1335.25,1419.25,1414.75,1309.25,1436.25,1326.75,1419.75,1327.5,1354.75,1307.75,1313.5,1324.5,1263.0,1281.75,1252.25,1327.5,1428.75,1270.25,1397.75,1295.75,1379.25
results/GeneratedSparse/1000_cells_100_features/0.95/sparse_GPU_spearman.csv,spearman,GPU,0.95,1000,100,1000_100,100000,3.0,2.0,3.0,3.4923237804830745,5.482322151120456,3.0900816180388215,3.782132078342677,1230.5,6055.25,303614.25,3106.875,1111.2318825857185,spearman_GPU,303614.25,3503.75,1930.0,3421.5,1636.5,3234.75,4552.25,3147.0,2898.0,3836.25,2654.0,3059.0,1774.25,2417.5,5162.5,3049.0,3867.0,1453.5,1230.5,2775.5,3151.75,3769.75,2568.5,3417.0,6055.25
results/GeneratedSparse/1000_cells_100_features/0.95/sparse_armadillo_cosine.csv,cosine,armadillo,0.95,1000,100,1000_100,100000,3.0,2.0,3.0,4.061708098491641,4.077491452666406,3.993392578401649,4.128282601033709,9849.01,13436.39,11953.4,11526.782500000001,785.2375622608845,cosine_armadillo,11953.4,11947.1,12058.1,12037.1,9967.85,11587.69,13436.39,11820.67,11963.62,12497.09,11817.38,11166.04,11312.2,11957.28,11529.6,11013.58,10875.16,9849.01,11728.92,10829.49,12631.69,11212.95,11056.84,11680.46,10666.57
results/GeneratedSparse/1000_cells_100_features/0.95/sparse_armadillo_euclidean.csv,euclidean,armadillo,0.95,1000,100,1000_100,100000,3.0,2.0,3.0,4.16673320501029,4.179227097885351,3.9896678001409684,4.271272238028753,9764.9,18675.5,15108.7,14680.241666666669,1912.0670252627713,euclidean_armadillo,15108.7,16323.7,16359.0,12689.7,12761.4,9764.9,14597.2,13636.7,15844.8,15367.0,18675.5,13486.9,15410.0,16145.6,13814.0,16031.1,15718.8,16518.3,15878.8,12296.8,11778.3,16522.8,13546.8,14861.0,14296.7
results/GeneratedSparse/1000_cells_100_features/0.95/sparse_armadillo_manhattan.csv,manhattan,armadillo,0.95,1000,100,1000_100,100000,3.0,2.0,3.0,5.480836271437044,5.506365656984766,5.474348863958355,5.486353956935428,298091.0,306446.0,320897.0,302577.25,2205.202792073025,manhattan_armadillo,320897.0,303287.0,303714.0,302504.0,298091.0,306160.0,304393.0,302744.0,301027.0,301945.0,302944.0,299855.0,303225.0,304016.0,303583.0,299832.0,306446.0,298742.0,300907.0,304542.0,302994.0,303830.0,304408.0,303854.0,298811.0
results/GeneratedSparse/1000_cells_100_features/0.95/sparse_armadillo_pearson.csv,pearson,armadillo,0.95,1000,100,1000_100,100000,3.0,2.0,3.0,4.131950112373691,4.188484123640617,3.99607803684946,4.255231486465216,9910.1,17998.3,15434.2,13550.3375,2312.1632089547115,pearson_armadillo,15434.2,15458.6,15280.1,11741.5,11624.8,12627.9,13933.9,13505.4,11167.4,15174.1,13246.2,9910.1,17484.0,11221.9,17998.3,11815.3,17348.0,12105.0,15685.7,16480.7,10733.2,13626.8,10553.8,12355.1,14130.3
results/GeneratedSparse/1000_cells_100_features/0.95/sparse_armadillo_spearman.csv,spearman,armadillo,0.95,1000,100,1000_100,100000,3.0,2.0,3.0,3.829727084005922,3.8149238223571293,3.795053028640395,3.8662394754222245,6238.11,7349.19,6530.16,6756.5825,269.8461153949598,spearman_armadillo,6530.16,6557.55,6797.24,7153.49,6574.11,6604.79,6869.86,6457.6,6561.81,6844.58,6689.02,6551.38,7142.39,6362.02,6987.96,6856.34,6238.11,6730.09,6553.56,6665.67,7200.36,6647.15,6783.38,6980.33,7349.19
results/GeneratedSparse/1000_cells_100_features/0.95/sparse_arrayfirecuda_cosine.csv,cosine,arrayfirecuda,0.95,1000,100,1000_100,100000,3.0,2.0,3.0,3.276899229329639,3.385053671169962,2.999621999346607,3.420683366252506,999.13,2634.41,2426.91,1891.9045833333332,355.762604063196,cosine_arrayfirecuda,2426.91,2164.54,1719.95,2286.45,2162.97,1944.85,2326.66,1722.84,1533.25,2079.15,1664.05,2216.05,1409.35,1672.39,999.13,1789.41,1820.95,2347.42,1924.76,1817.91,2108.9,1420.49,1931.29,1708.54,2634.41
results/GeneratedSparse/1000_cells_100_features/0.95/sparse_arrayfirecuda_euclidean.csv,euclidean,arrayfirecuda,0.95,1000,100,1000_100,100000,3.0,2.0,3.0,3.284705512065664,3.3725548513686534,3.169195211701871,3.4086079418070114,1476.37,2562.17,2358.06,1926.2183333333335,298.6632574303189,euclidean_arrayfirecuda,2358.06,2147.47,1677.16,2319.55,1907.94,1642.58,2357.9,2562.17,1732.56,1551.26,1924.9,1887.58,2231.85,2392.5,2119.13,1832.23,1614.59,1775.72,2224.3,1999.58,1871.67,1476.37,1513.85,1772.94,1693.44
results/GeneratedSparse/1000_cells_100_features/0.95/sparse_arrayfirecuda_manhattan.csv,manhattan,arrayfirecuda,0.95,1000,100,1000_100,100000,3.0,2.0,3.0,3.4901688411008376,3.600767128509772,3.3834868289758266,3.567655578284311,2418.17,3695.35,3988.11,3091.4970833333336,356.21721780723396,manhattan_arrayfirecuda,3988.11,3322.72,2823.36,3540.71,3451.67,3215.46,3695.35,2710.01,3392.08,2954.22,2517.71,2418.17,3341.43,2941.19,3008.79,3027.21,2800.43,2919.32,3156.68,3407.39,3320.36,3610.96,3345.11,2808.84,2466.76
results/GeneratedSparse/1000_cells_100_features/0.95/sparse_arrayfirecuda_pearson.csv,pearson,arrayfirecuda,0.95,1000,100,1000_100,100000,3.0,2.0,3.0,3.3047292235996895,3.3887173771189723,3.1983656270545224,3.4088011317980107,1578.94,2563.31,2447.47,2017.1083333333333,238.96595126479602,pearson_arrayfirecuda,2447.47,2190.14,1707.71,2043.37,1938.75,1878.1,1720.42,2034.39,1840.69,2427.64,2222.43,2121.36,2091.91,2203.91,1916.82,2298.23,2019.69,2285.4,2563.31,1841.4,1872.82,2050.1,1676.6,1578.94,1886.47
results/GeneratedSparse/1000_cells_100_features/0.95/sparse_raft_cosine.csv,cosine,raft,0.95,1000,100,1000_100,100000,3.0,2.0,3.0,3.6952085600076487,5.859757358717521,3.5947306121829325,3.7405919734475113,3933.060366152979,5502.904468604267,724031.3291549683,4956.881765841685,369.0747521800965,cosine_raft,1442833.1851959229,5229.473114013672,5236.148834228516,4897.832870483398,4242.181777954102,5502.904468604267,5001.94725029956,5332.546702354905,5389.474735858757,5152.946834357311,5047.408310631642,4338.619378452961,4782.587501652962,5211.614434727891,5000.048805802669,4933.715628933159,5000.925303905519,5006.395843331891,4728.403332391486,4936.46841207072,3933.060366152979,5490.102510313717,4749.55276598351,4983.794696008257,4837.008501686583
results/GeneratedSparse/1000_cells_100_features/0.95/sparse_raft_euclidean.csv,euclidean,raft,0.95,1000,100,1000_100,100000,3.0,2.0,3.0,3.6943697505357087,5.8718084651535305,3.674031467523536,3.713542484785934,4720.972466096237,5170.61836983442,744403.600692749,4947.317134453183,111.78296639925316,euclidean_raft,1483723.4020233154,5083.799362182617,4971.027374267578,4826.545715332031,4863.262176513672,5129.197648789115,4891.62264413067,4920.21524152403,4856.396692504733,4866.993895894032,5170.61836983442,4853.083879758322,5067.938627013392,4858.55931335098,4860.626842920631,4912.03645447022,5084.264288433026,4987.22540054853,5044.150197876987,5094.393800367368,4945.4928124054,4720.972466096237,4957.439583920464,4944.00314356024,4825.745295181701
results/GeneratedSparse/1000_cells_100_features/0.95/sparse_raft_manhattan.csv,manhattan,raft,0.95,1000,100,1000_100,100000,3.0,2.0,3.0,3.6834658788708965,5.876266772228896,3.612623514707695,3.744155972850101,4098.48655478054,5548.249374304038,752084.7320556641,4824.650728321621,356.9261453562767,manhattan_raft,1499040.8420562744,5128.622055053711,4672.050476074219,4864.931106567383,4193.544387817383,4237.771181324409,4801.522855665415,4547.493457474587,4763.16148955436,5149.745332841881,4638.126258017091,4556.93135246118,5548.249374304038,5059.698745952012,4988.42189223521,5000.575578766379,4554.858185190652,4643.580125678541,4798.822816725149,5220.37260259146,4847.098844044843,4855.726187332801,5271.803711074767,4098.48655478054,5350.022908190895
results/GeneratedSparse/1000_cells_100_features/0.95/sparse_raft_pearson.csv,pearson,raft,0.95,1000,100,1000_100,100000,3.0,2.0,3.0,3.3943532878032037,5.636278933292577,3.326362797420188,3.4309178825176962,2120.1314940327384,2697.229385375977,432791.70989990234,2479.4381990387924,146.24125036369986,pearson_raft,862886.1904144287,2697.229385375977,2477.884292602539,2399.444580078125,2419.2333221435547,2496.260554652127,2367.5369918795323,2171.0512091514065,2120.1314940327384,2574.439433380423,2398.0887144555627,2321.941622203024,2371.5086517768123,2519.761707490799,2451.7263226488203,2534.8411036482817,2694.8884859959853,2536.2627518019367,2648.6596213542302,2521.649572009342,2647.4142011365843,2649.330919863559,2382.738987257085,2597.7994815202183,2506.6933704723638
results/GeneratedSparse/1000_cells_100_features/0.99/sparse_CPU_cosine.csv,cosine,CPU,0.99,1000,100,1000_100,100000,3.0,2.0,3.0,4.297449082156192,4.090707637743306,4.231628853508451,4.335136825371625,17046.25,21634.0,12322.75,19835.770833333332,953.4529652047022,cosine_CPU,12322.75,20613.25,19061.5,20044.5,20291.0,20512.75,20821.5,19107.75,19298.0,19045.25,19780.75,19739.0,19469.25,19964.25,19482.0,19444.5,19230.0,19780.5,17046.25,19547.25,21463.0,21634.0,21324.0,20256.75,19101.5
results/GeneratedSparse/1000_cells_100_features/0.99/sparse_CPU_euclidean.csv,euclidean,CPU,0.99,1000,100,1000_100,100000,3.0,2.0,3.0,4.158527708710026,4.471398070837835,3.873959654743353,4.34463784591778,7481.0,22112.5,29607.25,14405.479166666666,3927.280052267851,euclidean_CPU,29607.25,17237.75,11753.25,15829.0,11411.25,10160.5,19840.25,19659.25,7481.0,12609.5,17221.25,15875.5,13800.25,18509.5,20583.25,12838.75,13663.75,22112.5,14264.5,16381.5,7806.0,11784.25,14267.25,11364.75,9276.75
results/GeneratedSparse/1000_cells_100_features/0.99/sparse_CPU_kendall.csv,kendall,CPU,0.99,1000,100,1000_100,100000,3.0,2.0,3.0,4.1688680765294475,4.321054445179347,3.4408303984012822,4.4035537412222325,2759.5,25325.25,20943.75,14752.583333333334,6697.223730207937,kendall_CPU,20943.75,19728.0,5446.5,3597.25,2759.5,22471.0,12020.0,25325.25,15758.75,15360.25,11745.25,4928.75,11163.25,14193.0,23376.25,,21505.5,23565.75,13341.0,13832.5,,16425.25,,11483.25,21778.0
results/GeneratedSparse/1000_cells_100_features/0.99/sparse_CPU_manhattan.csv,manhattan,CPU,0.99,1000,100,1000_100,100000,3.0,2.0,3.0,3.937832847333462,4.345873420828132,2.295017011881458,4.283012734224373,197.25,19187.25,22175.5,8666.282608695652,4968.749118295982,manhattan_CPU,22175.5,16804.25,6916.75,5367.75,7146.75,7183.5,10508.5,2309.5,16419.5,11461.25,19187.25,14246.0,2993.5,946.75,4269.0,13745.5,5276.75,197.25,9668.0,9882.5,,8895.25,8072.25,7113.5,10713.25
results/GeneratedSparse/1000_cells_100_features/0.99/sparse_CPU_pearson.csv,pearson,CPU,0.99,1000,100,1000_100,100000,3.0,2.0,3.0,4.2882329187231205,4.6199980377963605,4.223878667884785,4.379106004735696,16744.75,23939.0,41686.75,19419.270833333332,1883.1221040976,pearson_CPU,41686.75,18105.75,20650.25,18789.0,18065.5,23627.5,18543.25,17313.0,20142.75,17939.75,19856.5,23939.0,16744.75,21628.25,18662.5,18001.0,19228.5,18666.25,17979.5,20905.5,20372.5,18690.5,19257.0,21968.75,16985.25
results/GeneratedSparse/1000_cells_100_features/0.99/sparse_CPU_spearman.csv,spearman,CPU,0.99,1000,100,1000_100,100000,3.0,2.0,3.0,4.034631464194421,4.298318062838424,3.2604887781968306,4.380532319954751,1821.75,24017.75,19875.5,10830.075,6878.8408916855315,spearman_CPU,19875.5,16772.25,2456.75,,11685.0,24017.75,5132.5,3474.25,,1821.75,5338.5,7184.0,21466.75,19946.0,,3111.25,5581.0,14347.5,8184.5,5283.0,15678.5,,10969.75,20244.25,13906.25
results/GeneratedSparse/1000_cells_100_features/0.99/sparse_GPU_cosine.csv,cosine,GPU,0.99,1000,100,1000_100,100000,3.0,2.0,3.0,3.1029443988381606,6.040551214553199,3.0746336182969043,3.1271047983648077,1187.5,1340.0,1097870.75,1267.4895833333333,38.25622764979652,cosine_GPU,1097870.75,1312.0,1237.25,1272.0,1228.0,1291.5,1329.5,1269.75,1265.0,1241.5,1276.75,1305.25,1233.5,1287.75,1187.5,1271.0,1268.0,1258.0,1292.25,1264.0,1196.0,1320.0,1249.0,1224.25,1340.0
results/GeneratedSparse/1000_cells_100_features/0.99/sparse_GPU_euclidean.csv,euclidean,GPU,0.99,1000,100,1000_100,100000,3.0,2.0,3.0,3.7217359257972076,6.079789194516464,3.5084623812733606,3.86302529622947,3224.5,7295.0,1201681.0,5269.09375,1278.9320817998002,euclidean_GPU,1201681.0,6014.5,3959.25,3815.5,4770.25,6037.0,3849.5,3259.5,6526.5,5749.75,4556.5,6845.0,6860.5,6369.5,3898.25,7295.0,4952.75,5189.0,4331.75,7294.0,3224.5,4496.5,6310.5,6533.75,4319.0
results/GeneratedSparse/1000_cells_100_features/0.99/sparse_GPU_kendall.csv,kendall,GPU,0.99,1000,100,1000_100,100000,3.0,2.0,3.0,3.544681568758504,5.477256950543889,2.9607085516885565,3.834357112718405,913.5,6829.0,300093.75,3504.9479166666665,1168.637249416955,kendall_GPU,300093.75,4227.5,2623.0,4245.0,2329.75,3855.0,4579.25,3819.5,913.5,4257.5,3297.25,3215.5,2546.0,2778.75,4103.75,1583.5,3720.5,4753.5,3324.0,4549.25,2393.75,3484.25,6829.0,3027.0,3662.75
results/GeneratedSparse/1000_cells_100_features/0.99/sparse_GPU_manhattan.csv,manhattan,GPU,0.99,1000,100,1000_100,100000,3.0,2.0,3.0,3.47413276123472,5.47191189831387,2.3106933123433606,3.750238323206404,204.5,5626.5,296423.0,2979.4270833333335,1231.1210602518584,manhattan_GPU,296423.0,3401.25,1763.25,2220.75,3242.5,2564.0,4003.25,3376.25,2785.0,3709.5,3265.25,2490.5,2016.5,2678.75,5626.5,2859.75,4114.75,623.75,204.5,3578.0,3384.5,3747.75,4209.5,1010.5,4630.0
results/GeneratedSparse/1000_cells_100_features/0.99/sparse_GPU_pearson.csv,pearson,GPU,0.99,1000,100,1000_100,100000,3.0,2.0,3.0,3.2323554134622654,6.038984470783872,3.226277608731042,3.2384224958854797,1683.75,1731.5,1093917.25,1707.4791666666667,13.347697340948196,pearson_GPU,1093917.25,1713.75,1689.75,1692.0,1712.25,1691.75,1701.0,1700.5,1731.5,1704.5,1713.0,1695.25,1721.0,1688.0,1716.25,1683.75,1719.5,1717.25,1725.5,1708.75,1709.0,1717.0,1725.0,1689.0,1714.25
results/GeneratedSparse/1000_cells_100_features/0.99/sparse_GPU_spearman.csv,spearman,GPU,0.99,1000,100,1000_100,100000,3.0,2.0,3.0,3.425160168713559,5.4679837890367295,3.1156105116742996,3.7028826910745023,1305.0,5045.25,293754.0,2661.7065217391305,976.5421907339968,spearman_GPU,293754.0,3524.0,1820.25,2582.0,3072.25,2604.25,1908.75,2394.25,2875.0,1646.75,3316.25,2552.0,4088.5,1727.25,4509.25,1544.5,1646.75,3499.75,5045.25,2382.25,,3201.25,2135.75,1838.0,1305.0
results/GeneratedSparse/1000_cells_100_features/0.99/sparse_armadillo_cosine.csv,cosine,armadillo,0.99,1000,100,1000_100,100000,3.0,2.0,3.0,3.5701712859480654,3.5689171335102037,3.5650847730996,3.5749752658224923,3673.54,3758.16,3706.1,3716.817916666667,19.03022310675981,cosine_armadillo,3706.1,3683.4,3725.52,3732.42,3723.0,3725.27,3709.41,3709.27,3673.54,3758.16,3732.94,3726.48,3715.26,3716.31,3701.95,3730.97,3741.56,3710.61,3734.17,3692.39,3701.36,3690.19,3716.94,3726.45,3726.06
results/GeneratedSparse/1000_cells_100_features/0.99/sparse_armadillo_euclidean.csv,euclidean,armadillo,0.99,1000,100,1000_100,100000,3.0,2.0,3.0,4.031514438496012,3.842205957260464,3.0998532198843813,4.2947703462461915,1258.5,19713.8,6953.54,10752.623478260868,5023.723035345148,euclidean_armadillo,6953.54,7644.06,19713.8,7663.7,7677.49,6458.84,,9781.73,3553.87,18203.85,15526.83,17881.44,12667.84,10874.09,4529.83,5257.1,11758.38,9314.4,6248.95,10486.59,14751.14,1258.5,13739.46,15259.4,17059.05
results/GeneratedSparse/1000_cells_100_features/0.99/sparse_armadillo_manhattan.csv,manhattan,armadillo,0.99,1000,100,1000_100,100000,3.0,2.0,3.0,5.504678501668787,5.491837755795883,5.50234926776958,5.506835024926975,317943.0,321244.0,310340.0,319652.7916666667,911.489348043751,manhattan_armadillo,310340.0,318539.0,318756.0,320678.0,319483.0,318368.0,321244.0,319781.0,319211.0,319716.0,319320.0,317943.0,319978.0,321144.0,319764.0,319732.0,318987.0,320352.0,317971.0,320999.0,319528.0,319905.0,319415.0,320680.0,320173.0
results/GeneratedSparse/1000_cells_100_features/0.99/sparse_armadillo_pearson.csv,pearson,armadillo,0.99,1000,100,1000_100,100000,3.0,2.0,3.0,3.8282433906053606,3.8342171798153966,3.82000627877818,3.833491349927825,6607.03,6815.4,6826.8,6733.5391666666665,61.87257301076314,pearson_armadillo,6826.8,6654.26,6744.42,6745.37,6777.8,6786.36,6770.83,6650.03,6720.07,6611.0,6787.1,6815.4,6751.64,6780.94,6790.48,6765.61,6688.58,6674.29,6607.03,6675.66,6678.64,6815.03,6776.67,6739.62,6798.11
results/GeneratedSparse/1000_cells_100_features/0.99/sparse_armadillo_spearman.csv,spearman,armadillo,0.99,1000,100,1000_100,100000,3.0,2.0,3.0,3.821752881188231,3.8036680659718756,3.8047553254181845,3.841192353829252,6379.04,6937.33,6363.09,6633.655,141.80906729355027,spearman_armadillo,6363.09,6489.22,6724.39,6486.74,6739.71,6568.26,6854.25,6789.92,6512.68,6640.1,6937.33,6758.8,6379.04,6658.87,6627.37,6633.95,6564.65,6813.54,6748.43,6496.94,6388.43,6607.4,6490.52,6696.28,6600.9
results/GeneratedSparse/1000_cells_100_features/0.99/sparse_arrayfirecuda_cosine.csv,cosine,arrayfirecuda,0.99,1000,100,1000_100,100000,3.0,2.0,3.0,3.2538112422873895,3.3722139948488685,3.0912658852428114,3.3615710840715276,1233.86,2299.17,2356.21,1793.95375,261.02258366235446,cosine_arrayfirecuda,2356.21,2147.7,1683.38,2209.5,1780.45,1922.82,1989.19,1459.65,1996.03,1632.39,1402.92,1994.16,2020.2,2299.17,1698.71,1540.8,1753.7,1753.8,1792.32,2042.79,1493.41,1735.86,1876.92,1595.16,1233.86
results/GeneratedSparse/1000_cells_100_features/0.99/sparse_arrayfirecuda_euclidean.csv,euclidean,arrayfirecuda,0.99,1000,100,1000_100,100000,3.0,2.0,3.0,3.2622579281276414,3.385295185912259,3.1161393299892306,3.4081788883557578,1306.59,2559.64,2428.26,1829.18625,330.78704306059336,euclidean_arrayfirecuda,2428.26,2159.84,1662.56,1912.4,1688.5,1992.57,1306.59,1625.17,1339.86,1873.41,1410.0,1448.9,1963.32,2154.59,2111.63,1517.3,2019.37,2131.57,2345.8,2141.91,1502.17,1713.5,1494.53,1825.34,2559.64
results/GeneratedSparse/1000_cells_100_features/0.99/sparse_arrayfirecuda_manhattan.csv,manhattan,arrayfirecuda,0.99,1000,100,1000_100,100000,3.0,2.0,3.0,3.486271869827343,3.5504937420995852,3.391127495778659,3.5753760754087094,2461.09,3761.63,3552.17,3063.880833333333,316.7257671198207,manhattan_arrayfirecuda,3552.17,3331.49,2843.74,3399.22,2764.77,3761.63,3047.3,2908.67,3243.41,3148.88,3353.61,3255.88,2461.09,2519.4,2903.18,3311.42,3364.09,2741.85,3056.42,3250.94,2808.03,2629.62,3170.62,3415.64,2842.24
results/GeneratedSparse/1000_cells_100_features/0.99/sparse_arrayfirecuda_pearson.csv,pearson,arrayfirecuda,0.99,1000,100,1000_100,100000,3.0,2.0,3.0,3.279677968540858,3.380838705655109,3.0725476604840987,3.4162009986480326,1181.81,2607.36,2403.47,1904.0483333333334,338.8921797768265,pearson_arrayfirecuda,2403.47,2180.18,1704.64,1648.02,2364.09,1699.68,2198.69,1541.0,1792.55,1966.36,2193.91,2325.64,2173.5,1751.14,1446.32,1847.62,2002.43,1709.59,1181.81,1597.4,2096.63,2607.36,1984.02,2234.14,1450.44
results/GeneratedSparse/1000_cells_100_features/0.99/sparse_raft_cosine.csv,cosine,raft,0.99,1000,100,1000_100,100000,3.0,2.0,3.0,3.690778437116488,5.889788673452354,3.6661622334908843,3.712211968510293,4636.200756471534,5154.801764548376,775869.4887161255,4906.574948349752,125.95878114954053,cosine_raft,1546701.6696929932,5037.3077392578125,4950.523376464844,4804.134368896484,4789.829254150391,4888.748011731958,4762.2587392973965,4789.370164525037,4960.356305561947,5154.801764548376,4949.971313546956,5078.0738862641165,4716.465502791259,5117.827897282185,4800.4428455103525,4972.408216917762,4968.154422256297,4958.384083210889,4932.411460178984,4842.191299832947,4944.967635172928,4636.200756471534,4862.100456766452,5026.141140738216,4814.72811901893
results/GeneratedSparse/1000_cells_100_features/0.99/sparse_raft_euclidean.csv,euclidean,raft,0.99,1000,100,1000_100,100000,3.0,2.0,3.0,3.6973098613868505,5.83647155103998,3.659240900242198,3.7460618215643895,4562.899467468863,5572.650696414877,686232.9244613647,4980.923382528284,238.4924219856578,euclidean_raft,1367326.9748687744,5138.874053955078,5306.243896484375,4808.187484741211,4832.50617980957,4917.306030490912,4895.584211939483,4888.892985369188,5351.826643613303,4601.195300862979,5214.394531037465,5266.667982775573,5113.197571451135,5058.813052797139,4851.199044744063,4966.502172385902,4562.899467468863,4678.628019597503,5059.195618347117,4848.275958699001,4746.876443034803,5019.191802098935,5572.650696414877,4941.91421302246,4901.137819537866
results/GeneratedSparse/1000_cells_100_features/0.99/sparse_raft_manhattan.csv,manhattan,raft,0.99,1000,100,1000_100,100000,3.0,2.0,3.0,3.6905484268936775,5.836900312081473,3.6676919271561808,3.7096159377923783,4652.55940651418,5124.080427330935,686910.7484817506,4903.977025411909,119.03180796659892,manhattan_raft,1368724.346160889,5097.150802612305,4952.192306518555,4816.532135009766,4949.331283569336,4784.028251481521,4996.579737671053,4652.55940651418,4926.666923974321,4769.745627908177,4766.769908311091,4990.146266457135,4960.961867564386,5124.080427330935,4895.728273175586,4879.981407323605,5042.617105029335,4803.509628570459,4842.927920782176,5016.789848196478,4777.098182216576,4795.282591572776,4958.914893538308,4832.072536603796,5063.781277953974
results/GeneratedSparse/1000_cells_100_features/0.99/sparse_raft_pearson.csv,pearson,raft,0.99,1000,100,1000_100,100000,3.0,2.0,3.0,3.3851971918536226,5.567152010398475,3.3422916569583845,3.4224354115449023,2199.3363742004026,2645.059291158667,369106.7695617676,2427.7121500532253,101.12911956716927,pearson_raft,735607.8624725342,2605.676651000977,2445.220947265625,2350.5687713623047,2366.304397583008,2411.1025783486016,2519.10676303941,2280.3483995375404,2400.466480951161,2326.5250409333494,2500.0741518444456,2410.331829903394,2515.066204069218,2645.059291158667,2379.6610050795766,2421.950630803091,2314.936531748157,2575.556531817951,2403.2204272525564,2394.3892194454647,2485.220030197352,2199.3363742004026,2498.671485731895,2375.564290608336,2440.7335673949224
results/GeneratedSparse/1000_cells_10_features/0.5/sparse_CPU_cosine.csv,cosine,CPU,0.5,1000,10,1000_10,10000,3.0,1.0,3.0,3.8838009735973467,4.2245265882811145,3.866715513657802,3.8965813275057326,7357.25,7881.0,16769.75,7652.458333333333,143.6440672480265,cosine_CPU,16769.75,7808.25,7571.75,7646.75,7469.75,7777.25,7700.0,7634.0,7656.0,7881.0,7465.75,7856.25,7849.0,7726.5,7817.5,7357.25,7615.0,7596.5,7825.0,7446.75,7581.5,7686.0,7635.5,7604.0,7451.75
results/GeneratedSparse/1000_cells_10_features/0.5/sparse_CPU_euclidean.csv,euclidean,CPU,0.5,1000,10,1000_10,10000,3.0,1.0,3.0,3.8982559733425575,4.232850051139825,3.877860659384926,3.9177023940962603,7548.5,8273.75,17094.25,7911.447916666667,169.86014435850763,euclidean_CPU,17094.25,8125.5,8035.0,7763.0,7707.5,8035.25,8150.25,7718.0,7956.0,7849.25,7793.75,8273.75,7688.75,7901.0,7803.0,8007.5,8088.0,7926.75,7847.0,8110.5,7763.0,7548.5,7861.75,7962.5,7959.25
results/GeneratedSparse/1000_cells_10_features/0.5/sparse_CPU_kendall.csv,kendall,CPU,0.5,1000,10,1000_10,10000,3.0,1.0,3.0,4.317988945222267,4.4964072124158285,4.227558932752566,4.365132166964691,16887.25,23181.0,31362.25,20796.4375,1813.5334341905814,kendall_CPU,31362.25,22892.0,19614.75,23181.0,20208.5,23078.75,22274.0,19468.5,19731.75,19153.25,22341.0,21995.75,21732.75,16887.25,18981.75,18713.25,18627.75,18816.0,18828.75,22228.5,22864.0,20960.5,22490.5,22967.0,21077.25
results/GeneratedSparse/1000_cells_10_features/0.5/sparse_CPU_manhattan.csv,manhattan,CPU,0.5,1000,10,1000_10,10000,3.0,1.0,3.0,3.9230895955176597,4.222202555462801,3.9037138370248186,3.947837927573945,8011.5,8868.25,16680.25,8377.020833333334,218.2563348243808,manhattan_CPU,16680.25,8469.5,8663.5,8105.5,8195.75,8477.0,8445.75,8192.5,8075.25,8061.0,8304.0,8193.0,8223.5,8868.25,8011.5,8317.0,8602.25,8361.5,8469.75,8629.5,8472.75,8330.75,8486.25,8721.25,8371.5
results/GeneratedSparse/1000_cells_10_features/0.5/sparse_CPU_pearson.csv,pearson,CPU,0.5,1000,10,1000_10,10000,3.0,1.0,3.0,3.888436922959996,4.245993579994191,3.8627275283179747,3.92389134992005,7290.0,8392.5,17619.5,7734.583333333333,287.1555696491983,pearson_CPU,17619.5,8135.25,7723.75,7582.75,7668.0,7428.25,8127.75,7438.75,8011.0,7290.0,7526.0,7736.25,8392.5,7945.0,7868.5,7339.0,7846.0,7973.5,7377.5,7523.0,7524.25,7603.5,7791.0,7632.75,8145.75
results/GeneratedSparse/1000_cells_10_features/0.5/sparse_CPU_spearman.csv,spearman,CPU,0.5,1000,10,1000_10,10000,3.0,1.0,3.0,3.9498157561953806,4.245092976101281,3.9358849679635246,3.9591845427311916,8627.5,9103.0,17583.0,8908.729166666666,129.12941499121035,spearman_CPU,17583.0,9048.25,8892.75,8805.75,8808.75,8987.0,8757.5,8627.5,8658.75,8883.75,9013.0,8719.0,8831.25,8915.25,9013.5,8969.75,9049.75,8995.75,8855.25,9103.0,8907.0,9032.5,9089.5,8874.5,8970.5
results/GeneratedSparse/1000_cells_10_features/0.5/sparse_GPU_cosine.csv,cosine,GPU,0.5,1000,10,1000_10,10000,3.0,1.0,3.0,3.257980896139877,6.041187333770809,3.099594325997786,3.356503891894005,1257.75,2272.5,1099480.0,1811.2604166666667,217.86402103680726,cosine_GPU,1099480.0,2014.5,1692.0,1630.0,1499.0,2080.5,1748.5,2272.5,1673.75,1796.25,1696.25,1257.75,1777.25,1705.5,2033.0,1868.0,1648.75,1832.75,2146.0,2035.75,1884.0,1644.5,1986.75,1725.75,1821.25
results/GeneratedSparse/1000_cells_10_features/0.5/sparse_GPU_euclidean.csv,euclidean,GPU,0.5,1000,10,1000_10,10000,3.0,1.0,3.0,3.6512964785070605,6.1125109947544045,2.8944545273697826,3.983050905659212,784.25,9617.25,1295719.5,4480.190476190476,2299.5211586234464,euclidean_GPU,1295719.5,5084.5,1214.75,1189.0,5470.25,5279.25,,9617.25,784.25,,5902.5,3233.0,5009.0,7958.25,2854.5,3534.75,4515.25,,5727.75,2724.25,5889.5,1866.0,5700.25,7698.25,2831.5
results/GeneratedSparse/1000_cells_10_features/0.5/sparse_GPU_kendall.csv,kendall,GPU,0.5,1000,10,1000_10,10000,3.0,1.0,3.0,3.546153073457625,5.4800547558599595,2.740165238032828,3.833210880282609,549.75,6811.0,302033.25,3516.84375,1222.259815389144,kendall_GPU,302033.25,4656.0,3021.0,3093.25,2585.5,3895.5,3994.5,3544.0,4348.25,3251.25,2158.75,3945.5,5614.0,2385.5,2881.25,4799.0,549.75,2926.0,3226.75,3893.25,2779.0,4275.25,2547.75,3222.25,6811.0
results/GeneratedSparse/1000_cells_10_features/0.5/sparse_GPU_manhattan.csv,manhattan,GPU,0.5,1000,10,1000_10,10000,3.0,1.0,3.0,3.379888794102719,5.498116801450485,2.080987046910887,3.745952647094233,120.5,5571.25,314859.5,2398.21875,1150.0966678404056,manhattan_GPU,314859.5,3312.25,1780.75,3647.5,2425.75,1898.25,2395.5,874.5,3011.0,2585.0,1487.0,3897.25,1532.25,2748.0,2267.25,3071.0,3507.25,2461.0,5571.25,1789.5,2538.75,426.75,2664.0,1545.0,120.5
results/GeneratedSparse/1000_cells_10_features/0.5/sparse_GPU_pearson.csv,pearson,GPU,0.5,1000,10,1000_10,10000,3.0,1.0,3.0,3.217355062461883,6.0315867913685945,3.1465156256030298,3.2805783703680764,1401.25,1908.0,1075441.5,1649.5104166666667,146.16666926489452,pearson_GPU,1075441.5,1762.5,1544.5,1478.25,1486.25,1617.75,1725.75,1908.0,1650.5,1813.25,1594.25,1430.75,1568.25,1899.25,1903.5,1802.25,1726.25,1684.25,1593.75,1575.0,1669.5,1401.25,1623.0,1691.75,1438.5
results/GeneratedSparse/1000_cells_10_features/0.5/sparse_GPU_spearman.csv,spearman,GPU,0.5,1000,10,1000_10,10000,3.0,1.0,3.0,3.465807147142612,5.4695672533188615,3.217220655644519,3.709863317440399,1649.0,5127.0,294827.0,2922.8541666666665,826.8986199595281,spearman_GPU,294827.0,3447.25,1929.75,2860.5,2851.75,2814.75,3520.5,3012.75,3291.25,2488.0,1804.0,2624.25,3930.25,5127.0,3316.5,2158.0,2092.25,2698.75,1649.0,3265.0,2795.25,4714.5,3083.75,2517.25,2156.25
results/GeneratedSparse/1000_cells_10_features/0.5/sparse_armadillo_cosine.csv,cosine,armadillo,0.5,1000,10,1000_10,10000,3.0,1.0,3.0,4.5531551557440215,4.590366948638777,4.5522958040711625,4.5537920336313045,35669.4,35792.5,38937.4,35740.05,31.823903489881594,cosine_armadillo,38937.4,35748.2,35777.4,35704.9,35731.7,35704.9,35757.7,35758.9,35719.0,35711.9,35698.8,35714.5,35790.2,35784.4,35669.4,35740.1,35753.1,35774.0,35739.0,35763.8,35720.4,35766.7,35792.5,35716.5,35723.2
results/GeneratedSparse/1000_cells_10_features/0.5/sparse_armadillo_euclidean.csv,euclidean,armadillo,0.5,1000,10,1000_10,10000,3.0,1.0,3.0,4.574094091118652,4.604107200024207,4.56037416705914,4.581959893000921,36339.1,38190.9,40189.0,37505.424999999996,464.2059270499822,euclidean_armadillo,40189.0,37537.6,38187.4,37104.9,37211.4,37656.1,37485.0,37712.5,37386.5,38190.9,36895.6,36339.1,37502.4,38186.1,37321.1,37543.0,38151.5,37509.9,37285.5,37686.2,37475.8,38030.2,37467.6,36574.0,37689.9
results/GeneratedSparse/1000_cells_10_features/0.5/sparse_armadillo_manhattan.csv,manhattan,armadillo,0.5,1000,10,1000_10,10000,3.0,1.0,3.0,4.49512186283617,4.584921192525674,4.492872090283087,4.497141211361284,31108.0,31415.3,38452.2,31269.566666666666,65.70867311262776,manhattan_armadillo,38452.2,31415.3,31219.7,31263.9,31208.8,31189.2,31281.2,31346.5,31330.6,31216.4,31300.0,31108.0,31247.6,31258.1,31287.9,31306.3,31176.4,31280.3,31366.1,31260.6,31298.0,31207.9,31265.8,31331.0,31304.0
results/GeneratedSparse/1000_cells_10_features/0.5/sparse_armadillo_pearson.csv,pearson,armadillo,0.5,1000,10,1000_10,10000,3.0,1.0,3.0,4.578093851041243,4.607659790356195,4.575552683810131,4.580480194586225,37631.6,38061.0,40519.1,37852.4375,93.10888255379622,pearson_armadillo,40519.1,38013.6,37754.9,37866.2,37832.6,37838.4,37819.7,37845.0,37738.0,37838.1,37770.2,37815.9,37860.8,37840.4,37877.7,37739.8,38006.6,37631.6,37952.5,37893.7,37801.8,37915.4,38061.0,37890.5,37854.1
results/GeneratedSparse/1000_cells_10_features/0.5/sparse_armadillo_spearman.csv,spearman,armadillo,0.5,1000,10,1000_10,10000,3.0,1.0,3.0,3.650836749960116,3.6526871824040206,3.6167684456928173,3.676737494007864,4137.79,4750.48,4494.56,4475.450416666667,179.190220214887,spearman_armadillo,4494.56,4371.54,4289.43,4444.73,4711.98,4298.44,4670.24,4471.52,4492.6,4709.49,4269.71,4558.31,4329.22,4658.18,4396.36,4686.24,4310.39,4750.48,4532.6,4567.09,4303.34,4137.79,4623.67,4639.05,4188.41
results/GeneratedSparse/1000_cells_10_features/0.5/sparse_arrayfirecuda_cosine.csv,cosine,arrayfirecuda,0.5,1000,10,1000_10,10000,3.0,1.0,3.0,3.3027527139930974,3.396317933413078,3.1805645376719704,3.4595417508342634,1515.53,2880.99,2490.68,2007.9491666666665,325.18635071443606,cosine_arrayfirecuda,2490.68,2294.29,1806.62,1676.06,2789.4,2051.7,1922.56,1925.06,2079.07,1637.88,2010.69,2880.99,2213.0,1981.64,1939.45,2279.11,2293.6,1920.65,1515.53,1857.26,1993.86,1729.08,1604.64,1766.91,2021.73
results/GeneratedSparse/1000_cells_10_features/0.5/sparse_arrayfirecuda_euclidean.csv,euclidean,arrayfirecuda,0.5,1000,10,1000_10,10000,3.0,1.0,3.0,3.2711930676955667,3.464781562204776,3.1062181035831573,3.448522362646802,1277.08,2808.81,2915.96,1867.2095833333333,389.83409473859484,euclidean_arrayfirecuda,2915.96,2134.73,1647.46,2303.17,2264.94,1652.32,2524.02,1685.89,1719.68,1537.39,2454.38,1808.0,1579.16,1835.65,1321.37,1788.55,1695.19,2808.81,1277.08,1773.69,2027.86,2109.26,2029.86,1497.59,1336.98
results/GeneratedSparse/1000_cells_10_features/0.5/sparse_arrayfirecuda_manhattan.csv,manhattan,arrayfirecuda,0.5,1000,10,1000_10,10000,3.0,1.0,3.0,3.2834715955485416,3.3848156030130383,3.050259854324641,3.4311529997763466,1122.69,2698.69,2425.58,1920.7533333333333,368.08387947661544,manhattan_arrayfirecuda,2425.58,2288.24,1723.16,1734.85,2405.84,1950.56,1122.69,2420.82,1617.25,2021.58,2183.06,1339.64,1568.17,1962.08,2126.06,1976.99,2698.69,1794.74,2310.12,1879.54,1705.12,2247.95,1909.49,1706.01,1405.43
results/GeneratedSparse/1000_cells_10_features/0.5/sparse_arrayfirecuda_pearson.csv,pearson,arrayfirecuda,0.5,1000,10,1000_10,10000,3.0,1.0,3.0,3.3133716804254387,3.369905726066848,3.1811058038827844,3.421488757760626,1517.42,2639.3,2343.72,2057.650833333333,287.6859555272709,pearson_arrayfirecuda,2343.72,2142.61,1670.22,2179.99,2112.22,2105.93,2567.14,2478.21,2156.99,2158.12,1846.91,1517.42,1663.09,2174.29,2492.01,1922.04,2639.3,1960.28,2069.01,2104.92,1815.97,2127.41,1651.87,2014.45,1813.22
results/GeneratedSparse/1000_cells_10_features/0.5/sparse_raft_cosine.csv,cosine,raft,0.5,1000,10,1000_10,10000,3.0,1.0,3.0,3.6943396968678615,5.877031438473761,3.669608204708369,3.719500106929203,4673.133680505765,5242.037300745285,753410.1009368898,4946.974786374582,129.44782747701112,cosine_raft,1501705.4080963137,5114.79377746582,4973.888397216797,4838.466644287109,4876.375198364258,4747.203536823357,4952.310823441848,4995.403688887421,5072.656122430443,5159.230377074789,4978.779762564836,4923.838163589587,4902.852996432354,4846.973671857814,5023.514613795795,5037.177240942085,4820.416008266713,5242.037300745285,4948.605718310398,4957.523905346228,4673.133680505765,4985.773967013663,4736.263666770759,4987.164208066395,4933.011402790447
results/GeneratedSparse/1000_cells_10_features/0.5/sparse_raft_euclidean.csv,euclidean,raft,0.5,1000,10,1000_10,10000,3.0,1.0,3.0,3.7044098411617945,5.861918007752828,3.646140199204273,3.7368324884109723,4427.312720698192,5455.473975885706,727642.4169540405,5063.022310815225,244.34130678589239,euclidean_raft,1449891.5672302246,5393.266677856445,4999.1607666015625,4885.673522949219,4863.262176513672,4925.831839576878,5085.712885841149,4707.917784645752,5116.014573738762,4814.482180843754,5169.148228981263,5280.109914877021,5235.791633259615,4427.312720698192,4828.058249356492,4973.220073132965,5163.721868126488,5382.318807804281,5455.473975885706,5169.785308238734,5055.526816619645,4795.830110731376,5317.478032048592,5160.450025118202,5306.987286119632
results/GeneratedSparse/1000_cells_10_features/0.5/sparse_raft_manhattan.csv,manhattan,raft,0.5,1000,10,1000_10,10000,3.0,1.0,3.0,3.680477848939591,5.870466687401251,3.624527485978767,3.7350302367093002,4212.379455566406,5432.881553075223,742107.2721481323,4791.5701302453745,310.60573795583286,manhattan_raft,1479113.8172149658,5100.727081298828,5011.081695556641,4904.985427856445,4212.379455566406,5120.276082504002,4536.854505275609,4388.739982767918,4719.274729797466,4477.101731639928,4683.759408510224,4876.517925391006,4461.161218071549,4953.381222250148,4862.537223874921,4358.056664699467,4236.080706904158,5432.881553075223,4828.787664807453,5074.837194255308,5121.357542842834,4754.669723864324,4817.136457439555,4967.495312010244,5097.602615629313
results/GeneratedSparse/1000_cells_10_features/0.5/sparse_raft_pearson.csv,pearson,raft,0.5,1000,10,1000_10,10000,3.0,1.0,3.0,3.333111010465972,5.641096850308687,3.1618860447343993,3.4636358185415697,1451.7306455419898,2908.277333715006,437619.686126709,2153.332079845481,363.8420894477446,pearson_raft,872746.9444274902,2492.4278259277344,2421.855926513672,2290.010452270508,1600.9807586669922,2378.7349576720408,2337.5546307169625,2193.2329609129924,1986.4754438303,2246.3601336156967,1451.7306455419898,1991.3773577530949,1859.6578409794945,2533.4233671710895,1728.663785280048,2406.382281581048,2908.277333715006,2467.776487812561,2145.5414030643487,2251.5415205905947,2478.5418605355326,2417.760519315839,1486.313539084762,1851.8775115257688,1753.4713722134627
results/GeneratedSparse/1000_cells_10_features/0.75/sparse_CPU_cosine.csv,cosine,CPU,0.75,1000,10,1000_10,10000,3.0,1.0,3.0,3.870609931670503,4.214439819264395,3.858115932190066,3.890895856047455,7213.0,7778.5,16384.75,7423.520833333333,131.0216051813805,cosine_CPU,16384.75,7778.5,7336.75,7310.75,7373.25,7354.25,7314.75,7263.75,7356.5,7362.5,7389.25,7508.75,7349.25,7453.25,7213.0,7294.75,7568.25,7424.5,7449.25,7614.0,7453.5,7604.25,7543.0,7549.5,7299.0
results/GeneratedSparse/1000_cells_10_features/0.75/sparse_CPU_euclidean.csv,euclidean,CPU,0.75,1000,10,1000_10,10000,3.0,1.0,3.0,3.885556740476978,4.228939042456542,3.8528915244031294,3.9053775693802857,7126.75,8042.25,16941.0,7683.458333333333,238.24054137689402,euclidean_CPU,16941.0,8042.25,7679.0,7511.25,7541.0,7810.5,7718.75,7789.75,7825.25,7222.75,7854.75,7285.25,7933.0,7126.75,7717.75,7985.75,7628.5,7643.25,7750.25,7568.0,7585.0,7863.0,7899.25,7430.5,7991.5
results/GeneratedSparse/1000_cells_10_features/0.75/sparse_CPU_kendall.csv,kendall,CPU,0.75,1000,10,1000_10,10000,3.0,1.0,3.0,4.210751182734062,4.440751700479185,4.157154439906281,4.256880035017434,14360.0,18066.75,27590.0,16246.177083333334,991.4802078184213,kendall_CPU,27590.0,16812.0,17347.25,15684.5,15010.0,16843.0,15839.5,17012.25,17731.5,14360.0,16768.75,16571.0,16430.75,14990.0,15836.0,14772.75,15743.75,16432.0,14807.25,15640.5,16394.25,18066.75,15940.5,17327.0,17547.0
results/GeneratedSparse/1000_cells_10_features/0.75/sparse_CPU_manhattan.csv,manhattan,CPU,0.75,1000,10,1000_10,10000,3.0,1.0,3.0,3.9359494592403994,4.2207224677427835,3.8367986680925994,4.015495975073384,6867.5,10363.25,16623.5,8628.78125,755.9430379516727,manhattan_CPU,16623.5,8248.0,8150.75,10188.0,7947.0,8621.75,10363.25,8604.5,8975.25,8954.5,8512.25,8405.25,8144.5,8165.25,8315.5,9523.25,8259.5,8355.5,6867.5,9573.25,7804.75,8237.75,8770.0,9490.0,8613.5
results/GeneratedSparse/1000_cells_10_features/0.75/sparse_CPU_pearson.csv,pearson,CPU,0.75,1000,10,1000_10,10000,3.0,1.0,3.0,3.8791968636956473,4.21915866698611,3.861862845050273,3.890895856047455,7275.5,7778.5,16563.75,7571.760416666667,139.50534785087294,pearson_CPU,16563.75,7764.5,7524.75,7414.0,7523.5,7400.5,7424.75,7374.5,7653.75,7621.0,7766.0,7482.25,7464.25,7553.0,7275.5,7587.25,7674.25,7513.0,7720.25,7451.25,7689.5,7778.5,7716.75,7731.75,7617.5
results/GeneratedSparse/1000_cells_10_features/0.75/sparse_CPU_spearman.csv,spearman,CPU,0.75,1000,10,1000_10,10000,3.0,1.0,3.0,3.9820346062723946,4.5906913988912335,3.7528164311882715,4.084987144142866,5660.0,12161.5,38966.5,9594.770833333334,1574.131283102198,spearman_CPU,38966.5,11504.25,8658.75,8889.75,8767.0,11633.25,9652.75,8422.5,9471.25,10373.5,9831.0,11150.75,8491.75,10390.25,7280.25,7023.25,8567.5,11090.5,8890.25,12161.5,9905.0,10135.5,11439.25,5660.0,10884.75
results/GeneratedSparse/1000_cells_10_features/0.75/sparse_GPU_cosine.csv,cosine,GPU,0.75,1000,10,1000_10,10000,3.0,1.0,3.0,3.168125959660041,6.040271153319317,3.0680930538642177,3.242913946818925,1169.75,1749.5,1097163.0,1472.7395833333333,166.34047474179695,cosine_GPU,1097163.0,1357.5,1620.5,1665.75,1304.25,1469.25,1342.0,1322.25,1202.25,1395.0,1747.0,1673.75,1622.25,1344.0,1749.5,1678.75,1400.5,1340.75,1169.75,1430.75,1493.5,1336.25,1554.75,1483.5,1642.0
results/GeneratedSparse/1000_cells_10_features/0.75/sparse_GPU_euclidean.csv,euclidean,GPU,0.75,1000,10,1000_10,10000,3.0,1.0,3.0,3.1869180953481795,6.033962971181044,3.0433622780211294,3.3098430047160705,1105.0,2041.0,1081341.75,1537.8645833333333,239.22499628974055,euclidean_GPU,1081341.75,1390.5,1768.5,1309.25,1443.5,1442.5,1297.75,1812.25,1654.5,1487.0,1105.0,1706.75,1704.5,1423.25,1143.0,1231.25,1952.0,1520.25,1708.75,1593.75,1382.5,1420.0,1556.0,1815.0,2041.0
results/GeneratedSparse/1000_cells_10_features/0.75/sparse_GPU_kendall.csv,kendall,GPU,0.75,1000,10,1000_10,10000,3.0,1.0,3.0,3.576514112051963,5.477849534647692,3.036628895362161,3.7411910067264005,1088.0,5510.5,300503.5,3771.5,1115.3628123283472,kendall_GPU,300503.5,4463.25,2811.75,4288.5,3805.0,1088.0,5423.25,5510.5,2949.0,4506.5,4467.25,3981.75,3725.5,4791.75,2615.0,4162.0,2598.25,5040.75,4009.5,2294.5,5455.75,3102.0,3981.0,3040.75,2404.5
results/GeneratedSparse/1000_cells_10_features/0.75/sparse_GPU_manhattan.csv,manhattan,GPU,0.75,1000,10,1000_10,10000,3.0,1.0,3.0,3.3734996789501803,5.4750239851891385,2.7808571437595684,3.554428584722055,603.75,3584.5,298554.75,2363.195652173913,857.7070955286699,manhattan_GPU,298554.75,3254.25,1781.25,1097.5,3352.0,3558.25,2756.0,603.75,2962.0,2397.0,2428.75,2836.25,2479.25,2985.75,2662.5,3584.5,2492.75,1762.0,1643.5,1122.0,,3210.75,2563.5,721.75,2098.25
results/GeneratedSparse/1000_cells_10_features/0.75/sparse_GPU_pearson.csv,pearson,GPU,0.75,1000,10,1000_10,10000,3.0,1.0,3.0,3.111322034591373,6.03870895874202,3.041787318971752,3.165170106782756,1101.0,1462.75,1093223.5,1292.1770833333333,90.55990418314123,pearson_GPU,1093223.5,1358.0,1236.0,1357.5,1186.0,1128.5,1360.0,1221.25,1308.5,1255.25,1265.5,1443.5,1268.25,1286.0,1355.5,1278.25,1462.75,1230.0,1350.0,1341.5,1231.0,1396.0,1101.0,1389.5,1202.5
results/GeneratedSparse/1000_cells_10_features/0.75/sparse_GPU_spearman.csv,spearman,GPU,0.75,1000,10,1000_10,10000,3.0,1.0,3.0,3.3846613708117865,5.463247036803054,2.449863924718144,3.6977304979257712,281.75,4985.75,290567.5,2424.71875,1225.9998477273984,spearman_GPU,290567.5,3416.5,1858.75,2010.25,1814.75,4985.75,1662.25,4806.75,1823.75,2333.0,2319.25,1549.25,3633.25,3394.75,2212.75,281.75,1625.5,3700.0,2653.5,725.25,3346.25,4012.25,2106.75,598.75,1322.25
results/GeneratedSparse/1000_cells_10_features/0.75/sparse_armadillo_cosine.csv,cosine,armadillo,0.75,1000,10,1000_10,10000,3.0,1.0,3.0,4.22818737299623,4.322469459014036,4.1087341086023645,4.326419843721989,12845.0,21204.1,21012.1,16911.704166666666,2090.1769158532898,cosine_armadillo,21012.1,21104.5,16261.9,15833.6,15964.1,17126.4,17688.7,21204.1,15080.6,15127.1,16945.1,16975.6,14668.0,12845.0,16080.8,17559.5,16027.4,16907.7,19086.9,21005.6,18797.6,15293.7,15063.1,18108.8,15125.1
results/GeneratedSparse/1000_cells_10_features/0.75/sparse_armadillo_euclidean.csv,euclidean,armadillo,0.75,1000,10,1000_10,10000,3.0,1.0,3.0,4.290399525210122,4.386109977447624,4.193717172904509,4.3569871279155725,15621.3,22750.3,24328.2,19516.391666666666,2059.4587308555665,euclidean_armadillo,24328.2,22596.4,18638.6,18412.4,18225.5,22091.7,22633.6,19513.4,19367.8,18545.4,19183.7,20255.6,15621.3,21540.1,18744.6,17505.4,18819.4,22539.8,22750.3,21486.1,17705.5,16147.9,16730.5,20101.6,19236.8
results/GeneratedSparse/1000_cells_10_features/0.75/sparse_armadillo_manhattan.csv,manhattan,armadillo,0.75,1000,10,1000_10,10000,3.0,1.0,3.0,4.506088633970248,4.587209048136634,4.493732622329084,4.5225185658398255,31169.7,33305.7,38655.3,32069.2375,562.164023967872,manhattan_armadillo,38655.3,32567.5,31862.0,31901.6,31203.7,31169.7,32864.9,33005.8,32095.2,31619.0,31933.3,31860.6,31542.8,32280.5,32792.4,31770.5,32032.5,32168.2,33305.7,31292.0,32783.9,31582.0,31866.7,32259.4,31901.8
results/GeneratedSparse/1000_cells_10_features/0.75/sparse_armadillo_pearson.csv,pearson,armadillo,0.75,1000,10,1000_10,10000,3.0,1.0,3.0,4.253987930501879,4.478443836975244,4.225386827388403,4.279034658521765,16803.0,19012.3,30091.5,17946.837499999998,571.522378398621,pearson_armadillo,30091.5,18797.1,17738.5,17674.3,17290.9,18204.1,17965.6,18224.7,17369.6,17694.4,18218.6,17786.7,17234.0,18081.4,19012.3,18874.3,17189.5,17396.7,18703.4,18549.2,17975.5,18301.3,18072.4,17566.6,16803.0
results/GeneratedSparse/1000_cells_10_features/0.75/sparse_armadillo_spearman.csv,spearman,armadillo,0.75,1000,10,1000_10,10000,3.0,1.0,3.0,3.6860272940633405,3.7126800001853137,3.6699692270543385,3.704512564053268,4677.02,5064.22,5160.36,4853.19,117.81426957999051,spearman_armadillo,5160.36,4888.34,4727.34,4746.57,4959.65,4824.81,4868.31,4704.34,4962.36,4830.23,4768.59,4732.48,5062.25,4814.13,4685.19,4884.86,4798.66,4948.97,4980.99,4778.4,5059.1,4677.02,5064.22,4923.72,4786.03
results/GeneratedSparse/1000_cells_10_features/0.75/sparse_arrayfirecuda_cosine.csv,cosine,arrayfirecuda,0.75,1000,10,1000_10,10000,3.0,1.0,3.0,3.284278798205145,3.3846114406720633,3.0976182038758306,3.4158477375681877,1252.04,2605.24,2424.44,1924.3266666666666,274.932923587231,cosine_arrayfirecuda,2424.44,2155.13,1688.15,2030.73,2331.46,1882.98,1603.63,1636.15,2212.45,1955.56,1907.02,1755.43,1682.86,2032.47,1658.55,2015.68,2154.4,1678.67,2017.42,2094.68,1956.73,2010.9,2605.24,1252.04,1865.51
results/GeneratedSparse/1000_cells_10_features/0.75/sparse_arrayfirecuda_euclidean.csv,euclidean,arrayfirecuda,0.75,1000,10,1000_10,10000,3.0,1.0,3.0,3.283489401056812,3.3641474674940506,3.1046919189002056,3.4434194617828173,1272.6,2776.0,2312.85,1920.8320833333335,339.62563387229727,euclidean_arrayfirecuda,2312.85,2118.29,1623.22,2102.99,1272.6,1993.22,2328.49,2776.0,1927.51,2002.51,1527.45,1798.3,2170.56,1938.78,1910.41,1633.54,1792.83,1967.52,2309.58,2446.97,1501.94,1938.08,1352.31,1865.25,1801.62
results/GeneratedSparse/1000_cells_10_features/0.75/sparse_arrayfirecuda_manhattan.csv,manhattan,arrayfirecuda,0.75,1000,10,1000_10,10000,3.0,1.0,3.0,3.2785852792266503,3.3920212494141966,3.043224696892953,3.4222154565268226,1104.65,2643.72,2466.16,1899.26375,321.12833676497235,manhattan_arrayfirecuda,2466.16,2187.35,1699.5,1500.27,1104.65,2031.17,1682.31,1943.95,1722.07,1865.45,2236.53,1669.43,1633.69,1863.23,2301.68,1851.89,2117.27,1859.75,2643.72,1720.68,1747.63,2307.64,2188.0,2123.45,1581.02
results/GeneratedSparse/1000_cells_10_features/0.75/sparse_arrayfirecuda_pearson.csv,pearson,arrayfirecuda,0.75,1000,10,1000_10,10000,3.0,1.0,3.0,3.256665239502429,3.368069218140024,3.0248426440090292,3.3802021938156503,1058.87,2399.95,2333.83,1805.7816666666668,297.73794297819836,pearson_arrayfirecuda,2333.83,2139.03,1675.77,2184.28,1788.26,1793.57,1551.43,1415.88,1515.13,1811.1,2399.95,1314.15,2134.85,2028.26,1818.83,1691.37,1706.55,1590.5,1058.87,1942.63,2012.84,1906.38,1834.95,2104.56,1919.62
results/GeneratedSparse/1000_cells_10_features/0.75/sparse_raft_cosine.csv,cosine,raft,0.75,1000,10,1000_10,10000,3.0,1.0,3.0,3.6892955685222883,5.868285998452286,3.668146771602598,3.709128306900122,4657.434668451136,5118.330279038702,738390.326499939,4889.850354888724,116.51070825253484,cosine_raft,1471740.2458190918,5040.407180786133,4910.945892333984,4809.856414794922,4813.909530639648,5100.238486852484,4762.77052708361,5010.387176350957,4848.748567219634,4657.434668451136,4830.277005929475,4964.062226916126,4929.05460724223,4947.701709335201,4822.852094025278,4890.503606536852,5066.175607645138,4957.899454679246,4820.370872255828,4834.982865381437,4795.450485717372,4765.958580974406,5118.330279038702,4912.773926066059,4745.31675107352
results/GeneratedSparse/1000_cells_10_features/0.75/sparse_raft_euclidean.csv,euclidean,raft,0.75,1000,10,1000_10,10000,3.0,1.0,3.0,3.688728854090854,5.834259349627783,3.674905356792581,3.7060963498555597,4730.481591626502,5082.721921404755,682746.2911605835,4883.473710427693,109.771418693776,euclidean_raft,1360482.931137085,5009.651184082031,4882.335662841797,4777.431488037109,4780.769348144531,5082.721921404755,4763.610953399771,4730.481591626502,4752.651487061999,4915.594939505933,4818.093680771404,4931.854967661338,4957.52280077502,4887.797647700181,4784.873745227284,4992.307148251079,4893.01207451237,4747.627628901559,4995.389681692915,4959.45522660916,5025.695967972126,4960.266050055122,4748.798117920326,5044.716261696408,4760.709474413918
results/GeneratedSparse/1000_cells_10_features/0.75/sparse_raft_manhattan.csv,manhattan,raft,0.75,1000,10,1000_10,10000,3.0,1.0,3.0,3.7011503142093987,5.843326672287133,3.684569702695238,3.7245953396069478,4836.928890337384,5303.900150744327,697150.707244873,5025.164860399415,122.12221560918948,manhattan_raft,1389124.3934631348,5177.021026611328,5025.148391723633,4987.478256225586,4937.648773193359,4836.928890337384,5113.814238275089,4895.523513032655,5120.464543872979,4837.764158224795,5303.900150744327,5058.186329881661,5063.471842537295,4985.909301558829,4857.44191243448,4837.05112326589,5094.200539355789,5166.335589008087,5061.558407243178,5031.661284369397,5110.203979682251,5079.826976109539,5119.301184582518,5052.067009788714,4851.049227527221
results/GeneratedSparse/1000_cells_10_features/0.75/sparse_raft_pearson.csv,pearson,raft,0.75,1000,10,1000_10,10000,3.0,1.0,3.0,3.377403881606918,5.661823279818639,3.3588348035876785,3.413791998922305,2284.729575381916,2592.937202869756,459011.19709014887,2384.5359896970986,76.04161127461131,pearson_raft,915530.9200286864,2491.474151611328,2420.9022521972656,2325.296401977539,2348.4230041503906,2284.729575381916,2416.0646492797096,2330.099084926509,2372.8060446514014,2371.4488342793843,2325.1046416335134,2496.932912704671,2345.448434486741,2405.3307421719774,2315.541518204024,2315.766036363893,2497.154039177351,2349.1761327301724,2377.2660807693665,2297.95527197551,2326.2313850361584,2427.745641996004,2592.937202869756,2331.0136248616186,2464.016089294165
results/GeneratedSparse/1000_cells_10_features/0.9/sparse_CPU_cosine.csv,cosine,CPU,0.9,1000,10,1000_10,10000,3.0,1.0,3.0,4.275583903027717,4.847928770293045,3.452016565962548,4.70181614408989,2831.5,50328.75,70457.75,18861.833333333332,11273.136080843797,cosine_CPU,70457.75,7935.25,7708.25,32421.5,11771.5,9452.75,8788.5,8543.75,,29780.5,6810.25,,17331.5,9177.0,,25406.0,25831.5,18013.0,27580.25,24459.5,22181.25,26264.25,2831.5,50328.75,23481.75
results/GeneratedSparse/1000_cells_10_features/0.9/sparse_CPU_euclidean.csv,euclidean,CPU,0.9,1000,10,1000_10,10000,3.0,1.0,3.0,3.8880419408693494,4.250487093184043,3.8813418529712145,3.894828161659605,7609.25,7849.25,17802.75,7727.552083333333,66.82026495128348,euclidean_CPU,17802.75,7736.25,7683.5,7816.25,7648.75,7849.25,7609.25,7812.25,7716.25,7668.5,7657.5,7690.5,7623.25,7839.0,7719.75,7772.25,7780.5,7718.5,7728.5,7805.75,7802.5,7716.25,7702.5,7669.25,7695.0
results/GeneratedSparse/1000_cells_10_features/0.9/sparse_CPU_kendall.csv,kendall,CPU,0.9,1000,10,1000_10,10000,3.0,1.0,3.0,4.0894823071540145,4.3465925528344505,4.056676215120661,4.140727962844183,11394.0,13827.0,22212.25,12288.03125,581.1305626055739,kendall_CPU,22212.25,12434.5,13365.0,11864.5,11887.5,12061.75,12180.0,13827.0,11811.0,12036.5,12495.25,12637.25,12070.0,12978.0,11654.75,13038.0,11542.0,11394.0,12748.25,12514.75,12291.75,11603.75,12004.25,12101.0,12372.0
results/GeneratedSparse/1000_cells_10_features/0.9/sparse_CPU_manhattan.csv,manhattan,CPU,0.9,1000,10,1000_10,10000,3.0,1.0,3.0,3.9101489684280546,4.225050696138049,3.905026416962551,3.9172297211545835,8035.75,8264.75,16790.0,8131.09375,63.62830756383121,manhattan_CPU,16790.0,8230.0,8120.25,8054.25,8135.0,8082.25,8114.25,8127.5,8195.0,8187.0,8095.5,8101.75,8044.5,8087.0,8166.25,8052.5,8111.75,8085.5,8196.75,8129.0,8089.5,8196.0,8035.75,8244.25,8264.75
results/GeneratedSparse/1000_cells_10_features/0.9/sparse_CPU_pearson.csv,pearson,CPU,0.9,1000,10,1000_10,10000,3.0,1.0,3.0,3.908453741400812,4.219787481331561,3.7260952706419843,4.041846483127133,5322.25,11011.5,16587.75,8099.416666666667,1478.200342806151,pearson_CPU,16587.75,7469.0,7419.5,10446.75,8317.25,9455.5,7670.75,8380.5,6934.5,6990.75,8282.75,5322.25,6125.25,8998.75,5622.5,6067.25,9870.75,8467.25,8690.0,9202.5,9711.25,11011.5,8468.0,6659.5,8802.0
results/GeneratedSparse/1000_cells_10_features/0.9/sparse_CPU_spearman.csv,spearman,CPU,0.9,1000,10,1000_10,10000,3.0,1.0,3.0,4.146427479285799,4.2939919911202,3.428256314660623,4.4710275327305515,2680.75,29582.0,19678.5,14009.65625,6849.092960709477,spearman_CPU,19678.5,8652.5,8505.75,25147.75,11168.75,18222.75,21241.75,13758.5,29582.0,11171.75,14237.0,25493.5,7245.0,8194.0,17286.75,14821.75,5872.75,15708.75,11089.75,24084.25,2680.75,14300.0,6476.5,12094.0,9195.5
results/GeneratedSparse/1000_cells_10_features/0.9/sparse_GPU_cosine.csv,cosine,GPU,0.9,1000,10,1000_10,10000,3.0,1.0,3.0,3.50465263004402,6.054413861501558,2.776882707285475,3.7619841878549316,598.25,5780.75,1133480.0,3196.3375,1514.1185725427022,cosine_GPU,1133480.0,4699.0,1187.5,1864.5,3051.0,4026.0,,3906.0,,,1816.0,3548.75,4737.5,1763.75,2893.5,598.25,5534.0,1158.0,4927.25,3456.0,,3577.0,5780.75,3980.5,1421.5
results/GeneratedSparse/1000_cells_10_features/0.9/sparse_GPU_euclidean.csv,euclidean,GPU,0.9,1000,10,1000_10,10000,3.0,1.0,3.0,3.1114935492974936,6.087892017536448,3.105680462945809,3.1187605904423816,1275.5,1314.5,1224311.75,1292.6875,9.647228120899115,euclidean_GPU,1224311.75,1306.0,1288.25,1297.5,1297.25,1290.0,1275.5,1305.5,1290.75,1285.75,1288.5,1308.25,1279.0,1299.25,1294.75,1314.5,1276.25,1292.25,1291.5,1281.5,1298.25,1297.5,1289.75,1286.5,1290.25
results/GeneratedSparse/1000_cells_10_features/0.9/sparse_GPU_kendall.csv,kendall,GPU,0.9,1000,10,1000_10,10000,3.0,1.0,3.0,3.5239292806089426,5.47918035018573,1.9071425310031405,3.760855807671632,80.75,5765.75,301425.75,3341.40625,1489.2391527997681,kendall_GPU,301425.75,4177.25,2614.5,1653.5,4981.75,5035.5,2590.75,4267.5,2630.25,5765.75,3423.0,2493.75,1917.75,2445.25,4945.5,3745.0,80.75,2731.0,3185.0,2868.25,4316.75,80.75,5396.5,4208.25,4639.5
results/GeneratedSparse/1000_cells_10_features/0.9/sparse_GPU_manhattan.csv,manhattan,GPU,0.9,1000,10,1000_10,10000,3.0,1.0,3.0,3.3600843243575818,5.4709625642757915,2.3268476989159903,3.654104313951652,212.25,4509.25,295775.75,2291.3125,1002.9552173296423,manhattan_GPU,295775.75,3275.25,1759.25,4033.5,2579.5,2605.25,2037.25,2725.5,1471.75,2999.25,212.25,509.25,2109.75,725.75,2463.5,2835.75,1191.5,2779.25,2593.0,2632.5,2707.0,1659.0,2918.25,1659.0,4509.25
results/GeneratedSparse/1000_cells_10_features/0.9/sparse_GPU_pearson.csv,pearson,GPU,0.9,1000,10,1000_10,10000,3.0,1.0,3.0,3.4380726151844847,6.056114497618366,2.4170562991191105,3.791129000727286,261.25,6182.0,1137927.25,2742.032608695652,1591.0474422878112,pearson_GPU,1137927.25,3968.0,1216.5,2930.75,,3154.0,1298.5,1047.25,4779.75,1906.5,2579.0,3253.75,2973.75,5178.75,261.25,640.75,3034.5,3983.5,470.0,393.25,3423.5,2742.25,3284.25,6182.0,4365.0
results/GeneratedSparse/1000_cells_10_features/0.9/sparse_GPU_spearman.csv,spearman,GPU,0.9,1000,10,1000_10,10000,3.0,1.0,3.0,3.3705452696909997,5.4852947283976015,2.645422269349092,3.618597158169288,442.0,4155.25,305699.5,2347.1739130434785,954.8988349409818,spearman_GPU,305699.5,3282.75,1787.75,1761.0,3566.25,,817.0,2733.25,1211.75,1398.75,3099.0,3078.0,442.0,2012.75,2934.5,1783.75,4155.25,2085.75,2685.0,1561.5,1998.25,2808.0,2815.75,4065.0,1902.0
results/GeneratedSparse/1000_cells_10_features/0.9/sparse_armadillo_cosine.csv,cosine,armadillo,0.9,1000,10,1000_10,10000,3.0,1.0,3.0,3.772595927470498,3.7580484986577902,3.7634669285642546,3.7785643574266503,5800.52,6005.71,5728.6,5923.739166666666,43.00199994541592,cosine_armadillo,5728.6,6005.71,5881.16,5907.97,5916.01,5983.12,5890.27,5937.03,5965.68,5948.28,5928.49,5800.52,5893.9,5929.08,5908.09,5951.76,5928.76,5987.76,5899.44,5984.98,5901.24,5901.04,5925.56,5885.21,5908.68
results/GeneratedSparse/1000_cells_10_features/0.9/sparse_armadillo_euclidean.csv,euclidean,armadillo,0.9,1000,10,1000_10,10000,3.0,1.0,3.0,4.005304642761117,3.964145029237314,3.9963049828618393,4.012406933582598,9915.28,10289.8,9207.57,10122.892916666666,120.84272438722309,euclidean_armadillo,9207.57,9915.28,10184.2,10185.4,10093.7,10164.4,10008.75,9975.31,10048.55,10025.98,10248.74,10228.17,10249.35,10078.49,10270.13,9931.28,9977.98,10208.53,10084.89,9937.01,10272.91,10087.93,10250.07,10232.58,10289.8
results/GeneratedSparse/1000_cells_10_features/0.9/sparse_armadillo_manhattan.csv,manhattan,armadillo,0.9,1000,10,1000_10,10000,3.0,1.0,3.0,4.4454624636825155,4.5686158669521575,4.433641846159436,4.455425055429518,27142.0,28538.1,37035.3,27890.895833333332,392.07726011502535,manhattan_armadillo,37035.3,28538.1,28073.0,27580.4,27471.9,27847.6,28197.6,28409.1,28277.6,27886.7,27346.9,28067.2,28129.0,28474.2,27776.6,27886.9,27921.0,27952.2,27660.2,27369.4,27524.1,27142.0,28442.1,27306.8,28100.9
results/GeneratedSparse/1000_cells_10_features/0.9/sparse_armadillo_pearson.csv,pearson,armadillo,0.9,1000,10,1000_10,10000,3.0,1.0,3.0,3.948159002886049,3.944736265555323,3.9475351761281896,3.948955983330408,8862.07,8891.11,8805.14,8874.80875,8.506141561885403,pearson_armadillo,8805.14,8886.93,8878.82,8868.32,8871.05,8862.74,8873.56,8871.74,8880.47,8882.56,8889.23,8864.82,8863.74,8872.01,8864.77,8878.2,8872.73,8880.01,8867.11,8862.07,8874.22,8880.64,8871.37,8887.19,8891.11
results/GeneratedSparse/1000_cells_10_features/0.9/sparse_armadillo_spearman.csv,spearman,armadillo,0.9,1000,10,1000_10,10000,3.0,1.0,3.0,3.8475699345114607,3.641322378394708,3.507244462015432,4.01233348839439,3215.47,10288.06,4378.47,7039.955833333333,1988.4260079748938,spearman_armadillo,4378.47,8937.45,6768.37,4766.19,4667.97,7124.82,5376.83,3215.47,8592.16,7996.93,6200.91,9347.99,4302.09,7210.43,8392.78,6951.15,9506.0,8851.69,7089.97,5022.3,9247.96,3723.2,9030.04,6348.18,10288.06
results/GeneratedSparse/1000_cells_10_features/0.9/sparse_arrayfirecuda_cosine.csv,cosine,arrayfirecuda,0.9,1000,10,1000_10,10000,3.0,1.0,3.0,3.2566102211370156,3.3577633811239473,3.09143128451026,3.4544530563727682,1234.33,2847.43,2279.1,1805.5529166666668,314.7281046856049,cosine_arrayfirecuda,2279.1,2102.09,1642.38,1805.95,1891.96,1946.7,1667.6,1609.71,1234.33,1844.35,1340.86,1445.38,1953.48,1820.85,1960.92,1595.81,1956.25,1710.88,1789.39,2060.49,2847.43,1506.84,1663.86,1781.06,2154.7
results/GeneratedSparse/1000_cells_10_features/0.9/sparse_arrayfirecuda_euclidean.csv,euclidean,arrayfirecuda,0.9,1000,10,1000_10,10000,3.0,1.0,3.0,3.2993359332168537,3.4401972631491287,3.1060242213555513,3.4107755467934227,1276.51,2574.99,2755.48,1992.21375,329.1676507472104,euclidean_arrayfirecuda,2755.48,2172.81,1645.52,2030.71,1690.91,1883.08,2295.31,2295.54,1789.6,2157.26,1640.84,1566.32,1867.54,2286.7,1739.97,2478.22,2264.26,1880.78,1276.51,1878.66,2574.99,1957.7,2457.59,1662.99,2319.32
results/GeneratedSparse/1000_cells_10_features/0.9/sparse_arrayfirecuda_manhattan.csv,manhattan,arrayfirecuda,0.9,1000,10,1000_10,10000,3.0,1.0,3.0,3.2908392590373245,3.3787194142237977,3.0643718705762204,3.4897152626430077,1159.77,3088.27,2391.77,1953.61625,389.100331210907,manhattan_arrayfirecuda,2391.77,2230.92,1694.5,1955.28,2068.25,1806.0,1532.93,1893.01,2277.84,1337.8,1791.14,2259.79,2193.04,2206.65,1585.84,2337.88,1827.83,3088.27,1786.25,2301.85,2113.58,1159.77,1844.38,2015.95,1578.04
results/GeneratedSparse/1000_cells_10_features/0.9/sparse_arrayfirecuda_pearson.csv,pearson,arrayfirecuda,0.9,1000,10,1000_10,10000,3.0,1.0,3.0,3.293874547157513,3.373105184238476,3.064907027159636,3.430268605795908,1161.2,2693.2,2361.05,1967.3179166666666,365.5404646317008,pearson_arrayfirecuda,2361.05,2127.17,1665.41,1619.13,1765.23,1731.93,2216.36,2427.53,1722.07,1984.31,2693.2,2300.09,2435.49,1312.02,1161.2,1875.32,2404.46,2287.42,2061.28,1642.54,1960.28,2038.95,1827.43,1694.64,2262.17
results/GeneratedSparse/1000_cells_10_features/0.9/sparse_raft_cosine.csv,cosine,raft,0.9,1000,10,1000_10,10000,3.0,1.0,3.0,3.665365584219291,5.863451573029364,3.6061252963730626,3.724799337527637,4037.618637084961,5306.392097576439,730216.383934021,4627.704124216897,325.00023728090935,cosine_raft,1455448.6274719238,4984.140396118164,4619.359970092773,4709.959030151367,4037.618637084961,4628.847918607305,4302.192424917482,4980.772184768986,4893.935480209555,4570.20270959193,4761.313639402922,4464.072595929578,4499.777988834822,4369.085348495853,4391.747595111732,4248.910838615285,4523.728206517388,4286.153469506853,5306.392097576439,4330.796983600187,4543.923152791746,5059.144263946434,5259.200708624111,4922.643424429014,4370.979916280636
results/GeneratedSparse/1000_cells_10_features/0.9/sparse_raft_euclidean.csv,euclidean,raft,0.9,1000,10,1000_10,10000,3.0,1.0,3.0,3.6734520765300704,5.865589874120266,3.606022705105379,3.7224000945125386,4036.6649627685542,5277.157966079802,733820.5575942993,4714.6784299484,344.8356664660496,euclidean_raft,1462522.9835510254,5118.131637573242,4838.705062866211,4700.660705566406,4036.6649627685542,4254.689123417311,5067.8336011987785,4705.430864821569,4275.9593311695535,4743.477647907307,5062.114187102424,4139.824640693224,5277.157966079802,5237.577824435289,4789.558192962609,4885.405903247955,4342.243997482817,4390.885283487939,4765.452708500881,4852.210941643588,5059.36863056089,4657.884018018542,4429.486271857961,4498.357743244317,5023.201072154428
results/GeneratedSparse/1000_cells_10_features/0.9/sparse_raft_manhattan.csv,manhattan,raft,0.9,1000,10,1000_10,10000,3.0,1.0,3.0,3.692582293279695,5.881773779600446,3.6688735137144164,3.713767985666491,4665.234876897811,5173.303832820828,761682.1527481079,4926.996948294156,118.90699399583855,manhattan_raft,1518227.3387908936,5136.966705322266,4948.139190673828,4869.937896728516,4937.171936035156,4672.280484147234,4665.234876897811,4995.757795579257,5037.441239522755,5003.006663732116,4925.41393047238,4886.185252894044,4830.9469935241,5016.330584754178,4834.39970673922,4933.463731456303,4839.170288676283,4967.509892639301,5173.303832820828,4938.360794520912,4978.341182365685,4927.712762160712,4797.539927457395,4879.61160574676,5053.699484192698
results/GeneratedSparse/1000_cells_10_features/0.9/sparse_raft_pearson.csv,pearson,raft,0.9,1000,10,1000_10,10000,3.0,1.0,3.0,3.385313041555067,5.6570851552408286,3.3533210560464797,3.4147213289653764,2255.9062946043605,2598.491670147407,454030.63297271734,2428.3598378665647,72.32639309170997,pearson_raft,905532.3600769044,2528.905868530273,2411.8423461914062,2353.668212890625,2321.720123291016,2516.3851161602884,2347.175397257705,2598.491670147407,2488.428930328936,2424.117362503828,2367.3497869623284,2494.06411112828,2441.0120390002435,2405.4517361340404,2433.211430392625,2413.7914903332144,2481.2782058593534,2418.119419288531,2458.271011673808,2429.503616199485,2490.9913451830216,2361.1502213936483,2255.9062946043605,2430.353932541524,2409.446440801596
results/GeneratedSparse/1000_cells_10_features/0.95/sparse_CPU_cosine.csv,cosine,CPU,0.95,1000,10,1000_10,10000,3.0,1.0,3.0,3.8681630098044333,4.223735995583271,3.8576189156837803,3.8802989914257524,7204.75,7591.0,16739.25,7381.8125,89.46770396116877,cosine_CPU,16739.25,7413.75,7367.5,7249.5,7410.75,7305.75,7591.0,7430.25,7397.25,7337.0,7344.0,7442.0,7204.75,7448.5,7468.0,7488.25,7350.5,7327.75,7328.75,7323.75,7338.25,7348.5,7261.75,7435.75,7550.25
results/GeneratedSparse/1000_cells_10_features/0.95/sparse_CPU_euclidean.csv,euclidean,CPU,0.95,1000,10,1000_10,10000,3.0,1.0,3.0,3.8844177165496165,4.220709404879567,3.8562000460323604,3.9158481460388757,7181.25,8238.5,16623.0,7663.333333333333,219.49638933375545,euclidean_CPU,16623.0,7872.0,7572.5,7352.25,7371.75,7575.0,7869.0,7916.5,7661.25,7642.25,7651.25,7704.0,7555.25,7510.75,7519.25,7870.75,7181.25,7737.0,7808.5,7568.5,7648.25,7803.75,8238.5,7855.25,7435.25
results/GeneratedSparse/1000_cells_10_features/0.95/sparse_CPU_kendall.csv,kendall,CPU,0.95,1000,10,1000_10,10000,3.0,1.0,3.0,4.016611628857334,4.28817653889921,3.9928185200666797,4.056390250481434,9836.0,11386.5,19416.75,10389.90625,438.1574810386149,kendall_CPU,19416.75,10775.75,9884.5,10543.0,10136.0,10415.5,11038.75,10350.75,10051.5,10006.75,9996.25,11151.5,10759.5,9890.75,10864.25,10135.25,10949.5,9925.25,10297.5,10040.75,11386.5,10269.5,9836.0,10188.25,10464.5
results/GeneratedSparse/1000_cells_10_features/0.95/sparse_CPU_manhattan.csv,manhattan,CPU,0.95,1000,10,1000_10,10000,3.0,1.0,3.0,3.922585448531128,4.210057543634925,3.7513560997253936,4.0405430062138645,5641.0,10978.5,16220.25,8367.302083333334,1415.3061634677588,manhattan_CPU,16220.25,7908.75,8039.5,7836.5,10941.5,7287.5,8200.5,8471.0,5641.0,10425.25,8575.25,9487.75,9469.5,9382.5,10106.0,8419.25,7468.25,5904.0,6213.75,8546.5,7396.5,10978.5,7793.0,9079.25,7243.75
results/GeneratedSparse/1000_cells_10_features/0.95/sparse_CPU_pearson.csv,pearson,CPU,0.95,1000,10,1000_10,10000,3.0,1.0,3.0,3.90802400659884,4.234219806354168,3.8614597320725235,3.9469678064161395,7268.75,8850.5,17148.25,8091.40625,418.38495165748674,pearson_CPU,17148.25,7552.25,8510.5,7945.75,7469.75,8122.25,8630.25,7700.0,8037.25,8204.25,7631.0,7834.25,8132.25,8539.5,7851.25,8037.25,8062.75,7268.75,8543.75,8850.5,8715.0,8242.25,8559.5,8145.5,7608.0
results/GeneratedSparse/1000_cells_10_features/0.95/sparse_CPU_spearman.csv,spearman,CPU,0.95,1000,10,1000_10,10000,3.0,1.0,3.0,3.9351880613401713,4.294025094095323,3.913800611496449,3.9507906631325986,8199.75,8928.75,19680.0,8613.666666666666,185.70843616779743,spearman_CPU,19680.0,8759.75,8596.75,8572.0,8250.75,8199.75,8671.0,8737.5,8607.0,8674.5,8507.25,8518.75,8717.5,8679.0,8880.5,8626.0,8818.75,8477.75,8650.5,8892.5,8928.75,8633.5,8393.0,8323.5,8611.75
results/GeneratedSparse/1000_cells_10_features/0.95/sparse_GPU_cosine.csv,cosine,GPU,0.95,1000,10,1000_10,10000,3.0,1.0,3.0,3.191017038875224,6.0781394097327395,3.1774643519968278,3.2062185182548055,1504.75,1607.75,1197124.75,1552.4479166666667,25.357134429841548,cosine_GPU,1197124.75,1572.75,1530.5,1526.75,1554.75,1569.5,1586.75,1589.5,1568.75,1525.5,1573.5,1540.5,1504.75,1534.5,1607.75,1551.25,1529.5,1564.75,1557.0,1544.0,1584.5,1541.5,1518.5,1556.25,1525.75
results/GeneratedSparse/1000_cells_10_features/0.95/sparse_GPU_euclidean.csv,euclidean,GPU,0.95,1000,10,1000_10,10000,3.0,1.0,3.0,3.778633531923382,6.041491574596666,3.737907923374639,3.8181268790263236,5469.0,6578.5,1100250.5,6006.666666666667,260.3506916428088,euclidean_GPU,1100250.5,6150.0,5885.75,6023.25,5838.5,5865.25,5610.75,6486.25,5884.75,6183.75,5988.5,6033.0,6032.25,5745.5,5469.0,5970.75,5815.75,6256.75,5698.75,6230.5,5940.0,5943.5,6127.5,6578.5,6401.5
results/GeneratedSparse/1000_cells_10_features/0.95/sparse_GPU_kendall.csv,kendall,GPU,0.95,1000,10,1000_10,10000,3.0,1.0,3.0,3.5053068727872647,5.46529769461012,3.145351816558461,3.6682227926372506,1397.5,4658.25,291942.75,3201.15625,911.3957125512336,kendall_GPU,291942.75,3984.0,2512.5,4402.5,1397.5,4658.25,3732.0,2155.5,3152.25,3704.5,4270.5,2600.75,2491.5,4237.75,3682.0,2252.0,2789.25,4379.0,2504.75,4246.25,3902.75,2735.0,2356.0,2071.75,2609.5
results/GeneratedSparse/1000_cells_10_features/0.95/sparse_GPU_manhattan.csv,manhattan,GPU,0.95,1000,10,1000_10,10000,3.0,1.0,3.0,3.405703784455798,5.474862488341,2.0549958615291413,3.6464527408929372,113.5,4430.5,298443.75,2545.09375,1075.1173259921159,manhattan_GPU,298443.75,3330.0,1738.75,1805.25,2896.0,2097.25,4430.5,3971.0,1780.25,1937.25,1945.75,3943.25,3004.75,1700.75,2729.25,1614.75,857.25,2780.0,2928.0,1578.5,113.5,3008.25,4405.0,3677.5,2809.5
results/GeneratedSparse/1000_cells_10_features/0.95/sparse_GPU_pearson.csv,pearson,GPU,0.95,1000,10,1000_10,10000,3.0,1.0,3.0,3.6216040326920367,6.0492406092735225,2.7957062647984876,4.074807301355369,624.75,11879.75,1120058.25,4184.119047619048,2761.482839693722,pearson_GPU,1120058.25,6168.25,2005.75,1787.0,2466.25,4221.75,633.0,11879.75,5644.5,3952.5,7730.0,,5889.25,6014.0,4614.75,,7106.25,1175.0,6318.75,1495.5,,624.75,2084.5,2482.25,3572.75
results/GeneratedSparse/1000_cells_10_features/0.95/sparse_GPU_spearman.csv,spearman,GPU,0.95,1000,10,1000_10,10000,3.0,1.0,3.0,3.4163266675108956,5.464701501161041,2.7585334222372864,3.7176497029600206,573.5,5219.75,291542.25,2608.1145833333335,1123.8811403346112,spearman_GPU,291542.25,3384.75,1867.0,3002.5,2378.75,1882.25,2646.25,1672.25,2241.75,3120.25,1251.25,3693.75,573.5,2431.0,1613.25,1579.0,2528.25,888.0,3636.25,3810.25,4171.0,1898.5,2883.5,5219.75,4221.75
results/GeneratedSparse/1000_cells_10_features/0.95/sparse_armadillo_cosine.csv,cosine,armadillo,0.95,1000,10,1000_10,10000,3.0,1.0,3.0,3.5959448436697383,3.5886212432500413,3.5902665541047316,3.600149241380838,3892.84,3982.44,3878.12,3944.0720833333326,24.297002898019905,cosine_armadillo,3878.12,3909.7,3923.44,3979.17,3946.59,3909.61,3972.52,3935.8,3954.46,3946.97,3969.47,3922.75,3892.84,3936.37,3956.12,3982.44,3959.18,3947.45,3911.46,3953.93,3915.61,3977.3,3961.81,3939.28,3953.46
results/GeneratedSparse/1000_cells_10_features/0.95/sparse_armadillo_euclidean.csv,euclidean,armadillo,0.95,1000,10,1000_10,10000,3.0,1.0,3.0,3.896581832648536,3.8533799775430504,3.8917018897906064,3.9023167978230986,7792.95,7985.77,7134.77,7881.009166666667,55.000590217792805,euclidean_armadillo,7134.77,7850.79,7863.23,7957.09,7904.5,7804.94,7922.76,7816.11,7920.22,7792.95,7918.88,7807.77,7962.8,7912.49,7798.89,7902.91,7863.57,7822.86,7883.85,7985.77,7821.5,7918.54,7919.78,7876.97,7915.05
results/GeneratedSparse/1000_cells_10_features/0.95/sparse_armadillo_manhattan.csv,manhattan,armadillo,0.95,1000,10,1000_10,10000,3.0,1.0,3.0,4.49772098392125,4.5134733055747045,4.459686441810218,4.525355831983466,28819.5,33524.0,32619.2,31457.266666666666,1131.7097208304885,manhattan_armadillo,32619.2,30106.1,31079.4,32336.2,31550.6,31946.3,31168.4,30222.4,31361.0,31639.3,30388.1,31941.2,28862.7,30819.7,31994.5,32613.9,31104.5,32363.2,31550.3,32744.4,28819.5,32127.7,32191.2,32519.8,33524.0
results/GeneratedSparse/1000_cells_10_features/0.95/sparse_armadillo_pearson.csv,pearson,armadillo,0.95,1000,10,1000_10,10000,3.0,1.0,3.0,3.8354179952430405,3.8329602166626886,3.831273889729187,3.8411648078378953,6780.69,6936.89,6807.07,6845.702083333334,45.72023120559498,pearson_armadillo,6807.07,6785.32,6881.44,6858.23,6919.27,6885.58,6812.93,6796.62,6871.94,6801.42,6936.89,6801.88,6854.25,6806.57,6802.84,6851.27,6805.28,6926.66,6849.6,6797.59,6780.69,6888.3,6860.11,6838.67,6883.5
results/GeneratedSparse/1000_cells_10_features/0.95/sparse_armadillo_spearman.csv,spearman,armadillo,0.95,1000,10,1000_10,10000,3.0,1.0,3.0,3.6339562157887406,3.63573500194596,3.6308964974093887,3.6361377118508433,4274.61,4326.51,4322.5,4304.832083333334,13.537200590461463,spearman_armadillo,4322.5,4319.01,4295.81,4317.14,4286.2,4303.92,4292.22,4281.55,4311.83,4311.75,4301.35,4324.14,4311.62,4274.61,4289.38,4322.32,4318.34,4297.92,4297.69,4304.89,4302.18,4301.51,4326.51,4306.74,4317.34
results/GeneratedSparse/1000_cells_10_features/0.95/sparse_arrayfirecuda_cosine.csv,cosine,arrayfirecuda,0.95,1000,10,1000_10,10000,3.0,1.0,3.0,3.03357854583895,3.191353189375642,2.595836689844539,3.279608091333906,394.309,1903.742,1553.65,1080.385,367.40740092641033,cosine_arrayfirecuda,1553.65,1315.52,820.987,394.309,1084.982,1234.275,987.524,1006.693,1208.948,1520.122,949.054,853.936,952.107,1814.549,1338.025,1372.522,817.03,887.642,1903.742,613.412,1109.137,730.992,1569.848,697.858,746.026
results/GeneratedSparse/1000_cells_10_features/0.95/sparse_arrayfirecuda_euclidean.csv,euclidean,arrayfirecuda,0.95,1000,10,1000_10,10000,3.0,1.0,3.0,3.0467892118082522,3.182959318934326,2.5990081464320327,3.2111338957415887,397.199,1626.05,1523.91,1113.7538333333334,316.5826497444581,euclidean_arrayfirecuda,1523.91,1313.22,810.799,647.128,1626.05,1220.744,833.124,990.855,1163.94,1266.518,1526.81,837.882,1436.445,1356.315,902.064,1349.924,397.199,1621.874,769.22,1194.807,904.137,1086.307,884.693,1509.977,1080.06
results/GeneratedSparse/1000_cells_10_features/0.95/sparse_arrayfirecuda_manhattan.csv,manhattan,arrayfirecuda,0.95,1000,10,1000_10,10000,3.0,1.0,3.0,3.0431675223914696,3.1992256953065206,2.504416487324459,3.2259524916432802,319.46,1682.49,1582.07,1104.5045833333334,374.46549875543906,manhattan_arrayfirecuda,1582.07,1379.94,881.5,1682.49,1121.64,583.73,1646.53,1621.38,941.14,1114.1,878.34,1158.63,1334.54,1252.39,936.96,1245.7,891.81,1047.8,319.46,1244.8,416.33,1167.6,545.84,1583.9,1511.56
results/GeneratedSparse/1000_cells_10_features/0.95/sparse_arrayfirecuda_pearson.csv,pearson,arrayfirecuda,0.95,1000,10,1000_10,10000,3.0,1.0,3.0,2.979919081473678,3.1796350804001077,2.1861253551615163,3.1975655823496716,153.506,1576.034,1512.29,954.8146666666668,344.7094103069118,pearson_arrayfirecuda,1512.29,1298.39,834.393,839.164,153.506,1345.377,591.72,843.504,485.024,309.464,1120.759,1156.907,796.616,1514.443,999.218,1031.082,775.339,1190.008,1155.661,1163.133,1212.399,940.282,652.983,1576.034,930.146
results/GeneratedSparse/1000_cells_10_features/0.95/sparse_raft_cosine.csv,cosine,raft,0.95,1000,10,1000_10,10000,3.0,1.0,3.0,3.5981544319642373,5.870853632154011,3.5696266515906663,3.624535122805087,3712.1596996175135,4212.453528561747,742768.7644958496,3964.1897290383554,137.609492207638,cosine_raft,1481433.1531524658,4104.375839233398,4033.0886840820312,3843.784332275391,3880.9776306152335,3953.434988888135,4112.059417776612,4209.064639115107,3786.1980482433855,4051.361540167905,4058.8452005830104,4002.1627580242985,3835.380532456092,3916.7275787292783,4079.711672314936,3923.2357552473454,3911.25119711948,4095.7644398994735,3994.4115291700887,3831.0990746739953,4045.2917393721546,3784.648442654976,3712.1596996175135,4212.453528561747,3763.0652280989343
results/GeneratedSparse/1000_cells_10_features/0.95/sparse_raft_euclidean.csv,euclidean,raft,0.95,1000,10,1000_10,10000,3.0,1.0,3.0,3.6106771072355537,5.839274273783385,3.425420850384625,3.728768232008112,2663.3046686552448,5355.107975933816,690675.8546829224,4080.159185681269,751.4033077277705,euclidean_raft,1376683.235168457,4668.474197387695,4580.73616027832,4015.922546386719,3355.264663696289,4226.085580050892,5051.24275407733,4743.290387763749,3919.5451659184087,2665.3036963169952,4598.047579131547,3201.6255273127063,4393.687801802977,4230.295162480136,4925.412383538825,4243.199295439145,5241.643371203273,5355.107975933816,3734.258056306489,3283.374974302594,4057.362913412486,3475.882048912936,3093.3391237754126,2663.3046686552448,4201.414422266454
results/GeneratedSparse/1000_cells_10_features/0.95/sparse_raft_manhattan.csv,manhattan,raft,0.95,1000,10,1000_10,10000,3.0,1.0,3.0,3.601163854860963,5.832671473568078,3.5889144588752644,3.6167733813460705,3880.739212036133,4137.837025264137,680254.5785903931,3991.7547877557845,79.36420938780314,manhattan_raft,1356414.0796661377,4095.0775146484375,4000.90217590332,3880.739212036133,3899.097442626953,3919.4815011718497,3931.8098589247247,3989.2630432306864,3926.7494429509657,3923.2414948705655,4061.210359181624,3901.8934232528145,4049.4536450577234,4112.216105954539,3996.0641139719614,4099.190006219166,4137.837025264137,3932.223651737104,3968.185623102585,3938.804101666733,3895.1098686223368,3950.221934060411,4019.4028971158823,4061.956376967848,4111.984087600327
results/GeneratedSparse/1000_cells_10_features/0.95/sparse_raft_pearson.csv,pearson,raft,0.95,1000,10,1000_10,10000,3.0,1.0,3.0,3.3228773435142815,5.63802514678614,3.1502469125543437,3.39143473067103,1413.3408530502315,2462.8316759204777,434535.3841781616,2103.1843598384307,297.90422828615135,pearson_raft,866642.4751281738,2428.293228149414,2279.7584533691406,2249.717712402344,1651.287078857422,2249.1756257186253,1707.2000911275668,2410.104838046924,2150.2351043423646,2102.755204951653,2220.643468403092,2354.6962362831136,2200.5772774307216,1693.270018092462,1667.961255315438,1973.1610434868448,1413.3408530502315,1900.2358521255087,2462.8316759204777,2204.9416287462054,2399.5189826655824,1762.8393749207216,2240.818166737208,2336.8997625021325,2416.1617034771475
results/GeneratedSparse/1000_cells_10_features/0.99/sparse_CPU_cosine.csv,cosine,CPU,0.99,1000,10,1000_10,10000,3.0,1.0,3.0,3.874949056156483,4.226006694729179,3.862265584204734,3.8906166028987497,7282.25,7773.5,16827.0,7498.0625,123.2484205865671,cosine_CPU,16827.0,7646.25,7612.75,7440.25,7383.0,7321.75,7608.0,7518.75,7581.0,7461.5,7407.75,7282.25,7639.0,7362.5,7563.0,7483.5,7446.0,7639.25,7433.75,7427.5,7773.5,7397.5,7658.75,7509.25,7356.75
results/GeneratedSparse/1000_cells_10_features/0.99/sparse_CPU_euclidean.csv,euclidean,CPU,0.99,1000,10,1000_10,10000,3.0,1.0,3.0,3.871246289247285,4.224565432783264,3.862772206522006,3.8809992706176843,7290.75,7603.25,16771.25,7434.40625,84.7468599621101,euclidean_CPU,16771.25,7520.0,7453.5,7323.0,7433.75,7496.25,7568.0,7548.25,7399.25,7521.25,7372.75,7542.75,7390.5,7372.75,7409.0,7389.25,7453.25,7327.5,7394.25,7603.25,7478.0,7309.0,7459.25,7370.25,7290.75
results/GeneratedSparse/1000_cells_10_features/0.99/sparse_CPU_kendall.csv,kendall,CPU,0.99,1000,10,1000_10,10000,3.0,1.0,3.0,3.99144298410795,4.273435349543056,3.961373627594801,4.018794086530392,9149.0,10442.25,18768.75,9804.895833333334,327.9418450467078,kendall_CPU,18768.75,10076.25,9484.0,9831.25,9270.25,9710.75,10081.75,10012.0,9600.0,10122.5,10240.75,9706.75,10412.5,9562.0,9650.75,9440.0,9895.0,9551.25,9149.0,10442.25,10091.0,9543.0,9801.75,9788.75,9854.0
results/GeneratedSparse/1000_cells_10_features/0.99/sparse_CPU_manhattan.csv,manhattan,CPU,0.99,1000,10,1000_10,10000,3.0,1.0,3.0,3.930166056888206,4.21812175691694,3.8942052591420837,3.970509589929822,7838.0,9343.5,16524.25,8514.635416666666,485.1231049690649,manhattan_CPU,16524.25,8136.0,9143.0,8170.5,8144.25,9163.25,7838.0,9027.25,8508.0,9306.0,8146.25,9343.5,8689.75,8201.5,7968.0,8130.5,8384.25,9048.25,9257.5,8619.75,7913.5,7981.5,8178.75,8344.75,8707.25
results/GeneratedSparse/1000_cells_10_features/0.99/sparse_CPU_pearson.csv,pearson,CPU,0.99,1000,10,1000_10,10000,3.0,1.0,3.0,3.866776998324329,4.2118344300492065,3.8494194137968996,3.8828943560930194,7070.0,7636.5,16286.75,7358.291666666667,152.3973812293228,pearson_CPU,16286.75,7575.5,7517.0,7305.0,7263.5,7419.0,7174.75,7465.5,7369.0,7617.0,7379.25,7194.5,7448.75,7374.75,7306.0,7549.25,7165.0,7149.5,7292.0,7285.5,7225.5,7636.5,7473.75,7070.0,7342.5
results/GeneratedSparse/1000_cells_10_features/0.99/sparse_CPU_spearman.csv,spearman,CPU,0.99,1000,10,1000_10,10000,3.0,1.0,3.0,3.955444704254201,4.218981648784926,3.851319512648745,4.091024711746895,7101.0,12331.75,16557.0,9024.947916666666,1434.8437106005051,spearman_CPU,16557.0,8302.25,8288.0,8152.75,11167.0,7101.0,9131.25,8545.5,9288.0,8105.5,8231.25,8100.5,7577.0,10941.25,9513.25,11278.0,9803.75,9716.25,7468.0,10869.5,9992.0,7578.5,12331.75,7113.75,8002.75
results/GeneratedSparse/1000_cells_10_features/0.99/sparse_GPU_cosine.csv,cosine,GPU,0.99,1000,10,1000_10,10000,3.0,1.0,3.0,3.1367766995246966,6.086029000130497,3.1067007323623543,3.163757523981956,1278.5,1458.0,1219071.0,1370.1770833333333,54.444423075215475,cosine_GPU,1219071.0,1341.75,1425.75,1429.0,1301.25,1381.75,1359.0,1381.5,1444.0,1385.25,1317.75,1279.75,1416.0,1278.5,1366.75,1366.5,1383.5,1446.0,1447.75,1384.5,1458.0,1311.25,1289.75,1358.5,1330.5
results/GeneratedSparse/1000_cells_10_features/0.99/sparse_GPU_euclidean.csv,euclidean,GPU,0.99,1000,10,1000_10,10000,3.0,1.0,3.0,3.0992740909459364,6.096694984015447,3.058426024457005,3.132499830251514,1144.0,1356.75,1249381.25,1256.8229166666667,51.630673576790144,euclidean_GPU,1249381.25,1312.75,1206.25,1294.5,1230.5,1217.25,1265.5,1356.75,1253.5,1211.25,1288.0,1247.75,1285.5,1302.5,1205.75,1300.25,1144.0,1200.75,1263.75,1204.25,1326.75,1235.75,1323.25,1192.5,1294.75
results/GeneratedSparse/1000_cells_10_features/0.99/sparse_GPU_kendall.csv,kendall,GPU,0.99,1000,10,1000_10,10000,3.0,1.0,3.0,3.456759718733433,5.4738619801485635,3.0893751608160995,3.6510840892430116,1228.5,4478.0,297757.0,2862.59375,931.4496397095788,kendall_GPU,297757.0,3880.25,2338.5,1859.25,1797.75,4478.0,1471.75,3516.0,3965.75,2908.0,3583.0,2560.0,2427.5,4328.0,1554.5,3049.0,3243.5,3559.0,2419.75,2417.5,1228.5,1943.75,2540.75,3933.5,3698.75
results/GeneratedSparse/1000_cells_10_features/0.99/sparse_GPU_manhattan.csv,manhattan,GPU,0.99,1000,10,1000_10,10000,3.0,1.0,3.0,3.449420540828787,5.613899671120099,2.274734984872738,3.711132072306842,188.25,5142.0,411054.75,2814.625,1222.2325414652757,manhattan_GPU,411054.75,3475.25,1715.25,5142.0,1648.5,3210.75,891.5,188.25,3679.5,4761.0,3636.5,3352.0,4402.25,1896.5,1406.25,3658.0,3570.25,3248.25,2776.5,3557.0,2316.0,3104.0,2917.25,1459.0,1539.25
results/GeneratedSparse/1000_cells_10_features/0.99/sparse_GPU_pearson.csv,pearson,GPU,0.99,1000,10,1000_10,10000,3.0,1.0,3.0,3.6463067945674945,6.0988902174616895,2.6314437690131722,3.9928626713890276,428.0,9837.0,1255712.5,4429.011363636364,2720.306697988458,pearson_GPU,1255712.5,6142.75,1227.5,2550.0,3580.5,4850.75,1649.5,3265.75,9837.0,1839.5,1084.25,4773.5,,428.0,3902.25,9214.25,6859.0,5124.25,2981.75,5420.25,2475.5,8066.75,,9056.0,3109.25
results/GeneratedSparse/1000_cells_10_features/0.99/sparse_GPU_spearman.csv,spearman,GPU,0.99,1000,10,1000_10,10000,3.0,1.0,3.0,3.4001699463814767,5.594206581692698,2.5422027824340283,3.6164229962656824,348.5,4134.5,392831.75,2512.8695652173915,993.7792650040475,spearman_GPU,392831.75,3392.0,1781.5,3572.5,2979.0,1560.5,2928.25,2761.5,1374.0,1941.5,3826.0,2545.0,2623.75,2274.5,348.5,3400.5,2685.25,3462.0,3386.75,2987.0,1656.25,500.25,1675.0,4134.5,
results/GeneratedSparse/1000_cells_10_features/0.99/sparse_armadillo_cosine.csv,cosine,armadillo,0.99,1000,10,1000_10,10000,3.0,1.0,3.0,3.5151484762687004,3.5259202913815586,3.441775233203654,3.5493919901233904,2765.51,3543.17,3356.76,3274.5262500000003,213.94754271028873,cosine_armadillo,3356.76,2924.46,3391.86,3387.49,3387.28,3273.03,3099.01,3509.31,2893.84,3226.7,3170.67,3543.17,2765.51,2990.39,3226.69,3431.22,3488.27,3526.93,3479.05,3181.22,3326.17,3179.76,3258.14,3535.6,3392.86
results/GeneratedSparse/1000_cells_10_features/0.99/sparse_armadillo_euclidean.csv,euclidean,armadillo,0.99,1000,10,1000_10,10000,3.0,1.0,3.0,3.8517738183600665,3.816280417885633,3.800613302487841,3.903772378674781,6318.49,8012.58,6550.59,7108.432083333333,439.3643073613965,euclidean_armadillo,6550.59,6477.2,7439.98,7372.6,7544.89,7679.19,6608.91,6761.69,7017.74,7464.34,6337.72,7610.14,6982.87,7269.82,6724.85,7413.24,6900.65,8012.58,6871.29,7531.78,6982.77,6318.49,7359.44,7138.17,6782.02
results/GeneratedSparse/1000_cells_10_features/0.99/sparse_armadillo_manhattan.csv,manhattan,armadillo,0.99,1000,10,1000_10,10000,3.0,1.0,3.0,4.441840923119246,4.58312959884253,4.427239354550305,4.4548905728112365,26744.8,28503.0,38293.9,27659.283333333336,411.79351082254294,manhattan_armadillo,38293.9,28503.0,27488.7,27336.1,27373.0,27376.3,26962.8,27375.3,27824.2,27789.3,28081.7,27874.9,27387.5,28181.3,26744.8,27785.5,27561.9,28062.0,28283.9,27235.0,27891.6,28052.9,27719.0,27463.4,27468.7
results/GeneratedSparse/1000_cells_10_features/0.99/sparse_armadillo_pearson.csv,pearson,armadillo,0.99,1000,10,1000_10,10000,3.0,1.0,3.0,3.8106035154394267,3.815701909577466,3.796220370816753,3.819653153449883,6254.9,6601.66,6541.87,6465.520833333333,72.73836252376657,pearson_armadillo,6541.87,6367.63,6445.46,6471.02,6526.18,6377.77,6492.03,6530.31,6454.95,6451.49,6254.9,6418.45,6492.59,6507.37,6457.6,6500.74,6508.13,6426.67,6478.42,6480.99,6521.76,6601.66,6596.28,6414.38,6395.72
results/GeneratedSparse/1000_cells_10_features/0.99/sparse_armadillo_spearman.csv,spearman,armadillo,0.99,1000,10,1000_10,10000,3.0,1.0,3.0,3.6332216961248025,3.6539077931977864,3.6242078158431434,3.6460261278624593,4209.28,4426.15,4507.21,4297.5575,65.95542315647728,spearman_armadillo,4507.21,4210.3,4341.03,4305.44,4363.52,4243.47,4318.29,4409.15,4273.38,4395.57,4426.15,4209.28,4288.3,4385.32,4260.55,4242.74,4231.1,4235.06,4356.61,4282.54,4303.22,4212.85,4290.11,4341.89,4215.51
results/GeneratedSparse/1000_cells_10_features/0.99/sparse_arrayfirecuda_cosine.csv,cosine,arrayfirecuda,0.99,1000,10,1000_10,10000,3.0,1.0,3.0,2.9897336182373193,3.1836313679162336,2.547297088011809,3.1619687100652083,352.612,1452.007,1526.27,976.638,273.77949200512325,cosine_arrayfirecuda,1526.27,1292.43,827.329,835.0,1452.007,824.587,1058.26,906.138,1025.491,902.958,542.307,805.663,899.001,794.269,1382.566,1271.034,621.793,1387.587,1076.149,698.852,1028.539,352.612,1159.97,1230.485,1064.285
results/GeneratedSparse/1000_cells_10_features/0.99/sparse_arrayfirecuda_euclidean.csv,euclidean,arrayfirecuda,0.99,1000,10,1000_10,10000,3.0,1.0,3.0,3.027868514034072,3.183463453142063,2.6301419805941353,3.281852524015469,426.719,1913.606,1525.68,1066.27325,340.71340598358836,euclidean_arrayfirecuda,1525.68,1241.75,807.822,1200.424,1055.942,426.719,663.74,1078.996,1384.961,1377.789,1437.328,693.572,1263.629,593.971,1913.606,1073.199,688.552,1550.251,1055.753,1376.579,1086.006,1024.193,849.23,720.249,1026.297
results/GeneratedSparse/1000_cells_10_features/0.99/sparse_arrayfirecuda_manhattan.csv,manhattan,arrayfirecuda,0.99,1000,10,1000_10,10000,3.0,1.0,3.0,3.0437592172756864,3.2023111846980057,2.7067467912154215,3.224629130246453,509.034,1677.371,1593.35,1106.0104166666667,351.0243304913631,manhattan_arrayfirecuda,1593.35,1371.5,866.493,1400.773,1677.371,1468.691,1456.254,509.034,1542.492,1657.115,1490.217,869.84,906.083,789.589,763.566,669.238,1520.721,885.734,987.651,1104.48,578.257,760.68,963.583,1114.985,1189.903
results/GeneratedSparse/1000_cells_10_features/0.99/sparse_arrayfirecuda_pearson.csv,pearson,arrayfirecuda,0.99,1000,10,1000_10,10000,3.0,1.0,3.0,3.016886670549166,3.1793133233125452,2.5103868124192643,3.222395442710687,323.882,1668.766,1511.17,1039.6488333333334,376.3469136583146,pearson_arrayfirecuda,1511.17,1290.86,834.122,727.993,1477.751,1473.975,1383.329,856.011,482.81,1097.806,400.055,934.349,1238.512,562.018,1502.245,1412.198,1668.766,881.296,709.367,1407.357,1353.745,1084.651,871.75,976.724,323.882
results/GeneratedSparse/1000_cells_10_features/0.99/sparse_raft_cosine.csv,cosine,raft,0.99,1000,10,1000_10,10000,3.0,1.0,3.0,3.603246443833486,5.8757113772278045,3.5760751595802724,3.623091705243165,3767.6899748555666,4198.47629289942,751123.5475540161,4010.9425716541136,116.54931973817749,cosine_raft,1498064.0411376953,4183.053970336914,4066.228866577149,3933.429718017578,3926.7539978027344,4073.247394850316,3917.6691686190807,3806.3492010768086,3897.052596804068,3964.3284077105313,4118.862499624467,3767.6899748555666,4198.47629289942,4182.731472765057,4003.529617929368,4023.589149374272,4043.472824206056,3975.0057813681137,3948.323419799955,4012.893142873996,4105.954218348462,4146.706547044081,3834.9921797148145,4020.5814963108814,4111.699780789044
results/GeneratedSparse/1000_cells_10_features/0.99/sparse_raft_euclidean.csv,euclidean,raft,0.99,1000,10,1000_10,10000,3.0,1.0,3.0,3.5767997784633074,5.869013668766975,3.470064740586385,3.6562650381667505,2951.6491983112,4531.740553917019,739628.5533905029,3773.9816002306084,438.08400477635075,euclidean_raft,1475037.3363494873,4219.770431518555,3993.7496185302734,3982.3055267333984,3095.1499938964844,4237.538135803169,3874.336969390136,2985.119695593373,3597.516144215489,3546.437603617371,4030.9144529640935,4303.991750786865,3479.3549553338457,3829.3587229360814,3401.9363878677,4123.130964929462,3756.5716686426144,3442.458868392103,2951.6491983112,4483.516825806683,3450.271073256583,3529.3432325722965,4166.621059050526,3562.774571469284,4531.740553917019
results/GeneratedSparse/1000_cells_10_features/0.99/sparse_raft_manhattan.csv,manhattan,raft,0.99,1000,10,1000_10,10000,3.0,1.0,3.0,3.6066705436160107,5.8605443454789015,3.495670969449716,3.6894179991668654,3130.9127807617188,4891.22903214112,725344.5386886597,4042.690962587892,490.53454409038477,manhattan_raft,1446590.1851654053,4098.892211914063,4326.343536376953,3813.505172729492,3130.9127807617188,4365.415804759768,3771.533999186684,4431.915920384305,4778.956227678217,4335.489855044669,4569.371476527817,4111.293758052441,3222.5389812070166,4573.633907367752,3720.688647210232,3724.1157068763378,4891.22903214112,3834.5382258324626,3387.949357328415,4114.708031748744,4161.854587858172,4779.357103762798,3646.437274216109,3876.8163289476697,3357.0851741964425
results/GeneratedSparse/1000_cells_10_features/0.99/sparse_raft_pearson.csv,pearson,raft,0.99,1000,10,1000_10,10000,3.0,1.0,3.0,3.364301257457442,5.644493160469382,3.3045417723236414,3.4187835247127203,2016.2378918282989,2622.9108203299043,441055.41706085205,2313.66915869791,110.19405814878212,pearson_raft,879649.8775482178,2460.956573486328,2324.1043090820312,2243.7572479248047,2249.479293823242,2622.9108203299043,2358.4931747464807,2270.1085851905445,2016.2378918282989,2337.230641323468,2363.905729584524,2157.421870851842,2215.681714359448,2424.4908872399506,2321.3050077100684,2374.633244664586,2348.78152908627,2221.321089203597,2304.4783907358687,2320.7534109237567,2259.919027076039,2354.443334830909,2290.2525486352124,2380.190641196759,2307.202844915912
results/GeneratedSparse/100_cells_100000_features/0.5/sparse_CPU_cosine.csv,cosine,CPU,0.5,100,100000,100_100000,10000000,2.0,5.0,2.0,5.20198236159144,5.211105850851842,5.191803002447343,5.215656726950135,155526.0,164307.25,162594.5,159214.40625,1749.2270790333191,cosine_CPU,162594.5,158182.0,160518.75,158238.5,159649.5,157915.5,160125.75,156624.0,160359.25,159590.5,159478.0,159249.25,155526.0,158145.75,160106.0,157367.75,159428.0,160775.75,159259.75,158640.75,158692.0,157049.25,164307.25,161080.0,160836.5
results/GeneratedSparse/100_cells_100000_features/0.5/sparse_CPU_euclidean.csv,euclidean,CPU,0.5,100,100000,100_100000,10000000,2.0,5.0,2.0,5.200464912269885,5.20682587603185,5.199222263914439,5.201680415882372,158205.75,159103.75,161000.0,158659.07291666666,242.68066164679541,euclidean_CPU,161000.0,158462.75,158815.0,159010.5,158654.0,158300.75,158510.0,158374.25,158356.75,158596.0,158883.25,159059.0,158758.5,158527.25,158717.25,158205.75,158513.0,158509.0,158906.25,158610.25,159023.0,159103.75,158580.75,158600.75,158740.0
results/GeneratedSparse/100_cells_100000_features/0.5/sparse_CPU_kendall.csv,kendall,CPU,0.5,100,100000,100_100000,10000000,2.0,5.0,2.0,6.708029016423276,6.70937307246801,6.704903613331715,6.711088932103857,5068782.0,5141489.25,5121215.75,5105391.09375,23063.780565375084,kendall_CPU,5121215.75,5096003.5,5123876.5,5129349.0,5108549.25,5107313.25,5137504.75,5068782.0,5083781.5,5081813.75,5141489.25,5084127.75,5129907.0,5095413.5,5140382.25,5072834.5,5078098.25,5092643.75,5121615.75,5131153.25,5102907.75,5109011.75,5128623.25,5073841.5,5090363.25
results/GeneratedSparse/100_cells_100000_features/0.5/sparse_CPU_manhattan.csv,manhattan,CPU,0.5,100,100000,100_100000,10000000,2.0,5.0,2.0,5.305501483259236,5.308130435852263,5.2932780082435755,5.313722255664931,196461.75,205931.25,203296.75,202069.83333333334,3010.71961624441,manhattan_CPU,203296.75,198618.25,205373.75,203848.25,203433.25,201179.75,200330.5,200542.25,197745.25,197758.0,203382.5,198660.0,203862.0,205143.25,202198.25,204637.0,197504.25,205489.75,205931.25,203417.75,205864.75,204423.0,199391.75,196461.75,204479.5
results/GeneratedSparse/100_cells_100000_features/0.5/sparse_CPU_pearson.csv,pearson,CPU,0.5,100,100000,100_100000,10000000,2.0,5.0,2.0,5.203485438063977,5.207930437512971,5.195663077296451,5.211169283137099,156914.5,162618.25,161410.0,159766.39583333334,1524.0822903278458,pearson_CPU,161410.0,158114.75,160366.5,157604.5,161621.0,158124.0,162618.25,160708.25,158464.25,160773.0,161360.0,157869.75,160854.0,160174.0,159575.75,158246.25,159915.25,159745.25,158721.75,162072.5,160092.5,161352.0,160779.5,156914.5,158326.0
results/GeneratedSparse/100_cells_100000_features/0.5/sparse_CPU_spearman.csv,spearman,CPU,0.5,100,100000,100_100000,10000000,2.0,5.0,2.0,5.311334834024835,5.313530300668062,5.2996614426145685,5.331205030705984,199370.75,214390.25,205840.25,204802.30208333334,3989.499520864093,spearman_CPU,205840.25,199370.75,206191.75,200379.75,212377.5,201803.25,205617.75,202266.25,204708.25,214390.25,211150.5,202583.5,202775.5,202811.25,200718.75,203014.5,201018.0,202654.25,210714.0,203371.75,206483.25,207778.5,206704.75,200361.0,206010.25
results/GeneratedSparse/100_cells_100000_features/0.5/sparse_GPU_cosine.csv,cosine,GPU,0.5,100,100000,100_100000,10000000,2.0,5.0,2.0,5.073068101833666,6.11773741471269,5.033307123716472,5.0947077773576686,107971.0,124367.75,1311406.75,118322.70833333333,3825.3800884592574,cosine_GPU,1311406.75,115224.0,121652.25,118240.0,116679.5,116531.0,124144.0,122219.0,116371.25,123257.75,119983.5,124367.75,122119.75,116463.0,116900.25,121522.25,107971.0,116174.25,114915.0,116665.25,121580.75,115020.0,121142.75,113876.75,116724.0
results/GeneratedSparse/100_cells_100000_features/0.5/sparse_GPU_euclidean.csv,euclidean,GPU,0.5,100,100000,100_100000,10000000,2.0,5.0,2.0,5.080732883250164,6.143877298795105,5.078865362917473,5.082446057397748,119912.75,120905.5,1392763.25,120429.5,262.9087591256708,euclidean_GPU,1392763.25,120175.0,120599.5,120018.5,120905.5,120447.5,120481.75,120512.0,120874.75,120870.25,120223.0,120643.5,120175.25,120391.75,120405.75,120123.25,120672.0,120175.5,120266.0,120458.0,120656.0,120430.5,120601.25,119912.75,120288.75
results/GeneratedSparse/100_cells_100000_features/0.5/sparse_GPU_kendall.csv,kendall,GPU,0.5,100,100000,100_100000,10000000,2.0,5.0,2.0,6.541796097843525,6.5921748969231935,6.540015123336406,6.5442391846935575,3467489.25,3501379.5,3909983.25,3481738.0833333335,9358.79929911848,kendall_GPU,3909983.25,3476246.5,3490447.75,3490910.75,3474966.0,3485356.5,3494197.0,3479483.25,3473574.0,3483007.25,3468708.0,3487725.5,3477293.75,3501379.5,3478444.0,3476595.25,3494325.5,3467489.25,3493477.75,3482985.5,3471888.5,3482852.25,3469018.5,3490985.25,3470356.5
results/GeneratedSparse/100_cells_100000_features/0.5/sparse_GPU_manhattan.csv,manhattan,GPU,0.5,100,100000,100_100000,10000000,2.0,5.0,2.0,5.218736162509032,5.7752732201380015,5.199035555319357,5.2410493972097,158137.75,174200.5,596037.0,165476.4375,4201.150662225618,manhattan_GPU,596037.0,160884.5,167786.0,163828.25,171913.25,165933.5,158695.5,168724.25,171252.5,163941.25,162653.5,168119.5,158137.75,169798.5,162095.75,166108.5,162858.75,165558.0,163759.25,166755.75,166735.0,170450.5,174200.5,160277.5,160966.75
results/GeneratedSparse/100_cells_100000_features/0.5/sparse_GPU_pearson.csv,pearson,GPU,0.5,100,100000,100_100000,10000000,2.0,5.0,2.0,5.07661814591687,6.117601118156502,5.06182365728637,5.093944974815447,115298.5,124149.5,1310995.25,119293.875,2288.9118377608315,pearson_GPU,1310995.25,116362.5,119741.25,120448.0,116815.75,116349.5,116191.5,115738.0,121130.5,120539.75,117640.0,120246.0,119966.0,120687.75,123482.75,124149.5,118254.0,118971.5,120014.75,120409.5,120561.75,121106.5,115298.5,118338.5,120609.25
results/GeneratedSparse/100_cells_100000_features/0.5/sparse_GPU_spearman.csv,spearman,GPU,0.5,100,100000,100_100000,10000000,2.0,5.0,2.0,5.6335911411690995,5.924561098258925,5.632798064438235,5.634090414600729,429336.75,430616.25,840545.25,430121.4895833333,342.74094687143287,spearman_GPU,840545.25,429741.25,430346.25,430118.25,430459.25,430314.25,430021.75,429984.5,430298.0,430365.5,430437.25,429659.5,430406.25,430616.25,430358.25,429858.25,430362.0,429336.75,429580.5,429936.0,429674.0,430214.75,430435.0,429828.5,430563.5
results/GeneratedSparse/100_cells_100000_features/0.5/sparse_armadillo_cosine.csv,cosine,armadillo,0.5,100,100000,100_100000,10000000,2.0,5.0,2.0,6.106498956227543,6.102865726944312,6.103263866672443,6.10964139773204,1268422.2940545464,1287186.267318483,1267260.0,1277906.1382750582,4750.737298273203,cosine_armadillo,1267260.0,1275970.0,1280520.0,1270000.0,1280670.0,1274631.4992823794,1284579.654445002,1276229.631055757,1278815.9374379993,1278436.8412258234,1286009.6895578075,1277735.2760724295,1277056.34678318,1277991.7773949546,1271181.9373755476,1278785.8746161768,1287186.267318483,1276997.1902319142,1278637.70985522,1281280.1059670884,1284730.1855515044,1272941.9901119713,1268422.2940545464,1278421.8535777468,1272515.2566858686
results/GeneratedSparse/100_cells_100000_features/0.5/sparse_armadillo_euclidean.csv,euclidean,armadillo,0.5,100,100000,100_100000,10000000,2.0,5.0,2.0,6.108138048104269,6.1093490222012266,6.104494437611685,6.11138758839473,1272021.458092813,1292372.1434118217,1286320.0,1282738.2586715354,4493.26946976412,euclidean_armadillo,1286320.0,1288650.0,1279640.0,1279050.0,1281660.0,1290457.137059084,1292372.1434118217,1281750.3851566163,1281632.947246562,1283902.231827305,1281463.50119895,1282231.8007959097,1280080.5112288003,1280028.8523975925,1279339.6615181407,1286243.1038315468,1284230.406406055,1283613.2247598066,1286844.7930758954,1281099.8006496236,1286609.9448993104,1284818.3614615914,1274280.1133938923,1283697.8297055366,1272021.458092813
results/GeneratedSparse/100_cells_100000_features/0.5/sparse_armadillo_manhattan.csv,manhattan,armadillo,0.5,100,100000,100_100000,10000000,2.0,5.0,2.0,5.818479982745817,5.823686107967768,5.808902051945762,5.829386120125282,644024.0,675128.0,666325.0,658385.0833333334,7735.986561285438,manhattan_armadillo,666325.0,667769.0,658151.0,647164.0,659096.0,657872.0,655682.0,657588.0,672505.0,648544.0,652434.0,644024.0,662849.0,652015.0,658350.0,649495.0,663994.0,675128.0,651295.0,661414.0,664590.0,662878.0,663401.0,651197.0,663807.0
results/GeneratedSparse/100_cells_100000_features/0.5/sparse_armadillo_pearson.csv,pearson,armadillo,0.5,100,100000,100_100000,10000000,2.0,5.0,2.0,6.111510904087739,6.109136266007377,6.109072080978879,6.11520277481736,1285500.0,1303775.377262456,1285690.0,1292739.1579639015,4628.078350264799,pearson_armadillo,1285690.0,1293960.0,1285500.0,1298860.0,1294690.0,1290256.6815529575,1290972.649815652,1288430.2290960634,1288259.350575154,1288609.87001607,1299925.521236006,1290547.9700374207,1293459.239744844,1289743.9398363973,1291200.964624349,1286340.1230520364,1290557.1870328004,1293998.809097973,1294794.770583754,1290840.4483396127,1303775.377262456,1301538.5557102824,1290106.756881683,1291790.8045080826,1297580.542130039
results/GeneratedSparse/100_cells_100000_features/0.5/sparse_armadillo_spearman.csv,spearman,armadillo,0.5,100,100000,100_100000,10000000,2.0,5.0,2.0,5.719964309669989,5.719995481450128,5.717244319294201,5.722159888124112,521488.0,527424.0,524802.0,524764.3333333334,1577.5848013832904,spearman_armadillo,524802.0,523907.0,527385.0,523563.0,524510.0,525232.0,524194.0,526415.0,527424.0,522130.0,523486.0,526132.0,524426.0,524339.0,524400.0,523336.0,526347.0,521488.0,527134.0,524619.0,525915.0,524070.0,526704.0,523293.0,523895.0
results/GeneratedSparse/100_cells_100000_features/0.5/sparse_arrayfirecuda_cosine.csv,cosine,arrayfirecuda,0.5,100,100000,100_100000,10000000,2.0,5.0,2.0,4.489962403049274,4.477890721541789,4.432866714751133,4.5375004956191285,27093.6,34474.7,30053.2,30900.279166666664,1788.6552637338025,cosine_arrayfirecuda,30053.2,29500.4,32711.0,31739.1,33393.9,30310.7,29295.3,30149.5,30777.2,32009.4,32643.4,28721.6,30181.1,32202.8,30307.5,34474.7,34019.7,29124.4,30163.7,31253.0,27093.6,32209.9,29000.1,29088.5,31236.2
results/GeneratedSparse/100_cells_100000_features/0.5/sparse_arrayfirecuda_euclidean.csv,euclidean,arrayfirecuda,0.5,100,100000,100_100000,10000000,2.0,5.0,2.0,4.49777499597257,4.469583456550533,4.433817819614314,4.547157889284587,27153.0,35249.9,29483.8,31461.17916666667,2187.9082544710686,euclidean_arrayfirecuda,29483.8,32440.2,29456.3,32369.1,31055.0,30093.3,30062.2,29902.0,33999.8,33692.5,27599.4,30655.0,32579.8,30948.4,34516.1,29631.0,27627.3,34245.2,33078.4,31771.0,33144.5,35249.9,27153.0,32202.5,31596.4
results/GeneratedSparse/100_cells_100000_features/0.5/sparse_arrayfirecuda_manhattan.csv,manhattan,arrayfirecuda,0.5,100,100000,100_100000,10000000,2.0,5.0,2.0,6.093170511649704,6.093008208163215,6.091466406863349,6.095172963469127,1234429.8270273996,1245010.3547372047,1238820.0,1239283.0553435972,2505.0127550583343,manhattan_arrayfirecuda,1238820.0,1241980.0,1238120.0,1237192.1957048918,1238951.312705651,1242160.929751723,1236313.8132451735,1239986.7774213674,1237509.0989795905,1237915.7595031343,1239075.8604782913,1240658.9815855692,1242673.3343756096,1234429.8270273996,1240726.6257632691,1240095.56912745,1239157.098768479,1235537.4108863778,1239816.2315187713,1245010.3547372047,1235562.1966021743,1239730.6986215827,1238281.4654121017,1239031.35896543,1242876.4270650938
results/GeneratedSparse/100_cells_100000_features/0.5/sparse_arrayfirecuda_pearson.csv,pearson,arrayfirecuda,0.5,100,100000,100_100000,10000000,2.0,5.0,2.0,4.513522675797299,4.4713562635490876,4.482886440820859,4.536293239983433,30400.9,34379.0,29604.4,32622.908333333336,1029.7596349458877,pearson_arrayfirecuda,29604.4,31661.8,33371.9,34143.5,32520.1,33002.0,32882.7,30400.9,32610.6,31130.2,33307.6,33845.8,32847.0,31427.5,33489.2,31385.9,31974.9,31819.4,34008.1,32412.9,31392.9,33534.5,32509.7,32891.7,34379.0
results/GeneratedSparse/100_cells_100000_features/0.5/sparse_raft_cosine.csv,cosine,raft,0.5,100,100000,100_100000,10000000,2.0,5.0,2.0,5.183208187356552,5.9693836005752,5.170268594658357,5.1935793940509365,148002.34435179178,156163.44967118953,931930.661201477,152478.35127375767,2249.7804473745796,cosine_raft,1708550.9300231934,155310.39237976074,150296.68807983398,151035.07041931152,150734.18617248535,151769.5072518679,151632.40801671345,155451.96421513474,151277.29851308814,156163.44967118953,155854.51173359554,155436.40973709887,149593.28905682298,151702.71427862198,152077.75860590205,148555.49757824143,152630.62168661584,153533.31877352213,148002.34435179178,153680.04665269642,151164.31539890048,152350.33270633616,152153.62202609048,153858.0808954162,155216.60236914633
results/GeneratedSparse/100_cells_100000_features/0.5/sparse_raft_euclidean.csv,euclidean,raft,0.5,100,100000,100_100000,10000000,2.0,5.0,2.0,5.1860058674997145,5.9647471724209185,5.172837735454047,5.205530391353985,148880.47147652603,160520.4584262382,922034.502029419,153463.77162553018,3319.919507302229,euclidean_raft,1686108.8275909424,157960.1764678955,151814.46075439453,150489.09187316897,149787.66441345215,151918.55093686984,151479.23945659088,157684.45955838362,155967.91104637418,160520.4584262382,153161.91736017854,154810.99331827508,149577.5801709429,156182.566529082,148880.47147652603,150568.24088895452,151388.0972059146,150243.5548550104,153304.22319759682,153356.87778530497,159068.14447984574,157516.60224768275,155474.0646662846,152772.4653011223,149202.70659663525
results/GeneratedSparse/100_cells_100000_features/0.5/sparse_raft_manhattan.csv,manhattan,raft,0.5,100,100000,100_100000,10000000,2.0,5.0,2.0,5.307876695466469,5.977990361358613,5.3040774583818875,5.311467723076294,201408.34387057697,204864.9787902832,950583.6963653564,203178.00677050673,1030.4163953152406,manhattan_raft,1697317.123413086,203850.26931762692,204864.9787902832,202208.2805633545,202550.64964294437,204314.83905226536,203167.20315965769,204483.58156894933,203852.0868104074,203025.5567021891,203751.0290889022,201408.34387057697,201860.48996997223,204750.95298958747,202994.69218051567,201691.98421672217,203325.47735297924,202417.1100036105,204522.9939490568,203303.05165407463,201771.60521186475,202031.33255562276,204338.24371989895,202548.83584584756,203238.57427525183
results/GeneratedSparse/100_cells_100000_features/0.5/sparse_raft_pearson.csv,pearson,raft,0.5,100,100000,100_100000,10000000,2.0,5.0,2.0,4.9069314876172445,5.706387651787822,4.90531411621992,4.90865918054652,80410.75062434467,81032.48930090481,508613.2287979126,80710.76944536195,188.5813984972205,pearson_raft,936287.6415252686,80938.81607055664,80559.01527404785,81003.42750549316,80675.84037780762,80553.9636077119,80410.75062434467,80978.30478786239,80673.41479648181,81025.6343504861,80493.48916880622,80859.83072640638,80478.07874101985,80803.71017071934,80751.00045280345,80832.8342216883,80853.88854868404,80649.59696995307,80636.88410776385,80651.28453604225,80453.25950006497,80547.2584298554,80576.75443554272,81032.48930090481,80618.93998363992
results/GeneratedSparse/100_cells_100000_features/0.75/sparse_CPU_cosine.csv,cosine,CPU,0.75,100,100000,100_100000,10000000,2.0,5.0,2.0,5.035377741483365,5.042200313702075,5.031787044384767,5.04127323775093,107593.75,109969.75,110204.75,108487.01041666667,640.7441128255957,cosine_CPU,110204.75,108736.25,107759.25,108268.0,108361.75,109969.75,109584.5,107851.0,107676.5,108485.5,108848.0,109605.0,108800.5,107593.75,107613.75,108276.0,108769.25,108036.5,108362.5,109228.75,107749.0,108185.75,108878.25,108596.25,108452.5
results/GeneratedSparse/100_cells_100000_features/0.75/sparse_CPU_euclidean.csv,euclidean,CPU,0.75,100,100000,100_100000,10000000,2.0,5.0,2.0,5.02463504190935,5.0308758745818,5.005518332568101,5.037626665545127,101278.75,109050.25,107368.25,105836.39583333333,1855.3725323882995,euclidean_CPU,107368.25,106934.25,104378.0,104688.5,105290.25,106628.75,104039.5,108443.25,108650.0,106201.25,105284.5,101278.75,106839.5,108935.0,103225.25,106814.75,109050.25,105604.75,106736.5,105222.75,105593.25,104452.0,104732.25,104016.75,107033.5
results/GeneratedSparse/100_cells_100000_features/0.75/sparse_CPU_kendall.csv,kendall,CPU,0.75,100,100000,100_100000,10000000,2.0,5.0,2.0,6.402123405750359,6.403582550040722,6.40028847901213,6.4044077624232445,2513555.5,2537510.0,2532693.0,2524197.9270833335,5917.154739909826,kendall_CPU,2532693.0,2520086.0,2528509.5,2519994.5,2528179.5,2513555.5,2520023.25,2519930.0,2518646.0,2537510.0,2524324.0,2529733.0,2534635.0,2527519.5,2530299.75,2531099.0,2525172.25,2526007.75,2518892.75,2526162.25,2522498.25,2519293.5,2524965.25,2514942.5,2518771.25
results/GeneratedSparse/100_cells_100000_features/0.75/sparse_CPU_manhattan.csv,manhattan,CPU,0.75,100,100000,100_100000,10000000,2.0,5.0,2.0,4.999978510939313,5.013815393115419,4.988631407563272,5.011563043190085,97416.25,102698.25,103232.25,99995.05208333333,1308.4634913610798,manhattan_CPU,103232.25,99448.25,101458.0,98156.75,101573.0,99453.25,98714.25,99886.5,101068.0,99992.75,101595.5,100559.25,100568.25,99840.25,98167.0,99610.75,101403.25,99072.25,99919.25,97416.25,102698.25,99094.0,101317.75,98214.75,100653.75
results/GeneratedSparse/100_cells_100000_features/0.75/sparse_CPU_pearson.csv,pearson,CPU,0.75,100,100000,100_100000,10000000,2.0,5.0,2.0,5.013746849232126,4.999632866026833,4.900591046692102,5.066342700361394,79541.0,116504.5,99915.5,103215.95833333333,9841.657809849952,pearson_CPU,99915.5,96678.5,113712.0,97105.25,86308.25,97041.25,104742.5,112850.5,79541.0,99314.0,114042.5,100294.25,116504.5,113681.25,104440.5,109379.0,105660.25,110354.75,94269.5,108320.25,104809.5,98911.75,109248.75,85040.25,114932.75
results/GeneratedSparse/100_cells_100000_features/0.75/sparse_CPU_spearman.csv,spearman,CPU,0.75,100,100000,100_100000,10000000,2.0,5.0,2.0,4.996197713076578,5.0082753939389475,4.984621812741847,5.007512009004345,96521.0,101744.75,101923.75,99128.3125,1338.3593525322026,spearman_CPU,101923.75,100068.75,97875.5,100221.5,101744.75,100064.5,99759.75,100874.5,98240.25,98367.5,96798.5,97473.75,99159.5,97959.25,98591.5,96521.0,100812.5,99585.75,98546.75,100347.5,98798.75,99941.5,97845.75,98703.75,100776.75
results/GeneratedSparse/100_cells_100000_features/0.75/sparse_GPU_cosine.csv,cosine,GPU,0.75,100,100000,100_100000,10000000,2.0,5.0,2.0,4.785709824720916,6.1171030982987,4.741970547203645,4.817342215757542,55204.0,65666.25,1309492.75,61053.395833333336,2429.368437428606,cosine_GPU,1309492.75,62037.5,58869.0,62251.75,60913.0,58174.25,63027.25,63347.75,61268.25,64759.25,60890.5,55204.0,59397.25,58974.0,62106.75,61644.75,63618.75,64815.0,59225.75,59620.75,60185.75,60918.0,65666.25,57558.0,60808.0
results/GeneratedSparse/100_cells_100000_features/0.75/sparse_GPU_euclidean.csv,euclidean,GPU,0.75,100,100000,100_100000,10000000,2.0,5.0,2.0,4.76340552947428,6.126713514041922,4.756820511143558,4.7696376031775225,57124.25,58835.25,1338793.25,57997.0,410.75815953551063,euclidean_GPU,1338793.25,57740.5,58451.25,58531.0,57989.75,57667.75,58499.75,57627.0,57716.75,58114.75,57315.0,58835.25,57786.75,57806.0,58091.5,58126.5,58414.5,58204.75,57705.25,58433.0,58107.25,57541.0,58320.75,57124.25,57777.75
results/GeneratedSparse/100_cells_100000_features/0.75/sparse_GPU_kendall.csv,kendall,GPU,0.75,100,100000,100_100000,10000000,2.0,5.0,2.0,6.21223741163894,6.303097789878165,6.211498314601224,6.212753483643726,1627415.0,1632125.25,2009545.25,1630186.9479166667,1117.1277506846861,kendall_GPU,2009545.25,1629497.25,1631149.5,1630399.75,1629382.25,1630544.25,1631788.25,1630372.0,1628564.25,1629295.25,1631072.0,1630152.75,1632125.25,1631732.25,1630180.0,1628436.0,1630445.25,1630463.75,1631523.75,1630778.0,1629011.5,1630191.0,1630357.25,1627415.0,1629610.25
results/GeneratedSparse/100_cells_100000_features/0.75/sparse_GPU_manhattan.csv,manhattan,GPU,0.75,100,100000,100_100000,10000000,2.0,5.0,2.0,4.87982709568307,5.66653669974119,4.86771049512935,4.888470143591249,73741.25,77351.75,464020.0,75827.5625,825.5716871823327,manhattan_GPU,464020.0,76555.5,75344.75,75652.5,76047.25,76080.25,73741.25,76233.75,75418.25,75675.5,76828.25,75248.0,76356.75,76254.75,75040.25,76651.25,76250.75,75027.75,76587.5,75834.0,77351.75,76699.25,75842.0,74527.75,74612.5
results/GeneratedSparse/100_cells_100000_features/0.75/sparse_GPU_pearson.csv,pearson,GPU,0.75,100,100000,100_100000,10000000,2.0,5.0,2.0,4.762345433136994,6.099176836679783,4.732230868848288,4.787129136622214,53979.75,61253.25,1256541.5,57855.604166666664,2022.368043847189,pearson_GPU,1256541.5,60220.75,56625.5,59440.5,56959.25,57708.0,59983.25,59377.75,61253.25,58972.5,55104.25,59339.75,58780.5,54675.25,57752.25,55940.0,57461.25,53979.75,59152.0,58216.5,59067.75,57661.0,60706.75,54182.25,55974.5
results/GeneratedSparse/100_cells_100000_features/0.75/sparse_GPU_spearman.csv,spearman,GPU,0.75,100,100000,100_100000,10000000,2.0,5.0,2.0,5.3111615987566045,5.772828882099129,5.309664760584062,5.312178414660911,204016.25,205200.5,592691.75,204720.625,350.13060063353504,spearman_GPU,592691.75,204502.25,205054.75,204759.5,205011.25,205121.0,204072.75,204016.25,204487.25,204877.0,204899.25,204660.75,204681.5,204323.25,204491.0,205088.0,204289.5,204790.0,205200.5,205137.75,204179.0,204660.5,204860.5,204997.0,205134.5
results/GeneratedSparse/100_cells_100000_features/0.75/sparse_armadillo_cosine.csv,cosine,armadillo,0.75,100,100000,100_100000,10000000,2.0,5.0,2.0,5.692608748141091,5.691105373240319,5.68679530272868,5.695664637031898,486178.0,496209.0,491027.0,492729.7083333333,2337.7746982826543,cosine_armadillo,491027.0,494298.0,491517.0,490815.0,495692.0,492166.0,495606.0,491802.0,495785.0,496209.0,493491.0,493945.0,494086.0,489737.0,491590.0,491828.0,492516.0,490631.0,490315.0,490767.0,495585.0,492936.0,493556.0,486178.0,494462.0
results/GeneratedSparse/100_cells_100000_features/0.75/sparse_armadillo_euclidean.csv,euclidean,armadillo,0.75,100,100000,100_100000,10000000,2.0,5.0,2.0,5.684181673346312,5.684785238205427,5.683712386451994,5.684552742422532,482739.0,483674.0,483933.0,483260.9166666667,256.4847163521098,euclidean_armadillo,483933.0,483147.0,482886.0,483315.0,483554.0,483336.0,482906.0,483376.0,482853.0,483387.0,482739.0,483409.0,482930.0,483083.0,483608.0,483466.0,483568.0,483244.0,483392.0,483217.0,483534.0,483371.0,483674.0,483196.0,483071.0
results/GeneratedSparse/100_cells_100000_features/0.75/sparse_armadillo_manhattan.csv,manhattan,armadillo,0.75,100,100000,100_100000,10000000,2.0,5.0,2.0,5.845920894308721,5.845118513414391,5.844064430983234,5.84753379298208,698336.0,703937.0,700033.0,701327.5416666666,1619.4095883779853,manhattan_armadillo,700033.0,701216.0,702624.0,703307.0,699071.0,702179.0,700229.0,699588.0,701226.0,703346.0,703937.0,703220.0,702632.0,700672.0,701964.0,700420.0,702445.0,703441.0,702060.0,698336.0,699157.0,698793.0,700571.0,701657.0,699770.0
results/GeneratedSparse/100_cells_100000_features/0.75/sparse_armadillo_pearson.csv,pearson,armadillo,0.75,100,100000,100_100000,10000000,2.0,5.0,2.0,5.687280047481527,5.686660396063328,5.679940933176932,5.6937656293006675,478565.0,494044.0,486027.0,486720.9583333333,3924.6265372130915,pearson_armadillo,486027.0,483242.0,484070.0,490885.0,489500.0,487109.0,482617.0,486428.0,490228.0,494044.0,484402.0,478565.0,488346.0,491389.0,480550.0,487712.0,487556.0,483228.0,491184.0,488845.0,485739.0,489655.0,490968.0,480670.0,484371.0
results/GeneratedSparse/100_cells_100000_features/0.75/sparse_armadillo_spearman.csv,spearman,armadillo,0.75,100,100000,100_100000,10000000,2.0,5.0,2.0,5.573280351070721,5.573688329252472,5.5704168360808755,5.576048650005516,371892.0,376746.0,374704.0,374352.1666666667,1310.5588396642945,spearman_armadillo,374704.0,375829.0,372986.0,374105.0,374069.0,374585.0,374054.0,374431.0,373762.0,373694.0,373777.0,374111.0,373560.0,376746.0,373014.0,372341.0,374158.0,375552.0,375685.0,375493.0,372419.0,371892.0,375558.0,376240.0,376391.0
results/GeneratedSparse/100_cells_100000_features/0.75/sparse_arrayfirecuda_cosine.csv,cosine,arrayfirecuda,0.75,100,100000,100_100000,10000000,2.0,5.0,2.0,4.312738116696748,4.281549211805974,4.312302208737371,4.313168836451551,20525.9,20566.9,19122.7,20546.5125,12.324748560653502,cosine_arrayfirecuda,19122.7,20557.0,20538.2,20534.5,20542.0,20530.0,20537.9,20528.1,20525.9,20565.5,20558.1,20547.6,20562.8,20552.2,20538.4,20565.8,20532.3,20551.0,20545.6,20551.2,20545.8,20566.9,20556.8,20549.7,20533.0
results/GeneratedSparse/100_cells_100000_features/0.75/sparse_arrayfirecuda_euclidean.csv,euclidean,arrayfirecuda,0.75,100,100000,100_100000,10000000,2.0,5.0,2.0,4.3122686185341355,4.313189952124022,4.311317228646261,4.312807599481234,20479.4,20549.8,20567.9,20524.3125,16.657788781327604,euclidean_arrayfirecuda,20567.9,20535.2,20510.6,20515.3,20527.8,20549.8,20527.5,20534.5,20540.8,20548.1,20523.4,20532.1,20515.8,20485.9,20512.3,20536.9,20526.2,20520.7,20510.7,20534.6,20542.4,20516.6,20479.4,20528.0,20528.9
results/GeneratedSparse/100_cells_100000_features/0.75/sparse_arrayfirecuda_manhattan.csv,manhattan,arrayfirecuda,0.75,100,100000,100_100000,10000000,2.0,5.0,2.0,6.089594339253167,6.090127498006722,6.088349241527308,6.090669415719814,1225601.3806562398,1232166.5529130662,1230630.0,1229120.1521719361,1367.744411233926,manhattan_arrayfirecuda,1230630.0,1228060.0,1230150.0,1230147.4413625412,1228933.831809115,1225601.3806562398,1229232.445100402,1228302.2930190351,1230636.427240918,1228749.270541063,1228187.752430701,1229310.0163894596,1230230.6826341378,1227638.164312941,1229855.7505874708,1229688.6482984948,1228557.844432526,1230610.2706915587,1232166.5529130662,1227500.1145686377,1230554.1928609177,1229532.0885587686,1229143.7418745228,1229035.6797110762,1227059.062132878
results/GeneratedSparse/100_cells_100000_features/0.75/sparse_arrayfirecuda_pearson.csv,pearson,arrayfirecuda,0.75,100,100000,100_100000,10000000,2.0,5.0,2.0,4.2904466244292445,4.315592533791591,4.224885120524004,4.322306144945569,16783.6,21004.2,20682.0,19518.508333333335,1098.491780775148,pearson_arrayfirecuda,20682.0,18774.6,20451.0,19531.8,20406.1,19684.4,20351.8,20171.2,20298.2,16783.6,18065.0,19631.2,17622.5,17433.1,20556.9,19378.0,21004.2,20188.3,20580.1,18815.5,19071.8,20846.8,19638.3,19784.7,19375.1
results/GeneratedSparse/100_cells_100000_features/0.75/sparse_raft_cosine.csv,cosine,raft,0.75,100,100000,100_100000,10000000,2.0,5.0,2.0,4.8501022213126275,5.891140870296289,4.821772345681768,4.890643485870708,66339.52318141963,77739.8119711201,778288.9604568483,70811.24355106866,2450.9167365823714,cosine_raft,1482952.117919922,73625.80299377441,71269.51217651367,69332.83805847168,67787.88566589355,71224.74082636922,69044.69168494311,77739.8119711201,68773.54776076834,71775.3745100132,71546.22586510114,68338.2555096333,66339.52318141963,69750.92533006635,70775.36694756254,72612.85596796017,73383.80406370711,71620.76619556578,73569.04757871314,70718.28036849744,72221.84536069448,67296.76788172571,68463.41093401986,72216.52793028012,70042.03646283364
results/GeneratedSparse/100_cells_100000_features/0.75/sparse_raft_euclidean.csv,euclidean,raft,0.75,100,100000,100_100000,10000000,2.0,5.0,2.0,4.853417148741886,5.901420606403596,4.792304253470543,4.889682586550748,61987.51886502081,77567.99870270537,796930.7899475098,71353.80690016215,4019.93410288011,euclidean_raft,1519331.455230713,74530.12466430664,74275.49362182617,68366.28913879395,68173.17008972168,65058.99051828307,76174.60405771116,71178.19335548577,64370.89860265046,74211.9748401264,69278.79969008663,74701.34710916255,75782.32426630522,68009.42034698573,61987.51886502081,72196.43169780487,72066.10061992538,77544.9348347723,73317.31182507897,70357.95952889524,68537.40645454857,70982.99207847402,70392.6097068817,77567.99870270537,73428.470988339
results/GeneratedSparse/100_cells_100000_features/0.75/sparse_raft_manhattan.csv,manhattan,raft,0.75,100,100000,100_100000,10000000,2.0,5.0,2.0,4.9435063286999865,5.943321132346419,4.904391884489547,4.983814312293896,80240.17819645071,96341.70152914632,877649.5456695557,87802.38818923966,3464.4921754373063,manhattan_raft,1662245.0351715088,93054.05616760254,87875.8430480957,85547.68562316895,85407.01866149902,84422.12157625181,87522.86808599887,84948.55045572747,89980.59080631593,85882.41237694051,96341.70152914632,83987.66157109952,91546.95514870854,87684.59343321632,89839.7985334809,87416.69116267347,92237.45542178804,89607.2636386749,90814.58048392966,87462.92875707475,86070.09332802446,88498.73917852622,83008.73604468473,87858.7933126726,80240.17819645071
results/GeneratedSparse/100_cells_100000_features/0.75/sparse_raft_pearson.csv,pearson,raft,0.75,100,100000,100_100000,10000000,2.0,5.0,2.0,4.848114640262712,5.655432265292032,4.8339825749087195,4.862577382214913,68231.1317382346,72874.80106356599,452305.9129714966,70487.9110617196,1059.5779187775072,pearson_raft,832852.840423584,71758.98551940918,69428.68232727051,70281.982421875,69960.11734008789,71028.49749724448,69983.58002175762,69305.2060844211,71308.70301005045,69083.66832998217,70604.8420816882,69069.33492628456,71011.31935371735,69805.88402541631,72874.80106356599,69986.80828461683,71052.59480392629,72491.11637355335,70516.9821392272,68231.1317382346,70752.6856465711,70727.65563890373,70395.69851063663,71495.81540460506,70553.77293822485
results/GeneratedSparse/100_cells_100000_features/0.9/sparse_CPU_cosine.csv,cosine,CPU,0.9,100,100000,100_100000,10000000,2.0,5.0,2.0,4.8943934352694,4.897905994689686,4.89083303974262,4.899434717012444,77773.75,79329.5,79050.75,78413.96875,342.3023556291584,cosine_CPU,79050.75,78728.25,78226.25,77773.75,78430.25,78142.75,77890.5,78656.0,78177.25,79150.0,78486.25,78401.75,78550.5,78362.0,78255.75,78409.0,78415.0,79329.5,78555.5,78424.75,78365.25,78486.0,78403.0,77830.0,78486.0
results/GeneratedSparse/100_cells_100000_features/0.9/sparse_CPU_euclidean.csv,euclidean,CPU,0.9,100,100000,100_100000,10000000,2.0,5.0,2.0,4.896616743481081,4.904500508169455,4.888258142976796,4.902330665405659,77314.0,79860.25,80260.25,78816.42708333333,640.1854039682512,euclidean_CPU,80260.25,79563.5,78127.5,79556.75,78291.75,79860.25,79572.5,78987.5,78287.0,78695.5,79708.0,78459.75,78845.5,77314.0,78742.25,78075.25,79523.0,79066.25,77914.5,78661.75,78989.75,78613.0,78601.5,79623.5,78514.0
results/GeneratedSparse/100_cells_100000_features/0.9/sparse_CPU_kendall.csv,kendall,CPU,0.9,100,100000,100_100000,10000000,2.0,5.0,2.0,5.9794162510130455,5.979510588529937,5.9790493778667955,5.979700169147979,952904.5,954333.5,953917.0,953709.8125,369.61112200584097,kendall_CPU,953917.0,953971.25,953492.75,953081.75,954044.75,953517.0,954180.5,953421.25,953871.0,953317.25,954333.5,954018.75,952904.5,953336.0,954149.25,954101.25,953462.5,954007.0,953748.5,954081.5,953309.5,953753.75,953601.25,953821.0,953509.75
results/GeneratedSparse/100_cells_100000_features/0.9/sparse_CPU_manhattan.csv,manhattan,CPU,0.9,100,100000,100_100000,10000000,2.0,5.0,2.0,4.601336696195472,4.645169184695463,4.570233453189528,4.6305422818028115,37173.5,42711.25,44174.25,39933.4375,1241.5009129787554,manhattan_CPU,44174.25,40897.25,38860.5,39973.25,41321.5,40246.0,40157.0,39959.0,40969.75,40399.5,37774.0,39067.0,41021.0,40335.25,37173.5,39320.75,38118.5,39941.5,42711.25,40514.5,41459.5,39643.5,38830.25,40803.5,38904.75
results/GeneratedSparse/100_cells_100000_features/0.9/sparse_CPU_pearson.csv,pearson,CPU,0.9,100,100000,100_100000,10000000,2.0,5.0,2.0,4.907232775549178,4.890037977705723,4.871551045151363,4.93588748487586,74396.25,86275.5,77631.5,80766.78125,2906.796015296614,pearson_CPU,77631.5,83321.0,78926.5,82770.75,80572.75,84335.25,82066.0,82943.0,86275.5,81894.0,79559.0,74396.25,79916.25,75260.75,78856.75,82827.25,77862.75,77417.5,81980.75,77203.75,82957.5,83357.75,83882.25,80441.25,79378.25
results/GeneratedSparse/100_cells_100000_features/0.9/sparse_CPU_spearman.csv,spearman,CPU,0.9,100,100000,100_100000,10000000,2.0,5.0,2.0,4.618145649399871,4.669361051741364,4.607792676519101,4.633577015630621,40531.5,43010.75,46704.75,41509.322916666664,569.1465992641905,spearman_CPU,46704.75,41933.75,41050.0,42636.75,42174.75,41963.0,41780.0,41703.0,41618.0,43010.75,41005.5,40531.5,41527.25,41280.25,41538.0,40992.5,41083.25,41142.25,41191.25,41141.0,41057.5,41956.0,40742.75,41602.25,41562.5
results/GeneratedSparse/100_cells_100000_features/0.9/sparse_GPU_cosine.csv,cosine,GPU,0.9,100,100000,100_100000,10000000,2.0,5.0,2.0,4.411275367267709,6.080731711229213,4.261589953762316,4.496590655461548,18263.75,31375.5,1204291.75,25779.552083333332,3622.954985645901,cosine_GPU,1204291.75,22428.75,27425.25,31277.75,28318.75,23557.75,19168.75,23736.5,29529.5,25268.5,22463.0,22617.75,24016.75,30022.5,29079.75,27002.0,30563.5,24168.25,31375.5,24543.5,26357.5,29705.5,18263.75,25525.0,22293.5
results/GeneratedSparse/100_cells_100000_features/0.9/sparse_GPU_euclidean.csv,euclidean,GPU,0.9,100,100000,100_100000,10000000,2.0,5.0,2.0,4.355275078098387,6.098416829877211,4.335743658683135,4.369957607346053,21664.25,23440.0,1254344.5,22660.791666666668,418.06206967054817,euclidean_GPU,1254344.5,22248.5,22943.25,22223.0,22761.75,22673.0,22727.75,23251.75,22699.25,22113.75,22654.25,22580.0,22238.75,23440.0,23437.0,22956.5,23212.5,22199.0,22896.25,22501.75,22615.75,22604.0,22561.5,22655.5,21664.25
results/GeneratedSparse/100_cells_100000_features/0.9/sparse_GPU_kendall.csv,kendall,GPU,0.9,100,100000,100_100000,10000000,2.0,5.0,2.0,5.739380757433629,5.96941101952378,5.706890100769634,5.805743764045569,509202.0,639357.5,931989.5,548757.8645833334,28224.797847572794,kendall_GPU,931989.5,565760.0,520366.5,555502.75,530451.25,563060.0,544175.75,543575.5,536078.75,533755.75,510401.0,537765.75,639357.5,540338.75,571793.75,572394.75,571868.75,543175.75,561329.5,543729.75,515996.0,516442.25,555267.5,588399.5,509202.0
results/GeneratedSparse/100_cells_100000_features/0.9/sparse_GPU_manhattan.csv,manhattan,GPU,0.9,100,100000,100_100000,10000000,2.0,5.0,2.0,4.421920313296869,5.624436031618672,4.392499102007876,4.449690480579382,24688.75,28163.75,421149.25,26419.239583333332,744.5560110141656,manhattan_GPU,421149.25,25587.25,26718.75,25716.25,26511.75,26305.0,28163.75,26626.5,26313.75,26509.25,24688.75,25999.25,25607.25,26708.0,26180.25,26764.25,27097.0,27149.75,26313.75,26069.75,25324.25,26173.5,27848.75,26952.5,26732.5
results/GeneratedSparse/100_cells_100000_features/0.9/sparse_GPU_pearson.csv,pearson,GPU,0.9,100,100000,100_100000,10000000,2.0,5.0,2.0,4.3622862769269135,6.091421432701247,4.337459261290656,4.394350975874246,21750.0,24794.25,1234302.0,23029.59375,799.1850530530695,pearson_GPU,1234302.0,22272.0,23487.75,22300.25,22344.25,22826.25,24423.25,24794.25,22958.5,22862.25,21970.75,22487.75,22547.5,22620.0,23152.25,22442.75,23577.25,23669.0,23975.5,23333.25,22298.25,21750.0,22792.0,23298.5,24526.75
results/GeneratedSparse/100_cells_100000_features/0.9/sparse_GPU_spearman.csv,spearman,GPU,0.9,100,100000,100_100000,10000000,2.0,5.0,2.0,4.866735681587756,5.663952385389643,4.86489210813158,4.868979286074608,73264.25,73957.0,461267.0,73575.91666666667,164.11947291192746,spearman_GPU,461267.0,73464.25,73707.5,73487.5,73691.0,73430.0,73689.0,73523.5,73542.0,73553.25,73264.25,73821.25,73458.0,73525.0,73344.25,73409.0,73957.0,73452.75,73536.25,73731.0,73792.5,73810.0,73581.5,73592.5,73458.75
results/GeneratedSparse/100_cells_100000_features/0.9/sparse_armadillo_cosine.csv,cosine,armadillo,0.9,100,100000,100_100000,10000000,2.0,5.0,2.0,4.845236294266776,4.833087161106542,4.817504550853448,4.867925112087883,65690.8,73777.7,68090.6,70022.28749999999,1942.4679566881955,cosine_armadillo,68090.6,68269.9,68231.3,69773.7,73777.7,72511.7,72240.4,71791.0,70951.7,69824.7,68541.0,67276.8,69144.1,69138.0,65690.8,70446.3,69379.1,69663.6,68726.8,71507.1,72041.7,71624.2,72767.1,67575.0,69641.2
results/GeneratedSparse/100_cells_100000_features/0.9/sparse_armadillo_euclidean.csv,euclidean,armadillo,0.9,100,100000,100_100000,10000000,2.0,5.0,2.0,4.826604302844153,4.838234349463556,4.8204018063335,4.830480241905402,66130.5,67683.1,68902.4,67081.7375,409.29600007461886,euclidean_armadillo,68902.4,67683.1,67325.2,66893.1,66911.2,67367.4,66991.5,66130.5,67229.3,67423.4,66890.9,66800.3,67438.0,66752.6,66611.6,66769.2,67567.7,67261.5,66994.6,66382.5,67210.8,66616.0,67463.4,67618.5,67629.4
results/GeneratedSparse/100_cells_100000_features/0.9/sparse_armadillo_manhattan.csv,manhattan,armadillo,0.9,100,100000,100_100000,10000000,2.0,5.0,2.0,5.855099346829514,5.852826924636119,5.848221148878264,5.858989903014078,705052.0,722753.0,712569.0,716307.25,3367.9168419316215,manhattan_armadillo,712569.0,714167.0,717722.0,711504.0,719408.0,714324.0,718217.0,718605.0,722753.0,715742.0,715747.0,717494.0,705052.0,714162.0,716581.0,716648.0,719105.0,717274.0,721573.0,714450.0,716066.0,715683.0,716523.0,717804.0,714770.0
results/GeneratedSparse/100_cells_100000_features/0.9/sparse_armadillo_pearson.csv,pearson,armadillo,0.9,100,100000,100_100000,10000000,2.0,5.0,2.0,4.873876631020191,4.87426084534111,4.871170559822931,4.8772158014269795,74331.1,75373.0,74861.9,74795.7,268.9995786861634,pearson_armadillo,74861.9,75217.8,74585.2,74848.2,74716.8,74865.2,75188.3,74331.1,74700.0,74582.3,74507.8,74686.2,75373.0,74964.5,74870.3,74675.5,74977.6,74593.3,75128.8,75110.7,74570.9,74593.9,74990.9,74612.5,74406.0
results/GeneratedSparse/100_cells_100000_features/0.9/sparse_armadillo_spearman.csv,spearman,armadillo,0.9,100,100000,100_100000,10000000,2.0,5.0,2.0,5.435085053701007,5.43554815511796,5.4341407852897605,5.435662841356283,271732.0,272686.0,272614.0,272323.4583333333,220.57160197364985,spearman_armadillo,272614.0,271973.0,272529.0,272479.0,272287.0,272198.0,272409.0,272357.0,272125.0,271967.0,272138.0,272131.0,272686.0,272500.0,272272.0,272412.0,272457.0,271732.0,272407.0,272486.0,272329.0,272545.0,272313.0,272610.0,272421.0
results/GeneratedSparse/100_cells_100000_features/0.9/sparse_arrayfirecuda_cosine.csv,cosine,arrayfirecuda,0.9,100,100000,100_100000,10000000,2.0,5.0,2.0,4.031663915861998,4.037179397768975,3.989472065789537,4.062698532475107,9760.5,11553.1,10893.8,10756.324999999999,475.87395586961884,cosine_arrayfirecuda,10893.8,10973.7,10269.3,10951.6,9760.5,11020.1,11118.8,11182.3,10770.6,10990.7,11378.3,9957.1,10245.0,10851.9,11184.1,10540.6,10236.7,10764.2,9816.4,10878.9,11170.9,10534.2,11553.1,11081.0,10921.8
results/GeneratedSparse/100_cells_100000_features/0.9/sparse_arrayfirecuda_euclidean.csv,euclidean,arrayfirecuda,0.9,100,100000,100_100000,10000000,2.0,5.0,2.0,4.009964227683478,4.000499151696942,3.9760192022539522,4.035807830039773,9462.79,10859.45,10011.5,10232.087083333334,414.3136581291115,euclidean_arrayfirecuda,10011.5,10542.8,9928.69,10225.62,9773.4,10541.88,9992.08,9681.28,10101.25,9679.39,10559.34,10202.39,10697.01,10718.64,10629.47,9771.3,10697.09,10859.45,9462.79,10590.41,9651.34,10591.97,10595.56,10093.96,9982.98
results/GeneratedSparse/100_cells_100000_features/0.9/sparse_arrayfirecuda_manhattan.csv,manhattan,arrayfirecuda,0.9,100,100000,100_100000,10000000,2.0,5.0,2.0,6.089185374955971,6.086633848105444,6.086709004270343,6.0919923505698215,1220981.2767589604,1235925.6643207257,1220770.0,1227963.2651280926,3304.477325875107,manhattan_arrayfirecuda,1220770.0,1226060.0,1231270.0,1220981.2767589604,1228392.7003238688,1225120.0847219443,1226685.5372435409,1231047.1500574488,1224125.4578129898,1225298.0603900014,1223885.8574129664,1226519.171968958,1235925.6643207257,1228100.6324540735,1231255.2145491734,1232739.8293310094,1231208.0105183157,1225515.8906765576,1228837.4305521357,1228802.4689029346,1231721.047236274,1228439.693412792,1227556.190035122,1225898.58058324,1225732.4138111882
results/GeneratedSparse/100_cells_100000_features/0.9/sparse_arrayfirecuda_pearson.csv,pearson,arrayfirecuda,0.9,100,100000,100_100000,10000000,2.0,5.0,2.0,4.040101043308245,4.049745060332918,4.034921095748594,4.0452681994514315,10837.3,11098.6,11213.6,10967.333333333334,56.977632063429645,pearson_arrayfirecuda,11213.6,10930.8,11036.0,10974.4,10977.7,11098.6,10979.0,10992.5,10965.5,10965.4,10927.0,10873.9,10963.1,10941.6,10960.8,10965.2,11018.6,10879.0,10837.3,10960.0,10902.0,10998.7,11041.8,11004.8,11022.3
results/GeneratedSparse/100_cells_100000_features/0.9/sparse_raft_cosine.csv,cosine,raft,0.9,100,100000,100_100000,10000000,2.0,5.0,2.0,4.449668307120468,5.90830656206346,4.443500417254886,4.458946449647218,27765.175136847425,28770.43641172329,809667.2296524047,28162.31210051526,289.4923685118878,cosine_raft,1590838.4323120115,28496.02699279785,28318.16673278809,28030.872344970703,27777.19497680664,28707.756629748354,28770.43641172329,27937.04444927376,28367.135130612474,28433.228524967555,27765.175136847425,28176.020696763633,28364.567130702948,28252.353642734648,28444.644377724693,28127.438340425095,27773.440939408927,27785.534805059197,28305.90707077492,28175.276738790617,28096.512385308335,28004.805690200246,27791.864301781905,27832.941238116837,28161.145724038055
results/GeneratedSparse/100_cells_100000_features/0.9/sparse_raft_euclidean.csv,euclidean,raft,0.9,100,100000,100_100000,10000000,2.0,5.0,2.0,4.451521532144919,5.879525623100424,4.443240429390873,4.461665284225619,27748.558650521776,28951.114318114345,757749.4382858276,28282.74332269908,382.3467529838357,euclidean_raft,1486897.9454040527,28600.93116760254,28365.373611450195,27765.03562927246,27819.15664672852,28294.601790375706,28910.31831729558,28013.487239118575,27881.86383217151,28043.292556987355,28909.303499400557,28754.53773086453,27897.47612080492,27748.558650521776,28628.740407096568,28582.97342265377,28951.114318114345,28109.71850615587,28180.729087463107,28056.659341894145,28601.263257859733,27886.329120375383,28026.96080413548,28162.401016168216,28595.013670267123
results/GeneratedSparse/100_cells_100000_features/0.9/sparse_raft_manhattan.csv,manhattan,raft,0.9,100,100000,100_100000,10000000,2.0,5.0,2.0,4.520885800716808,5.88163591349314,4.500434571940567,4.532644693997753,31654.435418077366,34091.38882440745,761440.3963088989,33180.7196194439,612.7433256776748,manhattan_raft,1489443.7789916992,33437.01362609863,33917.66548156738,32807.350158691406,32772.30262756348,34091.38882440745,32853.38297812346,32851.40149142149,33578.01892970625,33072.76633328913,32944.10621352458,33344.50468463754,33858.18472474634,33041.618247351355,33970.03728057172,32301.018343025247,33533.18366665256,32883.053877626044,33722.055329399576,33350.84080790515,31930.976727857666,33872.70414382505,31654.435418077366,33294.40287739942,33254.85807318542
results/GeneratedSparse/100_cells_100000_features/0.9/sparse_raft_pearson.csv,pearson,raft,0.9,100,100000,100_100000,10000000,2.0,5.0,2.0,4.8271724944743415,5.699868663095954,4.8223933845484215,4.832757965034358,66434.4562177254,68039.00674752866,501035.6903076172,67169.55861573228,448.4386491919708,pearson_raft,934262.2756958008,67809.1049194336,66629.88662719727,66723.58512878418,67705.15441894531,67224.21360239798,67075.86590158314,66922.56745538067,66950.37517906156,66950.2055180874,66717.31260724053,67857.43565926,67493.2797867503,67029.63884676527,67698.51066076281,67226.99908823038,67669.12103326291,67168.07633378054,66687.0063690933,67076.34760142447,68039.00674752866,66484.19644770965,67007.07442878165,66434.4562177254,67489.98619838794
results/GeneratedSparse/100_cells_100000_features/0.95/sparse_CPU_cosine.csv,cosine,CPU,0.95,100,100000,100_100000,10000000,2.0,5.0,2.0,4.836450845573847,4.84856318832459,4.82845043103458,4.843349591963932,67367.5,69718.75,70560.75,68620.02083333333,664.5617835455975,cosine_CPU,70560.75,68134.0,69342.25,68740.5,69718.75,67992.25,68531.5,67771.0,69582.25,68386.5,68615.25,67367.5,67710.0,68181.5,67853.75,68477.25,69144.0,69422.75,69609.25,69402.5,69244.75,68391.0,68021.0,68685.75,68555.25
results/GeneratedSparse/100_cells_100000_features/0.95/sparse_CPU_euclidean.csv,euclidean,CPU,0.95,100,100000,100_100000,10000000,2.0,5.0,2.0,4.870953315214294,4.854290856413855,4.857116803604096,4.883174354901426,71964.25,76414.25,71497.5,74293.92708333333,1338.540789518195,euclidean_CPU,71497.5,75019.0,73188.25,74582.0,74175.25,74665.25,75254.5,75987.5,76221.5,73676.75,73810.0,73947.25,74850.0,73453.75,72273.25,73017.25,76414.25,75540.25,73020.25,71964.25,76229.0,74549.5,72237.25,72934.5,76043.5
results/GeneratedSparse/100_cells_100000_features/0.95/sparse_CPU_kendall.csv,kendall,CPU,0.95,100,100000,100_100000,10000000,2.0,5.0,2.0,5.659489873082135,5.662982709668607,5.643789124352947,5.675272744939654,440341.0,473448.5,460238.25,456551.6041666667,8781.119188799303,kendall_CPU,460238.25,464952.0,452214.5,443743.75,462782.0,459982.25,461114.25,446414.0,448687.5,450791.75,457843.25,473448.5,445229.75,471933.0,464412.5,450710.75,463921.5,456423.5,464528.75,451146.0,466212.75,440341.0,456541.25,447800.75,456063.25
results/GeneratedSparse/100_cells_100000_features/0.95/sparse_CPU_manhattan.csv,manhattan,CPU,0.95,100,100000,100_100000,10000000,2.0,5.0,2.0,4.285055874563214,4.384501260594116,4.195954973023524,4.347783591712298,15702.0,22273.25,24238.25,19277.729166666668,1689.2170938606357,manhattan_CPU,24238.25,18513.75,20283.5,22273.25,18554.75,16563.75,20536.0,20348.5,18610.75,18555.5,21410.75,18896.75,20742.75,20620.0,21358.0,18109.75,17925.0,17956.5,15702.0,19348.5,20673.25,19736.0,17335.5,21507.5,17103.5
results/GeneratedSparse/100_cells_100000_features/0.95/sparse_CPU_pearson.csv,pearson,CPU,0.95,100,100000,100_100000,10000000,2.0,5.0,2.0,4.840039930635793,4.852995107744329,4.834954500483976,4.852516589944497,68384.0,71206.0,71284.5,69189.45833333333,595.6178062991028,pearson_CPU,71284.5,69740.75,68753.25,69361.25,69030.0,69179.0,69453.5,70174.25,68879.5,69348.25,69211.75,68701.25,69203.0,68613.75,69106.75,69031.0,71206.0,68836.5,68532.75,68864.0,68661.25,68384.0,69565.5,69773.0,68936.75
results/GeneratedSparse/100_cells_100000_features/0.95/sparse_CPU_spearman.csv,spearman,CPU,0.95,100,100000,100_100000,10000000,2.0,5.0,2.0,4.290385941513894,4.394845519367704,4.280054533973247,4.30294750936927,19057.0,20088.5,24822.5,19515.78125,281.39011613938663,spearman_CPU,24822.5,19678.0,19198.75,19650.25,20036.0,19127.0,19497.5,19543.25,19464.0,19557.25,20088.5,19398.25,19843.75,19631.0,19461.5,19106.75,19300.0,19364.75,19168.25,19305.0,19739.0,19057.0,19709.75,19918.75,19534.5
results/GeneratedSparse/100_cells_100000_features/0.95/sparse_GPU_cosine.csv,cosine,GPU,0.95,100,100000,100_100000,10000000,2.0,5.0,2.0,4.08112067852426,6.0953539309607905,4.079678590259069,4.08290200399785,12013.75,12103.25,1245529.25,12053.708333333334,17.85731448330223,cosine_GPU,1245529.25,12038.25,12063.0,12041.25,12044.0,12103.25,12047.5,12052.5,12045.0,12043.75,12077.0,12063.5,12048.75,12055.25,12072.5,12070.25,12047.0,12036.75,12061.5,12013.75,12055.5,12030.75,12066.0,12041.25,12070.75
results/GeneratedSparse/100_cells_100000_features/0.95/sparse_GPU_euclidean.csv,euclidean,GPU,0.95,100,100000,100_100000,10000000,2.0,5.0,2.0,4.096263519017025,6.11657263045758,4.089587218672805,4.102150601620766,12291.0,12651.75,1307894.25,12481.40625,85.73350219393525,euclidean_GPU,1307894.25,12576.25,12456.5,12495.75,12449.0,12578.5,12443.25,12526.0,12453.25,12473.0,12375.75,12597.5,12510.75,12327.5,12454.25,12419.75,12525.5,12449.75,12442.5,12466.75,12651.75,12429.25,12634.5,12525.75,12291.0
results/GeneratedSparse/100_cells_100000_features/0.95/sparse_GPU_kendall.csv,kendall,GPU,0.95,100,100000,100_100000,10000000,2.0,5.0,2.0,5.342929945571621,5.786079769047384,5.3400721281091075,5.345332063739868,218812.5,221478.75,611054.25,220257.11458333334,521.8635726252213,kendall_GPU,611054.25,219902.5,220799.25,220276.75,221478.75,220691.0,220696.75,220516.5,220191.5,219935.5,220340.0,219928.0,220123.5,220032.0,219805.75,220146.5,219659.25,219652.5,220624.0,218812.5,220868.0,220647.0,220388.5,220035.25,220619.5
results/GeneratedSparse/100_cells_100000_features/0.95/sparse_GPU_manhattan.csv,manhattan,GPU,0.95,100,100000,100_100000,10000000,2.0,5.0,2.0,4.068694792272665,5.611738704482559,4.042654253167793,4.086457713891213,11032.0,12202.75,409014.5,11713.71875,368.63791596353394,manhattan_GPU,409014.5,12081.25,11534.75,11412.75,11901.75,11070.0,11495.75,11820.25,11817.25,11732.25,11995.25,11079.0,11032.0,11788.75,12051.75,11258.0,12115.0,12036.25,12063.5,12003.0,11615.25,11138.25,12202.75,11777.75,12106.75
results/GeneratedSparse/100_cells_100000_features/0.95/sparse_GPU_pearson.csv,pearson,GPU,0.95,100,100000,100_100000,10000000,2.0,5.0,2.0,4.101498975935666,6.078591562568573,4.095700993030864,4.106590318870316,12465.25,12781.75,1198371.75,12632.78125,100.2070334071957,pearson_GPU,1198371.75,12535.0,12707.75,12608.75,12740.75,12465.25,12656.5,12603.5,12557.5,12557.75,12689.25,12621.5,12542.0,12781.75,12640.5,12696.5,12668.25,12770.0,12780.25,12742.25,12467.0,12774.0,12522.25,12533.0,12525.5
results/GeneratedSparse/100_cells_100000_features/0.95/sparse_GPU_spearman.csv,spearman,GPU,0.95,100,100000,100_100000,10000000,2.0,5.0,2.0,4.538630540651935,5.654314223179998,4.529205705452069,4.545573055861954,33822.5,35121.5,451143.0,34564.520833333336,377.1851744381958,spearman_GPU,451143.0,34859.0,34321.25,34793.25,34820.0,34871.75,34254.5,35034.5,33822.5,34376.0,34745.5,34882.0,34584.5,34318.5,34680.0,33968.5,34691.5,34337.5,33859.5,34826.25,33948.25,35121.5,35048.25,34673.75,34710.25
results/GeneratedSparse/100_cells_100000_features/0.95/sparse_armadillo_cosine.csv,cosine,armadillo,0.95,100,100000,100_100000,10000000,2.0,5.0,2.0,4.418970106191479,4.4291221768508535,4.411941099593996,4.425439656600354,25819.1,26634.2,26861.0,26240.379166666666,213.0517757478349,cosine_armadillo,26861.0,26354.2,26330.4,26314.6,25819.1,26486.1,26258.9,26128.0,26139.2,26120.6,25899.7,26508.2,26128.1,26218.4,25908.6,26465.4,26398.6,25972.1,26350.4,26634.2,26400.8,26100.2,26380.4,26445.8,26007.1
results/GeneratedSparse/100_cells_100000_features/0.95/sparse_armadillo_euclidean.csv,euclidean,armadillo,0.95,100,100000,100_100000,10000000,2.0,5.0,2.0,4.425707669983144,4.41961214015434,4.329424322716474,4.494858360054098,21351.3,31250.6,26279.2,26650.641666666663,2487.6363114940837,euclidean_armadillo,26279.2,25867.4,26030.5,25800.6,31250.6,25079.8,26738.0,21351.3,23834.3,27138.6,26368.5,28048.0,28784.3,22489.2,26463.4,24754.9,28723.9,24831.2,26537.1,29590.4,29760.7,25645.9,29229.8,24199.5,31097.5
results/GeneratedSparse/100_cells_100000_features/0.95/sparse_armadillo_manhattan.csv,manhattan,armadillo,0.95,100,100000,100_100000,10000000,2.0,5.0,2.0,5.8430960140363615,5.852008845833536,5.826646139758499,5.861567862790736,670882.0,727056.0,711228.0,696780.5416666666,13149.73868871915,manhattan_armadillo,711228.0,712294.0,691383.0,689637.0,694785.0,707812.0,711362.0,691241.0,683557.0,693137.0,690519.0,703023.0,708264.0,688680.0,692413.0,691230.0,697593.0,682356.0,698294.0,709670.0,727056.0,670882.0,713939.0,671175.0,702431.0
results/GeneratedSparse/100_cells_100000_features/0.95/sparse_armadillo_pearson.csv,pearson,armadillo,0.95,100,100000,100_100000,10000000,2.0,5.0,2.0,4.473952644086782,4.469813182780227,4.44328020239426,4.508619935120592,27751.1,32256.7,29499.4,29781.916666666668,1141.3684709106387,pearson_armadillo,29499.4,29360.0,29431.7,29722.0,31354.6,30184.8,29990.2,29171.6,28033.6,30694.5,28813.0,28432.5,28977.7,30099.1,32256.7,28528.1,30885.6,29490.7,31113.6,31053.3,29067.3,28683.2,31010.7,27751.1,30660.4
results/GeneratedSparse/100_cells_100000_features/0.95/sparse_armadillo_spearman.csv,spearman,armadillo,0.95,100,100000,100_100000,10000000,2.0,5.0,2.0,5.37339019962747,5.377408254570717,5.366548090724969,5.379687963652715,232567.0,239711.0,238456.0,236260.0,1914.102966579036,spearman_armadillo,238456.0,239435.0,234539.0,234947.0,238454.0,237718.0,233398.0,237668.0,237221.0,235973.0,233993.0,237247.0,236379.0,234392.0,236872.0,235144.0,236416.0,233259.0,236964.0,237321.0,232567.0,237938.0,234796.0,239711.0,237888.0
results/GeneratedSparse/100_cells_100000_features/0.95/sparse_arrayfirecuda_cosine.csv,cosine,arrayfirecuda,0.95,100,100000,100_100000,10000000,2.0,5.0,2.0,3.8630376491867535,3.8694675832140253,3.8585726855579368,3.8665891722417642,7220.59,7355.11,7404.02,7295.2075,38.743320311377516,cosine_arrayfirecuda,7404.02,7325.89,7247.89,7287.44,7309.61,7345.41,7350.8,7273.68,7244.96,7295.51,7316.07,7282.35,7355.11,7306.2,7325.01,7306.57,7323.51,7291.98,7224.98,7220.59,7263.71,7346.72,7277.14,7243.1,7320.75
results/GeneratedSparse/100_cells_100000_features/0.95/sparse_arrayfirecuda_euclidean.csv,euclidean,arrayfirecuda,0.95,100,100000,100_100000,10000000,2.0,5.0,2.0,3.8427376578075982,3.8457756309593436,3.839263046678159,3.8471115934937146,6906.58,7032.53,7010.93,6962.058333333334,30.61299855544297,euclidean_arrayfirecuda,7010.93,6991.08,6942.95,6906.58,7027.11,6991.66,6996.04,6926.97,6961.35,6937.66,6941.93,6954.65,6930.69,6970.42,6965.4,6981.28,6965.88,7032.53,6936.73,6954.16,6953.88,6916.91,6977.44,6953.21,6972.89
results/GeneratedSparse/100_cells_100000_features/0.95/sparse_arrayfirecuda_manhattan.csv,manhattan,arrayfirecuda,0.95,100,100000,100_100000,10000000,2.0,5.0,2.0,6.063868791871451,6.066549538761934,6.058287381961455,6.067734044119999,1143634.852139125,1168783.4251596692,1165600.0,1158427.321674377,5829.264337785006,manhattan_arrayfirecuda,1165600.0,1155380.0,1164170.0,1154071.1767856877,1157602.105145682,1153327.5008625754,1165410.7655501491,1150441.3851394826,1163382.855928416,1157038.892042433,1159100.884674435,1143634.852139125,1154313.3249880965,1162486.5238855956,1166834.17583831,1153860.963877396,1156511.1447279868,1159309.8187521268,1151488.8782748147,1160920.6689302595,1155423.262924514,1163994.7767800596,1160516.390737177,1164251.947041053,1168783.4251596692
results/GeneratedSparse/100_cells_100000_features/0.95/sparse_arrayfirecuda_pearson.csv,pearson,arrayfirecuda,0.95,100,100000,100_100000,10000000,2.0,5.0,2.0,3.8561241670115187,3.869190048936987,3.8417372799435396,3.8651187866150694,6946.04,7330.25,7399.29,7179.995416666668,113.87592348616279,pearson_arrayfirecuda,7399.29,7050.47,7256.81,7117.98,7242.02,7283.56,7131.7,7330.25,7103.62,7327.04,7107.06,7005.48,7281.11,7031.9,7027.22,7256.51,7307.16,7264.48,7187.21,7240.72,7252.85,6946.04,7324.09,7066.95,7177.66
results/GeneratedSparse/100_cells_100000_features/0.95/sparse_raft_cosine.csv,cosine,raft,0.95,100,100000,100_100000,10000000,2.0,5.0,2.0,4.163416733107159,5.876134239043098,4.146967650277022,4.179568268111017,14027.09215680542,15120.57365717812,751855.2541732788,14568.56356184626,255.9993176334669,cosine_raft,1488814.115524292,14896.392822265623,14321.565628051758,14499.425888061523,14301.538467407228,14737.95839583256,14664.3537226115,14974.55260004316,14420.429821596792,14438.39105098688,14393.165256882035,14553.40150413734,14481.6575100283,15120.57365717812,14345.351973505558,14615.334902338143,14552.528030297864,14243.018603343397,14525.258553000613,14625.278660466533,14694.764171482066,14387.7162107413,14937.004514373151,14027.09215680542,14888.771382873414
results/GeneratedSparse/100_cells_100000_features/0.95/sparse_raft_euclidean.csv,euclidean,raft,0.95,100,100000,100_100000,10000000,2.0,5.0,2.0,4.163984596047018,5.888420873993414,4.14972844337745,4.1866136494414565,14116.545860734126,15367.868986528203,773429.7513961792,14587.625186375992,269.38958091387013,euclidean_raft,1532258.7490081787,14600.753784179688,14541.387557983398,15018.463134765623,14303.44581604004,14493.47029310504,14424.319594039342,14743.601516367027,14515.693937935615,14925.790255532997,14116.545860734126,14769.97135317776,14848.339693629016,14437.06560048212,15367.868986528203,14567.55963970518,14324.774489449532,14395.002674169107,14478.095175413526,14758.12265139582,14750.838740728055,14492.591626430183,14604.836987590485,14355.35127953838,14269.113824103575
results/GeneratedSparse/100_cells_100000_features/0.95/sparse_raft_manhattan.csv,manhattan,raft,0.95,100,100000,100_100000,10000000,2.0,5.0,2.0,4.22641063423359,5.900157622551078,4.216975130662987,4.236887407319181,16480.68014244391,17253.90519213261,794616.5800094606,16842.658158941264,185.0158627648639,manhattan_raft,1572213.649749756,17019.51026916504,16991.138458251953,16674.75700378418,16636.84844970703,16744.432803880685,17000.842777763974,17024.643313088734,17111.703409789654,16597.639935681334,16480.68014244391,16509.285831765763,16905.067376081228,16912.064235392438,16869.294393265427,17253.90519213261,16863.015257525054,17023.03898154652,16771.491833994,16734.07326436102,16793.24615306552,16821.586428028524,16926.52237526543,16846.76214760038,16712.245781009853
results/GeneratedSparse/100_cells_100000_features/0.95/sparse_raft_pearson.csv,pearson,raft,0.95,100,100000,100_100000,10000000,2.0,5.0,2.0,4.810187195706605,5.693945787203716,4.804800665098843,4.814903190560397,63797.05996797882,65298.49782534282,494248.9862442017,64593.25879744789,352.62039876899365,pearson_raft,923373.9376068116,65124.0348815918,64518.92852783203,64498.4245300293,64348.93608093262,65064.48722845861,64866.90542699291,64834.73405850954,64461.84889755729,64572.54151237424,64226.83632042656,64686.99429906633,65207.5947321461,64374.22438857262,65298.49782534282,64222.97056002218,64533.87796258549,64094.77391960077,63797.05996797882,64714.63217000388,64409.74009740039,64498.26326945965,64692.2513951115,64817.54648938437,64372.1065973695
results/GeneratedSparse/100_cells_100000_features/0.99/sparse_CPU_cosine.csv,cosine,CPU,0.99,100,100000,100_100000,10000000,2.0,5.0,2.0,4.808367909150458,4.763678763651713,4.802000197831656,4.813994405526496,63387.0,65162.0,58033.5,64323.239583333336,404.29061123032903,cosine_CPU,58033.5,64047.5,64650.5,65162.0,64353.75,64415.75,64271.5,64057.75,64133.5,63834.25,64838.75,64668.75,64535.25,64639.75,64279.25,64475.75,64641.75,64790.75,63387.0,64488.5,63569.75,63799.5,64383.75,64212.0,64120.75
results/GeneratedSparse/100_cells_100000_features/0.99/sparse_CPU_euclidean.csv,euclidean,CPU,0.99,100,100000,100_100000,10000000,2.0,5.0,2.0,4.793022971330802,4.8253709348436296,4.6702203328836145,4.846731324517305,46797.25,70263.75,66891.5,62090.1875,5394.389257333532,euclidean_CPU,66891.5,65223.25,57667.5,69858.25,56024.25,64806.25,65476.5,59861.25,59415.0,62358.5,60327.0,59535.25,64209.25,60809.5,66040.75,69941.5,65124.75,56273.0,62334.25,69016.75,63933.5,55279.25,46797.25,59588.0,70263.75
results/GeneratedSparse/100_cells_100000_features/0.99/sparse_CPU_kendall.csv,kendall,CPU,0.99,100,100000,100_100000,10000000,2.0,5.0,2.0,4.909048911530831,4.9354594001061,4.8858825692962515,4.9236234717967555,76892.25,83873.25,86190.5,81105.23958333333,1679.512560237541,kendall_CPU,86190.5,82402.25,80300.25,79924.25,82105.5,81158.5,81831.25,81592.25,82451.0,79010.0,76892.25,81522.5,81586.5,81870.0,82238.0,78570.75,81537.0,81755.0,80733.75,77587.0,83873.25,82881.75,79928.5,81700.0,83074.25
results/GeneratedSparse/100_cells_100000_features/0.99/sparse_CPU_manhattan.csv,manhattan,CPU,0.99,100,100000,100_100000,10000000,2.0,5.0,2.0,3.770884214488169,3.9681676203696066,3.769875592475001,3.7721749608246142,5886.75,5918.0,9293.25,5900.4375,9.453628602288118,manhattan_CPU,9293.25,5895.5,5907.25,5907.25,5906.0,5918.0,5889.5,5903.5,5909.75,5892.5,5901.5,5892.0,5898.25,5888.5,5892.5,5887.0,5899.5,5908.5,5889.0,5904.25,5897.25,5916.5,5886.75,5902.75,5917.0
results/GeneratedSparse/100_cells_100000_features/0.99/sparse_CPU_pearson.csv,pearson,CPU,0.99,100,100000,100_100000,10000000,2.0,5.0,2.0,4.815259090722328,4.790411844107942,4.813786079233288,4.816378860043528,65130.75,65520.75,61718.0,65352.03125,120.79949193851837,pearson_CPU,61718.0,65429.5,65238.75,65223.75,65498.0,65285.0,65505.5,65519.75,65440.75,65322.5,65179.5,65520.75,65258.25,65411.5,65202.75,65422.25,65284.25,65420.75,65480.5,65130.75,65244.0,65267.25,65254.75,65513.25,65394.75
results/GeneratedSparse/100_cells_100000_features/0.99/sparse_CPU_spearman.csv,spearman,CPU,0.99,100,100000,100_100000,10000000,2.0,5.0,2.0,3.7794747346672706,3.9742122348919184,3.7549023193782625,3.7997711835809858,5687.25,6306.25,9423.5,6018.3125,141.9483886913949,spearman_CPU,9423.5,5876.5,6106.25,5800.5,5881.0,6032.5,5687.25,6052.5,6010.5,6141.75,5910.0,6067.25,6084.75,5992.5,6043.25,6015.25,5956.5,6026.0,6233.25,6015.25,6274.75,6306.25,5930.75,6131.75,5863.25
results/GeneratedSparse/100_cells_100000_features/0.99/sparse_GPU_cosine.csv,cosine,GPU,0.99,100,100000,100_100000,10000000,2.0,5.0,2.0,3.775821234135634,6.077493360107822,3.6600824735629156,3.833975371279906,4571.75,6823.0,1195345.25,5967.895833333333,669.1582084225714,cosine_GPU,1195345.25,6214.25,5443.75,5733.5,5566.0,6680.75,6823.0,5514.5,6120.25,6653.0,6817.25,6443.5,6278.5,5173.75,5549.0,6144.5,6663.75,6414.25,4881.25,6312.25,4571.75,6810.25,6287.5,5125.5,5007.5
results/GeneratedSparse/100_cells_100000_features/0.99/sparse_GPU_euclidean.csv,euclidean,GPU,0.99,100,100000,100_100000,10000000,2.0,5.0,2.0,3.7700384815284598,6.086646655080406,3.7193312869837265,3.802448737775337,5240.0,6345.25,1220806.0,5888.958333333333,269.38846318508564,euclidean_GPU,1220806.0,6113.5,5578.75,5999.25,5784.0,6255.5,5240.0,6261.75,6100.25,5929.0,5806.5,5635.25,6084.25,5779.75,6201.25,5532.25,5590.25,5952.25,6073.25,5658.25,5797.25,5717.5,5789.75,6345.25,6110.0
results/GeneratedSparse/100_cells_100000_features/0.99/sparse_GPU_kendall.csv,kendall,GPU,0.99,100,100000,100_100000,10000000,2.0,5.0,2.0,4.502323826191523,5.50348629799226,4.485465883972352,4.517703817767683,30582.0,32938.5,318776.5,31792.4375,550.0916649466251,kendall_GPU,318776.5,32309.25,31499.0,32059.75,31213.5,32938.5,32398.5,31815.5,32086.5,31250.25,31944.75,31006.25,31093.75,31341.75,31783.5,31856.0,32198.5,31909.25,32346.0,30582.0,32588.75,31414.75,32083.5,32004.25,31294.75
results/GeneratedSparse/100_cells_100000_features/0.99/sparse_GPU_manhattan.csv,manhattan,GPU,0.99,100,100000,100_100000,10000000,2.0,5.0,2.0,3.6255685868620082,5.6191776235983655,3.606999042800835,3.6487014566517257,4045.75,4453.5,416080.75,4222.489583333333,102.33878274629349,manhattan_GPU,416080.75,4306.0,4157.25,4199.75,4176.0,4244.75,4401.0,4234.25,4119.75,4183.75,4236.25,4137.5,4045.75,4119.25,4208.0,4184.0,4223.25,4431.75,4106.5,4143.5,4222.5,4453.5,4329.0,4157.0,4319.5
results/GeneratedSparse/100_cells_100000_features/0.99/sparse_GPU_pearson.csv,pearson,GPU,0.99,100,100000,100_100000,10000000,2.0,5.0,2.0,3.7695404020844796,6.089130016631585,3.7551122663950713,3.7804073306878676,5690.0,6031.25,1227806.75,5882.208333333333,78.23897242139338,pearson_GPU,1227806.75,5990.25,5830.0,5940.25,5850.25,5690.0,6031.25,5832.25,5914.5,5761.5,5973.5,5805.25,5983.75,5908.5,5827.5,5830.25,5913.0,5853.0,5961.75,5889.5,5804.5,5902.75,5942.0,5894.5,5843.0
results/GeneratedSparse/100_cells_100000_features/0.99/sparse_GPU_spearman.csv,spearman,GPU,0.99,100,100000,100_100000,10000000,2.0,5.0,2.0,3.897497654080471,5.683096141374178,3.8809707098862587,3.9062542102482167,7602.75,8058.5,482054.5,7897.645833333333,99.06455483322759,spearman_GPU,482054.5,7934.5,7795.25,7939.75,8058.5,7844.5,7822.0,7602.75,7869.0,7927.5,7861.5,7921.5,7884.25,7893.5,8043.5,7954.25,7945.75,7986.25,7852.0,7918.75,7816.0,7984.25,7993.0,7722.5,7972.75
results/GeneratedSparse/100_cells_100000_features/0.99/sparse_armadillo_cosine.csv,cosine,armadillo,0.99,100,100000,100_100000,10000000,2.0,5.0,2.0,3.9370228435793932,3.9427107930495384,3.9314934671385067,3.9415501894514455,8540.7,8740.78,8764.17,8650.134166666669,47.04604809090998,cosine_armadillo,8764.17,8575.03,8659.91,8666.41,8702.85,8569.9,8690.03,8630.21,8540.7,8638.39,8740.78,8701.56,8648.4,8641.5,8717.73,8650.24,8703.81,8590.01,8659.47,8640.25,8656.9,8659.26,8653.45,8612.02,8654.41
results/GeneratedSparse/100_cells_100000_features/0.99/sparse_armadillo_euclidean.csv,euclidean,armadillo,0.99,100,100000,100_100000,10000000,2.0,5.0,2.0,3.9251055332967515,3.9307407438975934,3.9180507922026537,3.933297938726222,8280.39,8576.26,8525.91,8415.996249999998,75.47184777631222,euclidean_armadillo,8525.91,8393.33,8338.23,8407.94,8525.91,8465.58,8535.18,8502.15,8350.12,8286.58,8438.17,8468.35,8321.26,8347.67,8397.49,8421.85,8380.63,8498.65,8374.26,8422.36,8280.39,8448.52,8576.26,8392.73,8410.3
results/GeneratedSparse/100_cells_100000_features/0.99/sparse_armadillo_manhattan.csv,manhattan,armadillo,0.99,100,100000,100_100000,10000000,2.0,5.0,2.0,5.836252571510231,5.834243897761094,5.818117636512917,5.855914504670335,657836.0,717653.0,682722.0,685887.0,14466.612938648308,manhattan_armadillo,682722.0,670745.0,700092.0,693611.0,671609.0,684073.0,677577.0,692366.0,684494.0,683831.0,657836.0,686653.0,683392.0,678298.0,667177.0,717653.0,691502.0,669081.0,700629.0,704698.0,713249.0,671985.0,687898.0,695519.0,677320.0
results/GeneratedSparse/100_cells_100000_features/0.99/sparse_armadillo_pearson.csv,pearson,armadillo,0.99,100,100000,100_100000,10000000,2.0,5.0,2.0,4.089741484594508,4.087280839218705,4.085789890327987,4.094355813913729,12184.0,12426.7,12225.9,12295.366666666667,66.82694483182345,pearson_armadillo,12225.9,12363.7,12212.2,12343.0,12322.0,12235.4,12336.2,12263.3,12249.6,12287.0,12336.0,12298.4,12394.1,12389.4,12189.3,12310.8,12324.1,12380.6,12225.4,12249.1,12289.8,12213.5,12184.0,12426.7,12265.2
results/GeneratedSparse/100_cells_100000_features/0.99/sparse_armadillo_spearman.csv,spearman,armadillo,0.99,100,100000,100_100000,10000000,2.0,5.0,2.0,5.362787181361098,5.372389062693487,5.3590515279455095,5.3656751404559175,228587.0,232100.0,235716.0,230561.70833333334,888.745205292583,spearman_armadillo,235716.0,230138.0,230045.0,231649.0,229922.0,230327.0,231501.0,230229.0,231243.0,230272.0,230503.0,230807.0,228587.0,231814.0,232100.0,231624.0,230480.0,230368.0,228930.0,230770.0,231946.0,229859.0,230393.0,230460.0,229514.0
results/GeneratedSparse/100_cells_100000_features/0.99/sparse_arrayfirecuda_cosine.csv,cosine,arrayfirecuda,0.99,100,100000,100_100000,10000000,2.0,5.0,2.0,3.7145003768494083,3.7298561933057135,3.7118949223736535,3.7184601673335265,5151.04,5229.5,5368.54,5182.035416666667,16.047410741083937,cosine_arrayfirecuda,5368.54,5193.7,5171.62,5183.95,5188.53,5229.5,5174.68,5199.04,5183.81,5180.63,5188.03,5176.67,5179.27,5190.04,5155.07,5176.57,5196.55,5166.68,5184.34,5197.84,5179.37,5182.28,5151.04,5184.44,5155.2
results/GeneratedSparse/100_cells_100000_features/0.99/sparse_arrayfirecuda_euclidean.csv,euclidean,arrayfirecuda,0.99,100,100000,100_100000,10000000,2.0,5.0,2.0,3.7131053594927255,3.7299225231236206,3.7105049248286517,3.715316281093867,5134.58,5191.78,5369.36,5165.416666666667,11.99214314550254,euclidean_arrayfirecuda,5369.36,5172.85,5157.04,5154.33,5159.69,5185.18,5172.63,5159.65,5154.87,5160.7,5191.78,5154.99,5157.68,5159.94,5168.68,5134.58,5159.7,5179.41,5179.96,5163.59,5159.96,5178.42,5170.38,5162.87,5171.12
results/GeneratedSparse/100_cells_100000_features/0.99/sparse_arrayfirecuda_manhattan.csv,manhattan,arrayfirecuda,0.99,100,100000,100_100000,10000000,2.0,5.0,2.0,6.0865425502539345,6.085529606361368,6.084058204344242,6.088991535932555,1213551.4802889111,1227415.3095392466,1217670.0,1220513.395394839,3210.187844854016,manhattan_arrayfirecuda,1217670.0,1223650.0,1218660.0,1222848.8418963351,1216987.333448792,1217262.6866471155,1217362.7695991185,1223281.8160145355,1219685.66334518,1224634.8946196227,1219065.3492354015,1220792.1494565518,1219684.4309209513,1218711.730065629,1222799.886957247,1213551.4802889111,1222327.7803306344,1223716.7162542944,1227415.3095392466,1221250.8667267591,1219588.0520847018,1215465.4438383414,1224637.319230378,1220750.961379511,1218190.0075968783
results/GeneratedSparse/100_cells_100000_features/0.99/sparse_arrayfirecuda_pearson.csv,pearson,arrayfirecuda,0.99,100,100000,100_100000,10000000,2.0,5.0,2.0,3.715993738939089,3.73428765206133,3.710750989541246,3.719872988303683,5137.49,5246.54,5423.6,5199.884999999999,24.878955631885674,pearson_arrayfirecuda,5423.6,5180.54,5223.25,5208.55,5173.7,5195.63,5246.54,5205.96,5188.06,5228.93,5175.21,5205.17,5198.65,5177.87,5137.49,5213.47,5213.67,5198.6,5170.5,5180.69,5244.59,5199.64,5193.35,5235.82,5201.36
results/GeneratedSparse/100_cells_100000_features/0.99/sparse_raft_cosine.csv,cosine,raft,0.99,100,100000,100_100000,10000000,2.0,5.0,2.0,3.7291760337481206,5.877244957813902,3.723007831027767,3.735893198442174,5284.547805786133,5443.687653904742,753780.6034088136,5360.13877430955,45.9908620883727,cosine_raft,1502133.60786438,5427.59895324707,5374.19319152832,5284.547805786133,5330.324172973633,5341.867793468145,5398.930214810192,5361.905780717629,5408.766412221185,5430.067966719001,5294.55329149723,5416.392980263709,5310.166778353434,5302.505146925654,5443.687653904742,5331.255504171952,5371.756136542724,5364.843703918784,5381.815212649109,5315.746221579199,5319.715216050881,5308.921191031736,5347.39624605251,5370.496486802072,5405.876522214144
results/GeneratedSparse/100_cells_100000_features/0.99/sparse_raft_euclidean.csv,euclidean,raft,0.99,100,100000,100_100000,10000000,2.0,5.0,2.0,3.7428383160178944,5.875014113855409,3.734080216394219,3.7512693615389847,5421.010099619562,5639.873480386792,749918.5800552368,5531.441402225598,56.48833656453054,euclidean_raft,1494246.482849121,5590.677261352539,5452.394485473633,5520.58219909668,5501.985549926758,5568.23917761802,5616.008766426422,5621.916597833048,5559.129361643245,5495.058557113315,5571.347227630897,5505.818445422619,5590.712651652905,5460.654715469884,5501.031757661159,5563.217997528335,5521.296157490732,5530.375408120961,5518.082837182869,5421.010099619562,5497.328552924942,5445.240590376945,5503.729273839804,5639.873480386792,5558.882501622275
results/GeneratedSparse/100_cells_100000_features/0.99/sparse_raft_manhattan.csv,manhattan,raft,0.99,100,100000,100_100000,10000000,2.0,5.0,2.0,3.7451176025355375,5.870995520787565,3.736433663790368,3.754701538187982,5450.466363086569,5684.621302295718,743011.474609375,5560.548108814651,56.29194185733009,manhattan_raft,1480386.0187530518,5636.930465698242,5580.902099609375,5546.092987060547,5486.249923706055,5662.360072278285,5610.628872720197,5684.621302295718,5545.79501911557,5543.918951057176,5559.596821005394,5525.394049942371,5498.642561540703,5512.640123599944,5594.571890349808,5486.669280817781,5634.00659091275,5561.316164312137,5450.466363086569,5542.759369821046,5523.841168180767,5529.028115749381,5579.274129089095,5587.314965066445,5570.133324536235
results/GeneratedSparse/100_cells_100000_features/0.99/sparse_raft_pearson.csv,pearson,raft,0.99,100,100000,100_100000,10000000,2.0,5.0,2.0,4.812923291466896,5.707949460149349,4.811390583630759,4.814361798174042,64772.48865779356,65217.14730125667,510445.59478759766,65001.48694256023,121.9941520696293,pearson_raft,955765.4857635498,65125.70381164551,64846.75407409668,65114.97497558594,64996.48094177246,65090.20365972939,64970.77569208798,65217.14730125667,64797.47773091585,65012.84814200057,65021.44713882768,64772.48865779356,64823.91405050532,65033.49812961664,65177.51288794825,65019.47204005146,64990.24563674818,65040.43324568469,65039.2447835895,65145.24358533275,64913.39929829543,64773.92490126563,65054.80400953197,64986.9504198052,65070.74150735802
results/GeneratedSparse/100_cells_10000_features/0.5/sparse_CPU_cosine.csv,cosine,CPU,0.5,100,10000,100_10000,1000000,2.0,4.0,2.0,4.374821638471994,4.235370607733759,4.229579462665645,4.5651361967713715,16966.0,36739.75,17193.75,23704.0,4285.29084120903,cosine_CPU,17193.75,25889.75,19197.75,19395.25,21793.25,31620.0,25306.5,21680.5,21764.0,21916.25,25282.75,24819.0,36739.75,19349.25,22562.75,22010.0,29454.5,20444.75,19528.5,22716.25,16966.0,26022.5,23287.0,25955.5,25194.25
results/GeneratedSparse/100_cells_10000_features/0.5/sparse_CPU_euclidean.csv,euclidean,CPU,0.5,100,10000,100_10000,1000000,2.0,4.0,2.0,4.4115055413678155,4.239349539006136,4.01532831403353,4.703201069877182,10359.25,50489.5,17352.0,25793.21875,9116.21531408014,euclidean_CPU,17352.0,33416.5,17883.25,36185.75,28249.5,12144.0,50489.5,10359.25,42360.25,16236.5,16399.0,23128.5,29914.5,26001.5,23459.25,26984.25,32518.75,22889.5,16538.75,30537.0,22125.75,18930.25,25767.75,29965.75,26552.25
results/GeneratedSparse/100_cells_10000_features/0.5/sparse_CPU_kendall.csv,kendall,CPU,0.5,100,10000,100_10000,1000000,2.0,4.0,2.0,5.6050829590061975,5.610102567150554,5.598934062759102,5.610181963094843,397131.25,407551.0,407476.5,402793.96875,2757.0664798920375,kendall_CPU,407476.5,405820.5,401285.5,404986.5,405702.25,405170.25,403416.0,402572.5,400470.0,402188.75,401756.5,407350.75,406353.5,400983.75,397131.25,400919.75,401689.25,406279.25,401192.25,401037.5,403537.25,401704.25,407551.0,398902.25,399054.5
results/GeneratedSparse/100_cells_10000_features/0.5/sparse_CPU_manhattan.csv,manhattan,CPU,0.5,100,10000,100_10000,1000000,2.0,4.0,2.0,4.236096981445103,4.33754411514075,4.203766974960574,4.263292757453435,15987.0,18335.5,21754.25,17222.53125,594.878359031719,manhattan_CPU,21754.25,17677.5,16739.5,16703.0,16670.25,17308.25,17355.75,17725.75,16555.5,17359.0,16735.5,18143.75,18111.75,17355.0,16788.0,17653.0,17758.5,17322.5,18335.5,16887.0,17789.5,16265.25,17062.75,17051.25,15987.0
results/GeneratedSparse/100_cells_10000_features/0.5/sparse_CPU_pearson.csv,pearson,CPU,0.5,100,10000,100_10000,1000000,2.0,4.0,2.0,4.246293879903752,4.238817357509845,4.068250815464986,4.382012537422021,11701.75,24099.75,17330.75,17631.6875,3131.4643283683995,pearson_CPU,17330.75,20516.25,14484.25,16778.0,21284.25,19374.75,17671.75,24099.75,14195.5,19997.75,13324.0,14663.25,14739.25,21141.75,13291.0,16625.5,18416.75,20482.0,15473.5,22108.5,17116.75,18555.75,17718.25,11701.75,19400.25
results/GeneratedSparse/100_cells_10000_features/0.5/sparse_CPU_spearman.csv,spearman,CPU,0.5,100,10000,100_10000,1000000,2.0,4.0,2.0,4.280001830665862,4.337379383695819,4.240386981527878,4.308228158699385,17393.5,20334.25,21746.0,19054.6875,701.6766907810296,spearman_CPU,21746.0,18425.5,19468.0,19082.75,20334.25,19328.75,18235.75,19970.5,18887.25,19302.25,19478.5,18089.0,18144.75,18529.25,19943.25,20030.25,19445.25,19314.75,19459.75,18714.25,18923.75,17393.5,19346.25,18279.25,19185.75
results/GeneratedSparse/100_cells_10000_features/0.5/sparse_GPU_cosine.csv,cosine,GPU,0.5,100,10000,100_10000,1000000,2.0,4.0,2.0,3.970929651707249,6.078792650119216,3.9586713685540107,3.9916247345340055,9092.25,9809.0,1198926.75,9352.541666666666,156.99027415911965,cosine_GPU,1198926.75,9230.5,9474.75,9368.25,9403.0,9299.75,9498.75,9514.5,9092.25,9366.5,9353.0,9419.75,9164.25,9240.25,9368.5,9562.25,9139.25,9395.0,9256.75,9809.0,9483.5,9367.75,9185.5,9286.5,9181.5
results/GeneratedSparse/100_cells_10000_features/0.5/sparse_GPU_euclidean.csv,euclidean,GPU,0.5,100,10000,100_10000,1000000,2.0,4.0,2.0,3.96436964381762,6.086381900817133,3.9564565834098997,3.9705328297683242,9046.0,9344.0,1220062.0,9212.333333333334,66.90652164691339,euclidean_GPU,1220062.0,9163.5,9258.0,9308.0,9222.5,9215.75,9252.0,9243.25,9090.5,9344.0,9046.0,9219.75,9280.75,9148.5,9220.75,9235.75,9162.5,9214.0,9204.0,9179.5,9272.0,9291.5,9153.0,9226.75,9143.75
results/GeneratedSparse/100_cells_10000_features/0.5/sparse_GPU_kendall.csv,kendall,GPU,0.5,100,10000,100_10000,1000000,2.0,4.0,2.0,5.234551237804791,5.756862133542958,5.201549373840318,5.277868682162514,159055.75,189613.25,571297.25,171613.41666666666,8025.716747478938,kendall_GPU,571297.25,163649.25,179053.5,180207.0,159055.75,180818.75,167599.25,168153.25,170209.0,166899.75,163102.5,163252.75,185082.25,165984.0,174025.5,182300.25,182108.25,166009.5,169795.25,163138.5,170080.75,169947.75,189613.25,172975.5,165660.5
results/GeneratedSparse/100_cells_10000_features/0.5/sparse_GPU_manhattan.csv,manhattan,GPU,0.5,100,10000,100_10000,1000000,2.0,4.0,2.0,3.9714217876826257,5.6151390675712625,3.9186461994448294,4.002122846225162,8291.75,10049.0,412229.5,9363.145833333334,426.25090369324215,manhattan_GPU,412229.5,9513.75,8981.0,9661.75,9914.25,9332.25,10049.0,9206.25,9719.0,8999.0,9680.5,8986.25,9546.25,8697.75,9707.5,8291.75,9606.5,9554.75,9481.25,8547.75,9536.5,9223.5,9343.0,9841.5,9294.5
results/GeneratedSparse/100_cells_10000_features/0.5/sparse_GPU_pearson.csv,pearson,GPU,0.5,100,10000,100_10000,1000000,2.0,4.0,2.0,4.09867184158157,6.112733662321149,3.492725476491596,4.323891208256881,3109.75,21081.0,1296384.0,12550.8125,4114.031131036251,pearson_GPU,1296384.0,15343.5,9397.75,13368.0,8980.5,10376.75,11463.5,8588.0,10291.25,15254.5,9236.5,7339.5,8011.25,15101.0,14059.5,16129.0,18790.75,17873.75,3109.75,13886.25,16813.0,12967.25,14169.25,21081.0,9588.0
results/GeneratedSparse/100_cells_10000_features/0.5/sparse_GPU_spearman.csv,spearman,GPU,0.5,100,10000,100_10000,1000000,2.0,4.0,2.0,4.500547345975718,5.652527719083822,4.484787257069344,4.5214976666759865,30534.25,33227.5,449291.0,31662.65625,636.1536510729444,spearman_GPU,449291.0,32329.5,31413.25,31469.75,32993.25,31347.0,31185.25,33227.5,31887.25,30534.25,31534.0,31196.0,31784.0,31862.25,31760.25,32622.5,31231.0,31733.75,31458.75,31160.0,31128.25,31908.25,31555.0,30598.75,31984.0
results/GeneratedSparse/100_cells_10000_features/0.5/sparse_armadillo_cosine.csv,cosine,armadillo,0.5,100,10000,100_10000,1000000,2.0,4.0,2.0,4.838720146979256,4.837556874989602,4.832729197412644,4.847025127769049,68034.5,70311.3,68795.0,68979.51666666666,580.1827511415895,cosine_armadillo,68795.0,69248.0,69648.9,68539.9,68388.6,69912.0,69430.8,69725.8,68949.9,68956.3,68081.4,68589.9,70311.3,69001.0,68034.5,69252.0,68474.9,69205.5,68665.0,68657.5,69589.0,68518.2,68697.0,69294.3,68336.7
results/GeneratedSparse/100_cells_10000_features/0.5/sparse_armadillo_euclidean.csv,euclidean,armadillo,0.5,100,10000,100_10000,1000000,2.0,4.0,2.0,4.857107826650699,4.8512136936104575,4.844785235364094,4.865991800126276,69949.6,73450.0,70992.7,71962.7625,1016.5698966838189,euclidean_armadillo,70992.7,73151.6,73045.1,71136.9,71044.1,70252.6,70197.7,69949.6,70765.0,72329.4,71937.8,72453.9,71654.1,72782.3,72223.9,71184.7,72574.4,73173.1,73450.0,73097.6,72582.2,71967.2,71258.4,73021.2,71873.5
results/GeneratedSparse/100_cells_10000_features/0.5/sparse_armadillo_manhattan.csv,manhattan,armadillo,0.5,100,10000,100_10000,1000000,2.0,4.0,2.0,4.836325012572467,4.840463675321098,4.834449952398157,4.838284770844721,68304.6,68910.4,69257.0,68600.14166666668,176.1349173140348,manhattan_armadillo,69257.0,68480.7,68412.3,68866.5,68910.4,68484.2,68585.8,68738.3,68650.8,68516.3,68410.1,68505.5,68841.7,68793.8,68682.0,68682.1,68498.8,68810.9,68469.7,68359.2,68482.0,68400.7,68304.6,68829.7,68687.3
results/GeneratedSparse/100_cells_10000_features/0.5/sparse_armadillo_pearson.csv,pearson,armadillo,0.5,100,10000,100_10000,1000000,2.0,4.0,2.0,4.8367252781926835,4.839017740481526,4.834631758931398,4.838361652182181,68333.2,68922.6,69026.8,68663.39583333333,174.73668637688112,pearson_armadillo,69026.8,68922.6,68626.6,68607.2,68605.4,68850.7,68606.8,68333.2,68694.1,68516.1,68734.2,68702.8,68340.8,68783.8,68583.1,68794.6,68847.3,68435.5,68562.3,68906.3,68387.2,68850.3,68764.7,68895.5,68570.4
results/GeneratedSparse/100_cells_10000_features/0.5/sparse_armadillo_spearman.csv,spearman,armadillo,0.5,100,10000,100_10000,1000000,2.0,4.0,2.0,4.641468657000337,4.626154494741715,4.587168600049501,4.6904353192444015,38651.7,49027.0,42281.9,43799.44999999999,2736.4523394046782,spearman_armadillo,42281.9,41517.7,49027.0,43267.7,43120.1,39959.9,40845.9,43897.5,48185.6,42387.4,46083.8,38651.7,48813.8,44395.0,43369.5,47188.6,41462.6,43355.6,45277.1,41575.8,41855.0,42526.9,47187.3,44865.4,42369.9
results/GeneratedSparse/100_cells_10000_features/0.5/sparse_arrayfirecuda_cosine.csv,cosine,arrayfirecuda,0.5,100,10000,100_10000,1000000,2.0,4.0,2.0,3.5317389900658474,3.588324379365865,3.500878382689396,3.5547543802349972,3168.68,3587.19,3875.47,3402.036666666667,106.51102105207498,cosine_arrayfirecuda,3875.47,3323.92,3477.22,3517.06,3485.55,3362.02,3168.68,3329.78,3448.18,3402.2,3336.52,3210.85,3295.93,3374.47,3438.19,3534.27,3448.13,3279.96,3471.08,3499.38,3575.85,3402.05,3370.51,3587.19,3309.89
results/GeneratedSparse/100_cells_10000_features/0.5/sparse_arrayfirecuda_euclidean.csv,euclidean,arrayfirecuda,0.5,100,10000,100_10000,1000000,2.0,4.0,2.0,3.521821690022953,3.5213839398916766,3.5206302379201153,3.5227688548746934,3316.12,3332.49,3321.88,3325.2299999999996,4.130035310583539,euclidean_arrayfirecuda,3321.88,3321.6,3327.63,3323.87,3324.76,3324.11,3329.89,3318.74,3332.21,3328.55,3330.36,3326.77,3316.12,3324.68,3319.04,3325.02,3332.49,3326.13,3322.96,3327.65,3323.83,3322.48,3321.87,3324.33,3330.43
results/GeneratedSparse/100_cells_10000_features/0.5/sparse_arrayfirecuda_manhattan.csv,manhattan,arrayfirecuda,0.5,100,10000,100_10000,1000000,2.0,4.0,2.0,5.0906273049397175,5.089809768039443,5.0901416139448665,5.091220125385867,123067.0,123373.0,122973.0,123204.70833333333,72.02284311630272,manhattan_arrayfirecuda,122973.0,123247.0,123157.0,123225.0,123181.0,123210.0,123185.0,123265.0,123140.0,123067.0,123133.0,123229.0,123345.0,123257.0,123257.0,123373.0,123111.0,123247.0,123083.0,123188.0,123211.0,123253.0,123232.0,123159.0,123158.0
results/GeneratedSparse/100_cells_10000_features/0.5/sparse_arrayfirecuda_pearson.csv,pearson,arrayfirecuda,0.5,100,10000,100_10000,1000000,2.0,4.0,2.0,3.553164218627856,3.5568920171492433,3.5495880615299904,3.557359203779132,3544.77,3608.77,3604.89,3574.0795833333327,16.259199826346173,pearson_arrayfirecuda,3604.89,3581.47,3560.21,3556.33,3592.1,3597.41,3544.77,3586.98,3608.77,3590.91,3564.99,3584.67,3589.71,3556.97,3575.58,3576.31,3563.02,3590.48,3561.88,3555.95,3556.78,3555.38,3567.54,3584.05,3575.65
results/GeneratedSparse/100_cells_10000_features/0.5/sparse_raft_cosine.csv,cosine,raft,0.5,100,10000,100_10000,1000000,2.0,4.0,2.0,4.068966275175786,5.876959554744725,4.043052946034854,4.101741825619311,11042.132293686303,12639.84725006673,753285.4080200195,11721.04343098117,388.5852203552743,cosine_raft,1495024.4426727295,11546.37336730957,11523.24676513672,11148.929595947266,12137.651443481443,12639.84725006673,11042.132293686303,12063.196274760188,11432.749658581472,11296.043588118217,11733.461056296112,11528.185128821277,12211.759568451904,11511.079767719246,11809.037514260546,12222.451985650036,11912.149090066448,11681.128588209407,11748.130189342362,11793.182784637052,12285.292847056446,11127.32491029524,11601.901086511652,11499.556669659314,11810.230919483136
results/GeneratedSparse/100_cells_10000_features/0.5/sparse_raft_euclidean.csv,euclidean,raft,0.5,100,10000,100_10000,1000000,2.0,4.0,2.0,4.055322153778726,5.88316223472676,4.039861759134843,4.065581891370126,10961.292302253096,11630.05828857422,764121.1748123169,11358.530637052201,196.2733662370337,euclidean_raft,1516612.2913360596,11630.05828857422,11478.185653686523,11160.13526916504,11224.031448364258,11530.027293623838,11050.688901893544,11092.206027292195,11577.171980360215,11468.673634911378,11283.874830390663,11589.902914894225,11590.21435125033,11533.029102291492,11485.454152180362,11392.138412703536,11461.891482236484,10961.292302253096,11278.056276729223,11029.901646447115,11458.050576410578,11210.94364126406,11423.874358642668,11198.48329097542,11496.449452712355
results/GeneratedSparse/100_cells_10000_features/0.5/sparse_raft_manhattan.csv,manhattan,raft,0.5,100,10000,100_10000,1000000,2.0,4.0,2.0,4.0398779081090685,5.898868541611321,4.017154581236047,4.051478816138558,10402.903772028914,11258.455514625564,792261.4812850952,10961.69989876965,197.80478739113858,manhattan_raft,1573369.9798583984,11152.982711791992,11225.223541259766,10749.340057373049,10733.842849731443,10402.903772028914,10794.935354845256,11158.538762208038,10713.487392251192,11042.80593857312,10873.841633497252,11230.895875512502,11037.130376489478,11102.602291152309,11098.883394287965,11058.566651300394,10969.30270945234,10910.175570679114,10915.476799886586,11258.455514625564,10983.392052936324,10915.034443773282,11106.658122101126,10815.948686271597,10830.373068443008
results/GeneratedSparse/100_cells_10000_features/0.5/sparse_raft_pearson.csv,pearson,raft,0.5,100,10000,100_10000,1000000,2.0,4.0,2.0,3.899822708730969,5.651788570586682,3.8809058303017867,3.919643220172325,7601.614304202004,8310.807445261295,448526.9784927368,7940.0403369095775,182.45122178272035,pearson_raft,889384.2697143555,7669.687271118164,7925.748825073242,8183.002471923828,7891.89338684082,8052.366796894677,7992.234213648049,7862.978133889734,8310.807445261295,7601.614304202004,8013.611292082976,8133.541861820897,7892.618754816403,7783.170506206518,7647.514917690917,7802.66967604176,7846.700156719017,8247.931905858468,8014.523547826022,7773.655443076756,7933.796108569797,8156.190887415333,7800.430007233481,8053.704084373833,7970.576087245881
results/GeneratedSparse/100_cells_10000_features/0.75/sparse_CPU_cosine.csv,cosine,CPU,0.75,100,10000,100_10000,1000000,2.0,4.0,2.0,4.242239816467813,4.196141628088938,4.04248691205369,4.356570774782657,11027.75,22728.5,15708.75,17467.864583333332,3134.4492613163306,cosine_CPU,15708.75,15386.25,20055.25,15789.0,22728.5,11027.75,16654.0,15997.25,15691.0,22679.0,22155.25,16172.0,17715.5,17150.5,16377.0,20013.25,20988.25,19000.0,17091.75,22567.75,12744.25,16877.75,14994.75,15918.75,13454.0
results/GeneratedSparse/100_cells_10000_features/0.75/sparse_CPU_euclidean.csv,euclidean,CPU,0.75,100,10000,100_10000,1000000,2.0,4.0,2.0,4.301266305181202,4.567005769048873,4.210492416869036,4.404645595594691,16236.5,25389.0,36898.25,20010.885416666668,2056.55025667374,euclidean_CPU,36898.25,18744.5,21279.25,20440.0,20663.0,19327.0,16808.25,18503.0,18178.75,19053.0,16236.5,21576.25,20228.0,20886.5,21358.0,17415.25,18296.0,21238.75,19977.5,23142.25,19463.75,25389.0,22236.25,21627.5,18193.0
results/GeneratedSparse/100_cells_10000_features/0.75/sparse_CPU_kendall.csv,kendall,CPU,0.75,100,10000,100_10000,1000000,2.0,4.0,2.0,5.312331168283756,5.314964745013862,5.307400290028963,5.315875923349381,202955.25,206955.0,206521.25,205272.6875,991.3426192805812,kendall_CPU,206521.25,204386.5,205569.5,205136.75,206955.0,202955.25,205505.25,204076.5,205994.25,206068.0,205258.75,204379.25,205418.25,206127.75,204764.25,204828.25,205327.25,204399.25,203217.25,206879.5,205256.75,205971.0,206181.5,206118.0,205770.5
results/GeneratedSparse/100_cells_10000_features/0.75/sparse_CPU_manhattan.csv,manhattan,CPU,0.75,100,10000,100_10000,1000000,2.0,4.0,2.0,4.00972613794693,4.149041970627799,3.9809800036780727,4.040730869095575,9571.5,10983.25,14094.25,10226.479166666666,415.07933426351025,manhattan_CPU,14094.25,9929.5,10629.75,9971.5,9572.5,10768.5,10057.5,10983.25,10513.75,9759.0,10437.5,10125.5,9930.0,9921.5,9953.0,9826.0,10728.5,9806.0,10596.25,9571.5,10818.75,10623.0,10449.25,9938.25,10525.25
results/GeneratedSparse/100_cells_10000_features/0.75/sparse_CPU_pearson.csv,pearson,CPU,0.75,100,10000,100_10000,1000000,2.0,4.0,2.0,4.222683150120548,4.204432019689912,4.008919388595035,4.3831283863985675,10207.5,24161.75,16011.5,16698.71875,3738.6642705208596,pearson_CPU,16011.5,18303.5,13485.75,20840.0,15886.75,11890.25,16034.25,24161.75,23517.5,17241.0,16077.5,12300.75,15073.25,21952.0,20585.25,16359.25,18427.75,17280.75,16946.0,14263.0,10207.5,13084.75,15345.25,10989.5,20516.0
results/GeneratedSparse/100_cells_10000_features/0.75/sparse_CPU_spearman.csv,spearman,CPU,0.75,100,10000,100_10000,1000000,2.0,4.0,2.0,4.024829313961643,4.164865674799457,3.9958654412324974,4.046768219660838,9905.25,11137.0,14617.25,10588.375,300.2047738627752,spearman_CPU,14617.25,10748.25,10309.25,10758.5,10483.0,10716.5,10658.5,11137.0,10425.25,10681.5,10248.5,10560.25,10971.0,10760.25,10145.25,10952.75,10772.25,10402.75,10929.5,10458.75,10973.75,9905.25,10430.25,10144.25,10548.5
results/GeneratedSparse/100_cells_10000_features/0.75/sparse_GPU_cosine.csv,cosine,GPU,0.75,100,10000,100_10000,1000000,2.0,4.0,2.0,3.735320224501862,6.075134368185283,3.6918326757250464,3.79049627696711,4918.5,6173.0,1188870.0,5436.510416666667,306.1500813119709,cosine_GPU,1188870.0,5225.0,5661.0,5688.25,5068.5,5125.75,5544.75,5689.25,4935.75,5298.25,5586.5,5462.5,5393.5,5844.25,5516.0,5337.5,4996.5,5296.5,5742.75,5234.75,5475.0,4918.5,6173.0,5818.75,5443.75
results/GeneratedSparse/100_cells_10000_features/0.75/sparse_GPU_euclidean.csv,euclidean,GPU,0.75,100,10000,100_10000,1000000,2.0,4.0,2.0,3.868984057256893,6.115909007326879,3.4190052058746065,4.107972707737791,2624.25,12822.5,1305897.25,7395.78125,2196.2139751272575,euclidean_GPU,1305897.25,5282.75,8936.0,8888.25,7014.75,2624.25,6375.25,7442.5,10345.5,5142.0,4618.0,7360.5,8635.0,7777.0,4823.5,7336.25,5083.25,12822.5,10460.5,8374.5,7681.0,6607.25,9321.25,8568.25,5978.75
results/GeneratedSparse/100_cells_10000_features/0.75/sparse_GPU_kendall.csv,kendall,GPU,0.75,100,10000,100_10000,1000000,2.0,4.0,2.0,4.9008051286001075,5.699318385888337,4.898437201531262,4.90344813222491,79147.5,80066.0,500401.25,79580.21875,287.5921438616457,kendall_GPU,500401.25,79829.25,79414.75,80008.25,79235.25,79817.75,79261.25,79910.5,80005.25,79536.25,79438.0,79584.75,79168.5,79263.0,79905.25,79613.75,79546.25,79533.75,79781.75,79219.75,79234.5,79693.5,79147.5,80066.0,79710.5
results/GeneratedSparse/100_cells_10000_features/0.75/sparse_GPU_manhattan.csv,manhattan,GPU,0.75,100,10000,100_10000,1000000,2.0,4.0,2.0,3.7687259500617176,5.50174475551926,3.7669702304811907,3.7707599903510056,5847.5,5898.75,317500.75,5871.1875,12.944040214837612,manhattan_GPU,317500.75,5858.0,5879.5,5847.5,5898.75,5894.5,5877.0,5868.25,5874.75,5866.5,5862.25,5852.0,5857.5,5876.25,5878.5,5877.5,5850.75,5894.0,5868.25,5875.5,5871.5,5877.0,5865.25,5864.5,5873.0
results/GeneratedSparse/100_cells_10000_features/0.75/sparse_GPU_pearson.csv,pearson,GPU,0.75,100,10000,100_10000,1000000,2.0,4.0,2.0,3.769675739436074,6.0504274177554995,3.6244110239891767,3.8610861453983873,4211.25,7262.5,1123123.25,5884.041666666667,856.0243792364923,pearson_GPU,1123123.25,6700.5,5235.25,6974.75,5446.5,4211.25,7170.0,5096.75,4421.5,7124.5,5768.25,5978.25,5351.25,5629.25,5567.25,6871.5,4920.0,7262.5,5285.75,6925.0,6256.25,5975.0,6169.0,5551.75,5325.0
results/GeneratedSparse/100_cells_10000_features/0.75/sparse_GPU_spearman.csv,spearman,GPU,0.75,100,10000,100_10000,1000000,2.0,4.0,2.0,4.21688610382716,5.616822495738997,4.204886107704619,4.228393941774955,16028.25,16919.75,413830.5,16477.302083333332,234.02780928020726,spearman_GPU,413830.5,16229.5,16610.0,16567.0,16433.25,16609.0,16384.0,16861.75,16443.75,16689.5,16743.75,16451.25,16028.25,16593.25,16419.25,16687.75,16246.75,16700.75,16073.5,16272.25,16619.0,16405.0,16126.5,16340.5,16919.75
results/GeneratedSparse/100_cells_10000_features/0.75/sparse_armadillo_cosine.csv,cosine,armadillo,0.75,100,10000,100_10000,1000000,2.0,4.0,2.0,4.385738209972151,4.394572495952517,4.360051627543741,4.397524624562082,22911.4,24976.1,24806.9,24307.38333333333,500.860726372334,cosine_armadillo,24806.9,24592.5,24039.5,24587.0,23689.7,24309.1,22911.4,23858.3,24825.2,24915.9,24640.4,24441.8,24019.2,24308.3,24976.1,24750.7,24229.2,24335.3,24478.8,23275.0,24871.5,23845.7,24417.7,24431.9,24627.0
results/GeneratedSparse/100_cells_10000_features/0.75/sparse_armadillo_euclidean.csv,euclidean,armadillo,0.75,100,10000,100_10000,1000000,2.0,4.0,2.0,4.358260287163165,4.370396497245872,4.351887097409242,4.365313857803539,22484.7,23190.7,23463.7,22817.09166666667,195.65584563348867,euclidean_armadillo,23463.7,22809.5,23142.5,22845.1,22484.7,22730.1,22895.5,22968.2,22486.6,23036.1,22863.3,23190.7,22757.4,23044.1,22800.4,22634.1,22753.9,22689.1,22928.7,23035.6,22556.1,22917.4,22883.8,22590.9,22566.4
results/GeneratedSparse/100_cells_10000_features/0.75/sparse_armadillo_manhattan.csv,manhattan,armadillo,0.75,100,10000,100_10000,1000000,2.0,4.0,2.0,4.820282594672589,4.826291247795792,4.8165793213681205,4.825198848942443,65551.0,66865.0,67033.4,66112.34999999999,376.7391615339892,manhattan_armadillo,67033.4,66432.9,66491.6,65743.6,65857.6,65551.0,66865.0,65911.3,65885.5,65920.7,66276.9,66123.1,66073.5,65826.0,65987.3,66593.1,66443.7,66564.3,65985.0,65575.3,65575.2,66813.7,66313.5,65725.9,66160.7
results/GeneratedSparse/100_cells_10000_features/0.75/sparse_armadillo_pearson.csv,pearson,armadillo,0.75,100,10000,100_10000,1000000,2.0,4.0,2.0,4.354310966592443,4.353564269437345,4.347862553370753,4.363549933391303,22277.3,23096.7,22571.7,22610.541666666668,242.977773189008,pearson_armadillo,22571.7,22615.0,22900.8,22820.4,22311.0,22841.3,22351.6,22982.0,22567.8,22350.4,22484.1,22289.0,23096.7,22837.0,22360.0,22485.7,22659.4,22623.4,22380.5,22974.4,22277.3,22476.0,22779.5,22735.7,22454.0
results/GeneratedSparse/100_cells_10000_features/0.75/sparse_armadillo_spearman.csv,spearman,armadillo,0.75,100,10000,100_10000,1000000,2.0,4.0,2.0,4.4828841194079425,4.485377828947579,4.477801116988148,4.48791290713025,30047.0,30754.8,30575.8,30400.7375,193.26735759154107,spearman_armadillo,30575.8,30227.1,30561.2,30512.8,30663.1,30305.0,30313.8,30049.5,30224.1,30515.1,30686.1,30313.5,30386.4,30357.3,30390.4,30735.9,30471.2,30351.8,30532.3,30754.8,30399.5,30100.9,30322.4,30396.5,30047.0
results/GeneratedSparse/100_cells_10000_features/0.75/sparse_arrayfirecuda_cosine.csv,cosine,arrayfirecuda,0.75,100,10000,100_10000,1000000,2.0,4.0,2.0,3.3899326610057336,3.434493854018112,3.359017328238284,3.4168334842274386,2285.69,2611.16,2719.53,2454.3283333333334,75.63972686727229,cosine_arrayfirecuda,2719.53,2547.04,2431.6,2392.22,2398.43,2389.08,2471.9,2525.17,2352.17,2521.78,2611.16,2460.38,2420.1,2490.28,2347.05,2500.22,2514.78,2477.77,2517.22,2528.69,2285.69,2446.88,2507.6,2403.77,2362.9
results/GeneratedSparse/100_cells_10000_features/0.75/sparse_arrayfirecuda_euclidean.csv,euclidean,arrayfirecuda,0.75,100,10000,100_10000,1000000,2.0,4.0,2.0,3.407554902533726,3.417997842239545,3.3783306618695375,3.4306022773656717,2389.63,2695.27,2618.17,2555.9649999999997,80.76600517338134,euclidean_arrayfirecuda,2618.17,2595.13,2478.39,2457.9,2473.97,2570.0,2463.53,2695.27,2520.08,2389.63,2660.12,2539.17,2464.66,2537.21,2687.33,2538.18,2629.97,2481.56,2604.4,2526.67,2683.1,2543.14,2591.93,2631.82,2580.0
results/GeneratedSparse/100_cells_10000_features/0.75/sparse_arrayfirecuda_manhattan.csv,manhattan,arrayfirecuda,0.75,100,10000,100_10000,1000000,2.0,4.0,2.0,5.094208568413444,5.094125092561443,5.093176449696249,5.095737573925856,123930.0,124663.0,124201.0,124224.875,206.67654126275033,manhattan_arrayfirecuda,124201.0,124059.0,124464.0,124048.0,124187.0,124417.0,124104.0,123944.0,124407.0,124399.0,123981.0,123989.0,123930.0,124425.0,124663.0,124232.0,124398.0,124190.0,124120.0,124261.0,124084.0,124035.0,124590.0,124082.0,124388.0
results/GeneratedSparse/100_cells_10000_features/0.75/sparse_arrayfirecuda_pearson.csv,pearson,arrayfirecuda,0.75,100,10000,100_10000,1000000,2.0,4.0,2.0,3.3808411902012216,3.4239107366800257,3.333898464470853,3.4143113798253433,2157.24,2596.04,2654.06,2403.48375,97.85301450868799,pearson_arrayfirecuda,2654.06,2330.05,2491.46,2370.81,2478.87,2409.32,2358.41,2445.46,2482.6,2596.04,2304.7,2312.29,2422.16,2492.19,2402.65,2377.17,2378.75,2381.85,2389.82,2245.21,2547.41,2428.43,2551.63,2157.24,2329.09
results/GeneratedSparse/100_cells_10000_features/0.75/sparse_raft_cosine.csv,cosine,raft,0.75,100,10000,100_10000,1000000,2.0,4.0,2.0,3.837088663001273,5.864067394191108,3.8212907820612307,3.8522844308578015,6626.600395210913,7116.794586181641,731252.5510787964,6872.087221758008,144.49488629359547,cosine_raft,1455388.3075714111,7116.794586181641,6785.63117980957,6731.986999511719,6778.00178527832,7087.256258096538,6895.466627232661,7033.585921404768,6894.824288221417,6671.65009822687,6698.995114550953,6892.742727317697,7064.540723577369,6728.309566448694,6932.225424903679,6777.24915860888,6921.945691653413,6986.0931808938,6738.079118348511,7115.759411602083,6845.287427154851,7019.051037905153,6753.163497182985,6834.853102869715,6626.600395210913
results/GeneratedSparse/100_cells_10000_features/0.75/sparse_raft_euclidean.csv,euclidean,raft,0.75,100,10000,100_10000,1000000,2.0,4.0,2.0,3.8482939296892535,5.844760385345675,3.8279057774789234,3.8638554032207466,6728.306662204367,7308.956938862428,699455.976486206,7051.7016534276345,131.09882182872863,euclidean_raft,1391739.3684387207,7172.584533691406,7029.294967651367,6857.156753540039,7208.824157714844,7308.956938862428,6850.673668853578,7123.011145865917,7228.35241998689,6944.579863862668,7058.747407121939,7086.877412279624,6728.306662204367,7099.089489158346,7079.466423855712,6988.367969734453,6976.496057629717,6999.366479627909,7070.90258599113,7000.809858354733,6988.720523718291,7061.093808531004,7056.147744449945,7043.108063299021,7279.904746277896
results/GeneratedSparse/100_cells_10000_features/0.75/sparse_raft_manhattan.csv,manhattan,raft,0.75,100,10000,100_10000,1000000,2.0,4.0,2.0,3.837136704139036,5.836024845689486,3.8162674099151235,3.851752026560298,6550.393799935291,7108.075409120866,685527.4438858032,6872.84744589941,130.58428506993673,manhattan_raft,1363990.5452728271,7064.342498779297,6828.30810546875,6776.094436645508,6804.943084716797,6827.491428386312,6900.154742077899,6811.529083976407,6747.837441991453,6777.722927013787,6997.184558975027,6812.414318945122,6771.765829264685,7010.097377100639,6718.711237189389,6975.192721844527,6919.171488593069,6872.04460889914,6967.600941723322,6997.928472185785,6992.352740853174,6713.202879762492,7108.075409120866,6550.393799935291,7003.77856813711
results/GeneratedSparse/100_cells_10000_features/0.75/sparse_raft_pearson.csv,pearson,raft,0.75,100,10000,100_10000,1000000,2.0,4.0,2.0,3.8420536568995316,5.645714092851878,3.7214036489668834,3.907577780282066,5265.063930949251,8083.096809526208,442297.101020813,6951.101928540554,644.027051553918,pearson_raft,877035.37940979,7558.8226318359375,6800.413131713867,6986.856460571289,5946.874618530273,6436.219398879295,8083.096809526208,7919.486509927129,7039.86604982208,7565.764456800817,7224.565427200667,5265.063930949251,6520.792387197239,7549.587695330631,6215.716617591496,6529.505623300797,7154.578515217434,7110.138453836995,6280.944562699884,6863.078264605974,7233.02942738831,7172.249469410686,7825.6671804181315,6877.973708819793,6666.154953399109
results/GeneratedSparse/100_cells_10000_features/0.9/sparse_CPU_cosine.csv,cosine,CPU,0.9,100,10000,100_10000,1000000,2.0,4.0,2.0,4.1203555638283165,4.152555873002712,3.871105700985585,4.33005848070116,7432.0,21382.5,14208.75,13193.364583333334,3959.28270872387,cosine_CPU,14208.75,10395.5,15566.25,10708.5,11741.75,13325.75,7432.0,21382.5,11212.0,8147.25,9354.0,17737.25,9709.0,18193.25,8624.0,12856.5,16526.0,11188.0,15074.5,15876.75,12630.75,9504.25,17828.0,10508.0,21119.0
results/GeneratedSparse/100_cells_10000_features/0.9/sparse_CPU_euclidean.csv,euclidean,CPU,0.9,100,10000,100_10000,1000000,2.0,4.0,2.0,4.22478117232815,4.257084312764335,3.9585399939795782,4.423163923850348,9089.5,26495.0,18075.25,16779.583333333332,4408.522924207596,euclidean_CPU,18075.25,12383.25,19155.5,24351.25,15123.0,26495.0,20412.0,20102.0,21365.5,15516.0,19288.75,9089.5,19982.75,15017.25,18965.5,9492.5,13907.25,12045.25,14779.5,18834.75,15556.75,10202.5,18627.5,18767.0,13249.75
results/GeneratedSparse/100_cells_10000_features/0.9/sparse_CPU_kendall.csv,kendall,CPU,0.9,100,10000,100_10000,1000000,2.0,4.0,2.0,4.902481548711035,4.912790466645709,4.887805716260674,4.919276880492053,77233.5,83038.0,81807.0,79888.0,1625.6933456733673,kendall_CPU,81807.0,80815.25,78537.75,77867.25,77233.5,80196.0,80671.25,78349.75,80085.75,81439.75,81779.5,78369.75,82027.5,78767.75,83038.0,78348.5,80804.75,81751.75,77566.25,80123.25,79492.25,79236.75,81066.5,81915.75,77827.5
results/GeneratedSparse/100_cells_10000_features/0.9/sparse_CPU_manhattan.csv,manhattan,CPU,0.9,100,10000,100_10000,1000000,2.0,4.0,2.0,3.6440886412145335,3.824630156010232,3.5487578285737045,3.7026889681591335,3538.0,5043.0,6677.75,4406.447916666667,362.3796206670932,manhattan_CPU,6677.75,4744.75,4167.25,4257.25,4436.75,4400.75,3835.0,4573.25,5038.0,4452.5,4625.25,3912.25,4421.0,4493.25,3538.0,4157.0,4552.5,4858.25,3865.5,4642.5,4532.5,4599.75,4177.75,4430.75,5043.0
results/GeneratedSparse/100_cells_10000_features/0.9/sparse_CPU_pearson.csv,pearson,CPU,0.9,100,10000,100_10000,1000000,2.0,4.0,2.0,4.395636674595232,4.15583685760348,4.215161508294875,4.554268019351812,16412.0,35831.75,14316.5,24867.760416666668,4829.153176109554,pearson_CPU,14316.5,27826.5,20661.25,20784.5,30140.25,26024.5,24665.25,33671.25,28874.5,26122.5,26869.0,22461.75,16412.0,23952.75,29810.5,24499.5,24505.0,28000.75,17806.75,24747.75,20981.0,19954.5,25474.5,16748.25,35831.75
results/GeneratedSparse/100_cells_10000_features/0.9/sparse_CPU_spearman.csv,spearman,CPU,0.9,100,10000,100_10000,1000000,2.0,4.0,2.0,3.6657333894448674,3.9184759418088757,3.6579398037539246,3.673389578188305,4549.25,4714.0,8288.5,4631.625,34.115077922623406,spearman_CPU,8288.5,4599.25,4661.5,4611.0,4617.0,4615.0,4668.75,4600.75,4714.0,4641.5,4636.75,4613.75,4637.75,4586.25,4649.0,4629.25,4635.5,4631.0,4649.0,4656.5,4549.25,4601.75,4693.5,4612.25,4648.75
results/GeneratedSparse/100_cells_10000_features/0.9/sparse_GPU_cosine.csv,cosine,GPU,0.9,100,10000,100_10000,1000000,2.0,4.0,2.0,4.02824030578872,6.05508892832551,3.82865989653532,4.263049908163363,6740.0,18325.25,1135243.25,10671.864583333334,2814.2864566898943,cosine_GPU,1135243.25,12977.25,7542.5,9316.75,6740.0,11375.25,10879.5,13012.75,7327.75,9145.0,7300.0,9025.25,9227.75,12744.5,10173.0,10435.25,11355.25,7434.0,11394.5,10002.5,16890.25,13278.5,10741.5,9480.5,18325.25
results/GeneratedSparse/100_cells_10000_features/0.9/sparse_GPU_euclidean.csv,euclidean,GPU,0.9,100,10000,100_10000,1000000,2.0,4.0,2.0,3.4361261891666564,6.089492247226816,3.4259415880188953,3.4461098074380554,2666.5,2793.25,1228831.25,2729.7708333333335,25.8468966410326,euclidean_GPU,1228831.25,2760.5,2720.25,2745.25,2727.25,2765.25,2746.0,2740.5,2751.75,2719.5,2729.25,2692.0,2722.25,2709.25,2727.75,2715.5,2731.75,2793.25,2753.75,2696.75,2703.75,2732.0,2666.5,2735.25,2729.25
results/GeneratedSparse/100_cells_10000_features/0.9/sparse_GPU_kendall.csv,kendall,GPU,0.9,100,10000,100_10000,1000000,2.0,4.0,2.0,4.449497844293896,5.645312945044722,4.441757958508164,4.454898191143917,27654.0,28503.5,441888.75,28151.260416666668,230.72869709320162,kendall_GPU,441888.75,28351.5,28023.25,28120.0,27910.0,28316.0,28082.0,28024.25,28438.5,28503.5,27654.0,28232.25,28503.0,27848.25,28268.0,28399.75,28048.75,28454.75,28112.5,28333.75,27984.25,27836.5,27964.25,28283.75,27937.5
results/GeneratedSparse/100_cells_10000_features/0.9/sparse_GPU_manhattan.csv,manhattan,GPU,0.9,100,10000,100_10000,1000000,2.0,4.0,2.0,3.432257570828794,5.4744475590144965,3.409890874731436,3.458788881710845,2569.75,2876.0,298158.75,2705.5625,77.35060365256801,manhattan_GPU,298158.75,2753.0,2648.5,2705.0,2608.25,2592.75,2652.5,2824.0,2694.0,2774.0,2611.25,2721.5,2653.0,2569.75,2635.75,2876.0,2749.5,2822.0,2690.0,2737.0,2717.5,2694.0,2774.75,2778.0,2651.5
results/GeneratedSparse/100_cells_10000_features/0.9/sparse_GPU_pearson.csv,pearson,GPU,0.9,100,10000,100_10000,1000000,2.0,4.0,2.0,3.51578556350365,6.0424159202569285,3.4807253789884878,3.534723971855402,3025.0,3425.5,1102594.75,3279.3333333333335,111.71670986870716,pearson_GPU,1102594.75,3196.0,3390.75,3351.25,3160.25,3163.75,3395.0,3140.0,3202.0,3280.5,3295.75,3420.5,3025.0,3343.25,3351.5,3141.0,3360.5,3322.25,3425.5,3346.0,3373.0,3138.25,3416.75,3164.75,3300.5
results/GeneratedSparse/100_cells_10000_features/0.9/sparse_GPU_spearman.csv,spearman,GPU,0.9,100,10000,100_10000,1000000,2.0,4.0,2.0,3.804398573814416,5.4745298484446225,3.7900211284701975,3.8179122699460373,6166.25,6575.25,298215.25,6373.802083333333,111.18771615977364,spearman_GPU,298215.25,6432.75,6286.5,6341.5,6488.5,6202.75,6232.25,6434.25,6575.25,6487.25,6374.25,6428.75,6480.75,6503.5,6320.0,6302.75,6412.25,6330.5,6214.0,6220.25,6350.25,6462.25,6406.5,6518.0,6166.25
results/GeneratedSparse/100_cells_10000_features/0.9/sparse_armadillo_cosine.csv,cosine,armadillo,0.9,100,10000,100_10000,1000000,2.0,4.0,2.0,3.794680723540466,3.803071815713758,3.7848817822797334,3.800779606688839,6093.71,6320.91,6354.36,6232.764583333334,47.24235846313901,cosine_armadillo,6354.36,6320.91,6183.45,6210.55,6234.12,6295.47,6171.44,6209.17,6252.71,6198.75,6184.62,6296.24,6274.9,6274.52,6216.55,6233.28,6093.71,6280.11,6239.79,6241.7,6226.87,6245.38,6237.95,6254.5,6209.66
results/GeneratedSparse/100_cells_10000_features/0.9/sparse_armadillo_euclidean.csv,euclidean,armadillo,0.9,100,10000,100_10000,1000000,2.0,4.0,2.0,3.7813601124819147,3.7941540064188404,3.766434412570068,3.7968115347360563,5840.29,6263.42,6225.21,6044.496249999999,103.1723128158463,euclidean_armadillo,6225.21,6178.72,5993.94,5968.81,5973.11,6076.32,6202.99,6100.38,5895.45,5957.6,6019.67,5949.28,6263.42,6041.27,6172.02,6085.85,6206.04,6088.0,5990.82,6005.06,6106.37,5988.83,5965.22,5840.29,5998.45
results/GeneratedSparse/100_cells_10000_features/0.9/sparse_armadillo_manhattan.csv,manhattan,armadillo,0.9,100,10000,100_10000,1000000,2.0,4.0,2.0,4.859117998709009,4.838206615208488,4.815084736936801,4.894082234095634,65325.8,78357.8,68898.0,72296.62083333333,3036.6867870234223,manhattan_armadillo,68898.0,71480.6,71624.7,76382.7,69827.8,76514.2,73982.9,68908.1,65325.8,74952.4,69545.9,69512.1,77082.1,78357.8,74418.8,72419.7,73289.7,72415.1,68999.1,69362.2,72230.2,69924.7,72232.7,74292.5,72037.1
results/GeneratedSparse/100_cells_10000_features/0.9/sparse_armadillo_pearson.csv,pearson,armadillo,0.9,100,10000,100_10000,1000000,2.0,4.0,2.0,3.822881887238985,3.8250078511761836,3.8035690890974765,3.830997751997352,6361.64,6776.38,6683.56,6650.922500000001,100.50803696098141,pearson_armadillo,6683.56,6763.26,6619.4,6710.26,6506.24,6623.1,6723.85,6611.69,6618.2,6361.64,6576.01,6681.35,6607.73,6533.78,6553.97,6767.8,6723.79,6729.65,6776.38,6756.41,6751.39,6579.82,6759.11,6616.54,6670.77
results/GeneratedSparse/100_cells_10000_features/0.9/sparse_armadillo_spearman.csv,spearman,armadillo,0.9,100,10000,100_10000,1000000,2.0,4.0,2.0,4.356291948434149,4.3462668895356185,4.3526339496688,4.359309838724982,22523.4,22872.3,22195.6,22713.912499999995,98.69382500313749,spearman_armadillo,22195.6,22694.1,22872.3,22661.4,22656.6,22644.4,22714.0,22625.9,22676.8,22625.5,22830.0,22567.5,22842.6,22705.2,22755.5,22801.1,22669.7,22723.0,22797.9,22863.9,22846.3,22788.2,22544.9,22703.7,22523.4
results/GeneratedSparse/100_cells_10000_features/0.9/sparse_arrayfirecuda_cosine.csv,cosine,arrayfirecuda,0.9,100,10000,100_10000,1000000,2.0,4.0,2.0,3.2613909568586568,3.2998209756867887,3.2583187471601427,3.263569795163886,1812.67,1834.72,1994.44,1825.5383333333332,5.07816294430269,cosine_arrayfirecuda,1994.44,1830.63,1822.08,1819.61,1827.15,1821.58,1832.72,1823.15,1822.78,1832.55,1834.72,1828.16,1821.82,1827.47,1824.14,1826.48,1823.17,1830.45,1820.83,1823.78,1824.3,1820.9,1831.62,1812.67,1830.16
results/GeneratedSparse/100_cells_10000_features/0.9/sparse_arrayfirecuda_euclidean.csv,euclidean,arrayfirecuda,0.9,100,10000,100_10000,1000000,2.0,4.0,2.0,3.254598725733189,3.2919213583929956,3.2389213406809962,3.2796327283244544,1733.49,1903.85,1958.49,1797.2095833333333,44.391455585428325,euclidean_arrayfirecuda,1958.49,1825.62,1767.61,1739.07,1843.01,1766.08,1797.73,1802.19,1851.97,1832.74,1781.14,1733.49,1745.63,1811.59,1768.39,1857.28,1789.32,1753.06,1769.1,1819.89,1739.2,1769.1,1802.57,1863.4,1903.85
results/GeneratedSparse/100_cells_10000_features/0.9/sparse_arrayfirecuda_manhattan.csv,manhattan,arrayfirecuda,0.9,100,10000,100_10000,1000000,2.0,4.0,2.0,5.102274732584209,5.095050732724972,5.080648128964711,5.123567460642891,120406.0,132913.0,124466.0,126553.66666666667,3478.9654672362335,manhattan_arrayfirecuda,124466.0,124403.0,128685.0,132481.0,125147.0,128560.0,128404.0,123022.0,125263.0,127203.0,128792.0,130455.0,128316.0,127003.0,128291.0,125945.0,132913.0,121309.0,122232.0,127865.0,122374.0,131673.0,120406.0,121873.0,124673.0
results/GeneratedSparse/100_cells_10000_features/0.9/sparse_arrayfirecuda_pearson.csv,pearson,arrayfirecuda,0.9,100,10000,100_10000,1000000,2.0,4.0,2.0,3.2487737442680142,3.3065022285964694,3.2464542627711794,3.250136886677481,1763.82,1778.84,2025.36,1773.2654166666669,3.1131441490967933,pearson_arrayfirecuda,2025.36,1769.05,1774.89,1771.15,1773.67,1775.05,1769.1,1774.09,1774.63,1778.24,1774.16,1775.46,1774.54,1775.26,1763.82,1773.8,1775.81,1769.21,1774.19,1773.4,1778.84,1773.31,1771.48,1772.82,1772.4
results/GeneratedSparse/100_cells_10000_features/0.9/sparse_raft_cosine.csv,cosine,raft,0.9,100,10000,100_10000,1000000,2.0,4.0,2.0,3.718856818310363,5.890401867692769,3.70201470964446,3.7321464407860536,5035.176627470905,5396.925720553732,776965.7373428345,5234.27840245406,100.0796720068016,cosine_raft,1548555.3741455078,5376.100540161133,5204.439163208008,5093.097686767578,5113.840103149414,5217.326044959193,5396.925720553732,5208.704208023802,5074.475945118956,5368.120425945309,5246.449912093291,5315.143492329842,5175.715702453876,5322.296535343754,5200.027275726561,5185.376096966846,5110.777469452944,5035.176627470905,5333.007219568873,5253.360706812616,5230.92170980336,5314.573207364025,5290.824202690858,5193.793385792874,5362.208277139676
results/GeneratedSparse/100_cells_10000_features/0.9/sparse_raft_euclidean.csv,euclidean,raft,0.9,100,10000,100_10000,1000000,2.0,4.0,2.0,3.7142805902108447,5.887217065362446,3.695528673206137,3.730696598597388,4960.536770172693,5378.938745053575,771288.8717651367,5179.413568946413,100.32562582882669,euclidean_raft,1537306.0703277588,5271.673202514648,5307.674407958984,5150.556564331055,5134.58251953125,5274.22065025135,5378.938745053575,5255.138397618778,5177.128504744263,5199.681828338395,4960.536770172693,5266.921374872193,5254.186414826326,5013.205300485006,5055.168463710093,5301.149838709941,5131.022228466965,5222.640397618101,5239.071168709635,5092.76221931378,5104.93529191278,5146.029168617702,5134.897738856788,5180.296511157489,5053.507946942113
results/GeneratedSparse/100_cells_10000_features/0.9/sparse_raft_manhattan.csv,manhattan,raft,0.9,100,10000,100_10000,1000000,2.0,4.0,2.0,3.714922851693952,5.871236959398446,3.7048065441301783,3.7273169755321547,5067.649202646848,5337.242990549123,743424.654006958,5187.078871953601,71.79206356142299,manhattan_raft,1481565.237045288,5284.07096862793,5108.356475830078,5092.382431030273,5135.536193847656,5175.443095474762,5162.860427117388,5228.082698830177,5119.123545952883,5209.358989287416,5244.02319773689,5067.649202646848,5337.242990549123,5150.693850495185,5215.329965417939,5128.996717710979,5241.103826098295,5262.774007436331,5138.780743980855,5147.732744725251,5217.365237700682,5286.247865895724,5200.318184152678,5070.146523039858,5266.273043301236
results/GeneratedSparse/100_cells_10000_features/0.9/sparse_raft_pearson.csv,pearson,raft,0.9,100,10000,100_10000,1000000,2.0,4.0,2.0,3.8194696245765134,5.6520761184180515,3.710882981359877,3.8907834479409273,5139.051635555824,7776.486957359534,448824.04804229736,6598.870788291867,655.1113656830918,pearson_raft,890457.8685760498,7190.227508544922,6580.114364624023,6538.152694702148,5610.466003417969,7288.018318059238,6308.586150705618,6479.303891537395,5396.292870263408,6246.992335229478,5139.051635555824,6309.608051544868,6091.851713464829,7306.350400824752,6511.765926947555,7544.148757366198,6686.746377298319,6897.610899517532,6145.173273562394,7267.869290580798,6529.204653817941,7776.486957359534,7480.752225568534,6420.304666645769,6627.819951865742
results/GeneratedSparse/100_cells_10000_features/0.95/sparse_CPU_cosine.csv,cosine,CPU,0.95,100,10000,100_10000,1000000,2.0,4.0,2.0,4.246273096598856,4.25698218590157,4.055187138555754,4.367164826696844,11355.0,23289.75,18071.0,17630.84375,2860.530525907465,cosine_CPU,18071.0,15958.75,19834.25,19813.0,23289.75,16660.75,16687.5,13500.75,20850.25,15746.5,18553.0,16609.5,16673.75,13659.25,16293.0,18371.75,17891.0,18239.75,19824.0,16123.0,22188.75,14635.5,11355.0,18134.0,22247.5
results/GeneratedSparse/100_cells_10000_features/0.95/sparse_CPU_euclidean.csv,euclidean,CPU,0.95,100,10000,100_10000,1000000,2.0,4.0,2.0,4.143055806340259,4.259934157884621,4.0033204840284995,4.242746353025368,10076.75,17488.25,18194.25,13901.3125,1951.2070746532986,euclidean_CPU,18194.25,12250.0,14886.0,12207.0,15479.75,14639.75,14448.25,10324.25,17191.5,13371.75,13240.5,14638.5,13353.5,13408.75,11402.0,15416.25,11452.25,12092.5,15501.75,10076.75,16051.5,15131.0,17488.25,14307.5,15272.25
results/GeneratedSparse/100_cells_10000_features/0.95/sparse_CPU_kendall.csv,kendall,CPU,0.95,100,10000,100_10000,1000000,2.0,4.0,2.0,4.5977389376111875,4.712213926103648,4.574112328465574,4.609805102974239,37507.0,40719.75,51548.25,39603.989583333336,714.4920598140516,kendall_CPU,51548.25,38964.25,40191.5,39470.25,39877.25,40661.5,39904.5,39962.25,40151.25,40345.5,39188.0,39861.75,38574.25,39677.25,38825.25,39288.0,40163.75,39679.75,38533.75,39627.75,39698.5,40719.75,37507.0,39762.0,39860.75
results/GeneratedSparse/100_cells_10000_features/0.95/sparse_CPU_manhattan.csv,manhattan,CPU,0.95,100,10000,100_10000,1000000,2.0,4.0,2.0,3.4110547277478407,3.653911647400762,3.398634324538392,3.4194600727860704,2504.0,2627.0,4507.25,2576.6458333333335,35.77096680231361,manhattan_CPU,4507.25,2585.75,2530.0,2582.75,2592.0,2511.0,2624.75,2543.25,2560.5,2583.75,2504.0,2581.75,2564.5,2622.75,2627.0,2529.0,2588.75,2603.0,2615.25,2545.0,2561.5,2620.0,2560.75,2580.75,2621.75
results/GeneratedSparse/100_cells_10000_features/0.95/sparse_CPU_pearson.csv,pearson,CPU,0.95,100,10000,100_10000,1000000,2.0,4.0,2.0,4.240830211220126,4.305152451425649,4.204160695855202,4.282503158350161,16001.5,19164.75,20190.75,17411.260416666668,759.9058757475558,pearson_CPU,20190.75,18133.5,17051.0,16644.25,16843.0,17502.75,17635.75,16434.25,17619.5,16896.0,16757.75,17127.0,18431.0,17357.75,16699.75,17333.75,17055.25,17550.25,17652.5,18780.5,18066.5,16001.5,16762.0,18370.0,19164.75
results/GeneratedSparse/100_cells_10000_features/0.95/sparse_CPU_spearman.csv,spearman,CPU,0.95,100,10000,100_10000,1000000,2.0,4.0,2.0,3.415833776187472,4.030042836734791,3.380211241711606,3.4434194617828173,2400.0,2776.0,10716.25,2605.15625,91.23812172973989,spearman_CPU,10716.25,2659.5,2517.75,2670.75,2574.75,2568.25,2400.0,2776.0,2560.25,2625.75,2635.0,2766.75,2574.0,2527.0,2571.5,2517.0,2716.5,2598.25,2503.25,2568.0,2606.75,2700.0,2566.75,2547.75,2772.25
results/GeneratedSparse/100_cells_10000_features/0.95/sparse_GPU_cosine.csv,cosine,GPU,0.95,100,10000,100_10000,1000000,2.0,4.0,2.0,3.3886524564975455,6.035649831681734,3.385338107809055,3.3925210899319325,2428.5,2469.0,1085550.0,2447.1041666666665,9.639576804622816,cosine_GPU,1085550.0,2454.25,2440.75,2450.25,2462.5,2448.0,2434.25,2469.0,2438.0,2454.75,2436.75,2436.0,2442.5,2452.5,2450.25,2448.5,2443.0,2461.0,2428.5,2451.25,2447.0,2444.75,2457.75,2441.0,2438.0
results/GeneratedSparse/100_cells_10000_features/0.95/sparse_GPU_euclidean.csv,euclidean,GPU,0.95,100,10000,100_10000,1000000,2.0,4.0,2.0,3.3178022622275756,6.043374363423398,3.287633800116223,3.344588742578714,1939.25,2211.0,1105030.75,2078.75,56.15167332027307,euclidean_GPU,1105030.75,2107.5,2013.0,2118.0,2040.0,2124.0,2048.0,2117.25,2083.0,2072.75,2048.0,2038.5,2013.5,2108.75,1939.25,2039.0,2173.25,2211.0,2080.0,2138.0,2092.0,2102.0,2095.75,2063.75,2023.75
results/GeneratedSparse/100_cells_10000_features/0.95/sparse_GPU_kendall.csv,kendall,GPU,0.95,100,10000,100_10000,1000000,2.0,4.0,2.0,4.066601155359303,5.627530222335248,4.060952677550257,4.07086869911476,11506.75,11772.5,424160.5,11657.385416666666,54.56656767801804,kendall_GPU,424160.5,11701.25,11617.5,11506.75,11627.0,11709.75,11635.5,11700.0,11599.75,11700.25,11645.5,11583.25,11610.0,11724.5,11678.0,11654.25,11729.25,11654.75,11637.75,11646.5,11654.25,11682.25,11772.5,11682.75,11624.0
results/GeneratedSparse/100_cells_10000_features/0.95/sparse_GPU_manhattan.csv,manhattan,GPU,0.95,100,10000,100_10000,1000000,2.0,4.0,2.0,3.250389503029981,5.4613435547506635,3.187520720836463,3.3112769346046607,1540.0,2047.75,289296.75,1779.875,117.77127373288728,manhattan_GPU,289296.75,1903.75,1703.0,1714.5,1908.0,1690.25,1662.0,1878.0,1767.0,1826.75,1868.0,1779.0,1754.5,2047.75,1692.25,1642.25,1927.0,1758.75,1777.25,1791.5,1814.25,1540.0,1723.0,1592.5,1955.75
results/GeneratedSparse/100_cells_10000_features/0.95/sparse_GPU_pearson.csv,pearson,GPU,0.95,100,10000,100_10000,1000000,2.0,4.0,2.0,3.597878346587465,6.045792721271493,2.9908935802199035,3.885912220765623,979.25,7689.75,1111201.25,3961.6704545454545,1955.0838658865234,pearson_GPU,1111201.25,5782.5,2074.75,1964.75,3467.25,2522.5,3474.5,5287.5,2284.75,2081.25,,,6048.0,7689.75,5101.75,6851.5,4690.75,979.25,2486.25,3991.75,5233.75,1207.25,7526.75,3164.0,3246.25
results/GeneratedSparse/100_cells_10000_features/0.95/sparse_GPU_spearman.csv,spearman,GPU,0.95,100,10000,100_10000,1000000,2.0,4.0,2.0,3.559137004991223,5.473580388073216,3.5181848042184027,3.5843029490667684,3297.5,3839.75,297564.0,3623.5729166666665,142.1429642554509,spearman_GPU,297564.0,3694.0,3502.0,3708.75,3545.25,3519.5,3575.25,3760.75,3662.25,3811.5,3639.75,3601.25,3297.5,3839.75,3523.5,3563.5,3593.0,3823.25,3315.25,3477.25,3808.5,3666.25,3770.5,3648.75,3618.5
results/GeneratedSparse/100_cells_10000_features/0.95/sparse_armadillo_cosine.csv,cosine,armadillo,0.95,100,10000,100_10000,1000000,2.0,4.0,2.0,3.5576456287525757,3.5753402832555072,3.5512718519057125,3.5641095268659493,3558.54,3665.3,3761.32,3611.150833333333,28.289371961431467,cosine_armadillo,3761.32,3665.3,3603.88,3593.19,3614.79,3594.13,3648.52,3619.62,3594.12,3626.51,3624.89,3657.51,3633.07,3569.31,3588.76,3585.39,3586.11,3577.95,3645.86,3604.8,3596.89,3597.42,3638.56,3642.5,3558.54
results/GeneratedSparse/100_cells_10000_features/0.95/sparse_armadillo_euclidean.csv,euclidean,armadillo,0.95,100,10000,100_10000,1000000,2.0,4.0,2.0,3.561603246560141,3.5667214291271367,3.550824945089011,3.5677824862939627,3554.88,3696.43,3687.41,3644.2087500000002,42.36483135735934,euclidean_armadillo,3687.41,3694.65,3637.14,3626.61,3635.19,3693.44,3630.4,3654.43,3648.21,3631.37,3686.98,3685.79,3691.27,3696.43,3651.45,3663.21,3554.88,3679.24,3680.12,3632.39,3620.99,3556.5,3648.75,3554.88,3606.69
results/GeneratedSparse/100_cells_10000_features/0.95/sparse_armadillo_manhattan.csv,manhattan,armadillo,0.95,100,10000,100_10000,1000000,2.0,4.0,2.0,4.831809087140761,4.838882448307656,4.8200818642067045,4.843809377500868,66081.8,69792.6,69005.3,67890.5125,958.6770160454198,manhattan_armadillo,69005.3,68755.5,66816.6,68224.2,67250.1,69792.6,67332.9,68476.4,67577.0,68751.4,68935.6,66353.1,68334.4,68586.3,67562.7,68445.7,67562.9,68929.7,66767.4,66081.8,67254.4,67450.5,69565.5,67514.9,67050.7
results/GeneratedSparse/100_cells_10000_features/0.95/sparse_armadillo_pearson.csv,pearson,armadillo,0.95,100,10000,100_10000,1000000,2.0,4.0,2.0,3.602626602041268,3.6106197122102452,3.5956196585510662,3.610630357543861,3941.12,4079.72,4079.62,4005.2220833333336,36.83511401945687,pearson_armadillo,4079.62,4079.72,3976.51,4034.13,4000.59,3974.36,3973.9,3957.61,3941.12,3959.16,3993.06,4057.69,4028.51,3985.29,4041.7,4043.95,3982.81,4043.46,4027.1,4013.64,3997.67,3997.24,3957.08,4061.9,3997.13
results/GeneratedSparse/100_cells_10000_features/0.95/sparse_armadillo_spearman.csv,spearman,armadillo,0.95,100,10000,100_10000,1000000,2.0,4.0,2.0,4.296490870858825,4.36318311391534,4.286517096078808,4.302328763701526,19342.7,20059.9,23077.2,19792.054166666665,195.97600188791534,spearman_armadillo,23077.2,19454.3,19900.4,19882.4,19890.6,19825.8,19797.7,19963.4,19854.4,20052.7,19709.9,20059.9,19425.7,19711.4,19889.6,19568.4,19848.2,19585.5,19937.6,20049.6,19342.7,19749.9,19923.5,19646.8,19938.9
results/GeneratedSparse/100_cells_10000_features/0.95/sparse_arrayfirecuda_cosine.csv,cosine,arrayfirecuda,0.95,100,10000,100_10000,1000000,2.0,4.0,2.0,3.182025101291981,3.2396947949938957,3.1685652446753445,3.197826185437516,1474.23,1576.98,1736.58,1520.6354166666667,21.218333656527374,cosine_arrayfirecuda,1736.58,1541.92,1509.38,1502.91,1576.98,1532.17,1498.34,1474.23,1511.91,1525.96,1493.89,1506.84,1496.32,1515.79,1529.4,1504.23,1516.42,1527.39,1525.08,1549.03,1522.17,1520.29,1527.85,1544.81,1541.94
results/GeneratedSparse/100_cells_10000_features/0.95/sparse_arrayfirecuda_euclidean.csv,euclidean,arrayfirecuda,0.95,100,10000,100_10000,1000000,2.0,4.0,2.0,3.1863154573109194,3.2240874037861644,3.1805358804490402,3.191470576838805,1515.43,1554.07,1675.28,1535.732083333333,9.508518540045472,euclidean_arrayfirecuda,1675.28,1528.89,1542.61,1517.31,1530.09,1532.87,1527.83,1537.11,1534.12,1524.94,1542.61,1541.53,1527.23,1551.36,1542.96,1554.07,1530.02,1543.02,1538.5,1542.18,1540.64,1537.33,1515.43,1546.04,1528.88
results/GeneratedSparse/100_cells_10000_features/0.95/sparse_arrayfirecuda_manhattan.csv,manhattan,arrayfirecuda,0.95,100,10000,100_10000,1000000,2.0,4.0,2.0,5.086964870113397,5.0844404279623445,5.085272735033534,5.088391272512628,121695.0,122572.0,121462.0,122170.08333333333,234.55719214914063,manhattan_arrayfirecuda,121462.0,122277.0,121921.0,122341.0,121877.0,121997.0,122477.0,121695.0,122247.0,122065.0,122224.0,122150.0,121890.0,122339.0,122572.0,122300.0,121895.0,122406.0,122248.0,122154.0,122240.0,121727.0,122221.0,122309.0,122510.0
results/GeneratedSparse/100_cells_10000_features/0.95/sparse_arrayfirecuda_pearson.csv,pearson,arrayfirecuda,0.95,100,10000,100_10000,1000000,2.0,4.0,2.0,3.1913085784782655,3.2449126309938996,3.180902550173959,3.202733458045443,1516.71,1594.9,1757.57,1553.4904166666668,22.754584790609886,pearson_arrayfirecuda,1757.57,1570.59,1532.7,1576.34,1580.23,1533.15,1562.39,1544.97,1594.9,1569.84,1530.18,1589.61,1518.31,1583.5,1516.71,1528.0,1550.69,1538.45,1531.14,1545.47,1576.78,1533.03,1553.66,1557.15,1565.98
results/GeneratedSparse/100_cells_10000_features/0.95/sparse_raft_cosine.csv,cosine,raft,0.95,100,10000,100_10000,1000000,2.0,4.0,2.0,3.653507260285056,5.881099736856912,3.645498415600996,3.661630467338158,4420.775040795604,4588.0745643066,760500.9078979493,4503.055091733552,43.90468377499687,cosine_raft,1516445.875167847,4555.940628051758,4486.083984375,4461.526870727539,4458.904266357422,4448.784430255932,4533.268986399462,4559.24902059752,4588.0745643066,4564.675870053942,4491.016093361775,4486.65323370543,4532.544616258215,4540.353329043684,4481.464323279432,4482.487245178389,4490.161944374166,4467.111881985564,4533.850960495098,4488.949274213708,4547.633447830342,4420.775040795604,4514.966204633655,4423.969999202393,4514.875986122606
results/GeneratedSparse/100_cells_10000_features/0.95/sparse_raft_euclidean.csv,euclidean,raft,0.95,100,10000,100_10000,1000000,2.0,4.0,2.0,3.6485102755776024,5.8662045749904035,3.6154711204704806,3.683935930419571,4125.448029759465,4829.875437271358,734859.9433898926,4451.539953134564,149.08335908647024,euclidean_raft,1465234.0412139893,4485.845565795898,4584.074020385742,4276.99089050293,4319.429397583008,4559.731675831762,4367.492075281801,4514.736916305887,4829.875437271358,4212.303497684504,4598.539545114008,4469.47034447425,4251.22367978184,4430.547781060734,4451.889638774275,4573.617982246402,4344.819972314799,4467.565290699615,4125.448029759465,4559.822961018115,4395.525049564374,4507.868510060524,4438.51591311664,4624.780410423837,4446.844290177754
results/GeneratedSparse/100_cells_10000_features/0.95/sparse_raft_manhattan.csv,manhattan,raft,0.95,100,10000,100_10000,1000000,2.0,4.0,2.0,3.647160036168155,5.863502192283298,3.634444618963991,3.658719996126471,4309.675977075736,4557.429887809944,730301.4993667603,4437.7214246187605,66.24373977071923,manhattan_raft,1456095.9339141846,4507.0648193359375,4388.332366943359,4362.344741821289,4445.552825927734,4475.848755550051,4364.204268287939,4434.506451123174,4439.13386156062,4476.338462327149,4346.338070772568,4419.452299804553,4508.283727881615,4470.729775461505,4359.07016226113,4466.841918623093,4557.429887809944,4539.136164870459,4359.017706979897,4483.404504252056,4538.357580835209,4309.675977075736,4445.602315371999,4419.571662441971,4389.075883531251
results/GeneratedSparse/100_cells_10000_features/0.95/sparse_raft_pearson.csv,pearson,raft,0.95,100,10000,100_10000,1000000,2.0,4.0,2.0,3.7993703065202866,5.635992819955567,3.710173297796329,3.8750485920654576,5130.660734044355,7499.781177140432,432506.6804885864,6300.431679311467,544.7802650194039,pearson_raft,857975.7213592529,7037.639617919922,6497.14469909668,6356.716156005859,5567.312240600586,6990.280954860065,6436.739837699694,5651.429414688861,6550.30734513907,6263.57288055101,6116.103986955546,6246.989604607345,7499.781177140432,5130.660734044355,6172.405106414471,6349.325923142656,6578.180820395888,7016.717400748444,6307.616503454462,5766.154402848217,5512.202388293043,5625.471581933908,6727.735336236695,6428.795469503582,6381.076721194408
results/GeneratedSparse/100_cells_10000_features/0.99/sparse_CPU_cosine.csv,cosine,CPU,0.99,100,10000,100_10000,1000000,2.0,4.0,2.0,4.234570533626319,4.430961453354948,4.117304446641002,4.332983510816226,13101.0,21527.0,26975.0,17162.104166666668,2472.0428376613213,cosine_CPU,26975.0,15061.5,19351.5,16499.25,21114.0,18855.25,14544.25,18047.0,15639.25,20748.75,13340.0,15431.75,19912.75,21527.0,13619.5,18999.5,14945.25,15170.25,16886.0,18681.75,13101.0,18178.75,18386.0,18532.0,15318.25
results/GeneratedSparse/100_cells_10000_features/0.99/sparse_CPU_euclidean.csv,euclidean,CPU,0.99,100,10000,100_10000,1000000,2.0,4.0,2.0,4.230420712609792,4.293473048156108,4.109502614658035,4.3089963590421,12867.75,20370.25,19655.0,16998.895833333332,2035.7191359830654,euclidean_CPU,19655.0,15790.75,18630.5,19367.75,12909.5,13507.75,17643.5,17289.75,15760.0,15682.5,18137.0,18721.75,12867.75,16786.5,19211.5,17786.75,18608.75,15252.75,17255.0,18699.75,17480.75,18542.75,17395.0,14275.25,20370.25
results/GeneratedSparse/100_cells_10000_features/0.99/sparse_CPU_kendall.csv,kendall,CPU,0.99,100,10000,100_10000,1000000,2.0,4.0,2.0,3.885580291216751,4.078266455301312,3.607106375388815,4.013742816902074,4046.75,10321.5,11974.75,7683.875,1501.5362168181846,kendall_CPU,11974.75,8919.5,6595.25,5601.0,8815.75,8991.0,6765.75,8010.0,8245.0,6819.25,10321.5,6794.25,9255.5,6882.25,9246.5,5646.5,9183.75,6286.0,7878.75,7390.25,9584.5,8197.0,4046.75,8709.5,6227.5
results/GeneratedSparse/100_cells_10000_features/0.99/sparse_CPU_manhattan.csv,manhattan,CPU,0.99,100,10000,100_10000,1000000,2.0,4.0,2.0,3.0420050361844826,3.4103975868728114,2.7323937598229686,3.2362852774480286,540.0,1723.0,2572.75,1101.5520833333333,272.4000101257213,manhattan_CPU,2572.75,1329.5,952.75,985.75,790.25,836.0,1112.25,964.5,1374.75,1116.5,1079.25,1205.25,1020.5,1108.0,540.0,731.0,1533.25,840.75,1463.0,1723.0,1241.25,1037.5,941.5,1038.75,1472.0
results/GeneratedSparse/100_cells_10000_features/0.99/sparse_CPU_pearson.csv,pearson,CPU,0.99,100,10000,100_10000,1000000,2.0,4.0,2.0,4.119781182746883,4.1669109168104015,3.8473721217892054,4.386579217895883,7036.75,24354.5,14686.25,13175.927083333334,4407.0976657919655,pearson_CPU,14686.25,15173.75,9511.25,24354.5,12081.5,10652.0,16611.5,18091.25,8566.0,17975.0,7313.25,8475.25,10416.25,10777.5,17440.75,9940.75,17925.75,7036.75,15132.75,14170.75,14802.25,11415.25,19001.5,11707.75,7649.0
results/GeneratedSparse/100_cells_10000_features/0.99/sparse_CPU_spearman.csv,spearman,CPU,0.99,100,10000,100_10000,1000000,2.0,4.0,2.0,3.8619884957842263,3.4802944600030066,2.964377500867108,4.112219461123521,921.25,12948.5,3022.0,7277.605263157895,3355.3481879834585,spearman_CPU,3022.0,8504.25,921.25,10251.25,,10951.5,7225.0,11698.25,7853.0,,4213.25,7009.75,,,6487.25,11099.0,1995.75,,12948.5,6466.5,5595.5,1702.75,9005.25,5241.25,9105.25
results/GeneratedSparse/100_cells_10000_features/0.99/sparse_GPU_cosine.csv,cosine,GPU,0.99,100,10000,100_10000,1000000,2.0,4.0,2.0,3.325744363717436,6.028465614385416,2.022222104507706,3.5652573434202135,105.25,3675.0,1067740.25,2117.1145833333335,764.9711561118887,cosine_GPU,1067740.25,2668.75,1455.75,1280.25,3675.0,2616.25,1476.5,3320.25,3304.75,1701.5,1793.0,1927.25,2016.25,105.25,3141.5,2260.25,2175.25,1871.5,2110.75,2264.75,1611.5,2051.5,2262.25,2459.5,1261.25
results/GeneratedSparse/100_cells_10000_features/0.99/sparse_GPU_euclidean.csv,euclidean,GPU,0.99,100,10000,100_10000,1000000,2.0,4.0,2.0,3.4766442130056507,6.04285969923592,2.6505503492394107,3.7560462538784534,447.25,5702.25,1103722.0,2996.7065217391305,1315.3284588388483,euclidean_GPU,1103722.0,3898.75,1474.0,873.75,4245.5,4602.75,1738.0,1872.5,3013.0,2627.25,3932.25,2614.75,3449.25,5702.25,2707.5,2306.0,2952.75,4547.5,,447.25,2611.75,4516.75,1506.75,4509.25,2774.75
results/GeneratedSparse/100_cells_10000_features/0.99/sparse_GPU_kendall.csv,kendall,GPU,0.99,100,10000,100_10000,1000000,2.0,4.0,2.0,3.229713831010056,5.597788121580394,3.200097761858999,3.2800659284420695,1585.25,1905.75,396084.75,1697.125,75.56381822671483,kendall_GPU,396084.75,1738.75,1635.75,1622.5,1626.25,1585.25,1693.25,1639.5,1639.0,1617.25,1677.75,1642.25,1740.25,1807.25,1693.0,1695.5,1735.5,1697.75,1661.5,1631.75,1822.25,1905.75,1796.25,1687.0,1739.75
results/GeneratedSparse/100_cells_10000_features/0.99/sparse_GPU_manhattan.csv,manhattan,GPU,0.99,100,10000,100_10000,1000000,2.0,4.0,2.0,3.0404498686060437,5.47258167277113,2.9836262871245345,3.132499830251514,963.0,1356.75,296880.5,1097.6145833333333,106.03559197973601,manhattan_GPU,296880.5,1149.75,1022.0,1034.0,1172.75,994.0,1118.5,1051.75,1237.0,982.25,1045.5,1071.75,963.0,1010.5,1087.0,1033.5,1120.25,1219.5,1348.5,1042.25,1171.0,1050.75,970.25,1356.75,1090.25
results/GeneratedSparse/100_cells_10000_features/0.99/sparse_GPU_pearson.csv,pearson,GPU,0.99,100,10000,100_10000,1000000,2.0,4.0,2.0,3.1774523261759593,6.030399831703011,3.172821774490834,3.1818435879447726,1488.75,1520.0,1072506.25,1504.7083333333333,8.688973695948729,pearson_GPU,1072506.25,1516.75,1500.75,1507.25,1510.0,1511.5,1513.75,1503.5,1520.0,1503.25,1505.5,1498.5,1508.75,1519.75,1489.25,1493.5,1502.5,1507.75,1508.25,1488.75,1507.5,1507.0,1504.25,1490.0,1495.0
results/GeneratedSparse/100_cells_10000_features/0.99/sparse_GPU_spearman.csv,spearman,GPU,0.99,100,10000,100_10000,1000000,2.0,4.0,2.0,3.12654401292323,5.470731609007326,3.0857364200533324,3.1600932009756324,1218.25,1445.75,295618.5,1338.2708333333333,49.04063560938237,spearman_GPU,295618.5,1384.75,1283.0,1372.25,1445.75,1385.5,1287.75,1403.25,1320.25,1323.75,1275.75,1318.75,1331.5,1285.5,1396.75,1384.5,1375.75,1218.25,1311.0,1330.25,1344.5,1350.5,1339.5,1339.25,1310.5
results/GeneratedSparse/100_cells_10000_features/0.99/sparse_armadillo_cosine.csv,cosine,armadillo,0.99,100,10000,100_10000,1000000,2.0,4.0,2.0,3.0434374378697364,3.0593437539889674,3.036920190087437,3.0538656090470795,1088.73,1132.05,1146.42,1105.19125,9.962925571211505,cosine_armadillo,1146.42,1088.73,1108.97,1109.22,1104.98,1105.65,1108.37,1095.3,1117.13,1114.14,1132.05,1097.49,1101.94,1091.45,1115.21,1095.26,1104.54,1099.5,1120.42,1102.5,1092.29,1110.84,1109.87,1101.7,1097.04
results/GeneratedSparse/100_cells_10000_features/0.99/sparse_armadillo_euclidean.csv,euclidean,armadillo,0.99,100,10000,100_10000,1000000,2.0,4.0,2.0,3.0502996641491813,3.054946115699901,3.045150791889668,3.054766217838991,1109.56,1134.4,1134.87,1122.7929166666665,6.61523272402837,euclidean_armadillo,1134.87,1112.93,1130.48,1124.83,1123.38,1124.69,1134.4,1127.19,1127.56,1120.14,1128.63,1122.24,1124.68,1123.41,1119.56,1120.76,1111.02,1124.69,1129.06,1109.56,1125.11,1109.58,1124.73,1131.44,1116.96
results/GeneratedSparse/100_cells_10000_features/0.99/sparse_armadillo_manhattan.csv,manhattan,armadillo,0.99,100,10000,100_10000,1000000,2.0,4.0,2.0,4.825117598537688,4.828153783989249,4.810725021689739,4.839612525855634,64673.3,69121.4,67321.5,66852.49166666667,1087.585701188901,manhattan_armadillo,67321.5,65699.9,67759.5,66774.4,67614.7,66827.3,65887.7,67838.0,65838.8,68021.3,68111.9,66761.9,65994.0,66727.8,69121.4,67458.4,64739.4,64673.3,65944.6,68000.6,67255.2,66501.2,68051.0,66264.2,66593.3
results/GeneratedSparse/100_cells_10000_features/0.99/sparse_armadillo_pearson.csv,pearson,armadillo,0.99,100,10000,100_10000,1000000,2.0,4.0,2.0,3.169285167454013,3.154709959389484,3.15219964138156,3.1843165836601965,1419.71,1528.68,1427.94,1476.6758333333335,28.628510689617706,pearson_armadillo,1427.94,1429.65,1484.65,1486.1,1487.63,1469.9,1500.11,1475.4,1428.25,1528.68,1448.92,1441.33,1504.29,1479.54,1495.19,1456.96,1419.71,1476.38,1469.61,1521.4,1504.29,1497.93,1469.13,1508.87,1456.3
results/GeneratedSparse/100_cells_10000_features/0.99/sparse_armadillo_spearman.csv,spearman,armadillo,0.99,100,10000,100_10000,1000000,2.0,4.0,2.0,4.248332167509837,4.402862957968563,4.210946895592712,4.295047835237533,16253.5,19726.4,25285.0,17714.63333333333,833.1667833566635,spearman_armadillo,25285.0,18910.9,16803.0,17409.3,17296.2,18167.1,18199.9,17401.1,17806.9,16473.8,19726.4,17412.4,17921.7,18173.2,18923.0,18031.2,16537.6,17006.1,16253.5,17407.9,16998.9,17412.5,18765.0,18186.0,17927.6
results/GeneratedSparse/100_cells_10000_features/0.99/sparse_arrayfirecuda_cosine.csv,cosine,arrayfirecuda,0.99,100,10000,100_10000,1000000,2.0,4.0,2.0,3.1502061896954516,3.2281050818367953,3.138097346778865,3.1664093903674404,1374.35,1466.93,1690.85,1413.2083333333333,23.793542132734736,cosine_arrayfirecuda,1690.85,1433.39,1390.73,1393.53,1409.26,1389.36,1374.35,1429.0,1425.37,1386.58,1411.21,1421.68,1466.93,1445.05,1383.78,1406.39,1414.11,1384.41,1426.18,1382.16,1401.6,1436.58,1426.42,1438.53,1440.4
results/GeneratedSparse/100_cells_10000_features/0.99/sparse_arrayfirecuda_euclidean.csv,euclidean,arrayfirecuda,0.99,100,10000,100_10000,1000000,2.0,4.0,2.0,3.141544617975237,3.1990307492591423,3.139346907084004,3.143224086007893,1378.31,1390.67,1581.36,1385.3025,3.1235693391802135,euclidean_arrayfirecuda,1581.36,1386.93,1381.94,1390.67,1384.92,1387.98,1385.01,1383.92,1386.44,1383.93,1385.24,1383.05,1388.62,1386.24,1386.96,1380.3,1379.52,1388.82,1383.84,1387.93,1378.31,1389.01,1388.72,1385.83,1383.13
results/GeneratedSparse/100_cells_10000_features/0.99/sparse_arrayfirecuda_manhattan.csv,manhattan,arrayfirecuda,0.99,100,10000,100_10000,1000000,2.0,4.0,2.0,5.073232933750866,5.071163723611753,5.068868318285584,5.076181516409409,117184.0,119174.0,117805.0,118367.625,537.9670693530724,manhattan_arrayfirecuda,117805.0,118048.0,119174.0,117930.0,117992.0,117503.0,118046.0,118856.0,118238.0,118236.0,118388.0,118513.0,118617.0,118545.0,119164.0,119010.0,119170.0,118755.0,118199.0,118324.0,118891.0,117336.0,118427.0,117184.0,118277.0
results/GeneratedSparse/100_cells_10000_features/0.99/sparse_arrayfirecuda_pearson.csv,pearson,arrayfirecuda,0.99,100,10000,100_10000,1000000,2.0,4.0,2.0,3.155572481360722,3.2412724699016957,3.1283184772596804,3.17805561153123,1343.75,1506.8,1742.9,1430.7787500000002,42.56935119234848,pearson_arrayfirecuda,1742.9,1459.45,1403.26,1399.08,1380.58,1394.28,1446.74,1447.03,1463.18,1439.61,1458.13,1414.67,1506.8,1482.37,1421.84,1387.38,1436.13,1367.24,1442.36,1343.75,1497.73,1370.86,1449.89,1434.12,1492.21
results/GeneratedSparse/100_cells_10000_features/0.99/sparse_raft_cosine.csv,cosine,raft,0.99,100,10000,100_10000,1000000,2.0,4.0,2.0,3.583191403679344,5.886437997969448,3.565956675861941,3.6034089642197342,3680.9225184278775,4012.443815503365,769906.5208435059,3829.9350027007295,85.91093923887546,cosine_raft,1535837.8887176514,3975.152969360352,3795.385360717773,3757.476806640625,3775.1197814941406,3819.7108469789305,3779.383152866869,3782.0246298552074,3835.9215388530474,3754.593550722702,3911.8108645638017,3765.942504668356,3853.7223684218,3680.9225184278775,4012.443815503365,3736.692074755668,3788.294224096684,3804.6242043195057,4006.786023259552,3841.8997575038898,3928.730300399317,3919.0972598266103,3796.839419518823,3744.495556380832,3851.370535681775
results/GeneratedSparse/100_cells_10000_features/0.99/sparse_raft_euclidean.csv,euclidean,raft,0.99,100,10000,100_10000,1000000,2.0,4.0,2.0,3.5811048684540383,5.842334585373361,3.5177954843674524,3.6105647216971817,3294.5453067775798,4079.103469848633,695559.9784851074,3811.578499117158,204.79708498555615,euclidean_raft,1387339.3535614014,3780.603408813477,3702.6405334472656,3662.109375,4079.103469848633,3589.56235010229,4015.2350230423426,3439.7123460535126,3815.992429373093,4065.052774036136,3831.726404103888,3294.5453067775798,4057.4706937156143,3986.153100905103,4056.9893574904727,3830.817913371836,3805.654321766628,3646.4643936989232,3904.850636165109,3787.5613116000386,3541.166631291428,3757.669526263855,4050.0748964200006,3833.5654613148536,3943.162314209717
results/GeneratedSparse/100_cells_10000_features/0.99/sparse_raft_manhattan.csv,manhattan,raft,0.99,100,10000,100_10000,1000000,2.0,4.0,2.0,3.5684510802704676,5.828112121220431,3.558645199110373,3.577374220776911,3619.47181503854,3778.9767572284945,673150.4201889038,3702.1250163401915,40.23649592685191,manhattan_raft,1342524.766921997,3776.073455810547,3713.846206665039,3663.5398864746094,3692.3885345458975,3670.3557327450126,3719.9127037282287,3640.960013370664,3716.6775911421487,3723.9599632376526,3660.4931871694007,3672.5474237811272,3701.1649236150865,3778.9767572284945,3619.47181503854,3742.6282313471374,3722.80676814462,3732.236289525139,3656.5484792925654,3673.820420225101,3740.2264860818536,3694.8209974947113,3681.7768288323327,3754.9438751825446,3700.823821486147
results/GeneratedSparse/100_cells_10000_features/0.99/sparse_raft_pearson.csv,pearson,raft,0.99,100,10000,100_10000,1000000,2.0,4.0,2.0,3.8039295950982863,5.641621564095387,3.7014528255835293,3.9116398948706923,5028.666399462725,8159.055641805886,438148.73695373535,6366.922962664096,708.1795811825687,pearson_raft,869382.1430206299,6915.33088684082,6763.458251953125,6245.136260986328,5450.48713684082,6456.655320701544,6138.61261850013,6387.040876624805,7888.698033858792,6770.755152271298,5887.903887498326,5955.969909668152,5651.802483481111,6171.827571755295,5028.666399462725,6155.625420335406,6301.506029916502,5859.029322126827,8159.055641805886,6541.826337726113,6201.313920481308,5945.452278411284,6667.212692107175,7486.152260775967,5776.632409808582
results/GeneratedSparse/100_cells_1000_features/0.5/sparse_CPU_cosine.csv,cosine,CPU,0.5,100,1000,100_1000,100000,2.0,3.0,2.0,3.2138358353484087,3.4799350339443356,3.075820590183628,3.3666097103924297,1190.75,2326.0,3019.5,1636.1979166666667,295.85089131434614,cosine_CPU,3019.5,1787.75,1381.75,2102.5,1616.75,1350.25,1735.75,1469.75,1618.5,1190.75,1560.75,1647.75,1348.5,1589.25,1865.5,1635.75,1754.0,1233.5,1712.75,2091.75,2326.0,1250.75,1207.25,1872.5,1919.0
results/GeneratedSparse/100_cells_1000_features/0.5/sparse_CPU_euclidean.csv,euclidean,CPU,0.5,100,1000,100_1000,100000,2.0,3.0,2.0,3.2754625249152056,3.4864659011032937,3.2059483085824376,3.3492775274679554,1606.75,2235.0,3065.25,1885.65625,158.04810074289884,euclidean_CPU,3065.25,1819.0,2034.0,1884.25,1798.0,2101.25,1869.25,1829.75,1707.75,1772.5,2126.25,1840.75,1636.5,1983.75,1887.75,1911.5,1873.5,1919.0,1891.0,1651.0,1769.0,2235.0,2132.25,1606.75,1976.0
results/GeneratedSparse/100_cells_1000_features/0.5/sparse_CPU_kendall.csv,kendall,CPU,0.5,100,1000,100_1000,100000,2.0,3.0,2.0,4.517357160884503,4.56944999228003,4.478653057295336,4.539396053427685,30106.0,34625.5,37106.5,32912.21875,1214.303485440359,kendall_CPU,37106.5,33585.0,31675.25,32295.0,33395.75,34596.0,34202.5,33361.0,34625.5,32363.0,32929.0,31755.75,34045.25,30879.0,30106.0,31489.0,31620.75,31861.0,33283.25,32708.75,34076.25,33283.0,34396.25,33250.5,34110.5
results/GeneratedSparse/100_cells_1000_features/0.5/sparse_CPU_manhattan.csv,manhattan,CPU,0.5,100,1000,100_1000,100000,2.0,3.0,2.0,3.384037765307721,3.6195107208384987,3.3395508108256715,3.4105241725861886,2185.5,2573.5,4164.0,2421.2395833333335,113.19172707840912,manhattan_CPU,4164.0,2343.0,2549.75,2378.25,2495.5,2509.5,2573.5,2314.0,2492.25,2280.5,2515.5,2332.75,2432.25,2321.25,2410.0,2268.75,2185.5,2569.75,2456.25,2567.25,2462.25,2301.0,2292.5,2486.0,2572.5
results/GeneratedSparse/100_cells_1000_features/0.5/sparse_CPU_pearson.csv,pearson,CPU,0.5,100,1000,100_1000,100000,2.0,3.0,2.0,3.2155604602893346,3.4924111373136824,3.029586671630457,3.3866327112218544,1070.5,2435.75,3107.5,1642.7083333333333,318.4950260164548,pearson_CPU,3107.5,1813.0,1354.0,1334.0,1626.0,1443.75,1656.75,1652.5,1806.25,2435.75,1916.5,1522.25,1070.5,1716.5,1528.0,1530.25,1078.75,1726.5,1276.25,1745.5,1412.5,2132.25,2177.25,1828.75,1641.25
results/GeneratedSparse/100_cells_1000_features/0.5/sparse_CPU_spearman.csv,spearman,CPU,0.5,100,1000,100_1000,100000,2.0,3.0,2.0,3.384862824272453,3.6705241577820797,3.2421064191222384,3.471768293073146,1746.25,2963.25,4683.0,2425.84375,279.8131055248083,spearman_CPU,4683.0,2624.5,2168.75,2260.25,2578.25,2179.25,2963.25,2243.0,2170.5,2604.0,2443.0,2355.25,2082.75,2092.0,2540.0,2483.25,2904.5,2621.0,2377.75,2257.25,2460.75,2812.75,1746.25,2600.5,2651.5
results/GeneratedSparse/100_cells_1000_features/0.5/sparse_GPU_cosine.csv,cosine,GPU,0.5,100,1000,100_1000,100000,2.0,3.0,2.0,3.2110704582871232,6.049638541793446,3.129931457690967,3.2655253352190736,1348.75,1843.0,1121085.0,1625.8125,117.78657981882598,cosine_GPU,1121085.0,1501.5,1719.0,1552.0,1769.5,1502.0,1653.75,1348.75,1576.5,1685.0,1573.25,1843.0,1561.5,1643.25,1728.25,1679.0,1496.5,1729.0,1497.0,1691.0,1452.0,1733.0,1670.0,1633.0,1781.75
results/GeneratedSparse/100_cells_1000_features/0.5/sparse_GPU_euclidean.csv,euclidean,GPU,0.5,100,1000,100_1000,100000,2.0,3.0,2.0,3.129411254041552,6.0937686318899384,3.0437551269686796,3.2242092280657637,1106.0,1675.75,1240991.0,1347.1354166666667,127.1603109588826,euclidean_GPU,1240991.0,1463.25,1291.25,1599.25,1368.5,1106.0,1375.25,1344.75,1261.0,1306.75,1284.0,1437.5,1366.75,1409.5,1183.75,1417.0,1375.75,1263.5,1398.25,1184.75,1272.5,1675.75,1234.5,1237.0,1474.75
results/GeneratedSparse/100_cells_1000_features/0.5/sparse_GPU_kendall.csv,kendall,GPU,0.5,100,1000,100_1000,100000,2.0,3.0,2.0,3.9494489658447542,5.598349424724621,3.937480278279843,3.959935309237527,8659.25,9118.75,396597.0,8901.208333333334,118.55630401721463,kendall_GPU,396597.0,8995.75,8823.25,8723.75,8735.0,8845.75,9099.0,9021.5,8817.0,8659.25,8809.0,9022.25,9118.75,8862.75,8755.25,9058.0,8908.0,8947.0,8957.25,8923.75,8924.75,8838.5,8882.25,9012.0,8889.25
results/GeneratedSparse/100_cells_1000_features/0.5/sparse_GPU_manhattan.csv,manhattan,GPU,0.5,100,1000,100_1000,100000,2.0,3.0,2.0,3.1942656729578944,5.473474926437153,3.1389339402569236,3.247052174856615,1377.0,1766.25,297491.75,1564.1041666666667,101.11613879250709,manhattan_GPU,297491.75,1671.25,1533.25,1536.0,1723.25,1602.75,1377.0,1520.25,1416.25,1534.75,1525.5,1500.75,1687.25,1521.75,1509.25,1498.0,1410.0,1504.0,1474.5,1594.5,1766.25,1609.75,1677.25,1684.5,1660.5
results/GeneratedSparse/100_cells_1000_features/0.5/sparse_GPU_pearson.csv,pearson,GPU,0.5,100,1000,100_1000,100000,2.0,3.0,2.0,3.1675142490484904,6.045680342151381,3.100284367027806,3.24167097378413,1259.75,1744.5,1110913.75,1470.6666666666667,123.91360537577067,pearson_GPU,1110913.75,1565.5,1394.75,1259.75,1366.75,1470.0,1485.5,1633.25,1485.75,1319.5,1594.25,1353.5,1492.5,1357.75,1523.0,1659.25,1617.25,1363.0,1389.25,1337.0,1357.0,1563.0,1744.5,1398.5,1565.5
results/GeneratedSparse/100_cells_1000_features/0.5/sparse_GPU_spearman.csv,spearman,GPU,0.5,100,1000,100_1000,100000,2.0,3.0,2.0,3.5206636326208844,5.477488440201961,3.492061604512599,3.538981949611087,3105.0,3459.25,300253.75,3316.375,76.74463879212236,spearman_GPU,300253.75,3361.25,3263.5,3343.75,3457.0,3374.5,3357.25,3344.5,3292.5,3282.25,3242.5,3298.75,3105.0,3326.75,3287.5,3311.0,3456.5,3297.25,3459.25,3271.25,3372.0,3281.0,3246.25,3318.0,3243.5
results/GeneratedSparse/100_cells_1000_features/0.5/sparse_armadillo_cosine.csv,cosine,armadillo,0.5,100,1000,100_1000,100000,2.0,3.0,2.0,3.9374325877358385,4.057624269676967,3.6393958357760847,4.108814569880758,4359.09,12847.38,11418.9,8658.299166666666,1900.1908482525218,cosine_armadillo,11418.9,11348.4,10259.9,7286.19,7293.64,7811.86,6874.11,9727.89,5841.41,9637.26,4359.09,8262.46,9926.07,7122.12,8971.53,6862.93,9918.7,8563.52,8296.28,8488.87,7108.36,12847.38,10566.73,8974.19,11450.29
results/GeneratedSparse/100_cells_1000_features/0.5/sparse_armadillo_euclidean.csv,euclidean,armadillo,0.5,100,1000,100_1000,100000,2.0,3.0,2.0,3.9350604399106435,4.056233843505686,3.679115237437212,4.1479275550583985,4776.56,14058.13,11382.4,8611.135833333334,2670.8804749150863,euclidean_armadillo,11382.4,11691.1,7148.51,7433.43,7130.6,11699.2,12161.75,11712.68,7135.38,8508.65,6561.08,7985.98,7547.35,4858.2,11365.59,8190.28,4776.56,14058.13,10434.83,8666.5,4965.99,13105.31,6334.47,6600.98,6594.71
results/GeneratedSparse/100_cells_1000_features/0.5/sparse_armadillo_manhattan.csv,manhattan,armadillo,0.5,100,1000,100_1000,100000,2.0,3.0,2.0,3.8863309609633125,4.025035371273884,3.793955831938338,3.958635543065691,6222.37,9091.5,10593.4,7697.167916666666,723.0169132241373,manhattan_armadillo,10593.4,8891.64,7495.01,7068.54,7362.67,7528.22,7707.55,6222.37,8971.65,9091.5,7261.69,6713.22,7940.83,7614.73,6714.71,7743.82,9009.85,7461.66,8029.44,7308.66,8302.23,7284.17,7634.66,7803.1,7570.11
results/GeneratedSparse/100_cells_1000_features/0.5/sparse_armadillo_pearson.csv,pearson,armadillo,0.5,100,1000,100_1000,100000,2.0,3.0,2.0,3.938365551625583,4.056809600874,3.658397794527892,4.06216215137424,4554.05,11538.84,11397.5,8676.919166666667,1749.5300563077803,pearson_armadillo,11397.5,11340.5,9612.94,7072.66,6988.52,7919.13,9739.96,9881.68,11538.84,7967.51,4554.05,10113.33,10420.63,8910.22,10652.04,5650.17,7081.42,7910.85,8748.07,7465.6,8562.05,8200.3,7369.34,11093.64,9452.61
results/GeneratedSparse/100_cells_1000_features/0.5/sparse_armadillo_spearman.csv,spearman,armadillo,0.5,100,1000,100_1000,100000,2.0,3.0,2.0,3.6502155780186105,3.6413868462251857,3.646909291780756,3.655850785023531,4435.16,4527.42,4379.12,4469.05375,23.462205922948424,spearman_armadillo,4379.12,4464.22,4435.96,4466.42,4513.21,4487.82,4447.7,4484.77,4456.24,4474.73,4476.1,4527.42,4449.91,4444.34,4503.35,4488.93,4446.53,4475.11,4454.09,4472.42,4468.15,4480.25,4440.84,4463.62,4435.16
results/GeneratedSparse/100_cells_1000_features/0.5/sparse_arrayfirecuda_cosine.csv,cosine,arrayfirecuda,0.5,100,1000,100_1000,100000,2.0,3.0,2.0,3.071104427488772,3.1105425750070035,3.0707764628434346,3.071550639366932,1177.0,1179.1,1289.86,1177.8891666666666,0.5827157445005979,cosine_arrayfirecuda,1289.86,1177.63,1178.39,1179.1,1177.09,1178.08,1178.68,1177.0,1177.33,1178.17,1177.24,1178.15,1178.61,1177.74,1177.92,1177.14,1177.49,1177.9,1178.83,1178.54,1177.94,1177.37,1178.18,1177.36,1177.46
results/GeneratedSparse/100_cells_1000_features/0.5/sparse_arrayfirecuda_euclidean.csv,euclidean,arrayfirecuda,0.5,100,1000,100_1000,100000,2.0,3.0,2.0,3.0738343910327433,3.075112449618513,3.0612337688173965,3.083853640140072,1151.42,1212.98,1188.81,1185.3166666666666,19.045526742227132,euclidean_arrayfirecuda,1188.81,1199.0,1166.45,1186.69,1175.96,1188.03,1205.81,1160.6,1158.86,1174.53,1155.3,1198.05,1189.75,1189.37,1212.98,1157.83,1205.99,1151.42,1200.54,1204.96,1194.6,1208.36,1164.81,1199.12,1198.59
results/GeneratedSparse/100_cells_1000_features/0.5/sparse_arrayfirecuda_manhattan.csv,manhattan,arrayfirecuda,0.5,100,1000,100_1000,100000,2.0,3.0,2.0,4.105290001270574,4.106826399715475,4.100208516160684,4.108788201860235,12595.3,12846.6,12788.7,12743.5375,66.89686597355175,manhattan_arrayfirecuda,12788.7,12788.2,12687.9,12675.5,12820.4,12757.9,12649.0,12807.3,12837.4,12726.1,12716.7,12763.5,12690.5,12846.6,12710.1,12774.3,12660.5,12780.5,12746.6,12820.0,12651.3,12762.9,12744.2,12595.3,12832.2
results/GeneratedSparse/100_cells_1000_features/0.5/sparse_arrayfirecuda_pearson.csv,pearson,arrayfirecuda,0.5,100,1000,100_1000,100000,2.0,3.0,2.0,3.0822056251238967,3.121234740269435,3.078887998290084,3.087575575899107,1199.19,1223.42,1322.01,1208.3858333333333,5.3054640989790505,pearson_arrayfirecuda,1322.01,1204.02,1211.42,1209.82,1201.18,1215.43,1205.09,1199.19,1223.42,1212.3,1209.56,1209.29,1206.84,1206.95,1212.87,1212.11,1211.76,1208.66,1206.48,1204.55,1206.18,1199.78,1214.28,1205.5,1204.58
results/GeneratedSparse/100_cells_1000_features/0.5/sparse_raft_cosine.csv,cosine,raft,0.5,100,1000,100_1000,100000,2.0,3.0,2.0,3.653062042389515,5.87001082337759,3.638657020977142,3.669983926819468,4351.680690174308,4677.178307926789,741328.7162780762,4498.441140802344,82.80968855443507,cosine_raft,1478075.9811401367,4581.451416015625,4429.101943969727,4400.491714477539,4472.7325439453125,4351.680690174308,4533.881149706996,4624.110375018122,4465.641478093937,4528.580482827646,4592.5420992034,4365.022969056052,4550.779703789799,4465.566010205629,4369.91675346684,4677.178307926789,4453.605790798517,4604.683627683079,4525.957753563755,4529.300089879239,4510.68327357239,4457.843128475799,4511.53997801243,4427.8679818029,4532.428117590425
results/GeneratedSparse/100_cells_1000_features/0.5/sparse_raft_euclidean.csv,euclidean,raft,0.5,100,1000,100_1000,100000,2.0,3.0,2.0,3.643033310984876,5.864592405175834,3.6388944343229923,3.6479024830897395,4354.060249573821,4445.314407348633,732137.0840072632,4395.753301780361,23.4346634955084,euclidean_raft,1459878.2062530518,4395.961761474609,4365.205764770508,4445.314407348633,4395.008087158203,4425.757257507747,4356.716098417361,4388.808770215599,4385.330946266699,4376.39324350133,4409.618950139356,4400.381682399222,4381.001740465666,4427.848397691136,4406.588612349685,4397.055980503245,4408.695072168149,4413.469880104038,4422.896080895664,4357.79743302751,4354.060249573821,4380.168728415483,4382.861127663153,4412.676656886908,4408.462313784922
results/GeneratedSparse/100_cells_1000_features/0.5/sparse_raft_manhattan.csv,manhattan,raft,0.5,100,1000,100_1000,100000,2.0,3.0,2.0,3.65359093274687,5.8814161073894065,3.638538694237524,3.6652729278631018,4350.495204130054,4626.716912814943,761055.1118850709,4503.922747251135,60.81025645642171,manhattan_raft,1517510.6525421145,4599.571228027344,4485.607147216797,4436.254501342773,4470.348358154297,4490.377518613076,4506.544177239812,4350.495204130054,4564.344771864541,4494.831053234551,4498.110366649451,4515.53990767806,4424.033017820913,4469.835360600008,4505.046381259029,4601.658137103946,4547.765456495055,4626.716912814943,4456.886001842907,4484.02703623905,4437.01238776026,4556.340149034194,4508.435399845461,4545.921767375308,4518.443691685417
results/GeneratedSparse/100_cells_1000_features/0.5/sparse_raft_pearson.csv,pearson,raft,0.5,100,1000,100_1000,100000,2.0,3.0,2.0,3.199320798592645,5.627649070033254,3.1393024540207035,3.2410792027376307,1378.168927597224,1742.1245574951172,424276.59034729004,1582.4164850176087,72.81696132607003,pearson_raft,846811.056137085,1742.1245574951172,1568.7942504882812,1570.7015991210938,1564.7411346435547,1478.231595511195,1649.1233307676378,1529.6715743401917,1562.5311298865736,1500.4704628081404,1604.9825332111575,1576.4905456480917,1645.254665211266,1514.9815759284195,1536.7381961445149,1614.5737493897395,1608.4003683505823,1571.140746838534,1582.9650125792928,1627.674054536631,1605.66419023092,1697.6240210066687,1378.168927597224,1655.1207022630929,1591.826716424692
results/GeneratedSparse/100_cells_1000_features/0.75/sparse_CPU_cosine.csv,cosine,CPU,0.75,100,1000,100_1000,100000,2.0,3.0,2.0,3.0538424304550196,3.456214155357989,3.0409976924234905,3.0629578340845103,1099.0,1156.0,2859.0,1131.9895833333333,17.460443264506647,cosine_CPU,2859.0,1156.0,1130.25,1142.75,1139.0,1152.75,1123.0,1129.75,1121.75,1129.5,1141.25,1145.5,1149.25,1151.25,1145.0,1115.75,1156.0,1099.0,1099.5,1110.75,1149.25,1115.75,1104.0,1125.25,1135.5
results/GeneratedSparse/100_cells_1000_features/0.75/sparse_CPU_euclidean.csv,euclidean,CPU,0.75,100,1000,100_1000,100000,2.0,3.0,2.0,3.1812032221974844,3.4564039942742886,3.161143309042809,3.2059483085824376,1449.25,1606.75,2860.25,1517.7604166666667,46.216456257409604,euclidean_CPU,2860.25,1470.0,1546.0,1449.25,1520.25,1480.75,1536.75,1530.75,1544.0,1483.0,1484.25,1496.0,1587.5,1488.0,1549.0,1582.0,1573.0,1457.25,1606.75,1471.0,1471.75,1558.25,1576.5,1500.5,1463.75
results/GeneratedSparse/100_cells_1000_features/0.75/sparse_CPU_kendall.csv,kendall,CPU,0.75,100,1000,100_1000,100000,2.0,3.0,2.0,4.239651340363867,4.342856758301525,4.173200841808088,4.305216975361719,14900.5,20193.75,22022.0,17364.0625,1302.9381205927432,kendall_CPU,22022.0,18610.75,16328.0,16852.5,16472.25,15931.75,17832.0,16662.75,18274.5,18577.5,20193.75,17044.0,18976.75,17054.0,17220.25,14900.5,16034.75,19452.75,19437.0,15738.0,16711.25,17802.5,17558.25,16545.75,16526.0
results/GeneratedSparse/100_cells_1000_features/0.75/sparse_CPU_manhattan.csv,manhattan,CPU,0.75,100,1000,100_1000,100000,2.0,3.0,2.0,3.18936747549125,3.4861469968065726,3.0905225709469466,3.2493818233440925,1231.75,1775.75,3063.0,1546.5625,140.66809062026113,manhattan_CPU,3063.0,1698.75,1459.25,1390.75,1634.0,1438.75,1775.75,1535.25,1434.25,1767.0,1462.0,1656.0,1437.0,1431.5,1660.25,1434.5,1579.25,1231.75,1443.75,1545.0,1703.75,1701.0,1736.75,1560.25,1401.0
results/GeneratedSparse/100_cells_1000_features/0.75/sparse_CPU_pearson.csv,pearson,CPU,0.75,100,1000,100_1000,100000,2.0,3.0,2.0,4.3596656277454,3.4615360419630967,3.2173523198813627,4.666693441259673,1649.5,46418.75,2894.25,22891.045454545456,12527.924911072836,pearson_CPU,2894.25,1649.5,31412.75,24708.25,14994.5,26882.25,10906.5,2421.5,32126.75,2332.75,32840.25,36310.5,27252.75,23921.75,13473.0,21563.0,21885.5,25973.75,4041.75,26706.25,46418.75,36589.0,,39192.0,
results/GeneratedSparse/100_cells_1000_features/0.75/sparse_CPU_spearman.csv,spearman,CPU,0.75,100,1000,100_1000,100000,2.0,3.0,2.0,3.1473767741410255,3.564902672529205,3.056142262059052,3.241484220617673,1138.0,1743.75,3672.0,1404.03125,146.83003411860543,spearman_CPU,3672.0,1508.0,1309.75,1416.75,1309.75,1639.25,1570.5,1743.75,1273.75,1556.75,1502.75,1514.5,1535.25,1298.25,1158.25,1276.75,1354.0,1138.0,1375.5,1278.25,1472.75,1367.5,1290.0,1487.0,1319.75
results/GeneratedSparse/100_cells_1000_features/0.75/sparse_GPU_cosine.csv,cosine,GPU,0.75,100,1000,100_1000,100000,2.0,3.0,2.0,3.0189950589597014,6.119107689053608,2.932473764677153,3.080806804334362,856.0,1204.5,1315551.0,1044.7083333333333,84.8621942556807,cosine_GPU,1315551.0,1121.25,983.75,1122.25,886.25,1090.0,998.5,947.25,856.0,1058.5,1172.25,1008.0,1013.75,1130.25,973.75,1111.75,1120.75,1001.0,1014.75,1079.75,981.25,1204.5,1015.75,1128.0,1053.75
results/GeneratedSparse/100_cells_1000_features/0.75/sparse_GPU_euclidean.csv,euclidean,GPU,0.75,100,1000,100_1000,100000,2.0,3.0,2.0,3.023955132337188,6.078630156858873,2.944975908412048,3.098903186831587,881.0,1255.75,1198478.25,1056.7083333333333,102.07492312294708,euclidean_GPU,1198478.25,1090.5,959.5,897.75,1189.0,1187.5,1065.25,1062.75,891.25,1232.0,1044.75,1084.75,1089.0,1089.5,1255.75,1093.75,940.0,960.5,1048.5,1116.5,1052.0,1122.5,1074.0,933.0,881.0
results/GeneratedSparse/100_cells_1000_features/0.75/sparse_GPU_kendall.csv,kendall,GPU,0.75,100,1000,100_1000,100000,2.0,3.0,2.0,3.665635704298746,5.616300342883193,3.65748610775906,3.674171966593871,4544.5,4722.5,413333.25,4630.583333333333,44.156897504492115,kendall_GPU,413333.25,4685.0,4609.75,4655.0,4722.5,4599.0,4627.25,4697.5,4648.5,4623.5,4618.5,4607.0,4701.25,4615.25,4660.75,4544.5,4586.5,4621.75,4682.25,4645.75,4590.25,4556.75,4596.5,4599.0,4640.0
results/GeneratedSparse/100_cells_1000_features/0.75/sparse_GPU_manhattan.csv,manhattan,GPU,0.75,100,1000,100_1000,100000,2.0,3.0,2.0,3.102144165292292,5.676901335561781,3.0982109460284746,3.104572459545332,1253.75,1272.25,475227.25,1265.15625,4.79518665999215,manhattan_GPU,475227.25,1261.5,1268.25,1264.0,1258.0,1261.75,1272.25,1263.5,1258.25,1269.0,1253.75,1265.75,1262.25,1265.5,1269.75,1271.75,1263.25,1269.75,1266.25,1262.75,1271.0,1264.5,1269.75,1260.25,1271.0
results/GeneratedSparse/100_cells_1000_features/0.75/sparse_GPU_pearson.csv,pearson,GPU,0.75,100,1000,100_1000,100000,2.0,3.0,2.0,3.1639188402763585,6.122121224538654,3.1170225825735236,3.2212837994926864,1309.25,1664.5,1324711.25,1458.5416666666667,95.21375805114627,pearson_GPU,1324711.25,1525.25,1391.0,1448.0,1410.25,1591.75,1384.25,1591.0,1469.0,1335.5,1322.75,1451.5,1618.5,1484.0,1328.75,1547.5,1392.75,1401.75,1470.75,1664.5,1309.25,1405.5,1484.5,1526.5,1450.5
results/GeneratedSparse/100_cells_1000_features/0.75/sparse_GPU_spearman.csv,spearman,GPU,0.75,100,1000,100_1000,100000,2.0,3.0,2.0,3.2851844545777693,5.599150810742748,3.259952059922254,3.3081373786380386,1819.5,2033.0,397329.5,1928.34375,57.26531875202332,spearman_GPU,397329.5,2014.25,1921.5,1924.0,1897.0,1897.5,1970.75,1822.5,1997.5,1861.0,2005.5,1911.0,1936.75,1965.5,2024.0,1926.25,1897.0,1888.0,1948.25,1898.5,1819.5,1889.0,1887.75,1944.25,2033.0
results/GeneratedSparse/100_cells_1000_features/0.75/sparse_armadillo_cosine.csv,cosine,armadillo,0.75,100,1000,100_1000,100000,2.0,3.0,2.0,3.55036504255151,3.5569426131611723,3.5471689775442417,3.556965499896943,3525.08,3605.5,3605.31,3551.1175000000003,20.08385343379104,cosine_armadillo,3605.31,3525.08,3564.34,3557.65,3569.76,3530.33,3573.04,3545.24,3525.29,3529.68,3573.64,3560.6,3555.86,3581.23,3533.36,3548.66,3537.3,3542.96,3526.25,3545.4,3531.38,3605.5,3566.45,3551.7,3546.12
results/GeneratedSparse/100_cells_1000_features/0.75/sparse_armadillo_euclidean.csv,euclidean,armadillo,0.75,100,1000,100_1000,100000,2.0,3.0,2.0,3.5522109220627813,3.551654897587329,3.548560153826359,3.5560985757660295,3536.39,3598.31,3561.68,3566.2429166666666,17.377961013682143,euclidean_armadillo,3561.68,3547.95,3568.66,3561.47,3588.84,3564.71,3598.31,3568.09,3572.71,3551.3,3536.39,3594.98,3546.67,3580.85,3557.93,3558.06,3555.76,3543.86,3568.3,3595.38,3566.25,3579.01,3582.98,3539.87,3561.5
results/GeneratedSparse/100_cells_1000_features/0.75/sparse_armadillo_manhattan.csv,manhattan,armadillo,0.75,100,1000,100_1000,100000,2.0,3.0,2.0,4.0243290389434225,4.034941132310454,3.8434645061463364,4.187090443417236,6973.72,15384.75,10837.8,10576.185,1825.6841846346263,manhattan_armadillo,10837.8,10927.1,11058.6,11035.0,7506.87,11350.51,8993.97,15384.75,9372.01,10910.55,12252.69,10737.81,12040.31,9450.65,7687.0,9633.15,12859.43,10700.59,11376.55,9998.65,12810.48,9030.53,6973.72,10824.74,10912.78
results/GeneratedSparse/100_cells_1000_features/0.75/sparse_armadillo_pearson.csv,pearson,armadillo,0.75,100,1000,100_1000,100000,2.0,3.0,2.0,3.555476052742966,3.557995358366753,3.545533484498054,3.5640325027623803,3511.83,3664.65,3614.06,3593.155833333333,36.39367400577867,pearson_armadillo,3614.06,3566.56,3612.26,3609.01,3664.65,3603.34,3553.56,3514.02,3607.72,3511.83,3543.79,3597.77,3565.06,3590.52,3636.97,3566.4,3617.04,3604.63,3594.26,3619.79,3586.71,3633.56,3624.85,3617.88,3593.56
results/GeneratedSparse/100_cells_1000_features/0.75/sparse_armadillo_spearman.csv,spearman,armadillo,0.75,100,1000,100_1000,100000,2.0,3.0,2.0,3.5347097085561674,3.540964806957394,3.5317955810715027,3.5377385228262206,3402.48,3449.36,3475.08,3425.3874999999994,11.19580027287018,spearman_armadillo,3475.08,3409.46,3440.87,3428.72,3434.33,3423.47,3429.4,3436.75,3408.7,3429.88,3425.16,3440.96,3426.91,3423.46,3421.35,3415.97,3449.36,3427.02,3426.63,3419.98,3408.03,3437.83,3402.48,3421.01,3421.57
results/GeneratedSparse/100_cells_1000_features/0.75/sparse_arrayfirecuda_cosine.csv,cosine,arrayfirecuda,0.75,100,1000,100_1000,100000,2.0,3.0,2.0,3.0525955188998353,3.111151572881174,3.037625669914719,3.0651351102415427,1090.5,1161.81,1291.67,1128.7441666666666,15.748678493942133,cosine_arrayfirecuda,1291.67,1147.23,1120.73,1113.51,1120.53,1147.15,1133.86,1109.86,1133.56,1117.15,1128.41,1151.73,1122.22,1119.51,1124.09,1116.68,1144.11,1120.03,1118.12,1129.47,1139.62,1090.5,1161.81,1149.78,1130.2
results/GeneratedSparse/100_cells_1000_features/0.75/sparse_arrayfirecuda_euclidean.csv,euclidean,arrayfirecuda,0.75,100,1000,100_1000,100000,2.0,3.0,2.0,3.0597031748766916,3.115234293008563,3.0566342854215387,3.062209572187132,1139.29,1154.01,1303.87,1147.3691666666666,3.5513106930947345,euclidean_arrayfirecuda,1303.87,1150.49,1144.28,1145.94,1145.7,1150.13,1149.89,1154.01,1152.16,1146.72,1146.95,1144.86,1149.05,1148.09,1145.04,1150.18,1144.76,1145.61,1147.82,1151.78,1152.54,1142.29,1139.29,1147.06,1142.22
results/GeneratedSparse/100_cells_1000_features/0.75/sparse_arrayfirecuda_manhattan.csv,manhattan,arrayfirecuda,0.75,100,1000,100_1000,100000,2.0,3.0,2.0,4.127194861917132,4.131307426080266,4.12513629565629,4.130992752495096,13339.4,13520.5,13530.3,13402.779166666667,43.892728888798345,manhattan_arrayfirecuda,13530.3,13432.8,13367.8,13520.5,13426.3,13339.4,13383.9,13496.3,13400.0,13412.8,13414.2,13370.5,13375.5,13448.2,13375.8,13352.4,13386.8,13396.3,13470.8,13383.8,13367.0,13353.7,13389.8,13407.4,13394.7
results/GeneratedSparse/100_cells_1000_features/0.75/sparse_arrayfirecuda_pearson.csv,pearson,arrayfirecuda,0.75,100,1000,100_1000,100000,2.0,3.0,2.0,3.055418949007856,3.083846479295502,3.0497566789568906,3.0604371854601795,1121.39,1149.31,1212.96,1136.10625,7.159071059676666,pearson_arrayfirecuda,1212.96,1143.7,1132.18,1143.23,1142.28,1136.86,1121.54,1132.17,1134.56,1142.63,1141.49,1149.31,1128.04,1138.12,1132.74,1121.39,1134.84,1138.0,1124.84,1131.71,1138.02,1141.56,1133.71,1146.22,1137.41
results/GeneratedSparse/100_cells_1000_features/0.75/sparse_raft_cosine.csv,cosine,raft,0.75,100,1000,100_1000,100000,2.0,3.0,2.0,3.5917049684942994,5.8691013664185485,3.5794286587496926,3.602509079962406,3796.895625097533,4004.1383984977447,739777.92263031,3905.7547400039307,48.27806985383147,cosine_raft,1475576.877593994,3978.967666625977,3922.700881958008,3863.57307434082,3896.2364196777344,3925.3628462517327,3839.9949961433113,3897.781136581172,3926.8659011586574,3866.165673562161,3874.135347317233,3796.895625097533,3927.131248713043,3926.9184424924574,3929.6127634161367,3870.562919260112,3915.110377835944,3908.884477840695,3815.264879921307,3890.7892656980553,3917.6062945302247,4004.1383984977447,3938.9237512545183,3986.3105601733905,3918.1808117463625
results/GeneratedSparse/100_cells_1000_features/0.75/sparse_raft_euclidean.csv,euclidean,raft,0.75,100,1000,100_1000,100000,2.0,3.0,2.0,3.5810108090607113,5.842509167805444,3.566086950282303,3.5918660506735183,3682.026842789532,3907.2036743164062,695839.6434783936,3810.7530777603024,45.56009618124037,euclidean_raft,1387772.0832824707,3907.2036743164062,3827.333450317383,3790.140151977539,3787.27912902832,3836.0473241393006,3791.406813985589,3835.47429515698,3793.9538967628328,3804.5929407745057,3757.543861399524,3834.378058729488,3796.72075298815,3868.8813201614,3812.370156023804,3837.3936005891833,3824.6224578294855,3745.982987496313,3833.7106818993566,3839.850124030309,3760.181104217089,3682.026842789532,3822.8602558977673,3876.004803656111,3792.115182080896
results/GeneratedSparse/100_cells_1000_features/0.75/sparse_raft_manhattan.csv,manhattan,raft,0.75,100,1000,100_1000,100000,2.0,3.0,2.0,3.5936870482309686,5.836882599950406,3.5660959021167216,3.6289203623169874,3682.102738836335,4255.20377226004,686882.7342987059,3923.620981319716,133.48238927008504,manhattan_raft,1369847.536087036,3917.932510375977,3825.664520263672,3800.868988037109,4093.408584594727,4004.5646280271512,4042.335425700704,3859.8861452747674,4096.494537271271,3990.725734097901,3895.022421317145,3917.6955346254103,3924.46076227224,3967.944824965736,3781.0310556513728,3837.820718104133,3886.711556504397,3907.0983483112177,3779.246078879572,3931.0526297860392,4152.353238436965,3682.102738836335,3722.2758779883825,3895.00292009092,4255.20377226004
results/GeneratedSparse/100_cells_1000_features/0.75/sparse_raft_pearson.csv,pearson,raft,0.75,100,1000,100_1000,100000,2.0,3.0,2.0,3.185447588177791,5.675017896694667,3.153433762207465,3.2254048834242606,1423.750082352047,1680.3698608640357,473170.7572937012,1532.666228932531,61.315211728974674,pearson_raft,944730.7586669922,1610.7559204101562,1522.7794647216797,1497.030258178711,1498.4607696533203,1556.0858118390786,1680.3698608640357,1542.0038977530087,1555.2691513608777,1505.0274356996133,1577.9242876828057,1610.8632533987577,1570.5111531136572,1600.4911972608272,1554.7648856798671,1487.023945433761,1451.9727396246126,1440.1725238458855,1585.4426328340628,1445.2618741585156,1505.233839276914,1532.980275970854,1423.750082352047,1549.2741471093289,1480.540086158366
results/GeneratedSparse/100_cells_1000_features/0.9/sparse_CPU_cosine.csv,cosine,CPU,0.9,100,1000,100_1000,100000,2.0,3.0,2.0,3.1574000976204237,3.438304964532098,3.0844869077350436,3.2068258760318495,1214.75,1610.0,2743.5,1436.8125,84.27658612420178,cosine_CPU,2743.5,1349.5,1483.5,1214.75,1453.25,1524.75,1465.5,1474.5,1270.75,1494.0,1467.25,1453.0,1506.25,1365.5,1377.5,1405.0,1461.75,1481.0,1610.0,1423.75,1397.75,1333.75,1517.0,1469.0,1484.5
results/GeneratedSparse/100_cells_1000_features/0.9/sparse_CPU_euclidean.csv,euclidean,CPU,0.9,100,1000,100_1000,100000,2.0,3.0,2.0,3.151337923168123,3.4392932107190117,3.046982642758214,3.2149762347220663,1114.25,1640.5,2749.75,1416.8958333333333,123.34065117648312,euclidean_CPU,2749.75,1611.0,1346.25,1428.5,1436.0,1384.5,1479.5,1114.25,1405.75,1375.0,1597.25,1556.25,1395.25,1511.25,1241.5,1488.0,1388.0,1315.75,1307.75,1589.0,1360.25,1393.25,1346.5,1640.5,1294.25
results/GeneratedSparse/100_cells_1000_features/0.9/sparse_CPU_kendall.csv,kendall,CPU,0.9,100,1000,100_1000,100000,2.0,3.0,2.0,3.9125464159022263,4.0758844121026305,3.7298934039632377,4.033775471983679,5369.0,10808.75,11909.25,8176.104166666667,1383.8034823236183,kendall_CPU,11909.25,7718.25,9530.25,7718.25,8897.75,8363.75,8962.25,8376.75,6281.25,8716.25,5725.25,9948.5,9474.0,7540.5,8537.25,8594.25,8464.0,8827.25,10808.75,6470.25,7149.25,7926.75,10364.0,5369.0,6462.75
results/GeneratedSparse/100_cells_1000_features/0.9/sparse_CPU_manhattan.csv,manhattan,CPU,0.9,100,1000,100_1000,100000,2.0,3.0,2.0,2.910652192089015,3.3755721739180373,2.841672250073634,2.975546686034573,694.5,945.25,2374.5,814.0520833333334,54.88994572317462,manhattan_CPU,2374.5,854.0,752.0,884.75,834.5,872.5,790.25,810.75,810.25,898.0,789.25,784.25,830.75,832.5,828.75,870.25,738.75,945.25,760.5,781.0,791.75,790.5,828.25,694.5,764.0
results/GeneratedSparse/100_cells_1000_features/0.9/sparse_CPU_pearson.csv,pearson,CPU,0.9,100,1000,100_1000,100000,2.0,3.0,2.0,3.0838160443887777,3.439924510158824,2.3273589343863303,3.3144992279731516,212.5,2063.0,2753.75,1212.875,462.378125834257,pearson_CPU,2753.75,1495.0,972.75,1158.75,957.25,354.75,1196.75,2063.0,1108.5,1550.5,212.5,723.25,1507.75,1114.25,1311.75,982.0,1877.25,1827.25,1307.75,1320.0,1202.75,1772.5,525.0,893.25,1674.5
results/GeneratedSparse/100_cells_1000_features/0.9/sparse_CPU_spearman.csv,spearman,CPU,0.9,100,1000,100_1000,100000,2.0,3.0,2.0,2.9175547390568863,3.4735599546008133,2.7899330809317506,2.9832879197666284,616.5,962.25,2975.5,827.09375,75.06739376567454,spearman_CPU,2975.5,908.0,784.5,849.0,858.0,795.25,921.75,879.75,616.5,887.75,773.0,849.25,748.25,797.25,830.0,948.25,838.5,847.0,858.5,748.5,837.25,962.25,737.0,820.0,754.75
results/GeneratedSparse/100_cells_1000_features/0.9/sparse_GPU_cosine.csv,cosine,GPU,0.9,100,1000,100_1000,100000,2.0,3.0,2.0,2.9544887408920184,6.0946425590157665,2.9476787399369364,2.959875771985819,886.5,911.75,1243490.75,900.5104166666666,5.675917311447454,cosine_GPU,1243490.75,896.75,904.0,892.5,897.25,899.5,902.25,906.0,896.25,904.75,901.5,900.75,911.75,890.25,905.5,898.5,902.5,886.5,897.75,901.5,901.0,905.25,906.5,907.75,896.0
results/GeneratedSparse/100_cells_1000_features/0.9/sparse_GPU_euclidean.csv,euclidean,GPU,0.9,100,1000,100_1000,100000,2.0,3.0,2.0,3.1591283662590146,6.071762928046086,2.630173529786771,3.3408900787491365,426.75,2192.25,1179676.5,1442.5416666666667,509.03015764185216,euclidean_GPU,1179676.5,1679.5,803.25,1583.25,1141.75,1373.0,656.75,1609.25,2156.0,1594.25,811.0,2192.25,989.5,2081.0,1378.25,1692.0,2098.0,1136.75,1490.25,2059.25,1690.5,1546.25,426.75,1811.5,620.75
results/GeneratedSparse/100_cells_1000_features/0.9/sparse_GPU_kendall.csv,kendall,GPU,0.9,100,1000,100_1000,100000,2.0,3.0,2.0,3.180146790978732,5.595700093963784,3.1253185781235264,3.214578953570499,1334.5,1639.0,394185.0,1514.0729166666667,74.46162599392872,kendall_GPU,394185.0,1587.0,1456.0,1528.75,1520.75,1524.5,1415.5,1639.0,1516.5,1334.5,1523.5,1534.0,1403.75,1405.75,1462.25,1570.5,1506.75,1532.25,1526.0,1579.75,1606.75,1434.5,1537.0,1630.75,1561.75
results/GeneratedSparse/100_cells_1000_features/0.9/sparse_GPU_manhattan.csv,manhattan,GPU,0.9,100,1000,100_1000,100000,2.0,3.0,2.0,2.9863938008302666,5.626763418705695,2.873175231276166,3.064925727001698,746.75,1161.25,423412.25,969.15625,113.27834479033272,manhattan_GPU,423412.25,1059.25,872.0,1051.75,924.75,804.0,1148.25,984.0,746.75,932.0,874.25,1059.25,1056.0,1008.25,802.75,999.5,1114.0,1161.25,909.0,843.5,937.5,1032.25,891.0,919.5,1129.0
results/GeneratedSparse/100_cells_1000_features/0.9/sparse_GPU_pearson.csv,pearson,GPU,0.9,100,1000,100_1000,100000,2.0,3.0,2.0,3.348585306499514,6.080808516990835,2.836482357458148,3.5724359280473372,686.25,3736.25,1204504.75,2231.440476190476,940.0910413889567,pearson_GPU,1204504.75,2426.25,820.75,,3173.0,2235.0,2911.5,3736.25,3515.25,2750.75,2926.25,3415.0,1024.25,1918.5,2142.75,686.25,3311.0,1298.25,2132.75,1399.75,1214.25,2682.0,,1140.5,
results/GeneratedSparse/100_cells_1000_features/0.9/sparse_GPU_spearman.csv,spearman,GPU,0.9,100,1000,100_1000,100000,2.0,3.0,2.0,3.089419348075832,5.599478324031003,3.0264311136391604,3.161517733138683,1062.75,1450.5,397629.25,1228.625,100.59588087988494,spearman_GPU,397629.25,1292.0,1171.5,1332.25,1062.75,1219.5,1182.5,1076.0,1263.75,1450.5,1300.5,1144.5,1079.75,1371.5,1261.75,1385.0,1161.0,1127.75,1289.0,1136.75,1179.5,1202.0,1251.75,1330.25,1215.25
results/GeneratedSparse/100_cells_1000_features/0.9/sparse_armadillo_cosine.csv,cosine,armadillo,0.9,100,1000,100_1000,100000,2.0,3.0,2.0,3.057874264373461,3.055703166121532,3.052413040674482,3.0637873103176716,1128.27,1158.21,1136.85,1142.5475,6.827582081771946,cosine_armadillo,1136.85,1136.21,1151.59,1139.25,1138.64,1144.5,1137.47,1143.7,1152.03,1141.64,1144.23,1143.87,1138.03,1135.7,1149.68,1143.82,1136.95,1152.0,1158.21,1140.36,1135.48,1128.27,1147.92,1146.5,1135.09
results/GeneratedSparse/100_cells_1000_features/0.9/sparse_armadillo_euclidean.csv,euclidean,armadillo,0.9,100,1000,100_1000,100000,2.0,3.0,2.0,3.066087277428346,3.0635697730052747,3.054463668331203,3.080713048623299,1133.61,1204.24,1157.63,1164.36,16.468694291493374,euclidean_armadillo,1157.63,1151.57,1188.84,1154.33,1149.27,1179.82,1179.02,1185.05,1204.24,1165.47,1175.83,1155.35,1152.38,1150.24,1164.68,1175.93,1177.91,1148.65,1163.14,1149.4,1139.72,1133.61,1171.17,1164.55,1164.47
results/GeneratedSparse/100_cells_1000_features/0.9/sparse_armadillo_manhattan.csv,manhattan,armadillo,0.9,100,1000,100_1000,100000,2.0,3.0,2.0,4.0358709799698715,4.0344078447708025,3.983120894710853,4.067245729493521,9618.8,11674.7,10824.5,10861.029166666667,482.1208194695311,manhattan_armadillo,10824.5,10920.9,11159.8,11094.8,10110.6,11674.7,11387.3,10454.5,11206.9,10430.7,10491.2,10881.8,10612.2,11577.9,10848.8,10829.7,11316.3,10318.3,11189.4,11208.3,11227.2,9618.8,10435.5,11112.7,10556.4
results/GeneratedSparse/100_cells_1000_features/0.9/sparse_armadillo_pearson.csv,pearson,armadillo,0.9,100,1000,100_1000,100000,2.0,3.0,2.0,3.076027217659255,3.0720807067768554,3.0635547664147325,3.0897426619862443,1157.59,1229.54,1180.54,1191.3166666666666,18.072096047651915,pearson_armadillo,1180.54,1184.97,1194.98,1226.16,1184.96,1159.64,1177.08,1229.54,1195.74,1191.68,1183.29,1186.63,1192.26,1192.67,1190.65,1200.95,1191.03,1181.1,1222.13,1157.59,1171.44,1199.67,1217.92,1183.63,1175.89
results/GeneratedSparse/100_cells_1000_features/0.9/sparse_armadillo_spearman.csv,spearman,armadillo,0.9,100,1000,100_1000,100000,2.0,3.0,2.0,3.433319443169303,3.431516544600229,3.428800310086408,3.4397620382588308,2684.11,2752.72,2700.95,2712.1858333333334,14.754178198244583,spearman_armadillo,2700.95,2684.11,2703.14,2722.38,2710.51,2714.65,2698.69,2706.71,2715.23,2724.26,2699.42,2692.08,2712.62,2710.49,2698.62,2752.72,2690.6,2720.91,2721.88,2711.64,2720.61,2707.26,2735.51,2712.04,2726.38
results/GeneratedSparse/100_cells_1000_features/0.9/sparse_arrayfirecuda_cosine.csv,cosine,arrayfirecuda,0.9,100,1000,100_1000,100000,2.0,3.0,2.0,3.0471815392227812,3.0778401027349935,3.0460422943353755,3.0487524576994898,1111.84,1118.8,1196.3,1114.7604166666667,1.6805888828192397,cosine_arrayfirecuda,1196.3,1113.73,1116.06,1115.27,1114.2,1118.8,1114.6,1113.53,1114.66,1116.65,1111.84,1113.87,1112.61,1115.3,1112.83,1113.1,1116.43,1116.57,1114.9,1112.55,1116.69,1117.27,1114.51,1114.63,1113.65
results/GeneratedSparse/100_cells_1000_features/0.9/sparse_arrayfirecuda_euclidean.csv,euclidean,arrayfirecuda,0.9,100,1000,100_1000,100000,2.0,3.0,2.0,3.0473616851438363,3.0552368567865105,3.045373839126108,3.0493614712610526,1110.13,1120.37,1135.63,1115.2229166666666,2.713379625680004,euclidean_arrayfirecuda,1135.63,1112.29,1116.78,1115.03,1110.38,1117.53,1119.2,1119.47,1114.22,1117.29,1110.13,1114.99,1114.21,1113.78,1115.0,1116.69,1118.87,1113.67,1111.22,1120.37,1112.89,1114.44,1115.54,1114.78,1116.58
results/GeneratedSparse/100_cells_1000_features/0.9/sparse_arrayfirecuda_manhattan.csv,manhattan,arrayfirecuda,0.9,100,1000,100_1000,100000,2.0,3.0,2.0,4.128770043342147,4.131012024778481,4.127117762185704,4.130346636289022,13400.4,13500.4,13521.1,13451.479166666666,25.89251788912939,manhattan_arrayfirecuda,13521.1,13474.5,13437.8,13472.9,13441.6,13400.4,13447.1,13453.1,13500.4,13418.0,13413.6,13449.4,13446.3,13487.5,13475.4,13484.3,13459.2,13437.1,13411.3,13461.9,13489.8,13439.7,13443.1,13429.4,13461.7
results/GeneratedSparse/100_cells_1000_features/0.9/sparse_arrayfirecuda_pearson.csv,pearson,arrayfirecuda,0.9,100,1000,100_1000,100000,2.0,3.0,2.0,3.0527993933115156,3.080979838643899,3.04883008652835,3.0577231440975394,1119.0,1142.15,1204.98,1129.2741666666668,6.656961216567901,pearson_arrayfirecuda,1204.98,1123.25,1132.91,1120.26,1125.54,1125.94,1125.6,1136.31,1140.88,1125.83,1135.22,1128.59,1131.74,1119.63,1127.97,1138.45,1123.59,1130.74,1121.62,1138.25,1127.52,1142.15,1127.28,1119.0,1134.31
results/GeneratedSparse/100_cells_1000_features/0.9/sparse_raft_cosine.csv,cosine,raft,0.9,100,1000,100_1000,100000,2.0,3.0,2.0,3.5707221300127707,5.888013297379038,3.560088831913628,3.578677905810347,3631.5232745493977,3790.337705824368,772704.2436599733,3721.535190638328,34.809283494363314,cosine_raft,1541683.4354400637,3725.051879882813,3683.5670471191406,3699.779510498047,3765.583038330078,3757.7073082686616,3724.656715026691,3676.1380123062736,3747.125965606024,3705.6619981287863,3681.0533147057777,3756.302334462639,3694.0240010599473,3727.600582965943,3753.5776575181785,3710.2572678499855,3736.151010830567,3790.337705824368,3741.1104635313673,3719.014563279852,3631.5232745493977,3693.073528643986,3709.1146999498287,3762.920341633093,3725.512353348429
results/GeneratedSparse/100_cells_1000_features/0.9/sparse_raft_euclidean.csv,euclidean,raft,0.9,100,1000,100_1000,100000,2.0,3.0,2.0,3.574824406548395,5.871131651269681,3.5601222922052984,3.590049973205806,3631.8030766516745,3890.899140450376,743244.4095611572,3756.854768516925,57.701510737602106,euclidean_raft,1482677.2212982178,3811.59782409668,3706.216812133789,3760.814666748047,3766.775131225586,3783.2114329913375,3848.3180367886816,3697.969224816929,3784.9485136030976,3685.252807826332,3850.5853255468646,3813.712741408068,3732.397870569818,3748.108955519325,3801.954792927599,3725.854752512557,3890.899140450376,3631.8030766516745,3711.4292914720177,3706.7848054318392,3761.749916281453,3735.4948842948634,3746.5573894431745,3732.5961243893407,3729.480927276748
results/GeneratedSparse/100_cells_1000_features/0.9/sparse_raft_manhattan.csv,manhattan,raft,0.9,100,1000,100_1000,100000,2.0,3.0,2.0,3.574262744830423,5.881853161919559,3.557782566049611,3.5881661038614046,3612.289644033546,3874.0578701313166,761821.3891983032,3751.9992667256897,67.91258779485962,manhattan_raft,1519873.857498169,3768.9208984375,3803.014755249024,3765.344619750977,3662.109375,3612.289644033546,3726.5223480450377,3779.9533401038366,3693.050752269725,3780.50815551646,3680.1012312243574,3652.55364035086,3726.466962547108,3754.325133628919,3726.9224969714032,3775.29582632326,3819.193412135452,3721.602242546209,3826.5849191855928,3658.5882134355384,3743.0781016565943,3789.36682211152,3838.541888557896,3874.0578701313166,3869.589752204415
results/GeneratedSparse/100_cells_1000_features/0.9/sparse_raft_pearson.csv,pearson,raft,0.9,100,1000,100_1000,100000,2.0,3.0,2.0,3.1832472278747357,5.634731244981516,3.150722946974594,3.2133229499473943,1414.890879097361,1634.266769177062,431252.121925354,1524.920587963351,51.117061934169875,pearson_raft,860923.2902526855,1580.953598022461,1464.84375,1465.7974243164062,1499.652862548828,1501.6830727386696,1500.5443460509978,1564.1774723246829,1523.558365102606,1529.1037132399283,1543.8013186699304,1455.7689870482282,1536.6033383779184,1505.5758672974905,1552.0464419270877,1634.266769177062,1499.8429844119084,1532.0352801386407,1461.6378277290692,1572.905055787882,1614.4334939353528,1510.8556491382428,1569.7855960800714,1414.890879097361,1563.3300179595988
results/GeneratedSparse/100_cells_1000_features/0.95/sparse_CPU_cosine.csv,cosine,CPU,0.95,100,1000,100_1000,100000,2.0,3.0,2.0,3.196317264059205,3.4175132107676767,2.9143431571194407,3.334051440346892,821.0,2158.0,2615.25,1571.5104166666667,343.5296375433417,cosine_CPU,2615.25,1318.5,1738.25,1547.0,1521.25,1586.5,1317.0,1802.5,2050.5,1157.5,1304.75,2158.0,821.0,1667.5,1368.75,1346.0,2112.0,1431.75,1466.0,1300.5,1097.25,1872.25,1954.0,2088.0,1689.5
results/GeneratedSparse/100_cells_1000_features/0.95/sparse_CPU_euclidean.csv,euclidean,CPU,0.95,100,1000,100_1000,100000,2.0,3.0,2.0,2.9716333603738914,3.4149733479708178,2.9485352161613654,3.0043213737826426,888.25,1010.0,2600.0,936.7708333333334,29.181714868028042,euclidean_CPU,2600.0,961.25,913.75,942.0,918.75,888.25,960.0,892.5,945.5,903.75,928.25,941.25,920.5,970.5,935.5,969.5,912.75,1010.0,944.0,915.25,968.0,889.5,954.75,941.25,955.75
results/GeneratedSparse/100_cells_1000_features/0.95/sparse_CPU_kendall.csv,kendall,CPU,0.95,100,1000,100_1000,100000,2.0,3.0,2.0,3.5192604270406385,3.8028079203616287,3.2360961934241854,3.6940345384921605,1722.25,4943.5,6350.5,3305.6770833333335,770.8366817917137,kendall_CPU,6350.5,3862.5,2821.5,2856.25,3160.75,3678.0,4221.25,2731.0,2758.25,2754.25,2515.5,3333.75,3591.5,1722.25,3929.75,2564.0,3627.75,2623.75,2426.0,3868.75,4355.5,4051.75,4943.5,4298.25,2640.5
results/GeneratedSparse/100_cells_1000_features/0.95/sparse_CPU_manhattan.csv,manhattan,CPU,0.95,100,1000,100_1000,100000,2.0,3.0,2.0,3.0230809034466484,3.3422746006428197,2.80174661921946,3.117105502761251,633.5,1309.5,2199.25,1054.5833333333333,138.12506913019888,manhattan_CPU,2199.25,935.0,1121.0,1087.0,1082.5,1000.25,1164.5,1066.25,999.25,1019.0,1087.5,1075.0,929.75,1247.5,1083.5,847.0,1309.5,633.5,1129.0,1152.0,1018.0,1054.0,979.5,1284.5,1005.0
results/GeneratedSparse/100_cells_1000_features/0.95/sparse_CPU_pearson.csv,pearson,CPU,0.95,100,1000,100_1000,100000,2.0,3.0,2.0,3.0726442670099123,3.4133416823749867,2.8309092995464433,3.204798038190855,677.5,1602.5,2590.25,1182.0729166666667,227.91369756407008,pearson_CPU,2590.25,1412.25,905.0,1079.5,943.0,1234.0,1291.0,1336.0,891.5,1260.25,1195.0,964.75,1223.75,1439.25,1091.25,944.25,1260.5,997.0,1602.5,677.5,1586.5,1148.5,1349.25,1094.0,1443.25
results/GeneratedSparse/100_cells_1000_features/0.95/sparse_CPU_spearman.csv,spearman,CPU,0.95,100,1000,100_1000,100000,2.0,3.0,2.0,2.8039973713998965,3.425697213362591,2.732996528111129,2.861086145398387,540.75,726.25,2665.0,636.7916666666666,41.799725045613506,spearman_CPU,2665.0,674.75,617.0,682.25,610.0,561.0,540.75,631.0,605.0,668.0,608.5,677.5,672.5,634.5,675.0,726.25,664.0,631.75,607.5,639.25,651.75,575.5,673.0,633.5,622.75
results/GeneratedSparse/100_cells_1000_features/0.95/sparse_GPU_cosine.csv,cosine,GPU,0.95,100,1000,100_1000,100000,2.0,3.0,2.0,2.9177242646480415,6.105727022402457,2.868938178332911,2.9761206182998157,739.5,946.5,1275636.75,827.4166666666666,46.93178042530337,cosine_GPU,1275636.75,840.0,754.0,822.0,795.0,822.5,856.75,844.25,808.0,838.0,832.25,791.5,873.5,838.0,806.75,910.5,867.75,746.75,739.5,837.75,831.75,946.5,777.75,818.5,858.75
results/GeneratedSparse/100_cells_1000_features/0.95/sparse_GPU_euclidean.csv,euclidean,GPU,0.95,100,1000,100_1000,100000,2.0,3.0,2.0,2.94136130013748,6.080466843540157,2.813747736307581,3.031408464251624,651.25,1075.0,1203557.5,873.6979166666666,109.63312349145697,euclidean_GPU,1203557.5,927.75,800.5,876.5,762.0,817.0,1060.5,912.0,760.75,900.0,757.0,996.75,814.25,1051.0,920.75,826.25,851.5,1075.0,881.5,966.0,878.0,972.0,685.75,824.75,651.25
results/GeneratedSparse/100_cells_1000_features/0.95/sparse_GPU_kendall.csv,kendall,GPU,0.95,100,1000,100_1000,100000,2.0,3.0,2.0,3.061786145644891,5.61026294266181,2.9960736544852753,3.099507993727965,991.0,1257.5,407627.0,1152.8854166666667,71.51842635405035,kendall_GPU,407627.0,1200.0,1096.0,1211.75,1204.5,1195.25,1081.5,1131.25,1121.25,1152.5,1221.75,1257.5,1183.75,1052.25,1143.75,1227.5,1239.0,1148.25,1190.0,995.75,1147.0,1085.25,1162.25,991.0,1230.25
results/GeneratedSparse/100_cells_1000_features/0.95/sparse_GPU_manhattan.csv,manhattan,GPU,0.95,100,1000,100_1000,100000,2.0,3.0,2.0,2.936078937195471,5.5968628135394285,2.8752060040968903,2.999021736456061,750.25,997.75,395241.75,863.1354166666666,72.39363530835928,manhattan_GPU,395241.75,906.5,805.0,988.5,750.25,889.0,997.75,835.75,850.75,835.25,968.25,831.75,956.75,757.0,857.75,839.75,927.5,805.0,761.5,794.25,786.0,891.25,934.25,919.5,826.0
results/GeneratedSparse/100_cells_1000_features/0.95/sparse_GPU_pearson.csv,pearson,GPU,0.95,100,1000,100_1000,100000,2.0,3.0,2.0,2.986673783099515,6.075751013607129,2.5428254269591797,3.0859146287065933,349.0,1218.75,1190559.25,969.78125,196.01027439721327,pearson_GPU,1190559.25,1218.25,788.25,912.25,1165.75,977.75,833.75,1027.5,1181.75,657.0,922.25,962.5,1030.0,1020.0,1189.25,924.25,1026.75,932.75,1181.75,1218.75,795.5,1117.25,986.75,349.0,855.75
results/GeneratedSparse/100_cells_1000_features/0.95/sparse_GPU_spearman.csv,spearman,GPU,0.95,100,1000,100_1000,100000,2.0,3.0,2.0,2.9708358021819183,5.468693224884516,2.9235030669421045,3.020154031638333,838.5,1047.5,294234.25,935.0520833333334,58.45805027105382,spearman_GPU,294234.25,1000.75,912.75,990.5,949.75,907.75,875.5,945.25,951.5,941.5,838.5,908.25,930.75,914.5,840.5,1042.5,944.25,882.75,932.25,1018.0,1000.75,856.25,1047.5,946.5,862.75
results/GeneratedSparse/100_cells_1000_features/0.95/sparse_armadillo_cosine.csv,cosine,armadillo,0.95,100,1000,100_1000,100000,2.0,3.0,2.0,2.842280638525841,2.836802462421698,2.8281441073037863,2.8606062877283738,673.2,725.448,686.756,695.4735833333334,13.785011615630058,cosine_armadillo,686.756,673.2,707.455,696.424,687.988,705.662,694.947,693.24,720.331,676.38,677.512,725.448,693.015,696.419,702.898,685.508,701.741,678.313,710.07,678.333,685.659,692.878,712.204,706.673,689.068
results/GeneratedSparse/100_cells_1000_features/0.95/sparse_armadillo_euclidean.csv,euclidean,armadillo,0.95,100,1000,100_1000,100000,2.0,3.0,2.0,2.863918911739569,2.862497511764987,2.857858759508021,2.86858801758492,720.873,738.904,728.614,731.0025833333333,5.255198401873663,euclidean_armadillo,728.614,723.775,733.143,737.361,733.684,724.099,738.238,734.592,737.703,725.472,728.229,733.692,723.258,735.786,733.79,733.754,738.904,727.958,720.873,727.848,737.288,726.222,728.233,730.741,729.419
results/GeneratedSparse/100_cells_1000_features/0.95/sparse_armadillo_manhattan.csv,manhattan,armadillo,0.95,100,1000,100_1000,100000,2.0,3.0,2.0,4.028280066645145,4.027194620589367,4.025588474418478,4.030194785356751,10606.9,10720.0,10646.2,10672.841666666665,29.27437612011944,manhattan_armadillo,10646.2,10622.2,10720.0,10681.8,10675.6,10674.6,10700.1,10660.5,10682.6,10692.6,10700.1,10672.8,10679.3,10694.4,10627.8,10716.8,10606.9,10670.8,10673.8,10645.5,10685.9,10652.5,10668.1,10712.9,10630.6
results/GeneratedSparse/100_cells_1000_features/0.95/sparse_armadillo_pearson.csv,pearson,armadillo,0.95,100,1000,100_1000,100000,2.0,3.0,2.0,2.869240914156463,2.85448822504443,2.854556220534889,2.8807021471619296,715.412,759.805,715.3,740.0156666666666,11.833163364976494,pearson_armadillo,715.3,722.904,739.705,743.161,744.674,759.805,749.872,726.538,746.476,748.579,750.449,715.412,739.577,723.452,733.058,745.672,733.848,727.639,740.049,755.983,739.732,745.235,721.548,752.275,754.733
results/GeneratedSparse/100_cells_1000_features/0.95/sparse_armadillo_spearman.csv,spearman,armadillo,0.95,100,1000,100_1000,100000,2.0,3.0,2.0,3.3838647895889618,3.397194119184722,3.3799958506275423,3.3866648040550364,2398.81,2435.93,2495.71,2420.275416666667,10.489026003068862,spearman_armadillo,2495.71,2405.82,2427.77,2429.66,2424.69,2411.4,2411.09,2406.75,2421.64,2435.84,2421.75,2420.2,2432.54,2429.25,2398.81,2420.43,2407.8,2424.88,2415.9,2420.94,2405.36,2433.54,2435.93,2414.08,2430.54
results/GeneratedSparse/100_cells_1000_features/0.95/sparse_arrayfirecuda_cosine.csv,cosine,arrayfirecuda,0.95,100,1000,100_1000,100000,2.0,3.0,2.0,3.045351669966845,3.0891488515823493,3.0374743075454904,3.0502521175789625,1090.12,1122.67,1227.86,1110.0733333333335,7.545721561844779,cosine_arrayfirecuda,1227.86,1119.26,1105.74,1090.12,1112.8,1122.67,1104.34,1118.21,1102.46,1118.58,1103.08,1116.72,1110.23,1116.76,1115.11,1104.74,1116.81,1109.07,1099.85,1115.34,1108.9,1110.87,1105.03,1112.97,1102.1
results/GeneratedSparse/100_cells_1000_features/0.95/sparse_arrayfirecuda_euclidean.csv,euclidean,arrayfirecuda,0.95,100,1000,100_1000,100000,2.0,3.0,2.0,3.044819760002293,3.0617351308914453,3.0430634749764023,3.046483458126217,1104.24,1112.97,1152.75,1108.7145833333334,1.9481251225359042,euclidean_arrayfirecuda,1152.75,1110.07,1107.48,1109.91,1109.04,1109.27,1109.77,1105.06,1108.7,1109.77,1110.09,1109.16,1109.16,1105.69,1108.17,1108.27,1106.28,1108.3,1112.97,1111.86,1109.13,1110.53,1107.95,1104.24,1108.28
results/GeneratedSparse/100_cells_1000_features/0.95/sparse_arrayfirecuda_manhattan.csv,manhattan,arrayfirecuda,0.95,100,1000,100_1000,100000,2.0,3.0,2.0,4.134882024564835,4.123341943949637,4.121149319077149,4.145326954624265,13217.5,13974.2,13284.4,13642.125,178.26236808423707,manhattan_arrayfirecuda,13284.4,13502.0,13735.5,13639.8,13833.9,13613.6,13794.4,13974.2,13889.0,13585.0,13571.2,13548.9,13591.6,13862.6,13429.3,13217.5,13719.2,13741.8,13335.2,13861.0,13446.8,13645.6,13577.6,13711.6,13583.7
results/GeneratedSparse/100_cells_1000_features/0.95/sparse_arrayfirecuda_pearson.csv,pearson,arrayfirecuda,0.95,100,1000,100_1000,100000,2.0,3.0,2.0,3.0476830032444093,3.0840791463275585,3.043236491269038,3.0548389514797343,1104.68,1134.59,1213.61,1116.0483333333334,7.938545556684493,pearson_arrayfirecuda,1213.61,1120.78,1109.5,1134.59,1117.48,1105.13,1113.32,1109.4,1117.57,1113.95,1113.3,1111.15,1116.46,1122.12,1104.68,1124.27,1132.7,1104.72,1124.5,1105.39,1120.22,1119.29,1110.09,1118.09,1116.46
results/GeneratedSparse/100_cells_1000_features/0.95/sparse_raft_cosine.csv,cosine,raft,0.95,100,1000,100_1000,100000,2.0,3.0,2.0,3.573382570403433,5.859894483859664,3.566058280237252,3.5791406082266177,3681.78378100651,3794.378127885036,724259.9725723267,3744.402878239387,31.159931053714725,cosine_raft,1444729.8049926758,3790.140151977539,3747.46322631836,3710.269927978516,3711.223602294922,3732.9816154952096,3700.3543209822183,3726.1063733379456,3757.4637678194745,3744.679116108937,3703.6504280401814,3739.2232537672257,3793.8024631566186,3746.899359386888,3725.6419295934047,3738.1496220096615,3756.7772824018657,3716.232330625529,3792.8270529351776,3753.6250282580654,3794.378127885036,3764.974996860736,3783.5626808798415,3681.78378100651,3753.458638625416
results/GeneratedSparse/100_cells_1000_features/0.95/sparse_raft_euclidean.csv,euclidean,raft,0.95,100,1000,100_1000,100000,2.0,3.0,2.0,3.564881037512333,5.837476127976249,3.5501316984082423,3.5746389862945342,3549.210015711969,3755.251137086032,687822.1035003662,3671.8170784882336,48.52020565764175,euclidean_raft,1371927.7381896973,3716.468811035156,3709.793090820313,3611.8030548095694,3652.5726318359375,3703.4232754882464,3679.6064133152886,3735.1362097278297,3717.6057416466015,3712.230832837116,3622.702269825129,3608.7194541992585,3755.251137086032,3670.393619342553,3698.6996547150648,3684.053921039192,3641.387633869834,3672.1806823945753,3644.6458209320144,3648.803844181105,3655.6407907530806,3739.5396347842966,3609.8175330974896,3549.210015711969,3683.923810269948
results/GeneratedSparse/100_cells_1000_features/0.95/sparse_raft_manhattan.csv,manhattan,raft,0.95,100,1000,100_1000,100000,2.0,3.0,2.0,3.571320484834033,5.831166675364965,3.564543471528812,3.579208634091393,3668.964177952833,3794.972508150681,677901.6256332397,3726.6661175130516,32.23940126961792,manhattan_raft,1352025.5088806152,3777.742385864258,3694.534301757813,3735.065460205078,3719.806671142578,3701.758373286893,3776.788569341949,3711.5150284821734,3777.91636492446,3733.2731440212656,3757.7478093437926,3722.078045272496,3794.972508150681,3674.923705850461,3737.464293731464,3695.2944442749695,3724.5197927524714,3719.916531323792,3709.301594698219,3725.9790130370266,3696.043522748717,3752.6289069608506,3705.963368944583,3668.964177952833,3725.7888062444144
results/GeneratedSparse/100_cells_1000_features/0.95/sparse_raft_pearson.csv,pearson,raft,0.95,100,1000,100_1000,100000,2.0,3.0,2.0,3.1915392710663992,5.668821501452744,3.1689586246928907,3.223284630436535,1475.5659491672773,1672.186182340788,466467.6189422608,1554.3158333830397,43.456934597530676,pearson_raft,931329.0119171144,1606.2259674072266,1529.693603515625,1535.177230834961,1508.7127685546875,1524.677461795212,1582.0988029226012,1502.038437197196,1577.8944364414642,1521.9322735551762,1586.5670527083753,1672.186182340788,1571.993672168788,1542.8332804260365,1639.9994235258644,1554.3952929875345,1567.4730119599508,1475.5659491672773,1517.9439643101207,1561.533935544105,1537.1151727178612,1578.2516849760768,1524.006460463472,1565.649831108624,1519.6141045639226
results/GeneratedSparse/100_cells_1000_features/0.99/sparse_CPU_cosine.csv,cosine,CPU,0.99,100,1000,100_1000,100000,2.0,3.0,2.0,3.107665654882307,3.4117459360126303,3.0676287167282457,3.1388550851533203,1168.5,1376.75,2580.75,1281.34375,44.630707647360545,cosine_CPU,2580.75,1293.5,1235.25,1376.75,1305.5,1275.0,1264.0,1265.75,1284.5,1226.5,1344.25,1271.5,1312.25,1206.0,1285.5,1301.75,1250.0,1307.75,1318.75,1168.5,1277.5,1298.75,1294.75,1341.5,1246.75
results/GeneratedSparse/100_cells_1000_features/0.99/sparse_CPU_euclidean.csv,euclidean,CPU,0.99,100,1000,100_1000,100000,2.0,3.0,2.0,3.2533127596099094,3.399587200018076,3.059752694209299,3.3475251599986895,1147.5,2226.0,2509.5,1791.8958333333333,258.5143947139222,euclidean_CPU,2509.5,1944.75,1567.5,1899.0,1531.5,1503.25,2222.75,2226.0,2070.25,1473.0,1764.0,2005.0,1813.25,1841.0,1900.5,1885.25,1942.0,1720.0,1698.75,2195.5,1695.0,1449.75,1778.25,1147.5,1731.75
results/GeneratedSparse/100_cells_1000_features/0.99/sparse_CPU_kendall.csv,kendall,CPU,0.99,100,1000,100_1000,100000,2.0,3.0,2.0,3.0469745225999985,3.4794673349168423,2.8172347304254983,3.181057146162505,656.5,1517.25,3016.25,1114.2291666666667,233.62593539881703,kendall_CPU,3016.25,1283.75,938.25,1344.5,1215.25,1069.5,1250.25,830.5,1218.25,1184.5,771.0,966.5,1363.5,1029.75,887.75,1517.25,1390.25,1214.5,1347.75,732.5,1029.0,1234.0,656.5,1387.5,879.0
results/GeneratedSparse/100_cells_1000_features/0.99/sparse_CPU_manhattan.csv,manhattan,CPU,0.99,100,1000,100_1000,100000,2.0,3.0,2.0,2.675644703790387,4.209561926536216,2.612518962242537,2.7126497016272113,409.75,516.0,16201.75,473.8541666666667,29.224251190387903,manhattan_CPU,16201.75,496.75,453.75,445.25,439.25,460.25,484.0,464.5,460.75,476.0,498.75,449.75,409.75,493.0,516.0,513.5,506.0,411.75,482.0,475.75,476.75,451.5,501.5,498.25,507.75
results/GeneratedSparse/100_cells_1000_features/0.99/sparse_CPU_pearson.csv,pearson,CPU,0.99,100,1000,100_1000,100000,2.0,3.0,2.0,2.954714748907685,3.4163075870598827,2.926728200446934,2.984414787243434,844.75,964.75,2608.0,900.9791666666666,29.49001567150407,pearson_CPU,2608.0,913.0,868.5,880.25,886.0,928.75,878.5,925.25,870.5,915.25,932.5,878.0,856.5,878.5,887.0,907.75,924.5,915.25,930.75,844.75,913.5,964.75,893.25,881.5,949.0
results/GeneratedSparse/100_cells_1000_features/0.99/sparse_CPU_spearman.csv,spearman,CPU,0.99,100,1000,100_1000,100000,2.0,3.0,2.0,2.815411701875331,3.3806182020555218,2.0969100130080562,3.0975176000709466,125.0,1251.75,2402.25,653.75,269.0681988867765,spearman_CPU,2402.25,909.25,484.25,313.25,544.0,704.5,1251.75,,724.75,566.25,574.5,656.0,536.5,589.0,575.25,696.0,1105.5,233.75,852.0,690.75,780.5,1155.75,125.0,407.75,560.0
results/GeneratedSparse/100_cells_1000_features/0.99/sparse_GPU_cosine.csv,cosine,GPU,0.99,100,1000,100_1000,100000,2.0,3.0,2.0,3.837950593788353,6.0462778651896105,3.255393125707304,4.1331475477196795,1800.5,13587.75,1112443.25,6885.739583333333,3290.3315487063496,cosine_GPU,1112443.25,5476.75,10132.25,5259.0,7227.75,8415.5,6657.75,10520.25,3711.5,8399.75,5329.0,3876.75,2827.0,6546.75,11478.25,12534.25,5789.25,1889.5,1800.5,13587.75,11589.75,4711.0,3781.25,7876.0,5840.25
results/GeneratedSparse/100_cells_1000_features/0.99/sparse_GPU_euclidean.csv,euclidean,GPU,0.99,100,1000,100_1000,100000,2.0,3.0,2.0,3.688165476764458,6.071874278267757,3.0293837776852097,3.950887932257427,1070.0,8930.75,1179979.0,4877.142857142857,2326.2687700061924,euclidean_GPU,1179979.0,5509.5,1070.0,4436.25,4102.0,3616.5,8930.75,7045.25,4459.0,5584.0,1480.5,,3544.5,2601.75,8630.0,1692.5,8798.25,,5386.5,6889.25,7026.75,2850.75,5595.75,,3170.25
results/GeneratedSparse/100_cells_1000_features/0.99/sparse_GPU_kendall.csv,kendall,GPU,0.99,100,1000,100_1000,100000,2.0,3.0,2.0,2.895353473358244,5.595883772418686,2.803968953635653,2.988447470680621,636.75,973.75,394351.75,785.875,78.1736848306385,kendall_GPU,394351.75,842.0,736.0,801.0,811.75,640.5,733.5,904.5,755.5,870.25,731.0,636.75,872.75,738.25,731.75,723.75,871.5,778.75,738.5,822.0,727.0,820.75,973.75,777.5,822.0
results/GeneratedSparse/100_cells_1000_features/0.99/sparse_GPU_manhattan.csv,manhattan,GPU,0.99,100,1000,100_1000,100000,2.0,3.0,2.0,2.893807980807724,5.476332294036407,2.81424759573192,2.949755831023053,652.0,890.75,299455.5,783.0833333333334,57.1749265169814,manhattan_GPU,299455.5,839.25,742.0,840.25,710.0,808.25,753.0,742.75,830.0,801.5,828.5,735.5,766.75,813.25,845.25,890.75,817.0,652.0,697.25,792.25,729.5,785.75,734.5,771.0,867.75
results/GeneratedSparse/100_cells_1000_features/0.99/sparse_GPU_pearson.csv,pearson,GPU,0.99,100,1000,100_1000,100000,2.0,3.0,2.0,3.586226606634308,6.042478740218743,2.3820170425748683,3.934170081305294,241.0,8593.5,1102754.25,3856.7954545454545,2592.0736122977387,pearson_GPU,1102754.25,5040.0,706.25,3408.0,2090.0,8593.5,913.75,2769.5,7502.0,,549.5,383.75,2443.0,5699.5,5019.0,1941.5,6058.25,5146.0,,241.0,7353.0,6095.5,7611.75,3040.75,2244.0
results/GeneratedSparse/100_cells_1000_features/0.99/sparse_GPU_spearman.csv,spearman,GPU,0.99,100,1000,100_1000,100000,2.0,3.0,2.0,2.894229499832723,5.4565823672239615,2.81107205910691,2.940516484932567,647.25,872.0,286142.5,783.84375,59.743453812426175,spearman_GPU,286142.5,844.25,742.5,786.5,697.5,854.25,759.25,683.25,792.25,839.5,817.75,736.5,857.5,851.0,762.0,717.0,810.0,872.0,744.75,797.0,865.5,770.0,787.0,647.25,777.75
results/GeneratedSparse/100_cells_1000_features/0.99/sparse_armadillo_cosine.csv,cosine,armadillo,0.99,100,1000,100_1000,100000,2.0,3.0,2.0,2.0482253469181804,2.034520170263935,2.011786057237825,2.0824119319057206,102.751,120.896,108.273,111.74429166666668,4.931623959028495,cosine_armadillo,108.273,104.024,120.896,110.637,109.976,105.617,120.363,110.314,112.816,105.61,110.421,116.109,115.138,102.751,116.715,117.624,112.648,108.957,111.948,115.459,115.056,103.09,112.921,112.07,110.703
results/GeneratedSparse/100_cells_1000_features/0.99/sparse_armadillo_euclidean.csv,euclidean,armadillo,0.99,100,1000,100_1000,100000,2.0,3.0,2.0,2.1875885153055816,2.1419167415947453,2.1123837767132434,2.24652812363326,129.534,176.412,138.649,154.02404166666668,11.096919108770562,euclidean_armadillo,138.649,168.506,148.959,142.186,154.55,146.006,144.297,156.77,145.336,139.466,159.509,144.724,149.195,156.882,176.412,170.586,140.089,160.949,157.464,168.674,162.007,155.164,129.534,158.023,161.289
results/GeneratedSparse/100_cells_1000_features/0.99/sparse_armadillo_manhattan.csv,manhattan,armadillo,0.99,100,1000,100_1000,100000,2.0,3.0,2.0,4.019025889603775,4.012575726014386,4.015967175025231,4.021449797617328,10374.5,10506.3,10293.8,10447.824999999999,31.364141547314734,manhattan_armadillo,10293.8,10430.8,10445.8,10419.1,10484.5,10452.4,10490.2,10476.7,10472.2,10416.6,10374.5,10413.1,10434.1,10415.0,10444.1,10483.9,10429.2,10485.8,10468.8,10506.3,10446.3,10419.4,10467.3,10418.0,10453.7
results/GeneratedSparse/100_cells_1000_features/0.99/sparse_armadillo_pearson.csv,pearson,armadillo,0.99,100,1000,100_1000,100000,2.0,3.0,2.0,2.3637040148754767,2.3841257217770853,2.186015003535247,2.5799664189650806,153.467,380.16,242.173,231.04895833333333,52.28170994197299,pearson_armadillo,242.173,236.282,235.2,153.467,310.181,380.16,237.447,190.292,172.622,207.027,242.355,251.877,199.165,252.812,266.264,169.347,186.728,273.994,205.87,201.493,323.307,209.49,173.171,250.589,216.035
results/GeneratedSparse/100_cells_1000_features/0.99/sparse_armadillo_spearman.csv,spearman,armadillo,0.99,100,1000,100_1000,100000,2.0,3.0,2.0,3.3474519910183287,3.3377606668689475,3.317649723128685,3.381432784968682,2078.02,2406.76,2176.51,2225.625,71.63680560065946,spearman_armadillo,2176.51,2143.56,2316.77,2174.97,2214.61,2279.48,2406.76,2240.03,2141.63,2245.57,2307.18,2166.27,2151.6,2239.43,2288.8,2169.21,2156.74,2078.02,2214.67,2221.22,2173.83,2255.45,2296.77,2281.13,2251.3
results/GeneratedSparse/100_cells_1000_features/0.99/sparse_arrayfirecuda_cosine.csv,cosine,arrayfirecuda,0.99,100,1000,100_1000,100000,2.0,3.0,2.0,3.0512548108785094,3.0892125129748185,3.047465681330493,3.0545594346442444,1115.49,1133.86,1228.04,1125.265,4.560710836408426,cosine_arrayfirecuda,1228.04,1129.59,1122.42,1115.49,1119.75,1121.29,1124.72,1129.91,1126.55,1128.69,1132.49,1122.4,1125.8,1117.05,1128.68,1119.15,1125.73,1126.87,1124.26,1128.17,1128.01,1124.04,1129.08,1122.36,1133.86
results/GeneratedSparse/100_cells_1000_features/0.99/sparse_arrayfirecuda_euclidean.csv,euclidean,arrayfirecuda,0.99,100,1000,100_1000,100000,2.0,3.0,2.0,3.052040951693744,3.054436849978873,3.0518699630698394,3.052347599224664,1126.86,1128.1,1133.54,1127.30375,0.2796100334990451,euclidean_arrayfirecuda,1133.54,1127.08,1127.59,1126.87,1127.2,1127.29,1127.37,1127.47,1127.53,1127.36,1127.26,1127.05,1127.33,1126.86,1127.04,1127.08,1127.5,1127.32,1127.07,1127.3,1127.0,1127.78,1127.39,1127.45,1128.1
results/GeneratedSparse/100_cells_1000_features/0.99/sparse_arrayfirecuda_manhattan.csv,manhattan,arrayfirecuda,0.99,100,1000,100_1000,100000,2.0,3.0,2.0,4.126728273649611,4.129567447712158,4.126163888805839,4.127227939042046,13371.0,13403.8,13476.2,13388.387500000003,8.688609041919841,manhattan_arrayfirecuda,13476.2,13379.1,13392.3,13388.0,13379.6,13403.8,13399.2,13393.4,13391.9,13387.0,13400.2,13380.9,13397.6,13397.3,13388.7,13375.2,13371.0,13380.6,13381.2,13395.0,13393.2,13398.5,13383.6,13379.1,13384.9
results/GeneratedSparse/100_cells_1000_features/0.99/sparse_arrayfirecuda_pearson.csv,pearson,arrayfirecuda,0.99,100,1000,100_1000,100000,2.0,3.0,2.0,3.061864618181519,3.090074559152005,3.059180827959672,3.066027594948862,1145.99,1164.2,1230.48,1153.09375,4.388737301794977,pearson_arrayfirecuda,1230.48,1156.31,1150.5,1157.56,1149.85,1146.56,1148.4,1158.62,1145.99,1164.2,1150.54,1157.35,1152.95,1151.74,1148.74,1152.35,1151.38,1152.0,1154.44,1156.4,1154.23,1155.51,1147.23,1159.42,1151.98
results/GeneratedSparse/100_cells_1000_features/0.99/sparse_raft_cosine.csv,cosine,raft,0.99,100,1000,100_1000,100000,2.0,3.0,2.0,3.554304565426243,5.874528237710976,3.536017205382488,3.568724412932201,3435.7155885565885,3704.4557624769127,749080.0619125366,3583.476538462149,57.87882134636781,cosine_raft,1494520.902633667,3639.22119140625,3542.9000854492188,3514.2898559570312,3527.8797149658203,3677.9413747319695,3596.006559014588,3573.589101448398,3623.894117739565,3704.4557624769127,3612.2072441256023,3637.5450300583425,3575.7479790673187,3518.5040034416406,3571.512055119612,3593.437962145447,3584.632017760748,3612.3326259674527,3544.314948662333,3547.9171787012915,3435.7155885565885,3605.8118201043912,3545.941149447808,3660.7294143895015,3556.910142353752
results/GeneratedSparse/100_cells_1000_features/0.99/sparse_raft_euclidean.csv,euclidean,raft,0.99,100,1000,100_1000,100000,2.0,3.0,2.0,3.555215120759795,5.880473121044926,3.5475749795571834,3.560432164686174,3528.3769766385253,3634.3953209954466,759404.4208526611,3590.997648694578,26.515161145367976,euclidean_raft,1515174.6273040771,3634.214401245117,3571.2718963623047,3593.2064056396484,3611.0877990722656,3528.3769766385253,3559.2917972156374,3585.9752905736887,3626.5046915415305,3597.685519809919,3604.796156371152,3544.8905778093526,3575.951025291537,3607.460591579599,3585.569222410276,3571.269656736644,3580.643209384548,3611.558783548589,3634.3953209954466,3598.077815228889,3612.5471976321246,3576.273550789895,3623.1223443302306,3571.5269958942936,3578.246342568667
results/GeneratedSparse/100_cells_1000_features/0.99/sparse_raft_manhattan.csv,manhattan,raft,0.99,100,1000,100_1000,100000,2.0,3.0,2.0,3.537363696796911,5.871047985540713,3.521362661837842,3.549161768086119,3321.7172500390807,3541.2922426714485,743101.2392044067,3446.384249232564,58.60430250062037,manhattan_raft,1482678.6518096924,3523.8265991210938,3462.7914428710938,3392.934799194336,3438.711166381836,3470.8690736966914,3541.2922426714485,3505.480328396493,3378.3742719611528,3482.9726373765184,3454.018270791096,3454.8989562349648,3468.5891773589815,3365.9636726775866,3506.51438374936,3421.6494671318974,3497.4162804397943,3385.2623686985867,3342.494775393444,3472.430883264085,3423.5100084823785,3395.5675273668226,3502.6579718134526,3503.2784264693278,3321.7172500390807
results/GeneratedSparse/100_cells_1000_features/0.99/sparse_raft_pearson.csv,pearson,raft,0.99,100,1000,100_1000,100000,2.0,3.0,2.0,3.1874533485725807,5.65044859600161,3.1710277458852514,3.211386588290321,1482.6128021925144,1626.9963861429524,447145.2236175537,1539.7611177588599,34.14207523241744,pearson_raft,892697.811126709,1592.6361083984375,1526.8325805664062,1542.5682067871094,1516.3421630859375,1522.2504863595868,1501.234946428346,1540.966009448702,1482.6128021925144,1626.9963861429524,1528.8237469978892,1534.9236101677586,1554.166017420758,1559.2209569378422,1540.1425133592968,1497.0869348869153,1541.4174184605938,1505.964567566539,1540.9096859144147,1512.3514529362103,1593.6674035596882,1531.7466824681803,1551.4473189076002,1598.4015671069913,1511.557260111972
results/GeneratedSparse/100_cells_100_features/0.5/sparse_CPU_cosine.csv,cosine,CPU,0.5,100,100,100_100,10000,2.0,2.0,2.0,3.1566784765200895,3.9845723156216324,3.038023740045158,3.3146044732134348,1091.5,2063.5,9651.0,1434.4270833333333,239.36907607080965,cosine_CPU,9651.0,1419.75,1364.75,1960.75,1256.25,1486.5,1668.75,1611.0,1354.0,1429.0,1345.75,1202.0,1404.5,1780.0,1423.5,1155.5,1403.25,1091.5,1093.75,1354.5,1537.5,1469.25,1333.75,1217.25,2063.5
results/GeneratedSparse/100_cells_100_features/0.5/sparse_CPU_euclidean.csv,euclidean,CPU,0.5,100,100,100_100,10000,2.0,2.0,2.0,3.2966747267067156,4.188787912637469,2.4082399653118496,3.6436993646393145,256.0,4402.5,15445.0,1980.0434782608695,1225.7200892700077,euclidean_CPU,15445.0,1459.25,1361.25,1273.5,3671.5,1096.5,261.5,,3107.5,2131.25,4402.5,785.25,2416.5,1541.0,256.0,1351.75,1710.5,1558.25,2568.0,2820.0,329.5,4144.5,1011.25,4170.75,2113.0
results/GeneratedSparse/100_cells_100_features/0.5/sparse_CPU_kendall.csv,kendall,CPU,0.5,100,100,100_100,10000,2.0,2.0,2.0,3.6453895158906575,4.120664399799429,3.2378577843507186,3.869686317160305,1729.25,7407.75,13202.75,4419.666666666667,1635.7315668166814,kendall_CPU,13202.75,4857.0,3848.5,3492.0,7407.75,2265.25,5144.25,5352.25,4658.0,6859.25,1729.25,5142.0,1876.75,5880.0,3272.5,3974.0,5527.5,1858.5,5200.0,2071.75,3740.0,7095.25,4052.75,4900.5,5867.0
results/GeneratedSparse/100_cells_100_features/0.5/sparse_CPU_manhattan.csv,manhattan,CPU,0.5,100,100,100_100,10000,2.0,2.0,2.0,3.116766812284471,4.096631975558161,3.092281919036219,3.1437172265617965,1236.75,1392.25,12492.0,1308.4791666666667,39.54987072425845,manhattan_CPU,12492.0,1387.5,1345.75,1268.5,1278.75,1331.75,1326.75,1340.5,1290.0,1307.75,1294.75,1322.0,1300.5,1289.75,1357.0,1292.0,1362.0,1277.75,1287.5,1250.25,1302.25,1294.75,1236.75,1266.75,1392.25
results/GeneratedSparse/100_cells_100_features/0.5/sparse_CPU_pearson.csv,pearson,CPU,0.5,100,100,100_100,10000,2.0,2.0,2.0,3.6108052907376473,4.046748721401383,1.4842998393467859,3.9784886607744676,30.5,9516.75,11136.5,4081.3636363636365,3066.81889964555,pearson_CPU,11136.5,8470.0,1367.75,1256.75,1269.0,,1526.5,5775.25,1336.75,9516.75,3099.0,30.5,1848.5,8104.25,,1052.25,4434.5,7653.75,8782.75,2804.0,8023.0,2581.25,5277.25,440.5,5139.75
results/GeneratedSparse/100_cells_100_features/0.5/sparse_CPU_spearman.csv,spearman,CPU,0.5,100,100,100_100,10000,2.0,2.0,2.0,4.200694702498177,4.120392937462075,3.095605171319712,4.46489920653916,1246.25,29167.5,13194.5,15874.304347826086,6268.595686885004,spearman_CPU,13194.5,15121.0,16204.25,15426.5,1246.25,17739.75,12972.5,15470.25,12462.0,15529.5,12799.25,,14753.75,20989.25,4498.5,19753.75,10516.75,29167.5,13606.0,18172.25,25078.5,20134.75,25684.25,8370.0,19412.5
results/GeneratedSparse/100_cells_100_features/0.5/sparse_GPU_cosine.csv,cosine,GPU,0.5,100,100,100_100,10000,2.0,2.0,2.0,2.871414813454685,6.034846551621887,2.7965743332104296,2.9615397375535686,626.0,915.25,1083544.0,743.7291666666666,75.08935360159624,cosine_GPU,1083544.0,799.5,716.0,719.25,717.75,744.5,915.25,626.0,690.5,632.25,712.0,801.75,700.75,886.25,682.25,654.75,778.0,837.0,747.0,765.75,669.75,864.0,691.75,761.75,735.75
results/GeneratedSparse/100_cells_100_features/0.5/sparse_GPU_euclidean.csv,euclidean,GPU,0.5,100,100,100_100,10000,2.0,2.0,2.0,3.9584532545962747,6.105257113224871,3.15526010521871,4.264315970240348,1429.75,18378.75,1274257.25,9087.684782608696,5050.755695296772,euclidean_GPU,1274257.25,10344.0,1838.5,11669.75,18378.75,17887.5,,6524.0,1429.75,13803.25,9038.25,3140.0,11210.25,4913.5,10307.25,3822.75,8474.75,5996.75,12062.25,17235.25,1571.0,6201.75,10263.5,7870.25,15033.75
results/GeneratedSparse/100_cells_100_features/0.5/sparse_GPU_kendall.csv,kendall,GPU,0.5,100,100,100_100,10000,2.0,2.0,2.0,3.0327991758173694,5.456038670406613,2.9408898574862166,3.100111959529749,872.75,1259.25,285784.5,1078.4479166666667,104.6436159057321,kendall_GPU,285784.5,1143.5,1022.0,1251.5,1026.0,942.25,872.75,1190.5,1056.5,1133.5,1029.0,1066.5,1033.0,987.75,1079.25,988.0,899.5,970.25,1080.25,1259.25,1175.25,1144.5,1168.75,1232.25,1130.75
results/GeneratedSparse/100_cells_100_features/0.5/sparse_GPU_manhattan.csv,manhattan,GPU,0.5,100,100,100_100,10000,2.0,2.0,2.0,2.9242792860618816,5.466912085089596,2.829946695941636,2.994866823015008,676.0,988.25,293030.0,840.0,69.87272655812615,manhattan_GPU,293030.0,922.5,823.75,900.0,759.5,835.75,797.5,790.5,880.75,880.25,988.25,889.75,928.25,676.0,808.5,839.0,815.25,809.75,870.25,799.0,888.5,729.5,755.5,919.75,852.25
results/GeneratedSparse/100_cells_100_features/0.5/sparse_GPU_pearson.csv,pearson,GPU,0.5,100,100,100_100,10000,2.0,2.0,2.0,3.4463920346443118,6.045876742308762,1.588271706842329,3.7361175079685736,38.75,5446.5,1111416.25,2795.065789473684,1775.2945972023788,pearson_GPU,1111416.25,4617.5,746.5,3618.75,,5446.5,527.0,38.75,4224.0,,1627.75,4732.75,,,2658.0,4470.25,3653.25,4652.0,4024.75,724.5,,2992.0,390.75,431.5,3529.75
results/GeneratedSparse/100_cells_100_features/0.5/sparse_GPU_spearman.csv,spearman,GPU,0.5,100,100,100_100,10000,2.0,2.0,2.0,2.9832879197666284,5.4592518470711635,2.929801957767847,3.035829825252828,850.75,1086.0,287906.75,962.25,68.36627762769206,spearman_GPU,287906.75,1005.25,903.0,1052.25,850.75,931.5,959.75,851.0,899.0,1050.75,975.5,912.0,1016.75,919.25,1030.0,867.0,869.25,1001.75,1016.5,1023.75,990.75,920.5,1028.0,933.75,1086.0
results/GeneratedSparse/100_cells_100_features/0.5/sparse_armadillo_cosine.csv,cosine,armadillo,0.5,100,100,100_100,10000,2.0,2.0,2.0,3.12688989367218,3.131416545297398,3.124328123805214,3.1305299609392807,1331.46,1350.61,1353.37,1339.337083333333,4.243128247695183,cosine_armadillo,1353.37,1340.55,1340.69,1331.46,1350.61,1338.33,1338.27,1340.53,1341.17,1338.6,1336.17,1337.74,1337.94,1333.35,1341.93,1336.65,1342.82,1335.9,1345.57,1333.36,1333.87,1342.04,1339.98,1342.71,1343.85
results/GeneratedSparse/100_cells_100_features/0.5/sparse_armadillo_euclidean.csv,euclidean,armadillo,0.5,100,100,100_100,10000,2.0,2.0,2.0,3.140794833036366,3.147484635980236,3.1376737003314408,3.143064788108881,1373.01,1390.16,1404.38,1382.912916666667,4.928806886700784,euclidean_armadillo,1404.38,1378.25,1380.77,1386.89,1387.02,1384.37,1385.22,1375.02,1382.75,1387.54,1377.86,1373.01,1378.35,1380.6,1383.6,1388.14,1388.04,1389.5,1376.48,1379.06,1387.56,1379.5,1380.99,1390.16,1389.23
results/GeneratedSparse/100_cells_100_features/0.5/sparse_armadillo_manhattan.csv,manhattan,armadillo,0.5,100,100,100_100,10000,2.0,2.0,2.0,3.0198886059454533,3.0194610955617063,3.0096803058622594,3.0293147721454434,1022.54,1069.83,1045.83,1046.86,10.853809239156536,manhattan_armadillo,1045.83,1024.43,1056.2,1049.01,1048.41,1032.41,1049.75,1044.55,1057.9,1022.54,1047.3,1049.35,1042.75,1041.92,1037.46,1049.54,1048.08,1052.63,1069.83,1037.73,1050.32,1050.63,1054.05,1066.72,1041.13
results/GeneratedSparse/100_cells_100_features/0.5/sparse_armadillo_pearson.csv,pearson,armadillo,0.5,100,100,100_100,10000,2.0,2.0,2.0,3.113452823733538,3.130410969540788,3.0358778109422757,3.1915460234564703,1086.12,1554.34,1350.24,1298.5325,133.51412341802396,pearson_armadillo,1350.24,1326.58,1379.31,1393.3,1091.7,1252.63,1086.12,1270.37,1218.62,1142.04,1395.35,1454.69,1405.26,1209.23,1312.34,1220.51,1430.99,1479.94,1209.56,1534.67,1180.95,1248.12,1248.58,1554.34,1119.58
results/GeneratedSparse/100_cells_100_features/0.5/sparse_armadillo_spearman.csv,spearman,armadillo,0.5,100,100,100_100,10000,2.0,2.0,2.0,2.5840468323784482,2.5722080416551725,2.567847101124058,2.5969268143429707,369.698,395.3,373.429,383.748625,6.841985438041731,spearman_armadillo,373.429,389.549,383.037,375.633,388.478,385.387,393.406,386.478,372.53,382.126,375.738,388.216,388.117,378.722,374.301,379.523,391.009,369.698,382.472,380.846,387.825,379.898,388.835,395.3,392.843
results/GeneratedSparse/100_cells_100_features/0.5/sparse_arrayfirecuda_cosine.csv,cosine,arrayfirecuda,0.5,100,100,100_100,10000,2.0,2.0,2.0,3.044430160373717,3.0669145265564572,3.0257399427440888,3.077814689792425,1061.06,1196.23,1166.58,1107.7204166666666,31.115172140394613,cosine_arrayfirecuda,1166.58,1092.8,1132.64,1129.79,1196.23,1085.5,1095.46,1093.92,1164.68,1108.35,1088.06,1136.33,1089.68,1147.24,1061.06,1081.33,1113.64,1102.72,1088.96,1092.19,1110.49,1111.41,1063.18,1124.74,1074.89
results/GeneratedSparse/100_cells_100_features/0.5/sparse_arrayfirecuda_euclidean.csv,euclidean,arrayfirecuda,0.5,100,100,100_100,10000,2.0,2.0,2.0,3.0257757552338553,3.0388545303045764,3.018974965901309,3.030142115854667,1044.66,1071.87,1093.59,1061.1475,6.2894814637880225,euclidean_arrayfirecuda,1093.59,1063.73,1054.88,1058.48,1062.87,1067.25,1059.6,1063.94,1058.42,1069.31,1057.01,1048.86,1044.66,1059.74,1061.31,1061.91,1066.27,1065.59,1063.54,1051.25,1071.87,1067.7,1062.06,1065.7,1061.59
results/GeneratedSparse/100_cells_100_features/0.5/sparse_arrayfirecuda_manhattan.csv,manhattan,arrayfirecuda,0.5,100,100,100_100,10000,2.0,2.0,2.0,3.353649962104108,3.3583993697719845,3.3473183038471706,3.3592148893848837,2224.94,2286.73,2282.44,2257.615416666667,12.858696790877454,manhattan_arrayfirecuda,2282.44,2273.36,2250.99,2261.24,2256.85,2267.54,2255.71,2249.36,2236.51,2246.47,2271.9,2224.94,2252.57,2258.96,2252.21,2264.58,2274.25,2247.44,2274.36,2255.43,2253.67,2255.01,2254.41,2258.28,2286.73
results/GeneratedSparse/100_cells_100_features/0.5/sparse_arrayfirecuda_pearson.csv,pearson,arrayfirecuda,0.5,100,100,100_100,10000,2.0,2.0,2.0,3.0396285693552842,3.0725182608897903,3.032759742667216,3.0478081572598787,1078.35,1116.37,1181.73,1095.5408333333332,8.42396428681624,pearson_arrayfirecuda,1181.73,1089.44,1099.85,1087.77,1078.35,1100.73,1091.57,1098.29,1091.87,1086.11,1087.79,1100.47,1093.65,1088.32,1113.34,1099.98,1096.9,1116.37,1095.93,1101.46,1106.32,1094.54,1093.57,1087.66,1092.7
results/GeneratedSparse/100_cells_100_features/0.5/sparse_raft_cosine.csv,cosine,raft,0.5,100,100,100_100,10000,2.0,2.0,2.0,3.560776774758819,5.866183579955663,3.548733409224393,3.5714783288026006,3537.8010722387744,3728.0208173841193,734824.4190216064,3637.280336404905,51.1064300360406,cosine_raft,1465947.151184082,3701.6868591308594,3629.684448242188,3605.127334594727,3619.670867919922,3623.466635263928,3728.0208173841193,3622.4905397636735,3666.1886014931847,3706.6209593110952,3629.1307461183815,3573.8872898520576,3692.5978638081306,3587.6745514472245,3640.796471501633,3581.858711562016,3680.315279958023,3609.778920740033,3572.300106752129,3677.5696210121687,3537.8010722387744,3683.355598671696,3721.690692663436,3601.0497918011574,3601.9642924871605
results/GeneratedSparse/100_cells_100_features/0.5/sparse_raft_euclidean.csv,euclidean,raft,0.5,100,100,100_100,10000,2.0,2.0,2.0,3.579474118421264,5.824370533989471,3.5499044755052793,3.618289878509081,3547.353554478997,4152.311044366509,667375.922203064,3797.2930850454322,160.69398319285253,euclidean_raft,1330754.5185089111,3997.325897216797,3681.4212799072266,3643.035888671875,3671.6461181640634,3786.8986010447175,3843.550170105648,3582.386192520793,3963.597229893092,3547.353554478997,3988.8081731094953,3702.7478207911386,3718.5075165481608,3708.5511102927626,3647.4808127976144,3798.630660037068,4151.820343923966,3957.6264763296617,3801.0173665504394,3721.158088998532,3652.4882050632727,3776.3265590669344,3832.7377530970657,3807.6071781145497,4152.311044366509
results/GeneratedSparse/100_cells_100_features/0.5/sparse_raft_manhattan.csv,manhattan,raft,0.5,100,100,100_100,10000,2.0,2.0,2.0,3.5734301051934003,5.847456742780772,3.5444735462327035,3.5957149971362012,3503.2694851896727,3941.9852701464383,703812.1223449707,3744.812736418277,97.74912737065071,manhattan_raft,1403871.2978363037,3752.9468536376953,3671.1692810058594,3866.434097290039,3628.730773925781,3740.2278236714897,3941.9852701464383,3650.3051180311745,3736.3770715527753,3503.2694851896727,3737.883741802111,3882.718284682532,3726.506162165619,3835.696066017388,3811.6217389820513,3706.0836456456086,3847.3320037579088,3697.4828218605153,3708.824434273177,3896.882616334217,3773.378597744126,3738.003143195516,3693.152308692228,3695.943452947002,3632.550881487733
results/GeneratedSparse/100_cells_100_features/0.5/sparse_raft_pearson.csv,pearson,raft,0.5,100,100,100_100,10000,2.0,2.0,2.0,3.049335636960262,5.6490394297666695,3.0397182032341976,3.0587622511134223,1095.766964939121,1144.8860168457031,445696.71154022217,1120.3033560155054,12.94338512874347,pearson_raft,890248.5370635986,1144.8860168457031,1134.3955993652344,1100.778579711914,1129.8656463623047,1142.599196430824,1115.7843170687588,1113.223304975121,1116.5108142273402,1100.345616806162,1116.5853938201888,1134.914588208326,1132.7606035403433,1123.9332865790711,1095.766964939121,1140.0127579103314,1114.3947734303272,1115.652471701252,1113.10164514534,1107.4441637443292,1126.7446934669333,1116.6257543398128,1118.931700661738,1113.6473252446974,1118.3753298469585
results/GeneratedSparse/100_cells_100_features/0.75/sparse_CPU_cosine.csv,cosine,CPU,0.75,100,100,100_100,10000,2.0,2.0,2.0,4.111882470762913,3.982655594477175,2.8312296938670634,4.624031866013481,678.0,42075.75,9608.5,12938.45652173913,11899.39649562389,cosine_CPU,9608.5,6102.25,6032.5,1174.0,25516.75,3151.25,5782.5,14670.5,678.0,9151.25,,1437.25,8494.0,32896.75,24464.0,1682.0,24008.0,23356.0,18287.25,42075.75,6897.0,30947.75,1501.75,3405.5,5872.5
results/GeneratedSparse/100_cells_100_features/0.75/sparse_CPU_euclidean.csv,euclidean,CPU,0.75,100,100,100_100,10000,2.0,2.0,2.0,3.6093113134154096,4.033504172945174,2.709905669040404,4.021261675452391,512.75,10501.75,10802.0,4067.3478260869565,2528.2892101387392,euclidean_CPU,10802.0,1370.75,3206.0,4405.5,7611.75,5767.75,10501.75,1634.75,3728.5,3738.0,2574.0,7738.75,4877.75,4870.25,2150.0,1962.0,1629.0,1514.25,2065.75,4408.25,3233.25,8323.25,,512.75,5725.0
results/GeneratedSparse/100_cells_100_features/0.75/sparse_CPU_kendall.csv,kendall,CPU,0.75,100,100,100_100,10000,2.0,2.0,2.0,3.484628995232354,4.329530080040292,3.2565974927628454,3.7194348754116247,1805.5,5241.25,21356.5,3052.3125,950.6845018908306,kendall_CPU,21356.5,3339.5,4147.25,2359.25,2362.0,5241.25,2187.25,3252.5,2361.5,2957.5,3793.75,1805.5,2571.25,2232.75,4184.25,4270.75,2157.0,2498.75,2683.25,5228.0,2612.25,2324.75,3329.0,2150.75,3205.5
results/GeneratedSparse/100_cells_100_features/0.75/sparse_CPU_manhattan.csv,manhattan,CPU,0.75,100,100,100_100,10000,2.0,2.0,2.0,3.6700021900714335,3.96697431006778,2.4803663095328097,4.055617204095341,302.25,11366.25,9267.75,4677.375,2772.7498163437126,manhattan_CPU,9267.75,8690.0,6038.0,3137.75,1090.0,5458.0,4426.75,6981.0,6213.25,302.25,502.25,4776.5,,,6517.25,5767.25,4727.75,7091.5,4752.75,1080.75,6323.25,4580.0,11366.25,1023.25,2056.5
results/GeneratedSparse/100_cells_100_features/0.75/sparse_CPU_pearson.csv,pearson,CPU,0.75,100,100,100_100,10000,2.0,2.0,2.0,3.6870197694193383,4.477070584074262,3.2147776395740726,4.0216337064411976,1639.75,10510.75,29996.5,4864.29347826087,1930.292106826026,pearson_CPU,29996.5,5434.25,1639.75,7048.75,5997.75,2460.5,2612.25,4767.0,6653.75,10510.75,3488.0,3694.75,5850.5,,6283.0,6478.5,3353.5,3338.25,6308.25,3238.5,3700.75,5178.25,5661.75,3225.25,4954.75
results/GeneratedSparse/100_cells_100_features/0.75/sparse_CPU_spearman.csv,spearman,CPU,0.75,100,100,100_100,10000,2.0,2.0,2.0,4.154295243193836,4.1432568753822085,3.1048284036536553,4.60033295574529,1273.0,39841.25,13907.75,14265.770833333334,8743.84713637868,spearman_CPU,13907.75,1273.0,17563.5,18369.75,20499.75,10449.5,16381.5,39841.25,8000.5,9005.75,15847.75,12058.25,24448.5,12921.25,4359.75,5128.5,15066.0,6283.25,18984.25,11169.5,27153.25,10498.75,2931.25,25564.75,8579.0
results/GeneratedSparse/100_cells_100_features/0.75/sparse_GPU_cosine.csv,cosine,GPU,0.75,100,100,100_100,10000,2.0,2.0,2.0,3.0005967447445587,6.035097686208776,2.030397300856762,3.168718404841185,107.25,1474.75,1084170.75,1001.375,308.3751097824423,cosine_GPU,1084170.75,1212.5,741.0,630.0,961.0,657.75,1091.25,107.25,599.5,740.75,1260.5,1133.25,1106.75,1245.5,1088.25,1345.75,1211.75,1456.5,995.0,1090.5,1165.75,712.75,1011.25,993.75,1474.75
results/GeneratedSparse/100_cells_100_features/0.75/sparse_GPU_euclidean.csv,euclidean,GPU,0.75,100,100,100_100,10000,2.0,2.0,2.0,2.883957014340079,6.087092440326274,2.8497264441963277,2.9400181550076634,707.5,871.0,1222059.75,765.5208333333334,41.14759489900014,euclidean_GPU,1222059.75,798.75,746.0,772.5,772.25,854.75,781.0,721.5,744.25,724.75,722.25,829.0,707.5,774.5,711.25,785.75,757.0,766.5,732.25,729.0,771.0,768.25,780.25,751.25,871.0
results/GeneratedSparse/100_cells_100_features/0.75/sparse_GPU_kendall.csv,kendall,GPU,0.75,100,100,100_100,10000,2.0,2.0,2.0,2.938738568457466,5.589701681282712,2.8871951770412982,2.9960736544852753,771.25,991.0,388778.0,868.4375,53.1077545538314,kendall_GPU,388778.0,885.25,817.75,948.0,851.0,847.75,848.0,924.25,812.25,886.0,864.0,845.75,991.0,905.25,803.5,877.75,867.5,877.5,815.25,771.25,881.0,967.0,809.75,916.75,829.0
results/GeneratedSparse/100_cells_100_features/0.75/sparse_GPU_manhattan.csv,manhattan,GPU,0.75,100,100,100_100,10000,2.0,2.0,2.0,2.8979018742682277,5.674551607116221,2.7688230254496435,3.0355297945107376,587.25,1085.25,472663.0,790.5,125.38351582910198,manhattan_GPU,472663.0,904.25,725.0,725.75,681.75,1085.25,853.5,931.25,670.5,732.5,911.5,910.75,587.25,657.5,942.75,906.0,673.0,774.5,782.5,875.25,773.0,797.0,623.75,596.0,851.5
results/GeneratedSparse/100_cells_100_features/0.75/sparse_GPU_pearson.csv,pearson,GPU,0.75,100,100,100_100,10000,2.0,2.0,2.0,3.5506098220799407,6.1270755473223,2.4313637641589874,3.754443900566043,270.0,5681.25,1339909.75,3553.1195652173915,1412.1910067368744,pearson_GPU,1339909.75,4109.0,1072.0,5681.25,3814.5,4231.5,4271.75,3600.75,4546.0,4463.25,1376.25,,3411.5,4942.25,2167.5,5059.75,2919.75,3327.25,270.0,2003.5,4365.0,2102.0,4125.75,4376.25,5485.0
results/GeneratedSparse/100_cells_100_features/0.75/sparse_GPU_spearman.csv,spearman,GPU,0.75,100,100,100_100,10000,2.0,2.0,2.0,2.92739175211445,5.701855404961172,2.816407029618638,2.9811387826406603,655.25,957.5,503333.0,846.0416666666666,75.7274329237577,spearman_GPU,503333.0,894.0,802.5,914.0,871.0,745.25,913.0,911.75,930.25,889.5,799.0,812.25,880.5,791.5,803.25,957.5,655.25,795.75,724.0,762.0,902.0,946.5,890.25,824.0,890.0
results/GeneratedSparse/100_cells_100_features/0.75/sparse_armadillo_cosine.csv,cosine,armadillo,0.75,100,100,100_100,10000,2.0,2.0,2.0,2.838324263504922,2.843666233108272,2.8320366801419996,2.84391577167457,679.261,698.097,697.696,689.1666666666666,4.116011638170568,cosine_armadillo,697.696,685.554,688.039,687.026,698.097,694.533,687.295,693.749,680.839,693.924,685.826,679.261,689.428,689.171,689.375,688.764,687.984,686.097,692.196,688.645,690.097,692.324,693.662,689.997,688.117
results/GeneratedSparse/100_cells_100_features/0.75/sparse_armadillo_euclidean.csv,euclidean,armadillo,0.75,100,100,100_100,10000,2.0,2.0,2.0,2.8920521687474317,3.034788831251184,2.712881936571861,3.063972131398834,516.276,1158.703,1083.4,779.9237916666667,173.78218227927817,euclidean_armadillo,1083.4,1083.59,709.739,693.198,701.964,897.377,1064.404,865.38,786.656,817.37,541.61,921.618,860.649,843.108,544.709,1158.703,644.898,918.316,749.82,741.641,852.816,693.888,516.276,528.303,582.138
results/GeneratedSparse/100_cells_100_features/0.75/sparse_armadillo_manhattan.csv,manhattan,armadillo,0.75,100,100,100_100,10000,2.0,2.0,2.0,3.0283331319675963,3.0185299089049686,3.0132165396244406,3.049969631995305,1030.9,1121.94,1043.59,1067.4145833333332,19.19247790567238,manhattan_armadillo,1043.59,1030.9,1076.85,1068.8,1067.54,1077.6,1057.09,1066.52,1121.94,1056.0,1049.85,1050.62,1067.09,1079.95,1039.31,1071.51,1066.58,1045.21,1068.98,1085.42,1045.68,1085.11,1094.72,1080.92,1063.76
results/GeneratedSparse/100_cells_100_features/0.75/sparse_armadillo_pearson.csv,pearson,armadillo,0.75,100,100,100_100,10000,2.0,2.0,2.0,2.8372018145936377,3.037705313135537,2.8268642414415726,2.845857391118994,671.219,701.225,1090.7,687.3877916666667,6.9020550440863,pearson_armadillo,1090.7,684.692,680.454,694.029,693.618,694.668,693.818,690.281,687.359,696.42,689.136,691.188,682.065,684.779,685.154,695.148,684.473,688.582,671.219,675.778,686.54,679.294,681.267,701.225,686.12
results/GeneratedSparse/100_cells_100_features/0.75/sparse_armadillo_spearman.csv,spearman,armadillo,0.75,100,100,100_100,10000,2.0,2.0,2.0,2.496983412891533,2.4820842794378675,2.478611221293852,2.511066118904415,301.031,324.389,303.448,314.038875,6.128213975216733,spearman_armadillo,303.448,319.709,319.768,308.447,308.327,311.722,324.389,318.013,311.651,311.56,319.454,305.719,323.25,317.976,316.191,311.444,317.237,318.414,302.256,315.823,312.388,321.284,301.031,310.022,310.858
results/GeneratedSparse/100_cells_100_features/0.75/sparse_arrayfirecuda_cosine.csv,cosine,arrayfirecuda,0.75,100,100,100_100,10000,2.0,2.0,2.0,3.0251342645614114,3.053873281687786,3.0210072708594224,3.030004334642494,1049.56,1071.53,1132.07,1059.58125,6.075729251497306,cosine_arrayfirecuda,1132.07,1064.22,1052.75,1050.79,1061.82,1062.28,1052.3,1058.98,1057.01,1071.53,1062.36,1062.29,1063.26,1066.27,1049.68,1071.5,1064.01,1061.51,1058.54,1053.83,1061.05,1056.25,1063.57,1049.56,1054.59
results/GeneratedSparse/100_cells_100_features/0.75/sparse_arrayfirecuda_euclidean.csv,euclidean,arrayfirecuda,0.75,100,100,100_100,10000,2.0,2.0,2.0,3.019018615154705,3.0285427867655232,3.0127824073791056,3.0234335494299684,1029.87,1055.44,1067.93,1044.765,7.216397416070371,euclidean_arrayfirecuda,1067.93,1050.75,1037.44,1029.87,1043.65,1054.66,1047.73,1041.49,1046.63,1041.23,1044.31,1049.93,1046.0,1037.73,1029.95,1055.44,1049.96,1053.63,1049.81,1049.89,1042.93,1054.92,1042.22,1035.58,1038.61
results/GeneratedSparse/100_cells_100_features/0.75/sparse_arrayfirecuda_manhattan.csv,manhattan,arrayfirecuda,0.75,100,100,100_100,10000,2.0,2.0,2.0,3.345067672245275,3.3487778500509093,3.3374253151079496,3.3499823194669798,2174.83,2238.63,2232.43,2213.4395833333333,16.11121076537669,manhattan_arrayfirecuda,2232.43,2196.47,2224.05,2205.53,2238.63,2231.42,2233.97,2222.42,2199.52,2214.87,2195.49,2200.44,2227.28,2230.03,2204.53,2206.48,2219.33,2219.39,2233.77,2183.9,2205.46,2174.83,2213.13,2219.07,2222.54
results/GeneratedSparse/100_cells_100_features/0.75/sparse_arrayfirecuda_pearson.csv,pearson,arrayfirecuda,0.75,100,100,100_100,10000,2.0,2.0,2.0,3.0431501555797547,3.0727276895852653,3.041286072518762,3.045362102653348,1099.73,1110.1,1182.3,1104.4604166666666,2.6791066284097185,pearson_arrayfirecuda,1182.3,1102.09,1106.22,1108.03,1107.25,1106.48,1102.69,1102.51,1101.36,1108.33,1107.18,1105.92,1102.78,1100.76,1103.48,1099.73,1103.07,1104.83,1104.1,1102.72,1103.86,1103.21,1110.1,1108.18,1102.17
results/GeneratedSparse/100_cells_100_features/0.75/sparse_raft_cosine.csv,cosine,raft,0.75,100,100,100_100,10000,2.0,2.0,2.0,3.552412432632285,5.864566381847805,3.539168334270787,3.5649736053431074,3460.7349129646827,3672.5997924804688,732093.2149887085,3567.8980203316264,50.85700905091189,cosine_raft,1460587.2631072998,3599.1668701171875,3672.5997924804688,3517.15087890625,3534.078598022461,3474.060648816491,3460.7349129646827,3594.2963019768727,3636.3053373040466,3549.8880855074494,3545.2869886724884,3578.4919041463954,3641.6034740026066,3517.422719914655,3594.5471027978333,3630.653925081995,3593.52338163097,3555.1100469764465,3571.440052987831,3565.211692117263,3574.505914132699,3550.2132517931304,3566.4190464046733,3500.718334310859,3606.1232268932886
results/GeneratedSparse/100_cells_100_features/0.75/sparse_raft_euclidean.csv,euclidean,raft,0.75,100,100,100_100,10000,2.0,2.0,2.0,3.5553484051588224,5.875761897042427,3.5481925307987368,3.5634491086785554,3533.397771525631,3659.7305273807774,751210.9279632568,3592.0998902276965,31.704881163848338,euclidean_raft,1498768.5680389404,3653.287887573242,3595.113754272461,3574.1329193115234,3587.961196899414,3569.070850261968,3585.9032906383,3649.352729872516,3582.3566313944248,3601.462710319214,3572.7195783332927,3594.833570723517,3659.7305273807774,3607.573388453389,3640.3222046276665,3533.397771525631,3571.701267834135,3565.477461289576,3612.0410251026233,3551.8819481908045,3589.4931416255063,3560.0405706819943,3563.086737679784,3596.2582048615272,3593.197996611424
results/GeneratedSparse/100_cells_100_features/0.75/sparse_raft_manhattan.csv,manhattan,raft,0.75,100,100,100_100,10000,2.0,2.0,2.0,3.545089089441206,5.882095772528757,3.5375456078237573,3.554843817563133,3447.8281234768165,3587.9288114286774,762247.0855712891,3508.238331762019,33.41884173975418,manhattan_raft,1520933.8665008545,3560.304641723633,3531.932830810547,3474.2355346679688,3507.852554321289,3513.512497429131,3523.699049599472,3516.8153296000137,3521.772707491039,3506.5706684722554,3495.04845023312,3587.9288114286774,3526.541120325708,3526.047793273544,3464.004271795904,3477.068879075879,3447.8281234768165,3493.178024446928,3451.5770320054016,3526.035117151095,3452.0000022890213,3522.627453756432,3516.1757834509817,3536.6157837033647,3518.347501760235
results/GeneratedSparse/100_cells_100_features/0.75/sparse_raft_pearson.csv,pearson,raft,0.75,100,100,100_100,10000,2.0,2.0,2.0,3.047016378963835,5.655925088788156,3.0068794671204637,3.0815138228995576,1015.9666851777724,1206.46248735951,452819.4665908813,1114.3365588413953,40.689280201236826,pearson_raft,904493.3319091796,1145.6012725830078,1122.4746704101562,1069.5457458496094,1108.8848114013672,1109.421150212242,1015.9666851777724,1139.116432794998,1196.415993633419,1125.526053477688,1079.8816845695667,1116.5074018255698,1080.434511562746,1140.3771442911288,1112.980296472878,1130.0331875847178,1084.9755193463434,1137.947910669797,1206.46248735951,1066.1036218175464,1127.4178624220874,1108.213065729879,1118.9939207931518,1059.4192399033789,1141.3767423049264
results/GeneratedSparse/100_cells_100_features/0.9/sparse_CPU_cosine.csv,cosine,CPU,0.9,100,100,100_100,10000,2.0,2.0,2.0,4.118207917075811,4.57587166660723,2.7052220557053834,4.441207950044783,507.25,27619.0,37659.25,13128.282608695652,8802.041688272606,cosine_CPU,37659.25,21131.0,23490.5,1170.5,1157.75,17525.0,21402.0,9491.25,15692.5,5466.5,27619.0,6428.75,25387.5,6235.25,17001.25,27389.75,14730.5,507.25,21665.0,6466.5,6517.75,9417.75,15039.5,1017.75,
results/GeneratedSparse/100_cells_100_features/0.9/sparse_CPU_euclidean.csv,euclidean,CPU,0.9,100,100,100_100,10000,2.0,2.0,2.0,3.7482772033239793,4.073315020560628,2.815245591916563,3.9978121686869827,653.5,9949.75,11839.0,5601.15,2971.9472850304733,euclidean_CPU,11839.0,9949.75,6082.0,1137.5,1107.5,,5717.25,,,,8744.25,7474.5,5071.75,4514.25,1814.25,8852.0,5550.25,653.5,5437.5,2290.5,9350.75,9328.5,8958.0,3947.5,6041.5
results/GeneratedSparse/100_cells_100_features/0.9/sparse_CPU_kendall.csv,kendall,CPU,0.9,100,100,100_100,10000,2.0,2.0,2.0,3.371423853204757,4.2995944539249225,3.026328938722349,3.5388249889379035,1062.5,3458.0,19934.0,2351.9270833333335,677.888293861159,kendall_CPU,19934.0,2007.5,3333.25,1671.0,1985.0,1937.25,2641.25,3286.25,1379.75,3111.25,2647.0,3281.25,1806.75,2091.25,1062.5,2308.25,3458.0,2062.5,1295.5,3223.5,2329.5,1915.5,2445.75,2245.25,2921.25
results/GeneratedSparse/100_cells_100_features/0.9/sparse_CPU_manhattan.csv,manhattan,CPU,0.9,100,100,100_100,10000,2.0,2.0,2.0,3.433465453387028,4.270358527752371,2.6085260335771943,3.81483003884505,406.0,6528.75,18636.25,2713.0978260869565,1591.242617966979,manhattan_CPU,18636.25,5365.25,1119.25,1043.0,1052.75,6528.75,,406.0,2314.0,4641.25,4660.75,4130.75,1408.25,2685.0,3756.0,1568.0,2208.25,2231.5,1417.25,818.25,2546.5,1809.0,2962.25,4126.25,3603.0
results/GeneratedSparse/100_cells_100_features/0.9/sparse_CPU_pearson.csv,pearson,CPU,0.9,100,100,100_100,10000,2.0,2.0,2.0,3.8870367749671573,4.348431432680495,3.5933137634894505,4.080987046910887,3920.25,12050.0,22306.5,7709.6875,1995.9112779447596,pearson_CPU,22306.5,6119.0,7434.75,10109.5,6222.5,6912.75,9144.0,7176.5,5466.75,6798.75,12050.0,8080.25,5882.75,9393.25,6884.5,6807.75,8091.5,9906.5,8764.25,9890.5,11699.0,6281.75,3920.25,5479.25,6516.5
results/GeneratedSparse/100_cells_100_features/0.9/sparse_CPU_spearman.csv,spearman,CPU,0.9,100,100,100_100,10000,2.0,2.0,2.0,3.323146473354639,3.993502361677889,1.5017437296279945,3.703441850136071,31.75,5051.75,9851.5,2104.4880952380954,1441.0311711298268,spearman_CPU,9851.5,1198.25,5051.75,1075.75,1069.25,719.0,,1189.75,3568.75,336.0,,4020.75,485.25,3441.5,,721.5,4145.75,2145.0,1405.25,31.75,3703.25,3393.0,1570.0,2116.5,2806.25
results/GeneratedSparse/100_cells_100_features/0.9/sparse_GPU_cosine.csv,cosine,GPU,0.9,100,100,100_100,10000,2.0,2.0,2.0,3.4383722365787057,6.088127402724053,2.1986570869544226,3.8862650590297565,158.0,7696.0,1224975.5,2743.925,1754.290007916308,cosine_GPU,1224975.5,4129.25,680.25,,,3350.75,2569.5,1582.0,7696.0,3282.0,1329.5,1276.25,3254.5,4953.0,,158.0,2302.75,3327.75,3165.5,4508.5,1011.75,3881.0,1253.25,,1167.0
results/GeneratedSparse/100_cells_100_features/0.9/sparse_GPU_euclidean.csv,euclidean,GPU,0.9,100,100,100_100,10000,2.0,2.0,2.0,3.317879357173615,6.090755301702618,1.8010605298478555,3.63098691077022,63.25,4275.5,1232410.25,2079.1190476190477,1197.5714851390462,euclidean_GPU,1232410.25,2709.25,750.0,4254.0,1146.5,1797.5,2290.5,847.0,792.5,,,1256.5,3205.5,4275.5,1442.0,3146.25,897.25,1530.75,1999.0,,3800.25,2314.75,3429.5,63.25,1713.75
results/GeneratedSparse/100_cells_100_features/0.9/sparse_GPU_kendall.csv,kendall,GPU,0.9,100,100,100_100,10000,2.0,2.0,2.0,2.8918045121834663,5.49082830496857,2.7714037303044066,2.9845273133437926,590.75,965.0,309619.5,779.4791666666666,76.14042388446202,kendall_GPU,309619.5,834.0,727.75,754.5,880.5,826.25,965.0,800.25,788.25,746.5,695.25,823.25,836.5,779.0,804.0,740.5,776.75,705.75,851.25,875.25,777.0,704.0,717.5,590.75,707.75
results/GeneratedSparse/100_cells_100_features/0.9/sparse_GPU_manhattan.csv,manhattan,GPU,0.9,100,100,100_100,10000,2.0,2.0,2.0,2.883815161436375,5.596185145162177,2.793964905280631,2.964848663898841,622.25,922.25,394625.5,765.2708333333334,71.66777797103491,manhattan_GPU,394625.5,820.5,717.75,622.25,788.25,677.5,837.5,697.5,756.5,749.75,737.5,800.25,728.25,743.25,745.5,868.0,792.25,792.0,727.0,758.75,676.0,871.75,674.75,861.5,922.25
results/GeneratedSparse/100_cells_100_features/0.9/sparse_GPU_pearson.csv,pearson,GPU,0.9,100,100,100_100,10000,2.0,2.0,2.0,2.9038753043080905,6.08548118703393,2.7319914490189294,3.018076063645795,539.5,1042.5,1217534.25,801.4479166666666,126.92810832577518,pearson_GPU,1217534.25,865.75,684.25,674.75,655.0,650.75,840.75,772.25,883.0,926.0,949.0,860.5,968.25,735.0,768.25,688.75,859.0,539.5,719.25,772.0,908.5,1042.5,620.5,922.75,928.5
results/GeneratedSparse/100_cells_100_features/0.9/sparse_GPU_spearman.csv,spearman,GPU,0.9,100,100,100_100,10000,2.0,2.0,2.0,2.9030334345493998,5.5940083669296845,2.815577748324267,2.9812521606551154,654.0,957.75,392652.5,799.8958333333334,69.30378915306306,spearman_GPU,392652.5,855.75,749.75,654.0,859.5,957.75,814.25,810.75,772.25,678.0,898.75,688.5,758.25,786.25,780.75,851.5,830.5,832.25,815.75,840.5,694.0,825.5,822.25,797.5,823.25
results/GeneratedSparse/100_cells_100_features/0.9/sparse_armadillo_cosine.csv,cosine,armadillo,0.9,100,100,100_100,10000,2.0,2.0,2.0,2.5166076401254958,2.629887467817155,2.4934608393938253,2.545482778418167,311.502,351.142,426.469,328.55466666666666,10.428788255220365,cosine_armadillo,426.469,338.213,327.383,321.442,313.076,338.77,347.873,323.833,335.587,337.073,316.395,330.03,335.483,322.413,325.354,318.962,327.875,313.881,327.787,333.379,351.142,317.597,338.158,332.104,311.502
results/GeneratedSparse/100_cells_100_features/0.9/sparse_armadillo_euclidean.csv,euclidean,armadillo,0.9,100,100,100_100,10000,2.0,2.0,2.0,2.5284390457031445,2.5529953343859955,2.5125723401881848,2.538966883847763,325.516,345.913,357.269,337.62845833333336,5.658031857303728,euclidean_armadillo,357.269,342.711,341.229,336.63,332.582,332.694,340.467,334.382,325.516,344.912,333.639,334.073,328.33,345.913,340.565,337.137,339.744,328.361,342.433,343.222,330.999,339.947,341.652,343.458,342.487
results/GeneratedSparse/100_cells_100_features/0.9/sparse_armadillo_manhattan.csv,manhattan,armadillo,0.9,100,100,100_100,10000,2.0,2.0,2.0,3.0149190891239916,2.996878828474685,2.9716913847694406,3.04583756708031,936.896,1111.316,992.839,1034.9493333333332,38.42879168850992,manhattan_armadillo,992.839,993.269,1034.23,1077.54,1033.23,936.896,1031.956,1060.608,1028.194,1111.316,998.711,1021.348,1089.337,1041.568,1100.154,1045.483,1077.857,997.643,1025.444,1002.993,1002.693,1051.772,1015.304,1010.939,1050.299
results/GeneratedSparse/100_cells_100_features/0.9/sparse_armadillo_pearson.csv,pearson,armadillo,0.9,100,100,100_100,10000,2.0,2.0,2.0,2.615733989869451,2.845806602527759,2.156027927586344,2.862148679160742,143.228,728.029,701.143,412.7945833333333,120.23512475524663,pearson_armadillo,701.143,553.827,514.964,335.177,284.653,416.235,443.79,412.259,560.962,477.714,256.415,380.096,397.845,499.187,511.617,268.413,418.399,486.167,374.942,728.029,324.803,409.352,143.228,284.568,424.428
results/GeneratedSparse/100_cells_100_features/0.9/sparse_armadillo_spearman.csv,spearman,armadillo,0.9,100,100,100_100,10000,2.0,2.0,2.0,2.60169340068167,2.881513042862169,2.1974432157531227,2.7914057032851223,157.559,618.594,761.225,399.6625000000001,102.53588616308926,spearman_armadillo,761.225,500.857,412.412,358.0,273.783,401.222,318.992,444.254,336.286,415.113,535.638,423.648,348.796,569.72,456.636,324.442,270.067,320.23,322.247,396.091,439.16,618.594,517.793,430.36,157.559
results/GeneratedSparse/100_cells_100_features/0.9/sparse_arrayfirecuda_cosine.csv,cosine,arrayfirecuda,0.9,100,100,100_100,10000,2.0,2.0,2.0,3.0289338605140492,3.0649631242704634,3.0186131317936105,3.0385963207931104,1043.79,1092.94,1161.35,1068.8920833333334,10.314491011503613,cosine_arrayfirecuda,1161.35,1073.79,1060.28,1061.33,1059.28,1072.62,1072.82,1075.58,1079.03,1069.91,1053.14,1072.26,1064.99,1043.79,1068.1,1054.06,1067.77,1084.07,1092.94,1077.1,1077.74,1064.42,1071.76,1071.3,1065.33
results/GeneratedSparse/100_cells_100_features/0.9/sparse_arrayfirecuda_euclidean.csv,euclidean,arrayfirecuda,0.9,100,100,100_100,10000,2.0,2.0,2.0,3.0212039476447003,3.0335443760909477,3.0198346715239857,3.022300497386055,1046.73,1052.69,1080.3,1050.0354166666666,1.544036860437218,euclidean_arrayfirecuda,1080.3,1051.06,1049.32,1050.19,1052.31,1048.19,1049.54,1049.47,1048.59,1048.23,1049.3,1049.92,1051.73,1047.4,1049.14,1051.33,1049.17,1051.36,1050.28,1052.02,1050.23,1051.8,1052.69,1046.73,1050.85
results/GeneratedSparse/100_cells_100_features/0.9/sparse_arrayfirecuda_manhattan.csv,manhattan,arrayfirecuda,0.9,100,100,100_100,10000,2.0,2.0,2.0,3.359267667955545,3.368348258372214,3.3520744135867453,3.365770558747601,2249.44,2321.51,2335.33,2287.007916666667,20.153920209884458,manhattan_arrayfirecuda,2335.33,2301.9,2269.99,2301.4,2286.99,2321.51,2292.54,2249.44,2286.07,2276.7,2313.49,2263.17,2261.77,2301.28,2263.35,2319.8,2319.33,2293.0,2259.55,2300.12,2290.14,2284.16,2281.8,2285.87,2264.82
results/GeneratedSparse/100_cells_100_features/0.9/sparse_arrayfirecuda_pearson.csv,pearson,arrayfirecuda,0.9,100,100,100_100,10000,2.0,2.0,2.0,3.0434670724915427,3.0714401271778877,3.02576859297215,3.0669778095571933,1061.13,1166.75,1178.8,1105.2666666666667,21.67036083891748,pearson_arrayfirecuda,1178.8,1123.32,1091.67,1083.71,1092.18,1061.13,1100.01,1130.96,1089.32,1095.76,1121.74,1093.58,1083.55,1117.48,1107.47,1108.48,1107.5,1118.73,1112.37,1138.59,1100.87,1103.28,1103.43,1074.52,1166.75
results/GeneratedSparse/100_cells_100_features/0.9/sparse_raft_cosine.csv,cosine,raft,0.9,100,100,100_100,10000,2.0,2.0,2.0,3.5550285975004785,5.855091271497629,3.529739157896673,3.575471204254514,3386.4070366875235,3762.454046192175,716293.9310073853,3589.455697787096,87.72077107740246,cosine_raft,1428856.372833252,3731.4891815185542,3574.6097564697266,3490.209579467773,3594.8753356933594,3585.3630104098847,3468.4943025791563,3605.16957487172,3564.094019272154,3641.423897164088,3686.4233392615065,3615.547229903876,3577.36222720055,3681.759255151525,3537.8294625098497,3762.454046192175,3594.19246321038,3526.858339118159,3652.498653084716,3585.845280492269,3500.797168461977,3572.174353308437,3721.697394516362,3386.4070366875235,3489.361840344593
results/GeneratedSparse/100_cells_100_features/0.9/sparse_raft_euclidean.csv,euclidean,raft,0.9,100,100,100_100,10000,2.0,2.0,2.0,3.5552861547732366,5.831816715707809,3.539421870012698,3.570008328495834,3462.755837000326,3715.4235412271855,678917.0503616333,3591.585046987526,67.824003842538,euclidean_raft,1354127.8839111328,3706.216812133789,3547.906875610352,3603.458404541016,3547.66845703125,3531.6088749269966,3547.666146682096,3663.272207066196,3462.755837000326,3618.6461994905712,3640.0585738084046,3615.8598622502254,3662.9636919200902,3544.143565128496,3583.9841523817154,3554.0370782525374,3492.42908250047,3593.1622239493854,3489.303007374571,3715.4235412271855,3572.228200592708,3562.0151347402725,3699.0040670346334,3662.4501431825806,3581.778988874743
results/GeneratedSparse/100_cells_100_features/0.9/sparse_raft_manhattan.csv,manhattan,raft,0.9,100,100,100_100,10000,2.0,2.0,2.0,3.5485248895795465,5.854525910426188,3.5427272451704166,3.556481787365164,3489.2110981656333,3601.4864683343067,715362.0719909669,3536.1028605772444,31.88089651573844,manhattan_raft,1427134.990692139,3589.153289794922,3545.045852661133,3513.0977630615234,3515.481948852539,3507.663203678551,3505.362229339136,3489.2110981656333,3551.8874108942887,3524.4197909876466,3507.8580442439247,3575.832925270056,3513.7129818805975,3530.6528956109805,3529.105459929493,3601.4864683343067,3558.4992670986826,3502.1597375503025,3502.2597667512537,3581.459238061472,3543.2625826462927,3538.2337539408004,3580.346407025699,3498.2450210720785,3562.031517002551
results/GeneratedSparse/100_cells_100_features/0.9/sparse_raft_pearson.csv,pearson,raft,0.9,100,100,100_100,10000,2.0,2.0,2.0,3.043371193957479,5.64129933867335,3.0201322442200267,3.0590218317383684,1047.4474509827587,1145.5705271816448,437823.7724304199,1105.0226855537146,21.563173026691352,pearson_raft,874521.9707489014,1125.5741119384766,1139.4023895263672,1084.5661163330078,1102.2090911865234,1083.2583360997253,1115.9893013771512,1098.7856391967,1108.194697088041,1087.487083113165,1125.8575891147734,1127.0489416078756,1145.5705271816448,1073.3020357019325,1119.7326545354572,1117.2597079664558,1086.9687612366502,1104.1208090190307,1091.8499981659002,1113.4952738356965,1099.4270105995922,1116.4615161668796,1112.9416958828406,1047.4474509827587,1093.593715432505
results/GeneratedSparse/100_cells_100_features/0.95/sparse_CPU_cosine.csv,cosine,CPU,0.95,100,100,100_100,10000,2.0,2.0,2.0,3.7774164646583124,3.9819657623273437,3.0525977633215624,4.1012571856965945,1128.75,12625.75,9593.25,5989.857142857143,2776.1124106376888,cosine_CPU,9593.25,6820.0,10073.75,2510.5,1128.75,3735.75,8464.75,6446.5,2779.25,,4679.25,7442.75,,3291.75,6105.75,8465.5,,5118.25,12625.75,3601.0,6457.75,7564.0,3459.25,9174.5,5842.25
results/GeneratedSparse/100_cells_100_features/0.95/sparse_CPU_euclidean.csv,euclidean,CPU,0.95,100,100,100_100,10000,2.0,2.0,2.0,3.5949079461082594,3.9797418066260835,1.8618329976579449,3.9382694834629115,72.75,8675.0,9544.25,3934.6666666666665,2328.5705330589744,euclidean_CPU,9544.25,1391.75,4472.5,5502.5,1113.75,5424.75,1635.25,2986.75,1814.5,3960.25,2768.5,6677.75,7041.75,4862.5,3266.5,2245.0,6751.25,72.75,1984.0,2788.0,8396.0,2033.0,8675.0,3027.5,5540.5
results/GeneratedSparse/100_cells_100_features/0.95/sparse_CPU_kendall.csv,kendall,CPU,0.95,100,100,100_100,10000,2.0,2.0,2.0,3.476273224048661,4.011898049529251,1.4548448600085102,3.859693574797493,28.5,7239.25,10277.75,2994.1477272727275,1928.9312892162754,kendall_CPU,10277.75,1405.75,2724.0,6094.25,1213.25,1321.25,1690.75,7239.25,28.5,2042.5,6638.25,4449.25,819.5,2671.5,2844.25,4397.25,4883.75,3467.25,1127.25,,2654.5,1853.25,,1870.0,4435.75
results/GeneratedSparse/100_cells_100_features/0.95/sparse_CPU_manhattan.csv,manhattan,CPU,0.95,100,100,100_100,10000,2.0,2.0,2.0,3.695563755644107,3.968914693443004,2.604496052771067,4.041056964240597,402.25,10991.5,9309.25,4960.9375,3118.5192949489265,manhattan_CPU,9309.25,8742.0,5965.0,1013.0,1071.75,5293.25,5977.0,4165.25,4236.75,4341.0,1187.0,,,3404.75,10802.25,402.25,3852.25,,8109.5,6919.25,1998.25,7997.5,,2749.25,10991.5
results/GeneratedSparse/100_cells_100_features/0.95/sparse_CPU_pearson.csv,pearson,CPU,0.95,100,100,100_100,10000,2.0,2.0,2.0,3.762143804892743,4.052482320874869,2.0521165505499983,4.074395834128362,112.75,11868.5,11284.5,5782.875,3129.943578931043,pearson_CPU,11284.5,1277.75,6269.25,8280.25,7357.75,6680.75,9496.0,3811.25,3777.0,9157.75,11868.5,8200.75,8753.0,112.75,5826.0,2406.75,3995.25,3571.5,3170.75,5520.25,10552.25,7190.5,2253.0,7938.75,1321.25
results/GeneratedSparse/100_cells_100_features/0.95/sparse_CPU_spearman.csv,spearman,CPU,0.95,100,100,100_100,10000,2.0,2.0,2.0,3.642943782322395,4.371944805569452,1.9934362304976116,4.100913074209857,98.5,12615.75,23547.5,4394.847222222223,3334.6302280626182,spearman_CPU,23547.5,10282.5,1160.25,1076.0,1057.75,,,2522.75,,12615.75,3938.5,,,1932.75,5732.25,2438.25,7688.5,98.5,3214.75,4814.5,2426.5,,4347.5,8062.75,5697.5
results/GeneratedSparse/100_cells_100_features/0.95/sparse_GPU_cosine.csv,cosine,GPU,0.95,100,100,100_100,10000,2.0,2.0,2.0,2.963039756342757,6.069368259953004,2.4341695527583322,3.17260293120986,271.75,1488.0,1173189.75,918.4166666666666,334.5980227161475,cosine_GPU,1173189.75,1211.0,648.25,1144.25,682.0,823.25,723.5,1398.75,686.0,1085.25,1446.5,271.75,983.75,1156.5,418.5,444.5,1187.25,1034.25,663.0,1358.75,751.0,565.75,994.75,875.5,1488.0
results/GeneratedSparse/100_cells_100_features/0.95/sparse_GPU_euclidean.csv,euclidean,GPU,0.95,100,100,100_100,10000,2.0,2.0,2.0,2.8601632552466274,6.085813147842903,2.779957051246906,2.97806633408362,602.5,950.75,1218465.25,724.7083333333334,80.25823123241351,euclidean_GPU,1218465.25,770.0,652.75,772.75,950.75,739.75,605.0,706.75,678.25,649.5,602.5,752.25,788.25,770.5,702.5,743.25,658.5,609.0,777.0,798.75,690.5,784.5,651.25,704.25,834.5
results/GeneratedSparse/100_cells_100_features/0.95/sparse_GPU_kendall.csv,kendall,GPU,0.95,100,100,100_100,10000,2.0,2.0,2.0,2.8912528058172806,5.590541468332353,2.835849044211536,2.9502431180103916,685.25,891.75,389530.5,778.4895833333334,48.083774505125135,kendall_GPU,389530.5,838.25,751.25,775.0,761.5,782.5,693.5,795.5,762.75,833.0,891.75,792.75,817.75,685.25,720.5,739.25,783.75,799.0,773.0,839.0,742.5,782.75,749.0,839.5,734.75
results/GeneratedSparse/100_cells_100_features/0.95/sparse_GPU_manhattan.csv,manhattan,GPU,0.95,100,100,100_100,10000,2.0,2.0,2.0,2.8959114966127446,5.606653251531095,2.8341026557127935,2.9465750684867893,682.5,884.25,404253.0,786.8854166666666,58.69097119511986,manhattan_GPU,404253.0,816.5,709.5,848.25,884.25,727.5,795.75,878.0,821.25,767.0,723.75,781.0,710.75,840.25,752.5,713.25,851.75,711.0,830.5,778.0,856.5,773.0,806.25,682.5,826.25
results/GeneratedSparse/100_cells_100_features/0.95/sparse_GPU_pearson.csv,pearson,GPU,0.95,100,100,100_100,10000,2.0,2.0,2.0,3.4540495583907727,6.079979432997474,2.827207675105206,3.8101989025701744,671.75,6459.5,1202207.5,2844.785714285714,1586.029767791175,pearson_GPU,1202207.5,4441.5,671.75,,2252.75,2985.5,4842.25,3402.25,1280.5,3261.0,3646.5,1190.75,6459.5,3538.25,2994.5,838.75,4297.25,1094.0,5418.5,1031.5,1703.25,,2362.75,,2027.5
results/GeneratedSparse/100_cells_100_features/0.95/sparse_GPU_spearman.csv,spearman,GPU,0.95,100,100,100_100,10000,2.0,2.0,2.0,2.891723252106159,5.598061604363658,2.8130803608679105,2.94546858513182,650.25,882.0,396334.25,779.3333333333334,57.72125306640142,spearman_GPU,396334.25,826.75,723.0,813.5,773.0,741.75,780.75,817.5,707.75,831.25,794.0,706.5,861.25,767.5,823.5,729.5,691.75,850.5,765.25,789.75,882.0,844.0,743.25,789.75,650.25
results/GeneratedSparse/100_cells_100_features/0.95/sparse_armadillo_cosine.csv,cosine,armadillo,0.95,100,100,100_100,10000,2.0,2.0,2.0,1.959017927058581,1.9771151670079388,1.9405961646836214,1.9819997141298784,87.216,95.94,94.867,90.99508333333334,2.3840529901246375,cosine_armadillo,94.867,95.94,90.72,90.51,89.087,93.296,92.046,88.113,93.451,91.266,89.195,95.64,89.447,88.554,92.0,87.886,87.345,91.663,92.659,88.795,92.73,92.817,87.216,92.077,91.429
results/GeneratedSparse/100_cells_100_features/0.95/sparse_armadillo_euclidean.csv,euclidean,armadillo,0.95,100,100,100_100,10000,2.0,2.0,2.0,2.1115051678440713,2.1086326655804757,2.0864381390127487,2.1276877875398506,122.022,134.18,128.42,129.27220833333334,2.970081017121233,euclidean_armadillo,128.42,132.448,131.356,126.878,126.487,133.542,132.745,128.805,129.427,128.85,128.742,132.745,127.531,127.96,130.392,129.573,130.513,125.738,122.022,127.871,128.493,132.864,123.937,129.434,134.18
results/GeneratedSparse/100_cells_100_features/0.95/sparse_armadillo_manhattan.csv,manhattan,armadillo,0.95,100,100,100_100,10000,2.0,2.0,2.0,2.994391728753264,2.980685428408537,2.9790404904819114,3.0078121921496783,952.885,1018.151,956.501,987.1695,20.25340051283569,manhattan_armadillo,956.501,958.284,996.576,987.228,1003.51,1002.377,960.655,1012.728,1018.151,954.277,1006.433,1001.051,1012.846,989.955,997.52,967.647,979.335,986.804,998.353,954.919,965.513,982.348,1003.66,952.885,999.013
results/GeneratedSparse/100_cells_100_features/0.95/sparse_armadillo_pearson.csv,pearson,armadillo,0.95,100,100,100_100,10000,2.0,2.0,2.0,2.0602899470524885,2.0733590383803793,2.0460969761239616,2.0748639618520985,111.198,118.813,118.402,114.89204166666667,2.008193850187417,pearson_armadillo,118.402,117.661,118.813,114.224,113.642,115.164,113.04,114.341,114.825,117.533,112.726,114.544,111.788,116.745,113.708,115.554,112.758,116.06,112.721,115.945,118.256,111.198,114.315,116.94,114.908
results/GeneratedSparse/100_cells_100_features/0.95/sparse_armadillo_spearman.csv,spearman,armadillo,0.95,100,100,100_100,10000,2.0,2.0,2.0,2.4068006789813454,2.406330646674596,2.368212481187386,2.448720229470007,233.46,281.009,254.877,255.15300000000002,10.2573778325652,spearman_armadillo,254.877,268.202,261.029,246.632,245.781,262.048,241.393,251.039,258.392,260.751,240.946,247.637,248.121,258.446,250.174,259.297,281.009,259.164,247.647,254.978,259.464,270.813,260.068,257.181,233.46
results/GeneratedSparse/100_cells_100_features/0.95/sparse_arrayfirecuda_cosine.csv,cosine,arrayfirecuda,0.95,100,100,100_100,10000,2.0,2.0,2.0,2.37026899636806,2.507509106953445,2.3292920898355236,2.438314462393946,213.448,274.356,321.743,234.568125,12.603192513250029,cosine_arrayfirecuda,321.743,242.974,223.618,228.603,274.356,237.983,246.111,227.61,229.851,234.781,246.153,228.571,245.449,234.372,239.638,240.415,236.882,221.347,226.949,215.541,213.448,225.601,229.19,229.558,250.634
results/GeneratedSparse/100_cells_100_features/0.95/sparse_arrayfirecuda_euclidean.csv,euclidean,arrayfirecuda,0.95,100,100,100_100,10000,2.0,2.0,2.0,2.3157750963445873,2.370011334995116,2.3119593078916503,2.318601693339918,205.097,208.258,234.429,206.90695833333334,0.8743647922523833,euclidean_arrayfirecuda,234.429,207.719,206.497,206.324,205.097,208.258,206.645,207.2,207.117,208.181,207.022,206.6,206.27,205.81,207.023,207.683,208.176,206.832,207.766,206.533,205.19,206.831,206.709,208.221,206.063
results/GeneratedSparse/100_cells_100_features/0.95/sparse_arrayfirecuda_manhattan.csv,manhattan,arrayfirecuda,0.95,100,100,100_100,10000,2.0,2.0,2.0,3.157781158923592,3.1679491132190662,3.1435487478313773,3.1670336212107935,1391.71,1469.04,1472.14,1438.0737500000002,21.283860632824574,manhattan_arrayfirecuda,1472.14,1448.87,1424.18,1430.54,1459.3,1436.05,1451.06,1461.87,1464.73,1400.82,1459.11,1391.71,1430.93,1445.42,1424.33,1438.63,1398.47,1441.63,1467.0,1427.32,1415.59,1431.55,1454.93,1469.04,1440.69
results/GeneratedSparse/100_cells_100_features/0.95/sparse_arrayfirecuda_pearson.csv,pearson,arrayfirecuda,0.95,100,100,100_100,10000,2.0,2.0,2.0,2.4074637765402436,2.527139915655255,2.4057082637294434,2.4099686089792547,254.512,257.021,336.62,255.542875,0.6931919114081398,pearson_arrayfirecuda,336.62,255.168,256.129,256.38,254.626,255.575,255.666,255.302,255.371,255.748,256.915,254.512,254.957,256.122,255.374,254.716,255.329,256.515,254.571,257.021,254.749,255.191,255.66,255.52,255.912
results/GeneratedSparse/100_cells_100_features/0.95/sparse_raft_cosine.csv,cosine,raft,0.95,100,100,100_100,10000,2.0,2.0,2.0,3.437376858091095,5.865884889654999,3.428172082232869,3.445785656590776,2680.230112702974,2791.165938206306,734319.2100524904,2737.6432798963983,28.830960981415423,cosine_raft,1465859.413146973,2779.0069580078125,2707.0045471191406,2709.1503143310547,2736.5684509277344,2742.804785547739,2791.165938206306,2737.0854477497305,2753.100075276247,2767.620593217,2717.7231873234427,2702.590841704752,2733.5576873997147,2733.1257396594774,2731.6244855543937,2749.476713634951,2787.6259104657856,2711.505113304352,2768.538691113188,2762.8365761775244,2724.943250838694,2760.199509759971,2715.7693178645686,2700.184469627008,2680.230112702974
results/GeneratedSparse/100_cells_100_features/0.95/sparse_raft_euclidean.csv,euclidean,raft,0.95,100,100,100_100,10000,2.0,2.0,2.0,3.429114034612102,5.869284543483096,3.4177370575877415,3.444620297945637,2616.5983162134444,2783.686337765008,740090.012550354,2686.04964093857,44.798517885943475,euclidean_raft,1477448.9402770996,2731.0848236083984,2712.011337280273,2641.439437866211,2643.108367919922,2717.889885783341,2616.5983162134444,2662.5197117945568,2747.835750832371,2776.4404592865912,2648.189165681141,2647.1934027387047,2672.0656106857414,2693.80010573598,2717.6997896707644,2633.4740577797074,2619.1334149035206,2669.172489005376,2783.686337765008,2675.22110379804,2673.8756077544404,2677.5253177178247,2719.7612790131225,2678.1321573786054,2707.3334523125936
results/GeneratedSparse/100_cells_100_features/0.95/sparse_raft_manhattan.csv,manhattan,raft,0.95,100,100,100_100,10000,2.0,2.0,2.0,3.4250682477879075,5.877744751267763,3.414269830454091,3.4350727589735954,2595.7916462338644,2723.1574905901475,754648.5662460327,2661.143215856203,35.98536476098331,manhattan_raft,1506581.3064575195,2715.8260345458984,2659.320831298828,2663.612365722656,2619.028091430664,2612.6230042366246,2694.1383324635062,2719.5155175286677,2666.3388717819157,2646.8111410052024,2706.920635955416,2655.1871539051685,2723.1574905901475,2595.7916462338644,2610.6784431624187,2666.1872013607667,2697.5547026422514,2634.6233182911856,2628.066265113609,2673.4102689643187,2628.7291934930254,2635.8310544791934,2645.6559322781063,2676.044493599584,2692.385190465849
results/GeneratedSparse/100_cells_100_features/0.95/sparse_raft_pearson.csv,pearson,raft,0.95,100,100,100_100,10000,2.0,2.0,2.0,3.0470650318082235,5.650064604750703,3.0225537441181336,3.0640640657572904,1053.3040258648673,1158.9483079583165,446750.0448226929,1114.4614019660091,30.102690343784793,pearson_raft,892351.1505126953,1148.9391326904297,1132.488250732422,1073.8372802734375,1114.6068572998047,1097.1660311251867,1094.4785544475303,1158.9483079583165,1101.4765772923258,1138.8603190064164,1081.6556954463333,1153.6180895661107,1083.6004989542305,1126.198888291043,1126.6936377658449,1053.3040258648673,1134.8617257737023,1074.1003272887172,1125.8785863320552,1134.4951152410758,1117.067797958774,1075.9813550750632,1157.1342943011773,1149.0050484615022,1092.6772500378531
results/GeneratedSparse/100_cells_100_features/0.99/sparse_CPU_cosine.csv,cosine,CPU,0.99,100,100,100_100,10000,2.0,2.0,2.0,3.4590577786455707,3.99671957588977,0.8893017025063104,3.7582304084577496,7.75,5731.0,9924.75,2877.78125,1718.020877638745,cosine_CPU,9924.75,3797.0,2891.75,1135.25,5468.25,4557.25,139.25,1562.25,4750.0,4801.5,5283.0,3611.5,499.5,5731.0,4293.5,2957.5,7.75,2067.0,1271.25,2423.25,3420.75,2257.5,432.25,2346.75,3361.75
results/GeneratedSparse/100_cells_100_features/0.99/sparse_CPU_euclidean.csv,euclidean,CPU,0.99,100,100,100_100,10000,2.0,2.0,2.0,3.0670902382214846,3.976865598130806,3.006145016376364,3.102605194126567,1014.25,1266.5,9481.25,1167.0520833333333,59.100548994853305,euclidean_CPU,9481.25,1264.0,1192.75,1114.0,1188.5,1190.5,1169.5,1134.0,1174.25,1140.5,1266.5,1227.5,1156.0,1218.25,1093.0,1072.75,1151.75,1147.75,1014.25,1164.0,1213.0,1114.5,1145.75,1246.5,1209.75
results/GeneratedSparse/100_cells_100_features/0.99/sparse_CPU_kendall.csv,kendall,CPU,0.99,100,100,100_100,10000,2.0,2.0,2.0,3.3334472744967503,4.312711430239403,2.66133934000604,3.6399096205851107,458.5,4364.25,20545.25,2155.0,1247.196544892147,kendall_CPU,20545.25,4364.25,1144.0,1037.5,1036.75,2959.0,2717.25,4283.0,,2054.5,458.5,2002.5,4341.5,2395.0,1571.75,478.0,2330.25,884.75,1338.25,,4135.75,1882.75,2977.75,2404.0,613.0
results/GeneratedSparse/100_cells_100_features/0.99/sparse_CPU_manhattan.csv,manhattan,CPU,0.99,100,100,100_100,10000,2.0,2.0,2.0,3.0208962237678505,4.013479757980986,2.9448526518532803,3.0736267173714387,880.75,1184.75,10315.25,1049.2916666666667,74.67180506872873,manhattan_CPU,10315.25,1168.25,1078.25,1023.25,982.25,1053.25,1121.75,1085.25,1008.75,1049.75,922.0,1051.75,1009.0,985.5,880.75,1086.25,1082.5,1130.25,1032.25,932.0,1021.75,1184.75,1049.75,1156.75,1087.0
results/GeneratedSparse/100_cells_100_features/0.99/sparse_CPU_pearson.csv,pearson,CPU,0.99,100,100,100_100,10000,2.0,2.0,2.0,3.0767655628860346,3.9744541207240003,3.03342375548695,3.132499830251514,1080.0,1356.75,9428.75,1193.34375,76.74795778023999,pearson_CPU,9428.75,1316.25,1240.0,1125.75,1137.5,1129.5,1328.5,1196.25,1128.0,1356.75,1148.75,1171.5,1211.0,1080.0,1244.5,1116.0,1112.25,1152.0,1271.75,1138.75,1134.5,1201.5,1140.25,1290.5,1268.5
results/GeneratedSparse/100_cells_100_features/0.99/sparse_CPU_spearman.csv,spearman,CPU,0.99,100,100,100_100,10000,2.0,2.0,2.0,3.118326740104469,3.969147890474893,2.884228769632604,3.242851882584178,766.0,1749.25,9314.25,1313.1875,265.3108166416954,spearman_CPU,9314.25,1437.25,1601.5,1042.75,1044.75,1178.25,1056.25,1051.0,1749.25,1545.75,1693.75,1330.5,1007.25,1710.25,1200.25,1703.75,1016.0,1333.25,1327.0,766.0,1293.75,1339.5,1599.25,1300.0,1189.25
results/GeneratedSparse/100_cells_100_features/0.99/sparse_GPU_cosine.csv,cosine,GPU,0.99,100,100,100_100,10000,2.0,2.0,2.0,2.974478109990394,6.046760517952952,2.970927716870243,2.976922851374828,935.25,948.25,1113680.25,942.9270833333334,3.0665187634170588,cosine_GPU,1113680.25,945.75,940.25,945.25,940.75,941.0,939.25,943.5,935.25,943.5,945.75,946.0,942.5,937.5,942.0,948.25,939.5,945.0,942.75,946.75,944.0,945.25,945.5,941.25,943.75
results/GeneratedSparse/100_cells_100_features/0.99/sparse_GPU_euclidean.csv,euclidean,GPU,0.99,100,100,100_100,10000,2.0,2.0,2.0,3.323549749171089,6.083626494337966,2.41077723337721,3.6050894618815805,257.5,4028.0,1212345.75,2106.443181818182,1041.937192564392,euclidean_GPU,1212345.75,2698.0,638.0,1256.5,613.25,2424.75,3396.0,,329.5,3035.25,3324.5,2408.5,773.0,2740.25,2076.0,,2409.75,1427.25,2433.75,2759.0,4028.0,257.5,1990.25,2489.75,2833.0
results/GeneratedSparse/100_cells_100_features/0.99/sparse_GPU_kendall.csv,kendall,GPU,0.99,100,100,100_100,10000,2.0,2.0,2.0,2.897054067745239,5.468357670633867,2.824451270036613,2.960827389965917,667.5,913.75,294007.0,788.9583333333334,67.91399534623838,kendall_GPU,294007.0,838.75,741.5,667.5,692.0,834.5,878.0,734.0,817.5,913.75,867.25,852.0,747.0,745.5,874.0,733.0,845.75,669.0,720.75,793.25,805.0,755.0,845.5,807.75,756.75
results/GeneratedSparse/100_cells_100_features/0.99/sparse_GPU_manhattan.csv,manhattan,GPU,0.99,100,100,100_100,10000,2.0,2.0,2.0,2.8847245800710795,5.481442986830937,2.832029647089928,2.9361365870214917,679.25,863.25,303000.25,766.875,51.74481656810338,manhattan_GPU,303000.25,811.0,733.0,828.0,780.25,767.75,816.25,679.25,692.25,691.75,821.5,853.0,778.75,785.25,799.75,769.0,770.25,714.75,863.25,814.75,742.5,732.0,737.25,690.75,732.75
results/GeneratedSparse/100_cells_100_features/0.99/sparse_GPU_pearson.csv,pearson,GPU,0.99,100,100,100_100,10000,2.0,2.0,2.0,3.767142719504654,6.046942300315647,3.6642187553031396,3.873843533223436,4615.5,7479.0,1114146.5,5849.822916666667,758.1264649586241,pearson_GPU,1114146.5,6559.75,5599.0,5247.75,6085.75,6167.25,7479.0,4765.5,5685.75,5881.5,5576.25,6467.75,6540.25,5243.25,6055.75,4674.0,5019.0,6541.75,6161.75,7188.0,6052.5,4959.25,5322.75,4615.5,6506.75
results/GeneratedSparse/100_cells_100_features/0.99/sparse_GPU_spearman.csv,spearman,GPU,0.99,100,100,100_100,10000,2.0,2.0,2.0,2.91038536155094,5.471995035765748,2.8969393722521906,2.920123326290724,788.75,832.0,296479.75,813.5520833333334,12.561718293810587,spearman_GPU,296479.75,825.0,804.25,807.75,806.75,816.0,821.75,801.25,816.25,826.0,820.5,794.25,810.25,813.25,793.0,822.0,797.5,832.0,810.0,822.5,806.25,788.75,831.5,830.5,828.0
results/GeneratedSparse/100_cells_100_features/0.99/sparse_armadillo_cosine.csv,cosine,armadillo,0.99,100,100,100_100,10000,2.0,2.0,2.0,1.7093735035497348,1.7538587139208237,1.4312511546951547,1.858621401632482,26.993,72.214,56.736,51.21220833333333,13.101628206636402,cosine_armadillo,56.736,56.014,59.983,55.865,28.162,33.513,35.445,61.323,40.946,56.001,66.932,72.214,63.325,51.51,58.517,41.495,66.952,62.308,65.977,38.419,37.238,42.32,59.498,26.993,48.143
results/GeneratedSparse/100_cells_100_features/0.99/sparse_armadillo_euclidean.csv,euclidean,armadillo,0.99,100,100,100_100,10000,2.0,2.0,2.0,1.7468374836712712,1.9480019522451422,1.587823171318955,1.934331771379655,38.71,85.967,88.716,55.826125,11.068498152837854,euclidean_armadillo,88.716,76.282,51.025,50.956,51.096,49.257,65.105,70.663,54.247,55.186,65.573,63.514,47.47,62.408,85.967,53.024,38.71,47.932,46.222,39.788,56.967,46.272,62.617,50.01,49.536
results/GeneratedSparse/100_cells_100_features/0.99/sparse_armadillo_manhattan.csv,manhattan,armadillo,0.99,100,100,100_100,10000,2.0,2.0,2.0,3.0073251342859018,2.98564244482668,2.998837576577923,3.0142327338215775,997.327,1033.315,967.481,1017.0097916666667,10.547565196840337,manhattan_armadillo,967.481,997.327,1027.75,1021.88,1009.06,1023.842,1009.296,1025.573,1021.131,1020.763,1000.525,1025.262,1006.861,1027.351,1033.315,1010.17,1004.211,1006.518,1031.404,1000.655,1012.655,1017.822,1023.28,1030.566,1021.018
results/GeneratedSparse/100_cells_100_features/0.99/sparse_armadillo_pearson.csv,pearson,armadillo,0.99,100,100,100_100,10000,2.0,2.0,2.0,1.8211498264759216,2.0323003764185117,1.4822731566313903,2.0073038711912665,30.358,101.696,107.721,66.2445,21.319508487924075,pearson_armadillo,107.721,96.28,64.792,41.357,40.146,78.015,48.975,74.955,33.582,30.358,74.247,89.761,65.224,97.393,41.168,65.965,90.388,53.775,79.882,70.222,72.168,84.833,101.696,34.556,60.13
results/GeneratedSparse/100_cells_100_features/0.99/sparse_armadillo_spearman.csv,spearman,armadillo,0.99,100,100,100_100,10000,2.0,2.0,2.0,2.3811961083475817,2.4049123612553536,2.3393699413313387,2.4196617158295357,218.459,262.822,254.046,240.54487499999996,11.63626078010923,spearman_armadillo,254.046,246.942,262.822,236.002,232.946,237.515,244.047,258.135,231.263,258.441,252.803,232.86,250.363,243.967,248.871,249.795,220.9,235.075,250.609,225.263,236.38,233.639,231.139,218.459,234.841
results/GeneratedSparse/100_cells_100_features/0.99/sparse_arrayfirecuda_cosine.csv,cosine,arrayfirecuda,0.99,100,100,100_100,10000,2.0,2.0,2.0,2.341714400979328,2.4964134438282684,2.334572361686027,2.352770829754521,216.059,225.305,313.627,219.64149999999998,1.9471159013611223,cosine_arrayfirecuda,313.627,221.355,218.469,217.334,218.422,220.397,220.552,220.311,218.902,218.474,222.232,220.092,216.059,218.697,221.409,218.487,218.51,219.965,222.006,217.56,225.305,217.108,219.492,219.532,220.726
results/GeneratedSparse/100_cells_100_features/0.99/sparse_arrayfirecuda_euclidean.csv,euclidean,arrayfirecuda,0.99,100,100,100_100,10000,2.0,2.0,2.0,2.3172369372997474,2.348532661834343,2.2691462075160795,2.3677844122811535,185.843,233.23,223.117,207.60458333333335,11.171867364488456,euclidean_arrayfirecuda,223.117,218.449,200.145,190.923,205.721,211.042,204.142,220.287,206.026,209.319,230.574,208.957,185.843,190.876,199.625,204.972,214.316,211.877,210.067,204.899,233.23,196.077,216.891,207.304,200.948
results/GeneratedSparse/100_cells_100_features/0.99/sparse_arrayfirecuda_manhattan.csv,manhattan,arrayfirecuda,0.99,100,100,100_100,10000,2.0,2.0,2.0,3.1376050296388693,3.1505446121012763,3.1367776239970926,3.1394067704417923,1370.18,1378.5,1414.31,1372.7929166666665,2.1144078744939936,manhattan_arrayfirecuda,1414.31,1374.77,1370.41,1370.79,1371.91,1372.69,1375.08,1370.85,1371.94,1370.72,1374.74,1373.47,1372.74,1373.39,1374.17,1371.85,1378.5,1376.19,1370.18,1372.84,1370.21,1370.43,1374.04,1370.74,1374.38
results/GeneratedSparse/100_cells_100_features/0.99/sparse_arrayfirecuda_pearson.csv,pearson,arrayfirecuda,0.99,100,100,100_100,10000,2.0,2.0,2.0,2.3818820929824636,2.5154008938125356,2.3678942615030243,2.398073750777237,233.289,250.077,327.643,240.92512499999998,3.683324577431148,pearson_arrayfirecuda,327.643,239.038,247.122,240.361,243.438,238.768,243.883,233.639,243.97,238.805,241.847,239.438,236.619,250.077,244.81,239.448,239.39,233.289,239.748,241.584,241.698,241.552,243.506,238.952,241.221
results/GeneratedSparse/100_cells_100_features/0.99/sparse_raft_cosine.csv,cosine,raft,0.99,100,100,100_100,10000,2.0,2.0,2.0,3.4300318662332367,5.867994714889924,3.4181667828576763,3.448125264424092,2619.188666637765,2806.242931481887,737895.2503204346,2691.732301767939,44.63481453297222,cosine_raft,1473036.289215088,2754.21142578125,2728.462219238281,2652.406692504883,2651.453018188477,2671.9400543843244,2752.4510742478287,2806.242931481887,2667.7057288568712,2692.134805837692,2715.7852272831947,2691.439689777525,2657.8940693224704,2698.0450782518456,2650.430282276767,2712.758295793305,2701.5751723352128,2655.927437052428,2643.243222724392,2631.163966984245,2705.2705568613683,2740.5857059413775,2619.188666637765,2666.5474985650226,2734.7124221021327
results/GeneratedSparse/100_cells_100_features/0.99/sparse_raft_euclidean.csv,euclidean,raft,0.99,100,100,100_100,10000,2.0,2.0,2.0,3.4230354630295863,5.834098183201289,3.4144891762834417,3.4318836452396955,2597.1030142218065,2703.2340254436526,682492.9714202881,2648.716415067824,32.741734085534475,euclidean_raft,1362301.8264770508,2684.1163635253906,2662.181854248047,2605.915069580078,2631.664276123047,2667.0959612839047,2656.2959637190493,2615.5766044034626,2601.73474523661,2645.593719206636,2657.519308338156,2618.437602771125,2631.8354134909864,2679.1440199029607,2623.105721890273,2696.271942044969,2703.2340254436526,2690.5262117512225,2597.1030142218065,2635.732114907917,2679.1345120453097,2604.5961641678855,2628.5670759048567,2698.333819767759,2655.4784576526718
results/GeneratedSparse/100_cells_100_features/0.99/sparse_raft_manhattan.csv,manhattan,raft,0.99,100,100,100_100,10000,2.0,2.0,2.0,3.4272837750008427,5.841608713469928,3.416167894192345,3.4408210090057936,2607.1612594045355,2759.4403405803055,694398.4031677247,2674.7535647983964,38.116136073171035,manhattan_raft,1386072.874069214,2723.932266235352,2636.909484863281,2624.51171875,2648.591995239258,2704.017307846112,2607.1612594045355,2681.324918321661,2626.072394288589,2655.281619808515,2759.4403405803055,2711.420994185129,2644.738237188232,2624.624234193052,2724.3923343088186,2711.5901470880726,2684.3061357147135,2697.815369473553,2664.000998443474,2645.005293859966,2702.390564373201,2696.8618528921465,2649.1000029764286,2691.7629279404086,2678.8331571867
results/GeneratedSparse/100_cells_100_features/0.99/sparse_raft_pearson.csv,pearson,raft,0.99,100,100,100_100,10000,2.0,2.0,2.0,3.0386798003449464,5.654880435902113,3.0224635357790297,3.0487880164679306,1053.0852643026017,1118.891607838686,451731.56261444086,1093.1501037765604,16.46438063280875,pearson_raft,902359.0087890624,1104.116439819336,1117.9447174072266,1077.1751403808594,1087.188720703125,1094.0221365110524,1087.609448213648,1100.3401568530014,1101.1759868446195,1108.2642776710445,1078.9162472630871,1118.891607838686,1095.259469926188,1099.278853225107,1097.6424223375386,1085.4673058420442,1109.838735331468,1053.0852643026017,1065.5056595783012,1072.908743938078,1083.638584043362,1100.4439737831517,1107.9667540079972,1113.0798087490905,1075.842036066838
results/GeneratedSparse/10_cells_100000_features/0.5/sparse_CPU_cosine.csv,cosine,CPU,0.5,10,100000,10_100000,1000000,1.0,5.0,1.0,4.001224701081621,4.026063171384531,3.9986842681429744,4.004332123513016,9969.75,10100.25,10618.5,10028.239583333334,27.902777561736073,cosine_CPU,10618.5,10006.0,10049.25,10058.0,10035.75,9997.0,10031.5,10043.5,9997.75,10015.25,10100.25,10058.0,10014.75,10031.75,10013.25,10031.5,10003.0,9995.5,10053.0,10064.0,10035.5,9969.75,10009.0,10048.25,10016.25
results/GeneratedSparse/10_cells_100000_features/0.5/sparse_CPU_euclidean.csv,euclidean,CPU,0.5,10,100000,10_100000,1000000,1.0,5.0,1.0,3.9967100035615104,4.377370006064766,3.9903166510256445,4.002533220253267,9779.5,10058.5,23843.5,9924.53125,78.35806277980694,euclidean_CPU,23843.5,10007.75,9890.0,9784.25,9885.25,9987.0,9779.5,9839.5,9813.75,10006.25,10058.5,9992.25,10056.25,9978.75,9883.5,9944.25,9846.5,9926.0,9952.75,9885.0,9903.5,9938.5,9855.5,9974.5,9999.75
results/GeneratedSparse/10_cells_100000_features/0.5/sparse_CPU_kendall.csv,kendall,CPU,0.5,10,100000,10_100000,1000000,1.0,5.0,1.0,5.297245620822619,5.294371420572171,5.282967462794855,5.318489068888447,191852.5,208204.0,196957.0,198264.80208333334,3937.8879279665675,kendall_CPU,196957.0,201456.75,195997.0,198846.25,197001.5,195351.75,199040.75,200166.25,203044.5,195626.5,193953.25,198282.75,208204.0,191852.5,192449.0,200891.0,197324.0,195032.5,193890.25,195006.0,201696.25,204705.5,198682.5,202489.25,197365.25
results/GeneratedSparse/10_cells_100000_features/0.5/sparse_CPU_manhattan.csv,manhattan,CPU,0.5,10,100000,10_100000,1000000,1.0,5.0,1.0,4.137338284023953,4.185542154854375,3.999934850941413,4.2564772062416765,9998.5,18050.0,15330.0,13719.5,1870.6085295521705,manhattan_CPU,15330.0,15712.75,13163.5,15591.5,16652.0,13587.75,13543.75,13233.75,14626.25,18050.0,12403.75,9998.5,14932.25,14011.0,13013.5,10887.75,13869.25,16510.5,14581.25,12291.0,12691.25,12268.0,13729.5,12991.75,10927.5
results/GeneratedSparse/10_cells_100000_features/0.5/sparse_CPU_pearson.csv,pearson,CPU,0.5,10,100000,10_100000,1000000,1.0,5.0,1.0,3.987692793164252,4.0229024130940125,3.9490971251129157,4.013532382513858,8894.0,10316.5,10541.5,9720.59375,367.9502472347371,pearson_CPU,10541.5,9588.25,10016.5,9798.75,9925.0,9967.25,10316.5,9418.25,9629.75,10037.25,9225.75,9695.75,10078.5,9875.0,9900.75,8943.75,8894.0,9802.25,9743.5,9956.75,9802.25,9184.5,9391.25,9852.0,10250.75
results/GeneratedSparse/10_cells_100000_features/0.5/sparse_CPU_spearman.csv,spearman,CPU,0.5,10,100000,10_100000,1000000,1.0,5.0,1.0,4.233813610979692,4.3059797815894205,4.160858530679992,4.278216114790207,14483.0,18976.5,20229.25,17132.21875,1218.0151594750114,spearman_CPU,20229.25,16206.5,17649.5,17054.5,18543.5,17701.0,16816.75,14483.0,16010.0,15631.75,16876.0,18804.5,18025.0,16732.0,17755.0,15089.0,16239.25,18943.5,18976.5,18582.5,18380.0,15808.5,17280.0,16746.0,16839.0
results/GeneratedSparse/10_cells_100000_features/0.5/sparse_GPU_cosine.csv,cosine,GPU,0.5,10,100000,10_100000,1000000,1.0,5.0,1.0,4.341004799090247,6.087102923882896,4.215564866552151,4.4543073738458885,16427.25,28464.75,1222089.25,21928.291666666668,2333.256718608254,cosine_GPU,1222089.25,23613.75,20581.75,24150.5,16427.25,22041.75,20803.0,23746.0,22943.25,20775.25,19828.0,21066.75,22768.5,18511.25,20760.25,24501.25,19748.0,22480.75,28464.75,22359.0,21199.25,24961.0,21776.25,21510.75,21260.75
results/GeneratedSparse/10_cells_100000_features/0.5/sparse_GPU_euclidean.csv,euclidean,GPU,0.5,10,100000,10_100000,1000000,1.0,5.0,1.0,4.368183801352131,6.085779018572,4.157645616457375,4.422598046396808,14376.25,26460.5,1218369.5,23344.458333333332,2604.201790763129,euclidean_GPU,1218369.5,24754.75,20795.5,25466.25,24072.5,23158.0,23977.25,24115.75,23357.75,14376.25,23997.75,18620.75,26460.5,23593.75,26296.5,23615.75,23099.0,26420.75,26029.5,21462.5,22622.0,24213.0,22881.25,21906.5,24973.5
results/GeneratedSparse/10_cells_100000_features/0.5/sparse_GPU_kendall.csv,kendall,GPU,0.5,10,100000,10_100000,1000000,1.0,5.0,1.0,5.259312126159014,5.682994325024982,5.257741554999327,5.26178668077299,181026.25,182720.25,481941.5,181682.09375,462.3947279544871,kendall_GPU,481941.5,182009.25,181311.25,181115.5,181296.25,181026.25,182496.0,182111.25,182277.5,181208.75,181253.75,181047.75,181988.75,181573.75,182199.25,181511.25,181475.5,182720.25,181892.75,181666.25,181838.25,181818.25,181742.25,181081.25,181709.0
results/GeneratedSparse/10_cells_100000_features/0.5/sparse_GPU_manhattan.csv,manhattan,GPU,0.5,10,100000,10_100000,1000000,1.0,5.0,1.0,4.56427574868609,5.6413166750104935,4.552415716660228,4.582654147104183,35679.25,38252.0,437841.25,36667.03125,625.9234524239133,manhattan_GPU,437841.25,37395.5,36425.0,36769.5,36457.0,35721.25,36223.25,36260.25,36264.25,35679.25,35893.25,36273.25,36858.25,37090.75,36622.25,38252.0,37662.5,36501.25,36313.25,36004.5,37092.0,37604.5,37130.5,36699.5,36815.75
results/GeneratedSparse/10_cells_100000_features/0.5/sparse_GPU_pearson.csv,pearson,GPU,0.5,10,100000,10_100000,1000000,1.0,5.0,1.0,4.331454502345048,6.096759286670304,4.260208574736712,4.356895488092957,18205.75,22745.5,1249566.25,21451.34375,1123.8935503708099,pearson_GPU,1249566.25,20598.25,22218.25,20655.75,20793.75,22189.5,22243.25,19320.75,22297.75,22275.25,20885.5,22745.5,22198.0,22166.5,22577.75,21734.0,21199.0,22658.5,21154.25,22521.5,22141.0,18205.75,20540.5,21409.5,20102.5
results/GeneratedSparse/10_cells_100000_features/0.5/sparse_GPU_spearman.csv,spearman,GPU,0.5,10,100000,10_100000,1000000,1.0,5.0,1.0,4.766986476764387,5.679611615193151,4.752015778421714,4.786053648940746,56495.75,61101.75,478202.25,58477.1875,1307.2838039272178,spearman_GPU,478202.25,58540.25,56823.25,57883.75,59563.0,57721.0,58658.25,58306.75,59478.25,61101.75,60640.25,56820.75,60338.25,57431.0,57808.75,60279.25,57335.25,56770.75,59560.75,57272.25,59019.5,57894.75,58198.75,59510.25,56495.75
results/GeneratedSparse/10_cells_100000_features/0.5/sparse_armadillo_cosine.csv,cosine,armadillo,0.5,10,100000,10_100000,1000000,1.0,5.0,1.0,4.216460282312564,4.239261930430363,4.2125258493330175,4.222620239553687,16312.7,16696.3,17348.5,16461.154166666664,100.05734180611415,cosine_armadillo,17348.5,16420.7,16416.2,16633.5,16366.5,16481.4,16568.2,16696.3,16404.9,16442.7,16601.5,16497.5,16413.1,16398.3,16347.7,16452.1,16465.6,16453.1,16481.6,16458.1,16536.9,16316.8,16312.7,16313.8,16588.5
results/GeneratedSparse/10_cells_100000_features/0.5/sparse_armadillo_euclidean.csv,euclidean,armadillo,0.5,10,100000,10_100000,1000000,1.0,5.0,1.0,4.2303021092892585,4.242760011236399,4.220466363976763,4.240679018048192,16613.7,17405.2,17488.8,16994.254166666666,191.44517705069552,euclidean_armadillo,17488.8,17035.9,16803.9,17147.6,16875.2,17040.5,17405.2,16820.5,17087.9,17253.6,16928.2,16903.4,17076.9,16698.0,16866.8,16744.4,17139.6,16859.8,16613.7,17146.6,17341.4,17012.6,16995.2,16962.5,17102.7
results/GeneratedSparse/10_cells_100000_features/0.5/sparse_armadillo_manhattan.csv,manhattan,armadillo,0.5,10,100000,10_100000,1000000,1.0,5.0,1.0,4.126598366475509,4.128341100382978,4.100656533806213,4.148000764736434,12608.3,14060.5,13438.2,13384.383333333331,426.7304444520243,manhattan_armadillo,13438.2,13349.9,14060.5,13578.9,12935.8,13156.5,13759.4,12788.8,12978.4,13025.7,13550.9,12997.6,13733.8,13997.4,13839.0,13136.4,12931.1,13130.1,13891.5,13248.2,13856.5,13114.5,12608.3,13518.1,14037.9
results/GeneratedSparse/10_cells_100000_features/0.5/sparse_armadillo_pearson.csv,pearson,armadillo,0.5,10,100000,10_100000,1000000,1.0,5.0,1.0,4.231887478462417,4.237561330734308,4.207238394684335,4.256525324848108,16115.3,18052.0,17280.7,17056.40416666667,533.6138924659281,pearson_armadillo,17280.7,16617.7,16649.5,17694.4,16783.0,17981.9,16455.9,17213.2,16952.2,17842.0,17489.4,17316.2,17286.8,16496.4,16432.7,17286.9,16323.9,18052.0,17499.0,16792.7,16547.5,17352.4,16957.5,16115.3,17215.2
results/GeneratedSparse/10_cells_100000_features/0.5/sparse_armadillo_spearman.csv,spearman,armadillo,0.5,10,100000,10_100000,1000000,1.0,5.0,1.0,4.708591659310141,4.706810774538396,4.7002596793276386,4.71703606972038,50148.7,52123.8,50910.9,51120.095833333326,474.1222974078592,spearman_armadillo,50910.9,50434.7,51163.9,51362.1,51540.9,51059.5,52123.8,50647.1,51155.3,50148.7,51465.4,51493.7,51689.0,50884.8,51161.9,51801.3,51093.1,50818.3,51020.5,51302.9,51351.8,50739.2,51508.9,50313.0,50602.5
results/GeneratedSparse/10_cells_100000_features/0.5/sparse_arrayfirecuda_cosine.csv,cosine,arrayfirecuda,0.5,10,100000,10_100000,1000000,1.0,5.0,1.0,3.377492859833571,3.411225632233135,3.373476586703659,3.3820837133734254,2363.07,2410.37,2577.66,2385.0245833333333,12.02095669347442,cosine_arrayfirecuda,2577.66,2395.43,2377.66,2387.44,2386.43,2363.07,2394.96,2398.08,2377.75,2375.03,2374.51,2379.15,2410.37,2408.77,2365.56,2377.8,2381.02,2396.27,2397.1,2385.81,2381.33,2381.76,2380.48,2393.89,2370.92
results/GeneratedSparse/10_cells_100000_features/0.5/sparse_arrayfirecuda_euclidean.csv,euclidean,arrayfirecuda,0.5,10,100000,10_100000,1000000,1.0,5.0,1.0,3.355654299987338,3.378432425078603,3.348877053560018,3.3592376791197696,2232.94,2286.85,2390.19,2268.05875,12.038362399879501,euclidean_arrayfirecuda,2390.19,2276.03,2254.74,2273.66,2268.84,2271.0,2266.87,2260.78,2255.58,2269.73,2267.85,2280.87,2269.43,2273.29,2232.94,2268.97,2278.05,2262.8,2281.54,2286.85,2260.02,2281.58,2244.05,2273.97,2273.97
results/GeneratedSparse/10_cells_100000_features/0.5/sparse_arrayfirecuda_manhattan.csv,manhattan,arrayfirecuda,0.5,10,100000,10_100000,1000000,1.0,5.0,1.0,6.075239401007241,6.07485665123563,6.0708480233972715,6.078643293526404,1177193.9552883103,1198514.5024717343,1188110.0,1189157.559426205,6418.859693178445,manhattan_arrayfirecuda,1188110.0,1184520.0,1194440.0,1194358.673104602,1190167.2704809182,1184918.1142526271,1192005.8917792244,1185926.931644295,1187456.6446657835,1187304.937891617,1177193.9552883103,1197190.5989937938,1198403.2720657631,1191627.089402616,1192227.8321397195,1178573.03450492,1187206.272082653,1197196.942924454,1182920.1472510109,1190341.7911616615,1198514.5024717343,1194986.0483191507,1178414.1753885767,1180149.5321037848,1193737.7683117017
results/GeneratedSparse/10_cells_100000_features/0.5/sparse_arrayfirecuda_pearson.csv,pearson,arrayfirecuda,0.5,10,100000,10_100000,1000000,1.0,5.0,1.0,3.381281784084136,3.4143532005958104,3.3811710568484266,3.381425566997785,2405.31,2406.72,2596.29,2405.923333333333,0.378568209030915,pearson_arrayfirecuda,2596.29,2405.62,2406.15,2406.23,2406.72,2406.23,2406.21,2405.51,2405.66,2405.61,2405.99,2405.34,2405.88,2406.07,2405.97,2405.54,2406.17,2405.31,2406.31,2405.31,2406.48,2406.1,2405.8,2406.3,2405.65
results/GeneratedSparse/10_cells_100000_features/0.5/sparse_raft_cosine.csv,cosine,raft,0.5,10,100000,10_100000,1000000,1.0,5.0,1.0,4.106965053998601,5.877531203017253,4.0927262466536805,4.115887280789755,12380.159690794137,13058.319212505568,754277.5869369506,12792.783614217407,166.81066104709362,cosine_raft,1495686.5310668943,12868.642807006836,12963.533401489258,12673.85482788086,12669.32487487793,12917.810767420511,12688.02887804001,12998.864157826898,13007.292873114897,12791.532233562688,12661.25057075909,12891.892242782676,12645.505861588214,12780.905662554323,12638.335347620425,12785.187564500337,12700.46051884098,12781.348220032703,13058.319212505568,12496.080184015304,12965.089272548845,13004.152255854648,12380.159690794137,12852.322091245143,12806.913224355509
results/GeneratedSparse/10_cells_100000_features/0.5/sparse_raft_euclidean.csv,euclidean,raft,0.5,10,100000,10_100000,1000000,1.0,5.0,1.0,4.10346744020517,5.891844881320321,4.093882311731823,4.110753046341088,12413.158812314185,12904.852539693708,779551.62525177,12690.170005191045,149.00585580615063,euclidean_raft,1546247.0054626465,12856.245040893557,12823.104858398438,12483.11996459961,12537.240982055664,12653.601271451727,12837.554939013093,12779.240207199968,12413.158812314185,12904.852539693708,12747.765222368736,12864.726327665856,12659.87357828142,12581.499484845734,12879.251274584512,12637.722452145914,12493.83242607045,12665.240845024791,12871.022510278375,12833.949068941189,12433.397789645998,12608.262314668778,12601.323260359131,12630.928117941774,12767.166836142433
results/GeneratedSparse/10_cells_100000_features/0.5/sparse_raft_manhattan.csv,manhattan,raft,0.5,10,100000,10_100000,1000000,1.0,5.0,1.0,4.0654056368461005,5.865800982608253,4.0491876608309605,4.0900149736956,11199.217027323488,12303.111890065433,734177.3509979249,11625.339291274018,297.4990876578601,manhattan_raft,1456387.281417847,11967.42057800293,11863.70849609375,11483.90769958496,11518.478393554688,12134.63422294994,11199.217027323488,11336.639614209682,11750.29163492598,11470.125072092484,11499.615986690693,11872.063040641098,11868.923057523512,11281.267687838248,11242.406922175542,11901.295831732645,11290.28698646663,11513.319233379603,11678.432329244955,11425.403111821604,12303.111890065433,11581.249050607446,11213.654094549993,11723.452341657952,11889.238687443172
results/GeneratedSparse/10_cells_100000_features/0.5/sparse_raft_pearson.csv,pearson,raft,0.5,10,100000,10_100000,1000000,1.0,5.0,1.0,4.55897431414264,5.672589109367514,4.556911545915306,4.561274037708764,36050.52103455734,36414.47372100238,470531.9404602051,36222.15745966242,102.67378788876668,pearson_raft,904734.8499298096,36329.030990600586,36240.339279174805,36253.45230102539,36130.666732788086,36287.69179557015,36151.18819929277,36297.57368309351,36414.47372100238,36272.51215814204,36234.79222183259,36246.25676762503,36366.518359467525,36349.025258648966,36321.81274535006,36119.13585238218,36262.62607382619,36100.95765814484,36054.68039103482,36050.52103455734,36206.360169076936,36235.27629731268,36256.645303026846,36059.99820374024,36090.24383518209
results/GeneratedSparse/10_cells_100000_features/0.75/sparse_CPU_cosine.csv,cosine,CPU,0.75,10,100000,10_100000,1000000,1.0,5.0,1.0,3.8735833567142754,4.004396616308189,3.830364086153392,3.9005719362442806,6766.5,7953.75,10101.75,7474.520833333333,316.64046972232126,cosine_CPU,10101.75,7258.25,7679.0,7808.0,6964.0,7953.75,7039.25,7780.0,7379.5,7351.75,7238.5,7790.5,7870.5,7505.5,7749.25,7597.5,7370.0,7167.5,6766.5,7323.0,7504.25,7436.0,7729.0,7946.25,7180.75
results/GeneratedSparse/10_cells_100000_features/0.75/sparse_CPU_euclidean.csv,euclidean,CPU,0.75,10,100000,10_100000,1000000,1.0,5.0,1.0,3.8721854190509046,3.992255196906272,3.814813408448835,3.925776053836746,6528.5,8429.0,9823.25,7450.5,342.07201057184824,euclidean_CPU,9823.25,7048.0,7604.25,7539.0,8429.0,7174.75,7681.75,7418.75,7458.0,7807.0,7837.0,7356.75,7559.75,7315.25,7026.0,7450.0,7547.0,7627.25,7631.25,7517.5,7419.0,6528.5,7186.25,7347.25,7302.75
results/GeneratedSparse/10_cells_100000_features/0.75/sparse_CPU_kendall.csv,kendall,CPU,0.75,10,100000,10_100000,1000000,1.0,5.0,1.0,4.987536113463201,5.011575729525211,4.916727599445475,5.068729317658603,82552.0,117146.5,102701.25,97170.875,6648.320383124347,kendall_CPU,102701.25,90309.0,102869.5,117146.5,96860.75,102748.5,95930.5,98440.25,90617.75,89276.25,103618.0,92674.5,95819.5,87897.0,96801.0,101081.25,93462.25,97752.5,99981.0,97876.75,101673.0,82552.0,101718.75,97804.25,97190.25
results/GeneratedSparse/10_cells_100000_features/0.75/sparse_CPU_manhattan.csv,manhattan,CPU,0.75,10,100000,10_100000,1000000,1.0,5.0,1.0,3.8858686841821006,4.011655010724778,3.6873728725228236,3.9890491564382202,4868.25,9751.0,10272.0,7688.979166666667,1284.967490908222,manhattan_CPU,10272.0,6108.25,8610.5,7247.75,7892.0,8595.5,9312.25,4868.25,6897.0,9000.0,8369.5,5909.5,7421.75,8115.5,6802.0,6125.75,9184.5,9751.0,8939.75,7577.75,6036.0,7152.75,8836.0,6731.75,9050.5
results/GeneratedSparse/10_cells_100000_features/0.75/sparse_CPU_pearson.csv,pearson,CPU,0.75,10,100000,10_100000,1000000,1.0,5.0,1.0,3.868430740171463,4.02251085043403,3.832397131359736,3.901948465073084,6798.25,7979.0,10532.0,7386.364583333333,275.7056191541256,pearson_CPU,10532.0,7240.0,7613.0,7810.25,7254.0,7665.0,7550.5,7477.25,7101.5,6798.25,7083.25,7979.0,7113.75,7640.25,7513.75,7252.5,7264.5,7156.5,7550.75,7565.25,7295.5,7162.75,7594.75,7018.25,7572.25
results/GeneratedSparse/10_cells_100000_features/0.75/sparse_CPU_spearman.csv,spearman,CPU,0.75,10,100000,10_100000,1000000,1.0,5.0,1.0,3.9586957480992275,4.153761526659283,3.8091049824272254,4.043529282246184,6443.25,11054.25,14248.25,9092.760416666666,1148.9522570385564,spearman_CPU,14248.25,9621.0,8138.0,7958.75,7443.0,8940.0,8392.5,10444.5,8841.25,10498.75,7757.75,8807.25,9503.5,10200.75,10589.75,10155.75,9066.75,8895.5,6443.25,9502.5,9142.0,10640.75,11054.25,8143.5,8045.25
results/GeneratedSparse/10_cells_100000_features/0.75/sparse_GPU_cosine.csv,cosine,GPU,0.75,10,100000,10_100000,1000000,1.0,5.0,1.0,4.084560267125898,6.08289680100881,3.7065257629611206,4.2912411633151075,5087.75,19554.25,1210310.5,12149.552083333334,3232.0077818555487,cosine_GPU,1210310.5,14798.5,9554.75,10368.25,11914.75,12468.5,11922.0,9603.25,12642.25,12773.75,12213.0,15759.5,19554.25,10767.75,9860.0,14434.25,15797.5,5087.75,14494.5,5613.75,7647.25,12216.0,12514.5,14314.5,15268.75
results/GeneratedSparse/10_cells_100000_features/0.75/sparse_GPU_euclidean.csv,euclidean,GPU,0.75,10,100000,10_100000,1000000,1.0,5.0,1.0,4.01452622641034,6.088170299122488,3.9311399158597338,4.122682698715645,8533.75,13264.25,1225096.5,10340.135416666666,1156.189851992235,euclidean_GPU,1225096.5,10881.25,9411.5,8533.75,8573.5,11131.25,9704.75,10600.25,13264.25,10969.75,10677.5,11492.0,10282.75,10364.25,9061.25,10629.5,8725.75,8832.0,10687.5,11312.25,9942.5,11897.75,11060.0,11097.0,9031.0
results/GeneratedSparse/10_cells_100000_features/0.75/sparse_GPU_kendall.csv,kendall,GPU,0.75,10,100000,10_100000,1000000,1.0,5.0,1.0,4.986198359586224,5.722193235585053,4.983312742332376,4.990650697683131,96230.5,97870.25,527464.5,96872.02083333333,403.43874687818334,kendall_GPU,527464.5,97298.0,96593.0,96653.5,96712.75,96503.5,96613.5,96610.5,96771.75,96593.25,96683.75,96928.0,97178.0,97554.0,97209.0,96416.75,97333.75,96687.75,97376.0,97289.0,97870.25,96568.5,96599.5,96230.5,96654.0
results/GeneratedSparse/10_cells_100000_features/0.75/sparse_GPU_manhattan.csv,manhattan,GPU,0.75,10,100000,10_100000,1000000,1.0,5.0,1.0,4.320114249650703,5.614574010217265,4.308041237885789,4.330378257161321,20325.5,21398.25,411693.5,20898.458333333332,281.6222598130734,manhattan_GPU,411693.5,21130.0,20645.0,21279.25,21246.75,21398.25,20613.5,21017.25,21027.75,21118.25,21261.25,20490.75,21026.25,20817.25,20585.75,20800.0,20743.5,20756.5,20643.0,20863.75,20567.5,21241.25,20961.25,20325.5,21003.5
results/GeneratedSparse/10_cells_100000_features/0.75/sparse_GPU_pearson.csv,pearson,GPU,0.75,10,100000,10_100000,1000000,1.0,5.0,1.0,4.085593057528104,6.083895797218743,3.7017190552675694,4.392793647743492,5031.75,24705.5,1213097.75,12178.479166666666,4972.502286490103,pearson_GPU,1213097.75,15233.75,9391.75,8954.25,7545.25,8569.5,10039.0,16538.5,19930.5,10069.25,6517.0,8667.0,12315.0,7234.25,20625.75,13547.5,17621.25,24705.5,12625.5,9927.25,5031.75,9390.25,12169.75,7830.0,17804.0
results/GeneratedSparse/10_cells_100000_features/0.75/sparse_GPU_spearman.csv,spearman,GPU,0.75,10,100000,10_100000,1000000,1.0,5.0,1.0,4.472065281221453,5.63518003663177,4.471174318307337,4.472917269345676,29592.0,29711.0,431698.0,29652.770833333332,32.3445735939156,spearman_GPU,431698.0,29671.75,29622.75,29674.25,29692.5,29609.5,29684.75,29711.0,29658.5,29678.75,29685.25,29619.5,29621.5,29671.75,29606.5,29680.75,29629.0,29670.25,29592.0,29631.5,29661.5,29681.0,29651.75,29657.5,29603.0
results/GeneratedSparse/10_cells_100000_features/0.75/sparse_armadillo_cosine.csv,cosine,armadillo,0.75,10,100000,10_100000,1000000,1.0,5.0,1.0,3.845349547763025,3.8682163975080837,3.8338830667332364,3.8549190878308885,6821.55,7160.1,7382.72,7004.055,75.08915700685432,cosine_armadillo,7382.72,6891.11,7047.2,7014.95,6997.2,7070.31,6992.18,7063.34,7120.3,6904.53,6821.55,7006.89,6925.61,7053.96,7097.52,7008.63,7037.2,6991.02,6953.44,6992.4,7062.8,7160.1,6947.63,6947.4,6990.05
results/GeneratedSparse/10_cells_100000_features/0.75/sparse_armadillo_euclidean.csv,euclidean,armadillo,0.75,10,100000,10_100000,1000000,1.0,5.0,1.0,3.8535428760757737,3.8719399460573953,3.848849604533716,3.8602978699159785,7060.73,7249.33,7446.29,7137.446666666666,48.85648904927802,euclidean_armadillo,7446.29,7150.05,7103.95,7079.46,7249.33,7114.98,7185.94,7130.62,7149.71,7121.42,7060.73,7138.01,7076.05,7218.06,7214.15,7091.5,7130.24,7138.64,7124.11,7149.99,7175.47,7152.86,7191.43,7067.88,7084.14
results/GeneratedSparse/10_cells_100000_features/0.75/sparse_armadillo_manhattan.csv,manhattan,armadillo,0.75,10,100000,10_100000,1000000,1.0,5.0,1.0,4.112101635405604,4.111944344867017,4.088671093453219,4.133078823536755,12265.1,13585.6,12940.3,12944.987500000001,323.5508323181226,manhattan_armadillo,12940.3,13585.6,12750.7,12750.2,12773.2,12954.2,12265.1,13203.0,13448.9,12959.4,12663.1,13166.3,13131.6,12477.7,13013.8,13236.1,12722.1,13102.8,13319.9,12320.4,13236.0,12751.0,13048.2,12884.7,12915.7
results/GeneratedSparse/10_cells_100000_features/0.75/sparse_armadillo_pearson.csv,pearson,armadillo,0.75,10,100000,10_100000,1000000,1.0,5.0,1.0,3.857256060913729,3.8813161686664692,3.855567004167227,3.8592506106655797,7170.79,7231.87,7608.8,7198.732916666667,20.068548668494223,pearson_armadillo,7608.8,7175.5,7171.14,7202.29,7222.09,7170.79,7187.47,7223.3,7180.2,7221.4,7231.87,7181.89,7182.26,7184.29,7202.99,7222.45,7203.79,7230.32,7212.21,7216.26,7180.37,7181.03,7196.72,7214.39,7174.57
results/GeneratedSparse/10_cells_100000_features/0.75/sparse_armadillo_spearman.csv,spearman,armadillo,0.75,10,100000,10_100000,1000000,1.0,5.0,1.0,4.546234774884788,4.539245515903024,4.538497072054401,4.55213262107812,34553.9,35656.0,34613.5,35175.05416666666,270.6747771452646,spearman_armadillo,34613.5,34908.9,35419.8,35206.2,35336.4,35050.2,35642.0,35331.2,35098.8,34553.9,35291.7,35490.9,35378.9,34967.3,34884.0,34801.8,35070.2,35001.1,35656.0,34861.9,35468.9,35034.8,35195.5,35149.7,35401.2
results/GeneratedSparse/10_cells_100000_features/0.75/sparse_arrayfirecuda_cosine.csv,cosine,arrayfirecuda,0.75,10,100000,10_100000,1000000,1.0,5.0,1.0,3.2321436168378876,3.2792881397978286,3.230528109034554,3.2354400640376695,1700.31,1719.65,1902.34,1706.6466666666668,5.0077686869725175,cosine_arrayfirecuda,1902.34,1714.53,1704.31,1709.76,1703.46,1704.87,1704.91,1705.03,1712.5,1702.45,1706.33,1714.14,1704.8,1701.34,1703.83,1700.55,1705.13,1702.58,1701.5,1705.68,1707.79,1713.76,1700.31,1719.65,1710.31
results/GeneratedSparse/10_cells_100000_features/0.75/sparse_arrayfirecuda_euclidean.csv,euclidean,arrayfirecuda,0.75,10,100000,10_100000,1000000,1.0,5.0,1.0,3.1997133634297086,3.2478039321151257,3.1945393165658675,3.2051231292036544,1565.09,1603.7,1769.31,1583.8474999999999,11.894849112816283,euclidean_arrayfirecuda,1769.31,1593.85,1571.99,1567.88,1580.83,1591.05,1598.68,1565.09,1596.5,1580.97,1603.05,1570.47,1566.38,1577.92,1594.04,1577.08,1575.14,1584.21,1575.48,1596.0,1570.56,1603.7,1587.12,1597.05,1587.3
results/GeneratedSparse/10_cells_100000_features/0.75/sparse_arrayfirecuda_manhattan.csv,manhattan,arrayfirecuda,0.75,10,100000,10_100000,1000000,1.0,5.0,1.0,6.087910915980208,6.089124091853771,6.085751169095893,6.090894084923037,1218291.3736000732,1232804.1421673128,1227790.0,1224365.027421525,3316.3185772837783,manhattan_arrayfirecuda,1227790.0,1222090.0,1227490.0,1224861.1570754915,1224277.390433108,1223079.2090370555,1226663.7755438746,1224996.644062061,1223377.427595367,1232804.1421673128,1225737.0891897928,1218291.3736000732,1219871.8890262835,1228683.4991813055,1229134.1683497538,1221301.3218172065,1222202.1694490518,1222775.615180661,1218952.955784285,1224618.4634171918,1225015.714883958,1224919.750960847,1222641.5431924378,1228377.683551399,1222597.6746180833
results/GeneratedSparse/10_cells_100000_features/0.75/sparse_arrayfirecuda_pearson.csv,pearson,arrayfirecuda,0.75,10,100000,10_100000,1000000,1.0,5.0,1.0,3.231807264957578,3.2779711664829323,3.226623101325788,3.2363432467251725,1685.09,1723.23,1896.58,1705.3254166666666,10.380746592918504,pearson_arrayfirecuda,1896.58,1711.29,1698.47,1688.86,1702.68,1711.29,1711.85,1715.43,1723.23,1707.92,1704.76,1707.3,1703.41,1694.31,1693.02,1708.42,1721.25,1686.21,1717.81,1705.28,1704.25,1705.72,1719.95,1685.09,1700.01
results/GeneratedSparse/10_cells_100000_features/0.75/sparse_raft_cosine.csv,cosine,raft,0.75,10,100000,10_100000,1000000,1.0,5.0,1.0,3.8862039021974484,5.862459763429716,3.8729436883061936,3.9020758826167294,7463.51978297281,7981.341300148129,728550.6725311279,7694.916334737124,116.02243478443677,cosine_raft,1449268.5794830322,7832.765579223633,7779.836654663086,7571.697235107422,7630.825042724609,7463.51978297281,7679.960277432259,7731.480672194662,7828.958146342982,7690.697823594549,7755.576286639705,7871.824863991449,7671.890990415659,7614.704921281107,7700.70212262962,7565.8889030247,7634.710645359412,7768.407766065162,7685.558293293066,7670.656907118265,7626.700720577734,7981.341300148129,7504.102189323569,7628.402849636792,7787.782059930602
results/GeneratedSparse/10_cells_100000_features/0.75/sparse_raft_euclidean.csv,euclidean,raft,0.75,10,100000,10_100000,1000000,1.0,5.0,1.0,3.8921440341000197,5.914220793653034,3.8740944353290727,3.9144234206170485,7483.322042021687,8211.517459325965,820768.7139511108,7800.887846734917,180.1466272055755,euclidean_raft,1633581.8767547607,7955.5511474609375,7819.175720214844,7639.646530151367,7622.480392456055,7883.321549307407,7650.294760773293,7917.988214747103,7625.116037861135,8148.340794755671,7805.867937308519,7545.503634625264,7696.958098657466,8211.517459325965,7887.08568034521,7483.322042021687,7571.059701708537,7779.849999203533,7914.593589421153,7743.328962808285,7989.22484142623,7965.391883334352,7731.677000277464,7893.45561276184,7740.556730684694
results/GeneratedSparse/10_cells_100000_features/0.75/sparse_raft_manhattan.csv,manhattan,raft,0.75,10,100000,10_100000,1000000,1.0,5.0,1.0,3.8655184072322357,5.85685019172199,3.848146818712373,3.8775006396788716,7049.313395960031,7542.245067553677,719200.849533081,7336.998110524927,144.82990127500486,manhattan_raft,1430908.9183807373,7492.780685424805,7405.281066894531,7198.333740234375,7220.983505249023,7197.920246604833,7542.245067553677,7293.089507149876,7268.019544881005,7434.845211654195,7509.643120970773,7443.371401449736,7225.889885386017,7518.809669635755,7511.874747353337,7103.919471835366,7350.516833334635,7319.930494073357,7424.627502565164,7338.023975366727,7140.062342159173,7443.898977013563,7049.313395960031,7487.480211343567,7167.094048504724
results/GeneratedSparse/10_cells_100000_features/0.75/sparse_raft_pearson.csv,pearson,raft,0.75,10,100000,10_100000,1000000,1.0,5.0,1.0,4.544473392437225,5.620085827579802,4.531873147656896,4.563437232400905,34030.87749663642,36596.30449246242,416951.7755508423,35032.68244586963,617.8439357901536,pearson_raft,798132.1811676025,35771.36993408203,35383.93974304199,35168.17092895508,34166.33605957031,35890.4927706228,34643.27970707793,34526.96772768037,34781.35711810442,34817.51991957436,35460.16938921521,34374.86079765449,34837.62506387926,35636.94574798468,34882.20308656395,34192.82880187356,36596.30449246242,34844.17256821406,34030.87749663642,34467.36824562401,34859.12838433988,35436.53852917704,35449.98182372387,34820.38584088757,35745.55452392544
results/GeneratedSparse/10_cells_100000_features/0.9/sparse_CPU_cosine.csv,cosine,CPU,0.9,10,100000,10_100000,1000000,1.0,5.0,1.0,3.858277089380831,3.963964813484758,3.454654338188432,4.113048787206323,2848.75,12973.25,9203.75,7215.677083333333,2088.6727811868136,cosine_CPU,9203.75,5941.75,9378.75,10431.25,6454.75,7470.75,10042.0,6100.0,4814.75,5757.0,6138.5,6971.5,8797.0,7480.5,12973.25,5818.75,8388.0,7101.0,6607.25,7545.25,5796.0,8653.5,4702.5,6963.5,2848.75
results/GeneratedSparse/10_cells_100000_features/0.9/sparse_CPU_euclidean.csv,euclidean,CPU,0.9,10,100000,10_100000,1000000,1.0,5.0,1.0,3.7628152749621937,3.97780359953627,3.7355789408534466,3.784367626352988,5439.75,6086.5,9501.75,5791.822916666667,179.64811494695138,euclidean_CPU,9501.75,5712.0,5987.25,5987.75,5955.25,5846.25,5908.75,5439.75,5702.0,5648.0,6086.5,5539.5,5783.0,5636.0,5858.5,6071.75,5933.0,5551.0,5775.75,5584.0,5654.25,5596.25,5991.0,5829.25,5927.0
results/GeneratedSparse/10_cells_100000_features/0.9/sparse_CPU_kendall.csv,kendall,CPU,0.9,10,100000,10_100000,1000000,1.0,5.0,1.0,4.612003721434436,4.64012849143863,4.583295147167715,4.634010984671881,38308.5,43053.75,43664.5,40926.416666666664,1175.135080149181,kendall_CPU,43664.5,42122.25,40103.0,41940.75,41310.75,43053.75,41297.75,40829.5,41380.75,40513.5,43023.25,42235.0,40087.25,41828.0,38308.5,39984.0,40242.0,39214.75,39681.0,39165.5,41393.75,40270.0,41511.0,41430.5,41307.5
results/GeneratedSparse/10_cells_100000_features/0.9/sparse_CPU_manhattan.csv,manhattan,CPU,0.9,10,100000,10_100000,1000000,1.0,5.0,1.0,3.7212471228707042,3.808346035740395,3.428256314660623,3.8639025239514155,2680.75,7309.75,6432.0,5263.166666666667,1195.024580610746,manhattan_CPU,6432.0,3822.5,5846.5,4791.25,6102.0,5676.0,5846.25,3580.5,6714.25,4908.75,5311.0,5626.75,7309.75,4492.25,6994.25,6408.0,3398.5,2680.75,5975.5,4601.75,5308.5,4751.5,3871.0,6946.5,5352.0
results/GeneratedSparse/10_cells_100000_features/0.9/sparse_CPU_pearson.csv,pearson,CPU,0.9,10,100000,10_100000,1000000,1.0,5.0,1.0,3.7789933868916283,3.9752019622578523,3.7745717052805707,3.781988610700656,5950.75,6053.25,9445.0,6011.645833333333,29.72196829460585,pearson_CPU,9445.0,5982.75,6025.0,6012.5,5954.0,6041.0,6019.0,6015.25,5950.75,6008.25,6018.0,6053.25,6001.5,6007.75,6051.25,6021.0,6033.75,5972.5,6048.5,6033.75,5992.5,5955.75,6014.75,6020.0,6046.75
results/GeneratedSparse/10_cells_100000_features/0.9/sparse_CPU_spearman.csv,spearman,CPU,0.9,10,100000,10_100000,1000000,1.0,5.0,1.0,3.730997486018614,3.905539544014108,3.7058637122839193,3.756560043006683,5080.0,5709.0,8045.25,5382.666666666667,146.71055806322263,spearman_CPU,8045.25,5260.25,5506.75,5709.0,5490.25,5186.75,5361.25,5473.0,5172.75,5464.25,5372.75,5288.75,5503.75,5490.75,5080.0,5556.5,5453.75,5340.25,5492.25,5319.25,5308.75,5136.75,5460.25,5282.0,5474.0
results/GeneratedSparse/10_cells_100000_features/0.9/sparse_GPU_cosine.csv,cosine,GPU,0.9,10,100000,10_100000,1000000,1.0,5.0,1.0,3.8047667856493823,6.087403108197541,3.7637086966742306,3.8468163038261585,5803.75,7027.75,1222934.25,6379.208333333333,354.3721462750079,cosine_GPU,1222934.25,6691.5,6140.5,6102.5,7027.75,5919.75,6704.75,5860.75,6621.25,6230.5,6536.75,6946.25,5928.75,6437.25,6506.25,6196.75,6875.25,6115.0,6384.5,6775.5,6474.75,6118.0,6676.0,5803.75,6027.0
results/GeneratedSparse/10_cells_100000_features/0.9/sparse_GPU_euclidean.csv,euclidean,GPU,0.9,10,100000,10_100000,1000000,1.0,5.0,1.0,3.7824808357898716,6.071684781793869,3.7016111533360587,3.8543060418010806,5030.5,7150.0,1179464.25,6060.114583333333,543.3667613973945,euclidean_GPU,1179464.25,6617.25,5792.25,6595.0,6340.25,5733.75,5932.25,6289.5,5730.25,5570.5,6862.75,6169.0,6745.25,7150.0,5814.0,5960.75,5144.0,5030.5,6078.5,6731.0,6384.25,6098.75,5183.25,5684.0,5805.75
results/GeneratedSparse/10_cells_100000_features/0.9/sparse_GPU_kendall.csv,kendall,GPU,0.9,10,100000,10_100000,1000000,1.0,5.0,1.0,4.65500159528071,5.648529547921757,4.651847167693987,4.658238029688146,44858.75,45523.75,445173.75,45185.760416666664,169.91597922402624,kendall_GPU,445173.75,45294.75,45068.5,45209.0,45431.75,45059.25,45237.75,45111.25,45187.0,45121.25,44985.5,44904.0,45249.25,45357.75,45017.5,45206.75,45523.75,45175.5,45097.75,45281.75,45346.0,44858.75,45290.0,44978.25,45465.25
results/GeneratedSparse/10_cells_100000_features/0.9/sparse_GPU_manhattan.csv,manhattan,GPU,0.9,10,100000,10_100000,1000000,1.0,5.0,1.0,3.93797735244019,5.599696165201641,3.9208404681336204,3.9517987723766113,8333.75,8949.5,397828.75,8669.166666666666,164.66039335216252,manhattan_GPU,397828.75,8797.25,8543.25,8589.0,8845.25,8854.5,8574.75,8764.0,8734.25,8506.5,8705.75,8794.5,8445.0,8833.0,8462.25,8771.0,8860.75,8949.5,8400.75,8333.75,8566.25,8835.0,8706.5,8592.5,8594.75
results/GeneratedSparse/10_cells_100000_features/0.9/sparse_GPU_pearson.csv,pearson,GPU,0.9,10,100000,10_100000,1000000,1.0,5.0,1.0,3.813735232447681,6.050072586377709,3.694517453811156,3.901471943970474,4949.0,7970.25,1122206.0,6512.3125,812.9645442824777,pearson_GPU,1122206.0,6828.25,5824.5,6575.25,5540.0,7323.25,4949.0,6475.5,6511.0,6508.25,5567.5,7348.75,5689.0,7455.25,6680.75,5398.75,7970.25,6608.0,5991.0,6289.75,7012.0,7423.0,7142.75,7788.5,5395.25
results/GeneratedSparse/10_cells_100000_features/0.9/sparse_GPU_spearman.csv,spearman,GPU,0.9,10,100000,10_100000,1000000,1.0,5.0,1.0,4.071977842088583,5.49061504653292,4.054814070289198,4.080644522032454,11345.25,12040.5,309467.5,11802.604166666666,149.81304176418982,spearman_GPU,309467.5,11943.25,11703.75,11742.5,11691.25,11875.25,11878.75,11345.25,12011.5,11813.75,11587.5,11782.75,11985.75,12040.5,11747.25,11863.0,11667.0,11865.75,11827.5,11740.5,11824.75,11883.75,11637.75,11852.75,11950.75
results/GeneratedSparse/10_cells_100000_features/0.9/sparse_armadillo_cosine.csv,cosine,armadillo,0.9,10,100000,10_100000,1000000,1.0,5.0,1.0,3.540296619858953,3.6280526048334054,3.5147801110847015,3.573593278106087,3271.75,3746.22,4246.71,3469.7374999999997,100.2288585874847,cosine_armadillo,4246.71,3601.8,3461.0,3380.31,3377.41,3413.51,3746.22,3578.36,3402.47,3271.75,3382.49,3470.1,3437.66,3454.32,3531.09,3519.04,3442.2,3327.04,3466.86,3486.17,3382.47,3607.45,3461.81,3538.75,3533.42
results/GeneratedSparse/10_cells_100000_features/0.9/sparse_armadillo_euclidean.csv,euclidean,armadillo,0.9,10,100000,10_100000,1000000,1.0,5.0,1.0,3.5803039619234007,3.598734712200473,3.5530135679312456,3.6154397451254288,3572.84,4125.15,3969.49,3804.5558333333333,141.340168945841,euclidean_armadillo,3969.49,3957.03,3678.42,3668.25,3695.66,3829.65,3689.27,3796.26,3777.77,4097.36,3726.86,3585.05,3855.29,4125.15,3954.74,3734.14,3803.97,3749.97,3800.04,3897.42,3793.11,3732.87,3760.51,3572.84,4027.71
results/GeneratedSparse/10_cells_100000_features/0.9/sparse_armadillo_manhattan.csv,manhattan,armadillo,0.9,10,100000,10_100000,1000000,1.0,5.0,1.0,4.125457002004001,4.1272117383160465,4.118377171640834,4.131791834413688,13133.4,13545.4,13403.3,13349.254166666668,106.00186704003029,manhattan_armadillo,13403.3,13379.6,13428.9,13375.5,13151.4,13319.0,13178.9,13261.6,13354.7,13133.4,13458.6,13485.6,13434.7,13293.0,13418.5,13343.7,13450.2,13259.0,13370.3,13286.0,13545.4,13414.3,13307.8,13254.8,13477.2
results/GeneratedSparse/10_cells_100000_features/0.9/sparse_armadillo_pearson.csv,pearson,armadillo,0.9,10,100000,10_100000,1000000,1.0,5.0,1.0,3.590878646493646,3.688786325767849,3.577234363859383,3.6064813273352385,3777.76,4040.93,4884.12,3898.330416666666,63.320130848409605,pearson_armadillo,4884.12,3988.37,3866.1,3876.41,3837.3,3833.63,3911.94,3960.32,3940.24,3835.86,3929.82,3856.25,3980.39,3878.87,4040.93,3777.76,3819.86,3861.34,3813.92,3881.24,3938.15,3967.43,3892.81,3944.42,3926.57
results/GeneratedSparse/10_cells_100000_features/0.9/sparse_armadillo_spearman.csv,spearman,armadillo,0.9,10,100000,10_100000,1000000,1.0,5.0,1.0,4.402930940874564,4.397275899194737,4.388641068508836,4.413423830496009,24470.4,25907.4,24961.8,25288.958333333332,370.7526679120312,spearman_armadillo,24961.8,25012.2,25064.5,25827.1,25555.3,25425.2,25417.4,25583.3,24952.1,25138.0,25907.4,25255.4,25763.7,24470.4,25150.6,24690.3,25302.1,25249.8,25598.4,25600.0,24838.0,25159.7,25446.8,24785.9,25741.4
results/GeneratedSparse/10_cells_100000_features/0.9/sparse_arrayfirecuda_cosine.csv,cosine,arrayfirecuda,0.9,10,100000,10_100000,1000000,1.0,5.0,1.0,3.180038137286852,3.236396168438776,3.1698565762229856,3.188858203886616,1478.62,1544.75,1723.44,1513.6941666666664,13.830944447345454,cosine_arrayfirecuda,1723.44,1524.62,1506.3,1501.34,1515.64,1504.29,1499.64,1529.65,1519.63,1520.48,1500.29,1502.43,1514.92,1544.75,1508.27,1509.95,1521.9,1478.62,1520.69,1532.34,1531.0,1504.61,1523.92,1502.0,1511.38
results/GeneratedSparse/10_cells_100000_features/0.9/sparse_arrayfirecuda_euclidean.csv,euclidean,arrayfirecuda,0.9,10,100000,10_100000,1000000,1.0,5.0,1.0,3.1790754433151864,3.214425240709692,3.177299809878768,3.1809082769327794,1504.18,1516.73,1638.42,1510.3425,4.116796134941181,euclidean_arrayfirecuda,1638.42,1513.04,1506.44,1504.95,1508.25,1515.82,1507.28,1516.45,1504.37,1515.72,1504.64,1504.18,1515.53,1509.47,1511.19,1507.08,1504.78,1509.94,1513.53,1516.73,1513.97,1511.55,1511.16,1510.19,1511.96
results/GeneratedSparse/10_cells_100000_features/0.9/sparse_arrayfirecuda_manhattan.csv,manhattan,arrayfirecuda,0.9,10,100000,10_100000,1000000,1.0,5.0,1.0,6.068837508289637,6.069009126886532,6.066143734699621,6.0733590500683885,1164511.373927388,1184020.0318651006,1172220.0,1171756.8695285947,4999.71025429648,manhattan_arrayfirecuda,1172220.0,1171190.0,1177630.0,1176245.7711217664,1177589.5709481055,1178697.4842462814,1172216.7404791226,1175835.8373613365,1173680.2888391155,1169992.0486719292,1170834.5251598374,1168241.5520057366,1176539.3673830784,1168189.333138013,1165137.320087548,1176419.171962696,1168925.2421954316,1166141.96461413,1165521.8508829963,1168691.5829438989,1164511.373927388,1169627.9302076786,1169445.5137496097,1184020.0318651006,1166840.366895471
results/GeneratedSparse/10_cells_100000_features/0.9/sparse_arrayfirecuda_pearson.csv,pearson,arrayfirecuda,0.9,10,100000,10_100000,1000000,1.0,5.0,1.0,3.183520499269719,3.2295743430494515,3.17215614867992,3.189667139702721,1486.47,1547.63,1696.58,1525.8804166666666,16.157416893170836,pearson_arrayfirecuda,1696.58,1541.42,1517.16,1526.77,1542.1,1511.44,1547.63,1534.24,1486.47,1544.49,1540.35,1500.61,1546.24,1505.34,1531.39,1520.84,1537.57,1522.18,1506.41,1530.43,1535.34,1517.19,1512.54,1518.51,1544.47
results/GeneratedSparse/10_cells_100000_features/0.9/sparse_raft_cosine.csv,cosine,raft,0.9,10,100000,10_100000,1000000,1.0,5.0,1.0,3.7364468844944536,5.878486344795812,3.7133534054790482,3.7632239212938323,5168.367721513251,5797.275256384695,755938.2915496826,5450.632287598005,148.9216201936673,cosine_raft,1506228.4469604492,5648.136138916016,5453.348159790039,5366.325378417969,5427.360534667969,5186.177001980098,5582.702845581196,5549.912262008156,5650.633342076148,5319.742906725339,5484.069176094688,5306.90416067586,5393.729440145172,5331.446428510129,5450.344708581967,5411.187936514219,5420.143398818518,5534.860816439773,5475.796118435904,5577.328941594651,5255.519719801368,5411.114319863934,5797.275256384695,5168.367721513251,5612.748188815066
results/GeneratedSparse/10_cells_100000_features/0.9/sparse_raft_euclidean.csv,euclidean,raft,0.9,10,100000,10_100000,1000000,1.0,5.0,1.0,3.7377366186823116,5.901197137185069,3.71107574882868,3.753790528060211,5141.333179311415,5672.709293469522,796520.8292007446,5466.843213175915,131.62515892607186,euclidean_raft,1587382.0781707764,5659.580230712891,5476.951599121094,5394.935607910156,5435.466766357422,5352.708207095449,5509.083387729468,5349.559424268994,5535.367289714226,5554.305313998487,5605.023708349278,5556.385914851793,5446.09222871058,5196.967787458433,5485.141785676134,5456.594557261898,5640.755136281289,5503.060517643376,5268.992593626484,5672.709293469522,5481.244144337303,5547.871131667986,5141.333179311415,5417.757300071101,5516.350010597157
results/GeneratedSparse/10_cells_100000_features/0.9/sparse_raft_manhattan.csv,manhattan,raft,0.9,10,100000,10_100000,1000000,1.0,5.0,1.0,3.7371171622722446,5.876411927108229,3.720778019518923,3.755629846424337,5257.484724394456,5696.785225438319,752336.1444473267,5459.051133810974,106.0420863428269,manhattan_raft,1499099.0161895752,5573.272705078125,5360.603332519531,5335.569381713867,5462.408065795898,5696.785225438319,5465.283121587831,5542.714787463198,5257.484724394456,5526.035741036339,5533.739787258517,5396.673875447561,5395.838005444426,5570.347973138017,5617.229296954168,5340.878153785199,5458.795485420866,5534.899956543997,5576.565943587701,5357.284947938057,5339.252664164407,5440.301002202064,5468.996380242496,5415.713775309676,5350.552878998645
results/GeneratedSparse/10_cells_100000_features/0.9/sparse_raft_pearson.csv,pearson,raft,0.9,10,100000,10_100000,1000000,1.0,5.0,1.0,4.536664668681645,5.680220364280793,4.520111122426124,4.549694870832203,33121.585845947266,35456.41899108887,478873.01445007324,34408.41508532326,663.0916794824034,pearson_raft,922289.6099090576,35456.41899108887,34889.45960998535,34810.543060302734,33121.585845947266,34070.216501495925,35150.02529734517,34589.7244007745,35004.48292904853,33688.293173751765,34140.24889778748,34847.189347512256,35191.887492376576,34592.687388950726,34882.12814243217,33753.15185076863,34770.0520358794,34012.83430514098,33964.066366914296,33532.77830260883,34761.2615481629,35367.82255385673,34266.164976633285,33162.688081938504,33776.250947055225
results/GeneratedSparse/10_cells_100000_features/0.95/sparse_CPU_cosine.csv,cosine,CPU,0.95,10,100000,10_100000,1000000,1.0,5.0,1.0,3.7342896539303885,3.9183187216495976,3.5455235910936778,3.802859207918352,3511.75,6351.25,8285.5,5423.625,579.4183011506741,cosine_CPU,8285.5,5847.25,4956.25,6351.25,5057.0,6161.75,5150.75,5271.25,4911.5,5632.75,5687.75,5474.5,3511.75,5301.0,4722.0,5100.0,5611.75,5708.25,6327.25,5916.25,5583.5,5368.75,5807.5,5440.25,5266.75
results/GeneratedSparse/10_cells_100000_features/0.95/sparse_CPU_euclidean.csv,euclidean,CPU,0.95,10,100000,10_100000,1000000,1.0,5.0,1.0,3.795916930806237,3.9286774377960905,3.35817288180055,3.9797986819757507,2281.25,9545.5,8485.5,6250.53125,1361.107762144229,euclidean_CPU,8485.5,6976.25,5086.0,5769.5,2281.25,6048.0,4900.0,7184.25,7214.75,7139.75,5209.5,7252.5,6579.0,8364.75,6172.75,5380.25,6686.0,5391.75,5678.0,5660.5,9545.5,5276.0,6157.0,7222.75,6836.75
results/GeneratedSparse/10_cells_100000_features/0.95/sparse_CPU_kendall.csv,kendall,CPU,0.95,10,100000,10_100000,1000000,1.0,5.0,1.0,4.334889167704176,4.390842412413859,4.148085697210164,4.4686943318951595,14063.25,29423.5,24594.75,21621.666666666668,3483.3947161158594,kendall_CPU,24594.75,20323.75,25654.5,20543.0,16433.0,25797.0,21713.75,23419.5,17523.75,20269.5,21234.25,20034.5,21873.5,29423.5,22258.25,21162.75,22045.5,21586.5,24304.5,22958.75,17018.5,17881.75,23833.0,27563.75,14063.25
results/GeneratedSparse/10_cells_100000_features/0.95/sparse_CPU_manhattan.csv,manhattan,CPU,0.95,10,100000,10_100000,1000000,1.0,5.0,1.0,3.7045990213058526,3.670686419873227,3.293030905606437,3.944285220688753,1963.5,8796.0,4684.75,5065.228260869565,1651.58315503812,manhattan_CPU,4684.75,2844.75,5982.75,7104.75,4223.5,5225.0,3644.5,5384.5,7315.5,8796.0,4605.25,5418.5,5693.5,4605.5,3459.25,3862.0,6449.25,5452.5,6007.0,3308.0,1963.5,,4213.25,7625.25,3316.25
results/GeneratedSparse/10_cells_100000_features/0.95/sparse_CPU_pearson.csv,pearson,CPU,0.95,10,100000,10_100000,1000000,1.0,5.0,1.0,3.7594411971336976,3.929086691122238,3.6325838164338067,3.825247559418079,4291.25,6687.25,8493.5,5747.0,631.9855450614884,pearson_CPU,8493.5,6078.5,5111.25,6062.75,6550.25,4291.25,5809.75,5869.25,5777.75,6645.25,6687.25,4764.0,4935.5,6180.5,5972.75,5889.75,6240.5,5955.75,5508.5,4579.5,5537.0,5173.25,6420.25,5914.75,5972.75
results/GeneratedSparse/10_cells_100000_features/0.95/sparse_CPU_spearman.csv,spearman,CPU,0.95,10,100000,10_100000,1000000,1.0,5.0,1.0,3.5209540909346906,4.3707073406560255,3.5188099488512257,3.5246232720603277,3302.25,3346.75,23480.5,3318.59375,10.549193418021746,spearman_CPU,23480.5,3307.25,3329.25,3310.5,3302.25,3311.0,3346.75,3328.25,3328.75,3312.0,3308.0,3310.75,3318.75,3324.0,3333.25,3312.0,3313.0,3303.5,3328.5,3321.25,3324.75,3322.25,3313.75,3325.5,3311.0
results/GeneratedSparse/10_cells_100000_features/0.95/sparse_GPU_cosine.csv,cosine,GPU,0.95,10,100000,10_100000,1000000,1.0,5.0,1.0,3.802974397016586,6.046344910694972,2.9453454683395273,4.0934567074986035,881.75,12401.0,1112615.0,6352.934782608696,2820.486543767365,cosine_GPU,1112615.0,8741.25,3582.25,3217.5,2334.5,6602.0,6418.75,5818.75,6089.25,4595.75,12401.0,5552.5,5975.5,4232.75,5363.75,881.75,3886.25,11471.25,8376.25,10557.25,6126.0,9864.25,6909.25,,7119.75
results/GeneratedSparse/10_cells_100000_features/0.95/sparse_GPU_euclidean.csv,euclidean,GPU,0.95,10,100000,10_100000,1000000,1.0,5.0,1.0,3.954454075927463,6.094846213824118,2.616212862243485,4.311822707162789,413.25,20503.25,1244074.0,9004.385416666666,3732.4950846830543,euclidean_GPU,1244074.0,12081.25,6886.75,9872.5,11086.0,7016.5,11346.0,11279.5,12645.5,7179.75,8872.75,7245.25,3401.5,20503.25,8112.25,7953.0,9304.5,7454.5,5118.25,12435.25,8986.0,413.25,6204.5,11000.75,9706.5
results/GeneratedSparse/10_cells_100000_features/0.95/sparse_GPU_kendall.csv,kendall,GPU,0.95,10,100000,10_100000,1000000,1.0,5.0,1.0,4.325543242034265,5.658444758980972,4.321116649423647,4.328695524395495,20946.75,21315.5,455454.25,21161.34375,88.78886509638563,kendall_GPU,455454.25,21243.75,21079.0,20985.5,21304.75,21134.5,21125.25,21141.75,20946.75,21152.25,21271.75,21133.75,21105.0,21182.5,21228.25,21315.5,21173.25,21159.25,21246.25,21163.25,21069.5,21241.0,21219.5,21161.25,21088.75
results/GeneratedSparse/10_cells_100000_features/0.95/sparse_GPU_manhattan.csv,manhattan,GPU,0.95,10,100000,10_100000,1000000,1.0,5.0,1.0,3.6950555276219963,5.46483070865055,3.674952948048565,3.711701804964474,4731.0,5148.75,291629.0,4955.135416666667,112.08378978763933,manhattan_GPU,291629.0,5052.5,4885.75,4750.5,4731.0,4954.0,4987.5,4903.5,4866.5,5074.0,5145.5,4871.0,4885.25,4790.0,5148.75,5017.25,5122.0,4929.5,4896.0,5050.5,4997.75,4893.75,4996.75,5019.75,4954.25
results/GeneratedSparse/10_cells_100000_features/0.95/sparse_GPU_pearson.csv,pearson,GPU,0.95,10,100000,10_100000,1000000,1.0,5.0,1.0,3.6431965893366196,6.09205940353827,3.550778518564256,3.727053011353857,3554.5,5334.0,1236116.5,4397.40625,462.1140947032859,pearson_GPU,1236116.5,4719.0,3894.25,4846.5,4116.5,4899.75,4700.25,4198.5,4804.5,3599.75,4601.25,4058.75,4184.75,4732.25,4507.75,4282.75,4661.25,3554.5,4759.25,4914.75,4368.0,4297.5,3925.75,5334.0,3576.25
results/GeneratedSparse/10_cells_100000_features/0.95/sparse_GPU_spearman.csv,spearman,GPU,0.95,10,100000,10_100000,1000000,1.0,5.0,1.0,3.814043555960265,5.4835491429862735,3.799994944688714,3.8308131351407133,6309.5,6773.5,304473.25,6516.9375,130.27285568023498,spearman_GPU,304473.25,6613.0,6437.5,6309.5,6681.5,6396.75,6629.75,6474.5,6524.25,6437.0,6371.25,6522.75,6459.75,6471.25,6607.5,6609.25,6677.25,6600.5,6317.75,6382.75,6317.25,6773.5,6519.0,6541.0,6732.0
results/GeneratedSparse/10_cells_100000_features/0.95/sparse_armadillo_cosine.csv,cosine,armadillo,0.95,10,100000,10_100000,1000000,1.0,5.0,1.0,3.4551453335375304,3.4645312758529996,3.4359748894313724,3.4735409798012777,2728.82,2975.37,2914.28,2851.9725,64.28163321470603,cosine_armadillo,2914.28,2975.37,2805.02,2825.95,2845.22,2892.54,2926.96,2879.67,2946.95,2883.91,2814.96,2882.03,2889.23,2870.1,2862.87,2780.02,2826.03,2825.63,2884.96,2728.82,2729.25,2892.87,2930.09,2750.2,2798.69
results/GeneratedSparse/10_cells_100000_features/0.95/sparse_armadillo_euclidean.csv,euclidean,armadillo,0.95,10,100000,10_100000,1000000,1.0,5.0,1.0,3.4655814858266067,3.469581983554452,3.444851708597243,3.482746419569394,2785.17,3039.11,2948.37,2921.335833333333,67.56373188310593,euclidean_armadillo,2948.37,3001.47,2865.22,2838.1,2890.24,2785.17,3025.68,3008.65,2878.66,3032.56,2919.35,2911.71,2868.62,2950.82,2978.05,2931.62,2881.32,2861.63,3039.11,2969.98,2916.01,2847.87,2948.14,2842.41,2919.67
results/GeneratedSparse/10_cells_100000_features/0.95/sparse_armadillo_manhattan.csv,manhattan,armadillo,0.95,10,100000,10_100000,1000000,1.0,5.0,1.0,4.125409419534812,4.290924559382754,4.118549090895963,4.130709994038459,13138.6,13511.7,19540.0,13347.791666666666,93.1391294277304,manhattan_armadillo,19540.0,13249.6,13274.4,13354.0,13439.9,13397.0,13205.1,13402.2,13375.0,13346.0,13166.2,13448.4,13415.9,13362.6,13138.6,13511.7,13420.3,13277.7,13482.8,13295.5,13358.8,13363.3,13415.3,13289.2,13357.5
results/GeneratedSparse/10_cells_100000_features/0.95/sparse_armadillo_pearson.csv,pearson,armadillo,0.95,10,100000,10_100000,1000000,1.0,5.0,1.0,3.515146431579328,3.5325543791835567,3.4930046982206733,3.541515592677259,3111.75,3479.49,3408.43,3274.5108333333337,93.77597115451385,pearson_armadillo,3408.43,3421.6,3213.28,3234.74,3229.19,3294.05,3389.49,3260.56,3370.12,3358.56,3282.14,3188.59,3272.76,3358.04,3283.7,3330.53,3234.1,3111.75,3155.68,3228.72,3151.76,3479.49,3363.98,3258.04,3117.39
results/GeneratedSparse/10_cells_100000_features/0.95/sparse_armadillo_spearman.csv,spearman,armadillo,0.95,10,100000,10_100000,1000000,1.0,5.0,1.0,4.356380848250763,4.388243336895596,4.338785078396747,4.382429516498385,21816.5,24122.9,24448.0,22718.5625,640.1384490955193,spearman_armadillo,24448.0,21905.6,22355.8,22882.9,23561.1,22311.4,21816.5,23116.2,22478.8,24122.9,22217.8,22704.1,22672.1,23066.6,23784.6,23784.2,22662.8,23300.6,22619.5,22523.5,22296.2,22029.2,23161.8,22049.7,21821.6
results/GeneratedSparse/10_cells_100000_features/0.95/sparse_arrayfirecuda_cosine.csv,cosine,arrayfirecuda,0.95,10,100000,10_100000,1000000,1.0,5.0,1.0,3.159591754438456,3.223321980661458,3.1503695459899723,3.169589212301492,1413.74,1477.71,1672.33,1444.081666666667,16.689857615396917,cosine_arrayfirecuda,1672.33,1457.87,1437.96,1440.14,1450.73,1441.38,1436.77,1432.6,1477.71,1438.91,1413.74,1448.07,1433.06,1428.92,1468.45,1422.19,1435.56,1439.59,1473.18,1436.65,1446.15,1449.42,1464.36,1467.19,1417.36
results/GeneratedSparse/10_cells_100000_features/0.95/sparse_arrayfirecuda_euclidean.csv,euclidean,arrayfirecuda,0.95,10,100000,10_100000,1000000,1.0,5.0,1.0,3.1733739849040603,3.194053439993527,3.139781516536537,3.2120090540227606,1379.69,1629.33,1563.34,1490.644166666667,67.02894206464512,euclidean_arrayfirecuda,1563.34,1548.23,1430.4,1456.87,1539.85,1489.77,1514.82,1415.75,1569.09,1538.85,1469.83,1537.07,1466.69,1467.72,1518.41,1580.55,1453.67,1461.96,1565.81,1552.37,1396.8,1405.41,1386.52,1629.33,1379.69
results/GeneratedSparse/10_cells_100000_features/0.95/sparse_arrayfirecuda_manhattan.csv,manhattan,arrayfirecuda,0.95,10,100000,10_100000,1000000,1.0,5.0,1.0,6.0645368939156885,6.063066769728752,6.064281859216315,6.064811174067419,1159529.6523514723,1160943.7399432668,1156290.0,1160210.7734683326,401.60743896379887,manhattan_arrayfirecuda,1156290.0,1160500.0,1159760.0,1159582.1400787851,1160276.5469091008,1160379.0208303796,1159781.132197702,1160780.261933338,1159553.1523190895,1160130.1187348722,1159974.9898837816,1160870.607195993,1160643.48124782,1160029.0806738092,1160320.0948877565,1159529.6523514723,1160255.679859392,1160322.1310219315,1160417.2984511002,1160224.1504564777,1159634.0051276034,1160404.460790773,1160943.7399432668,1160330.2942445977,1160416.5241009411
results/GeneratedSparse/10_cells_100000_features/0.95/sparse_arrayfirecuda_pearson.csv,pearson,arrayfirecuda,0.95,10,100000,10_100000,1000000,1.0,5.0,1.0,3.163866729256238,3.231367631401711,3.1594528901715306,3.168579973961728,1443.62,1474.28,1703.6,1458.3666666666668,8.823691435876224,pearson_arrayfirecuda,1703.6,1468.28,1455.03,1464.8,1453.59,1465.84,1448.97,1456.58,1451.17,1460.85,1447.35,1454.46,1453.24,1453.24,1444.72,1469.85,1443.62,1465.4,1473.37,1457.32,1447.89,1465.7,1474.28,1458.37,1466.88
results/GeneratedSparse/10_cells_100000_features/0.95/sparse_raft_cosine.csv,cosine,raft,0.95,10,100000,10_100000,1000000,1.0,5.0,1.0,3.672951221427085,5.883709541815049,3.6691436545695115,3.6777740760271405,4668.137659757995,4761.832074903514,765084.7434997559,4709.244306943788,20.74215326542787,cosine_raft,1525434.2555999756,4735.231399536133,4725.217819213867,4684.209823608398,4698.276519775391,4686.559146139721,4668.137659757995,4704.796249834701,4716.817800130686,4732.240721063185,4700.087722971476,4761.832074903514,4704.744981071183,4709.421926938331,4700.38472204053,4680.998581099547,4725.399696098393,4722.138243194219,4728.126533904018,4714.413600971183,4731.883664119844,4709.366724879182,4688.410085336702,4699.250717837795,4693.91695222492
results/GeneratedSparse/10_cells_100000_features/0.95/sparse_raft_euclidean.csv,euclidean,raft,0.95,10,100000,10_100000,1000000,1.0,5.0,1.0,3.6800568107372817,5.850910485779608,3.667169106340135,3.6908909667259184,4646.9618420695,4907.846450805664,709431.529045105,4786.927067653972,69.22470252477318,euclidean_raft,1413955.2116394043,4907.846450805664,4810.571670532227,4742.38395690918,4768.610000610352,4727.378318836909,4905.09352445972,4720.182777497413,4753.212921553502,4863.669519057418,4780.213555650282,4807.636722692027,4773.029983408182,4762.464077346185,4737.066396319592,4646.9618420695,4666.9510585586,4839.392222834077,4743.552478432984,4850.181458373973,4827.327728176253,4876.559273070482,4710.080097301757,4867.15835475468,4798.725234444355
results/GeneratedSparse/10_cells_100000_features/0.95/sparse_raft_manhattan.csv,manhattan,raft,0.95,10,100000,10_100000,1000000,1.0,5.0,1.0,3.685992728358465,5.843226183922485,3.6727763612566653,3.6966626754362273,4707.34860358181,4973.506334723502,696989.4170761108,4852.803747665226,70.00449078270866,manhattan_raft,1389029.5028686523,4949.331283569336,4825.115203857422,4809.141159057617,4833.221435546875,4797.818554470167,4927.976232223687,4861.799332722339,4707.34860358181,4850.875911894104,4826.408287759381,4853.181952141897,4862.837620804724,4785.810089859587,4956.133882613396,4859.163306792362,4812.91451967541,4923.698658062985,4848.42323702162,4754.234970145299,4973.506334723502,4725.298396754728,4947.295718696478,4868.466671617959,4907.288580372734
results/GeneratedSparse/10_cells_100000_features/0.95/sparse_raft_pearson.csv,pearson,raft,0.95,10,100000,10_100000,1000000,1.0,5.0,1.0,4.531741300446388,5.673770637453026,4.524699084990786,4.541859497943804,33473.342788312686,34822.46398925781,471813.7979507446,34020.54765032058,310.8216426372419,pearson_raft,908805.1319122314,34822.46398925781,33809.42344665527,33809.42344665527,34020.185470581055,34181.167922925546,33919.59200116736,34217.58655385128,33775.10069055,33473.342788312686,34303.73571047523,34001.10117441834,34280.47797095077,33481.82208692504,33977.46085452636,33648.600502303074,33525.04261789863,33895.09390066813,34292.426340813065,34364.879868296804,33995.28754426928,34295.71236308592,34080.50695125363,34158.16239110108,34164.547020752325
results/GeneratedSparse/10_cells_100000_features/0.99/sparse_CPU_cosine.csv,cosine,CPU,0.99,10,100000,10_100000,1000000,1.0,5.0,1.0,3.6425232548462643,3.8627870982353443,3.442675706122545,3.766580137248523,2771.25,5842.25,7291.0,4390.59375,918.0596834393561,cosine_CPU,7291.0,5460.5,3937.25,4955.0,4009.25,3511.75,5273.5,3136.5,4473.0,3501.25,2771.25,4882.75,4610.75,3559.5,3631.25,4555.75,3466.75,5840.5,4736.75,5810.5,5198.75,3211.0,5212.25,5842.25,3786.25
results/GeneratedSparse/10_cells_100000_features/0.99/sparse_CPU_euclidean.csv,euclidean,CPU,0.99,10,100000,10_100000,1000000,1.0,5.0,1.0,3.6469028044783096,4.10283659616686,3.480833041960217,3.734239604435455,3025.75,5423.0,12671.75,4435.09375,701.1459846078924,euclidean_CPU,12671.75,4864.25,3947.75,4713.5,4874.0,4822.5,3484.75,3025.75,3811.5,5317.25,3319.75,4030.75,4462.75,3295.0,5423.0,4664.25,4656.75,5412.0,4283.0,5150.0,3745.75,4713.5,5324.25,4908.0,4192.25
results/GeneratedSparse/10_cells_100000_features/0.99/sparse_CPU_kendall.csv,kendall,CPU,0.99,10,100000,10_100000,1000000,1.0,5.0,1.0,3.6479155263717433,3.916756533209448,3.637964791890757,3.656912339781423,4344.75,4538.5,8255.75,4445.447916666667,56.66357126196444,kendall_CPU,8255.75,4495.25,4380.25,4412.25,4392.25,4500.0,4505.0,4405.5,4344.75,4364.0,4398.75,4408.0,4530.25,4483.75,4369.5,4522.0,4538.5,4414.5,4474.0,4515.25,4458.5,4412.5,4433.0,4470.5,4462.5
results/GeneratedSparse/10_cells_100000_features/0.99/sparse_CPU_manhattan.csv,manhattan,CPU,0.99,10,100000,10_100000,1000000,1.0,5.0,1.0,3.099234494931827,3.5094041602586916,3.092896010921856,3.103974669386388,1238.5,1270.5,3231.5,1256.7083333333333,9.101758834911465,manhattan_CPU,3231.5,1246.25,1268.5,1267.5,1267.75,1251.25,1238.5,1254.5,1258.5,1265.75,1238.75,1270.5,1248.0,1253.0,1258.0,1259.75,1259.5,1248.0,1250.5,1245.5,1261.0,1262.25,1260.5,1267.5,1259.75
results/GeneratedSparse/10_cells_100000_features/0.99/sparse_CPU_pearson.csv,pearson,CPU,0.99,10,100000,10_100000,1000000,1.0,5.0,1.0,3.8201973530509283,4.62090606240313,3.3273589343863303,4.1715948293206875,2125.0,14845.5,41774.0,6609.9375,2798.4131080269553,pearson_CPU,41774.0,5191.75,8874.5,8831.0,7490.0,4315.5,8509.5,7428.25,7147.0,6451.5,6328.5,3160.5,6472.5,2168.25,7548.25,7985.0,8847.25,9277.75,2142.0,4303.5,7649.0,14845.5,4564.25,6982.25,2125.0
results/GeneratedSparse/10_cells_100000_features/0.99/sparse_CPU_spearman.csv,spearman,CPU,0.99,10,100000,10_100000,1000000,1.0,5.0,1.0,3.1755661692510304,3.5273076043950233,3.067535789696351,3.2581581933407944,1168.25,1812.0,3367.5,1498.1875,135.51216984862774,spearman_CPU,3367.5,1639.75,1398.75,1403.25,1558.25,1394.25,1389.75,1526.75,1168.25,1468.25,1662.5,1351.25,1588.5,1487.5,1728.75,1474.0,1366.25,1602.5,1560.5,1466.75,1410.25,1431.5,1469.75,1812.0,1597.25
results/GeneratedSparse/10_cells_100000_features/0.99/sparse_GPU_cosine.csv,cosine,GPU,0.99,10,100000,10_100000,1000000,1.0,5.0,1.0,3.461970356790881,6.045997957974184,1.885078384149224,3.736316807904109,76.75,5449.0,1111726.5,2897.1458333333335,1442.3238860513632,cosine_GPU,1111726.5,4062.25,2191.25,3471.0,4058.75,3388.5,2552.25,1175.0,2612.25,76.75,3333.25,5127.0,4784.75,937.75,4478.5,2392.0,1181.5,2618.0,4523.0,2177.25,1041.25,5449.0,1271.75,2775.25,3853.25
results/GeneratedSparse/10_cells_100000_features/0.99/sparse_GPU_euclidean.csv,euclidean,GPU,0.99,10,100000,10_100000,1000000,1.0,5.0,1.0,3.3614563171079026,6.0556440451771145,3.0139952036486237,3.51057851929053,1032.75,3240.25,1136695.25,2298.5625,546.423081131965,euclidean_GPU,1136695.25,2824.25,2029.75,2596.5,2418.75,1522.0,1554.75,2270.5,2330.75,2281.75,2455.0,1332.75,2285.75,2436.5,3116.5,2268.5,3240.25,2390.5,1032.75,2165.75,2968.75,2911.75,2780.25,1722.25,2229.25
results/GeneratedSparse/10_cells_100000_features/0.99/sparse_GPU_kendall.csv,kendall,GPU,0.99,10,100000,10_100000,1000000,1.0,5.0,1.0,3.6433333936295984,5.594782190746793,3.631190018213138,3.662710623193903,4277.5,4599.5,393352.75,4398.791666666667,70.42030316053902,kendall_GPU,393352.75,4458.75,4344.25,4323.0,4469.5,4292.0,4384.75,4419.75,4347.5,4385.25,4435.5,4437.0,4277.5,4344.75,4413.75,4389.75,4407.25,4475.0,4373.25,4290.5,4479.75,4412.25,4599.5,4386.0,4424.5
results/GeneratedSparse/10_cells_100000_features/0.99/sparse_GPU_manhattan.csv,manhattan,GPU,0.99,10,100000,10_100000,1000000,1.0,5.0,1.0,3.2835673975373822,5.470253519700407,3.259175627306078,3.304652065615002,1816.25,2016.75,295293.25,1921.1770833333333,49.29220268622333,manhattan_GPU,295293.25,1979.25,1896.0,1891.5,1835.75,1915.75,1967.75,1898.25,2016.75,1949.25,1852.75,1816.25,1992.5,1917.0,1965.25,1873.0,1962.25,1898.25,1895.25,1944.5,1899.5,1886.5,1942.0,1970.5,1942.5
results/GeneratedSparse/10_cells_100000_features/0.99/sparse_GPU_pearson.csv,pearson,GPU,0.99,10,100000,10_100000,1000000,1.0,5.0,1.0,3.94918562056515,6.034616125374247,3.4569351021974537,4.197432190042252,2863.75,15755.5,1082969.25,8895.8125,3636.6332689112446,pearson_GPU,1082969.25,11764.5,5334.25,11414.5,9993.5,6376.75,11618.5,6354.25,10247.25,5600.0,2863.75,7411.5,14889.0,5149.75,11441.25,8717.0,6542.0,4923.0,15755.5,13401.25,6539.5,15521.75,10288.25,5974.5,5378.0
results/GeneratedSparse/10_cells_100000_features/0.99/sparse_GPU_spearman.csv,spearman,GPU,0.99,10,100000,10_100000,1000000,1.0,5.0,1.0,3.3186327989590465,5.462142587605762,3.2875218108216613,3.345765693114488,1938.75,2217.0,289829.5,2082.7291666666665,67.43395367052779,spearman_GPU,289829.5,2131.0,2034.25,2015.25,2101.0,2020.75,2167.25,2135.75,2050.25,2079.0,1938.75,2203.0,2043.0,2056.25,2123.5,2024.0,2094.5,1965.75,2108.5,2217.0,2034.0,2114.5,2139.75,2057.5,2131.0
results/GeneratedSparse/10_cells_100000_features/0.99/sparse_armadillo_cosine.csv,cosine,armadillo,0.99,10,100000,10_100000,1000000,1.0,5.0,1.0,3.0675923226761816,3.112735672343535,3.0602482073003117,3.0718010295994786,1148.81,1179.78,1296.39,1168.4020833333332,7.555319306712916,cosine_armadillo,1296.39,1169.58,1176.91,1158.65,1159.08,1177.55,1148.81,1174.6,1175.27,1163.93,1161.54,1172.44,1172.7,1168.65,1170.27,1165.73,1168.32,1165.83,1169.78,1171.04,1154.71,1179.17,1179.78,1168.82,1168.49
results/GeneratedSparse/10_cells_100000_features/0.99/sparse_armadillo_euclidean.csv,euclidean,armadillo,0.99,10,100000,10_100000,1000000,1.0,5.0,1.0,3.0789856186806457,3.1181257825539896,3.0742531011103686,3.082627416329656,1186.46,1209.56,1312.58,1199.4595833333333,5.598809009636667,euclidean_armadillo,1312.58,1193.71,1194.73,1207.79,1205.51,1195.74,1204.0,1196.56,1198.72,1209.56,1193.4,1195.1,1201.17,1208.25,1195.04,1203.51,1205.57,1201.65,1186.46,1194.43,1201.85,1203.15,1197.39,1196.59,1197.15
results/GeneratedSparse/10_cells_100000_features/0.99/sparse_armadillo_manhattan.csv,manhattan,armadillo,0.99,10,100000,10_100000,1000000,1.0,5.0,1.0,4.190584496045094,4.35121054181083,3.984004945848569,4.364200041199549,9638.4,23131.3,22449.7,15509.025,3394.4681660325427,manhattan_armadillo,22449.7,20535.1,13376.5,12856.2,12732.3,14433.4,17511.0,16047.8,23131.3,11840.6,14462.1,15280.5,12730.9,17805.2,12609.5,12191.7,15275.6,20510.9,13240.9,13483.5,9638.4,15982.9,17659.2,22345.1,16536.0
results/GeneratedSparse/10_cells_100000_features/0.99/sparse_armadillo_pearson.csv,pearson,armadillo,0.99,10,100000,10_100000,1000000,1.0,5.0,1.0,3.216767755147379,3.287539731049513,3.1603394541458916,3.2600570703485663,1446.57,1819.94,1938.83,1647.28125,106.4521477907836,pearson_armadillo,1938.83,1555.56,1726.22,1721.83,1568.5,1502.39,1474.94,1607.11,1446.57,1680.47,1553.62,1748.34,1728.32,1789.36,1772.74,1518.98,1819.94,1801.31,1610.08,1728.98,1637.94,1619.33,1714.28,1644.11,1563.83
results/GeneratedSparse/10_cells_100000_features/0.99/sparse_armadillo_spearman.csv,spearman,armadillo,0.99,10,100000,10_100000,1000000,1.0,5.0,1.0,4.310924202178982,4.440194110913888,4.250193036344548,4.3759688842404465,17790.7,23766.7,27554.6,20460.875,1493.548441701284,spearman_armadillo,27554.6,22944.8,19692.4,19400.0,19671.2,20091.0,17790.7,18830.8,20254.6,22546.2,21869.4,20108.4,21176.2,17964.9,20093.4,20330.1,22302.9,20055.8,21393.8,20591.1,18001.1,20829.1,23766.7,20509.8,20846.6
results/GeneratedSparse/10_cells_100000_features/0.99/sparse_arrayfirecuda_cosine.csv,cosine,arrayfirecuda,0.99,10,100000,10_100000,1000000,1.0,5.0,1.0,3.1598117408365214,3.2280485712046736,3.155676051057345,3.163209097023317,1431.12,1456.16,1690.63,1444.8133333333335,5.468730555521005,cosine_arrayfirecuda,1690.63,1449.36,1441.98,1443.93,1446.91,1445.32,1443.35,1439.79,1436.84,1450.97,1456.16,1451.05,1439.17,1438.44,1431.12,1448.15,1450.06,1444.88,1443.92,1449.96,1441.04,1450.01,1446.32,1440.78,1446.01
results/GeneratedSparse/10_cells_100000_features/0.99/sparse_arrayfirecuda_euclidean.csv,euclidean,arrayfirecuda,0.99,10,100000,10_100000,1000000,1.0,5.0,1.0,3.1594132781443935,3.200563243663371,3.1463978348559274,3.167656956106924,1400.87,1471.15,1586.95,1443.4883333333335,20.33887014779559,euclidean_arrayfirecuda,1586.95,1457.13,1425.21,1441.45,1462.22,1450.33,1438.09,1448.5,1400.87,1471.15,1464.94,1450.49,1425.02,1469.63,1437.61,1448.63,1470.9,1468.69,1431.38,1442.23,1403.56,1429.23,1415.96,1463.68,1426.82
results/GeneratedSparse/10_cells_100000_features/0.99/sparse_arrayfirecuda_manhattan.csv,manhattan,arrayfirecuda,0.99,10,100000,10_100000,1000000,1.0,5.0,1.0,6.090208783069696,6.090712924207431,6.087608734414095,6.092955801918257,1223513.4120528367,1238670.520809764,1232290.0,1230860.3533732702,4170.242266563897,manhattan_arrayfirecuda,1232290.0,1234040.0,1228210.0,1232705.5669924798,1234297.276703333,1231396.3208502512,1229739.8231407076,1226561.6434375409,1238670.520809764,1232854.2810716045,1224818.0770092553,1223513.4120528367,1226984.0363619863,1237870.1661160982,1235837.748014067,1231970.0666178474,1223773.823163516,1233804.732119243,1229281.335516631,1235436.1200159136,1229459.4704157272,1233279.718210106,1225916.4084230943,1231471.616207796,1228756.317708686
results/GeneratedSparse/10_cells_100000_features/0.99/sparse_arrayfirecuda_pearson.csv,pearson,arrayfirecuda,0.99,10,100000,10_100000,1000000,1.0,5.0,1.0,3.16392070126858,3.2443068151358534,3.156939659031876,3.171111865180439,1435.29,1482.9,1755.12,1458.5479166666664,9.283501485236535,pearson_arrayfirecuda,1755.12,1463.81,1449.49,1468.97,1459.0,1482.9,1445.49,1462.1,1454.39,1455.02,1448.81,1435.29,1454.08,1469.32,1459.86,1455.39,1461.84,1466.95,1453.74,1455.67,1459.38,1453.42,1468.29,1458.32,1463.62
results/GeneratedSparse/10_cells_100000_features/0.99/sparse_raft_cosine.csv,cosine,raft,0.99,10,100000,10_100000,1000000,1.0,5.0,1.0,3.5785547358038263,5.871484110313859,3.5689137155771573,3.5875084393685257,3706.0708328050528,3868.195713787939,743847.8469848633,3789.262882764712,36.99228532221254,cosine_raft,1483846.1875915527,3849.506378173828,3775.596618652344,3757.715225219727,3760.337829589844,3760.1862110983584,3765.121302870072,3793.8628522550985,3800.559669110771,3851.625650934307,3706.0708328050528,3796.9184450941007,3783.4341012353257,3776.334481975056,3868.195713787939,3819.938937227053,3790.3535209243937,3812.6883902732866,3779.769840730925,3791.9662433104727,3774.134367256719,3721.503009296036,3786.260797487479,3832.806897482716,3787.421869562189
results/GeneratedSparse/10_cells_100000_features/0.99/sparse_raft_euclidean.csv,euclidean,raft,0.99,10,100000,10_100000,1000000,1.0,5.0,1.0,3.579991900700846,5.862540837085096,3.5692198993450495,3.5909480318130877,3708.684586551487,3898.953285528516,728686.6903305054,3801.8230611087333,48.95982550381135,euclidean_raft,1453478.3363342285,3895.0443267822266,3806.829452514648,3756.76155090332,3787.755966186523,3810.567113320439,3728.6118180908466,3898.953285528516,3770.5008506910017,3812.5561986200423,3808.048625716144,3728.909657718068,3794.390465622268,3778.382314675816,3783.6710404872424,3791.138193757529,3772.6732086539305,3792.947814623181,3829.5592322583593,3809.107913214023,3879.301064375264,3835.237671100913,3881.263410538047,3782.857704679775,3708.684586551487
results/GeneratedSparse/10_cells_100000_features/0.99/sparse_raft_manhattan.csv,manhattan,raft,0.99,10,100000,10_100000,1000000,1.0,5.0,1.0,3.5921523530488697,5.897698562138157,3.5826747763702103,3.6051938000847605,3825.3817037652784,4028.967833552832,790130.0191879272,3909.780291208421,57.87121158276118,manhattan_raft,1576287.031173706,3973.0072021484375,3898.62060546875,3853.082656860352,3875.0171661376953,3923.6157923144015,3976.157331893045,3872.2510348589512,3865.041868743857,3984.714813341151,3960.3357915223696,3842.86147971059,3836.626156871675,3915.078005918617,3830.2482694326072,4028.967833552832,3970.767974377261,3825.3817037652784,3926.899972727756,3876.5603787486384,3862.782686487579,3927.662320543287,3995.818460070519,3867.4023432835866,3945.825140222876
results/GeneratedSparse/10_cells_100000_features/0.99/sparse_raft_pearson.csv,pearson,raft,0.99,10,100000,10_100000,1000000,1.0,5.0,1.0,4.537291896443649,5.6684480910018,4.51888640079568,4.5469094779005,33028.313697084945,35229.743233131325,466066.71810150146,34458.1451794915,556.8739844105922,pearson_raft,896993.3986663818,35140.037536621094,34666.29981994629,34603.83415222168,33661.3655090332,34747.1341999577,34008.37664903693,35130.76375792526,34528.226869132624,34631.634498997475,34247.287375273445,33028.313697084945,34322.15868173482,34024.81429465049,34337.71990904741,35229.743233131325,34998.82311507209,33320.12005481669,34831.90741650535,35181.187501460576,34485.08843748488,34921.13194759468,34198.13510436656,34211.730211987015,34539.650334713406
results/GeneratedSparse/10_cells_10000_features/0.5/sparse_CPU_cosine.csv,cosine,CPU,0.5,10,10000,10_10000,100000,1.0,4.0,1.0,3.168749079471403,3.4834446480985353,3.071789986014987,3.2645817292380777,1179.75,1839.0,3044.0,1474.8541666666667,174.6861160748202,cosine_CPU,3044.0,1612.25,1361.25,1577.5,1424.75,1385.25,1179.75,1553.0,1329.5,1538.75,1367.25,1682.0,1674.0,1404.75,1209.75,1647.75,1599.0,1469.75,1452.0,1839.0,1729.0,1463.0,1208.25,1197.0,1492.0
results/GeneratedSparse/10_cells_10000_features/0.5/sparse_CPU_euclidean.csv,euclidean,CPU,0.5,10,10000,10_10000,100000,1.0,4.0,1.0,3.22365545150458,3.475598557756169,3.0842186867392387,3.325515663363148,1214.0,2116.0,2989.5,1673.6145833333333,231.65680411223207,euclidean_CPU,2989.5,1530.0,1869.5,2116.0,1471.0,1450.0,1501.0,1831.0,1992.25,1623.5,1633.25,2065.25,1824.25,1480.5,1580.0,1690.0,1499.75,1620.0,1372.25,1480.25,1855.75,1891.75,1587.5,1988.0,1214.0
results/GeneratedSparse/10_cells_10000_features/0.5/sparse_CPU_kendall.csv,kendall,CPU,0.5,10,10000,10_10000,100000,1.0,4.0,1.0,4.231543389584741,4.357906274055155,4.22188349178524,4.241739429828878,16668.0,17447.75,22798.5,17042.895833333332,215.47329103465597,kendall_CPU,22798.5,17226.25,16924.25,17080.0,17160.75,17269.0,16963.25,16668.0,17305.0,16825.5,16867.25,17447.75,16842.0,17014.75,16686.5,16878.25,16962.75,17180.5,17287.5,17282.0,16753.0,17282.75,16846.75,17079.25,17196.5
results/GeneratedSparse/10_cells_10000_features/0.5/sparse_CPU_manhattan.csv,manhattan,CPU,0.5,10,10000,10_10000,100000,1.0,4.0,1.0,3.1419688134663266,3.570104922212994,3.1190908524217216,3.1572300416963417,1315.5,1436.25,3716.25,1386.65625,35.552983678412986,manhattan_CPU,3716.25,1363.0,1422.0,1421.0,1315.5,1436.25,1334.5,1382.75,1343.5,1345.5,1408.75,1362.25,1421.25,1398.25,1389.25,1373.75,1411.0,1358.0,1428.0,1337.0,1418.75,1433.25,1366.0,1428.0,1382.25
results/GeneratedSparse/10_cells_10000_features/0.5/sparse_CPU_pearson.csv,pearson,CPU,0.5,10,10000,10_10000,100000,1.0,4.0,1.0,3.1102002698545927,3.4883744248471595,3.060792241936834,3.146050476167021,1150.25,1399.75,3078.75,1288.84375,68.89026647578137,pearson_CPU,3078.75,1253.75,1325.5,1386.5,1302.5,1373.5,1207.25,1306.5,1306.5,1399.75,1150.25,1254.5,1215.75,1324.75,1262.0,1364.25,1273.0,1247.75,1225.25,1176.0,1389.25,1269.5,1381.75,1231.0,1305.5
results/GeneratedSparse/10_cells_10000_features/0.5/sparse_CPU_spearman.csv,spearman,CPU,0.5,10,10000,10_10000,100000,1.0,4.0,1.0,3.360920651861839,3.637314575454116,3.339053735709139,3.376576957056512,2183.0,2380.0,4338.25,2295.7291666666665,53.480570686672955,spearman_CPU,4338.25,2329.0,2223.5,2252.5,2307.25,2213.5,2183.0,2256.5,2309.75,2358.5,2348.25,2323.5,2342.25,2307.75,2363.0,2298.25,2314.25,2347.5,2337.5,2229.75,2231.0,2281.75,2236.75,2322.5,2380.0
results/GeneratedSparse/10_cells_10000_features/0.5/sparse_GPU_cosine.csv,cosine,GPU,0.5,10,10000,10_10000,100000,1.0,4.0,1.0,3.514916978393012,6.100296002068428,2.792041310712082,3.85154880069689,619.5,7104.75,1259783.75,3272.78125,1701.4087442966993,cosine_GPU,1259783.75,3913.5,1945.25,3182.0,4638.5,2833.75,2384.0,3369.5,3742.25,6024.5,3217.0,4435.25,7104.75,2353.0,935.25,1265.5,2748.75,6615.75,619.5,5093.75,713.75,3570.75,3053.25,2732.25,2055.0
results/GeneratedSparse/10_cells_10000_features/0.5/sparse_GPU_euclidean.csv,euclidean,GPU,0.5,10,10000,10_10000,100000,1.0,4.0,1.0,3.416715032643492,6.132691367332155,3.2416087316511812,3.5658773213726156,1744.25,3680.25,1357348.5,2610.4479166666665,398.33183389166004,euclidean_GPU,1357348.5,2979.25,2364.25,2440.25,2109.75,2345.75,3058.75,2553.0,2490.5,2430.5,2562.5,2553.0,2629.25,2060.5,2674.5,2581.75,2785.75,2441.25,3062.25,1744.25,3263.0,3680.25,2652.5,2358.5,2829.5
results/GeneratedSparse/10_cells_10000_features/0.5/sparse_GPU_kendall.csv,kendall,GPU,0.5,10,10000,10_10000,100000,1.0,4.0,1.0,4.1388586996586625,5.488922809467861,4.135919395362841,4.141175312923376,13674.75,13841.25,308264.0,13767.614583333334,48.90866163737996,kendall_GPU,308264.0,13807.5,13724.0,13679.25,13782.5,13750.25,13806.25,13806.5,13674.75,13805.75,13743.0,13752.5,13794.5,13819.75,13770.75,13800.25,13699.75,13729.0,13709.25,13797.5,13729.0,13841.25,13825.0,13841.0,13733.5
results/GeneratedSparse/10_cells_10000_features/0.5/sparse_GPU_manhattan.csv,manhattan,GPU,0.5,10,10000,10_10000,100000,1.0,4.0,1.0,3.541922300896015,5.612583876334232,3.535768672428618,3.548573662418466,3433.75,3536.5,409811.25,3482.75,34.24726266433567,manhattan_GPU,409811.25,3518.25,3453.5,3435.25,3450.0,3434.5,3536.5,3437.5,3493.0,3491.75,3504.0,3472.25,3509.25,3488.75,3534.25,3476.75,3498.5,3516.0,3535.5,3476.5,3500.0,3445.25,3433.75,3509.75,3435.25
results/GeneratedSparse/10_cells_10000_features/0.5/sparse_GPU_pearson.csv,pearson,GPU,0.5,10,10000,10_10000,100000,1.0,4.0,1.0,3.705113159000847,6.074402146236355,2.900503677779401,3.959220322962327,795.25,9103.75,1186867.25,5071.228260869565,2120.9150556871564,pearson_GPU,1186867.25,3316.75,6811.5,795.25,4933.5,8058.75,,8953.5,7182.0,3861.75,2409.25,6901.75,3507.25,3841.0,4695.5,5509.0,9103.75,5064.0,5794.75,4734.0,2294.0,2424.0,4604.25,5172.0,6670.75
results/GeneratedSparse/10_cells_10000_features/0.5/sparse_GPU_spearman.csv,spearman,GPU,0.5,10,10000,10_10000,100000,1.0,4.0,1.0,3.6989672899870247,5.598420597295967,3.6863904569476738,3.714958109720149,4857.25,5187.5,396662.0,4999.96875,72.61945304763387,spearman_GPU,396662.0,5044.75,4932.75,4996.75,5101.0,4976.25,5057.0,4951.5,4960.25,4989.5,4950.5,5033.5,4976.25,4892.0,5006.25,5081.75,5187.5,4946.75,5080.25,4857.25,5025.75,4967.0,5040.5,4902.5,5041.75
results/GeneratedSparse/10_cells_10000_features/0.5/sparse_armadillo_cosine.csv,cosine,armadillo,0.5,10,10000,10_10000,100000,1.0,4.0,1.0,3.3533184003781638,3.352130399646364,3.345734349125019,3.358755040972094,2216.84,2284.31,2249.73,2255.8925,16.498384832562632,cosine_armadillo,2249.73,2284.31,2243.0,2248.85,2242.98,2261.62,2259.89,2252.89,2235.47,2236.42,2252.87,2240.04,2244.0,2216.84,2278.92,2279.92,2256.51,2267.94,2264.22,2277.83,2280.68,2250.94,2263.07,2254.39,2247.82
results/GeneratedSparse/10_cells_10000_features/0.5/sparse_armadillo_euclidean.csv,euclidean,armadillo,0.5,10,10000,10_10000,100000,1.0,4.0,1.0,3.3583278516674144,3.3545597939184093,3.3505658675956447,3.3637999454791094,2241.64,2311.0,2262.35,2282.064166666667,19.82327838608494,euclidean_armadillo,2262.35,2293.6,2289.32,2304.61,2252.51,2272.55,2306.63,2241.64,2311.0,2289.08,2293.35,2265.98,2299.0,2292.15,2246.97,2258.71,2301.43,2300.77,2295.94,2275.38,2288.1,2264.46,2287.78,2254.63,2283.95
results/GeneratedSparse/10_cells_10000_features/0.5/sparse_armadillo_manhattan.csv,manhattan,armadillo,0.5,10,10000,10_10000,100000,1.0,4.0,1.0,3.621865825932603,3.320320800021994,2.868274042975691,3.9287368034395667,738.37,8486.66,2090.84,4186.642,1905.9070790875405,manhattan_armadillo,2090.84,2070.43,8486.66,2078.08,2085.9,3252.13,,4979.14,4345.04,5438.2,738.37,4917.76,2600.26,,5532.44,,4524.83,4130.48,6565.52,7071.85,2995.19,,5850.08,2898.89,3171.59
results/GeneratedSparse/10_cells_10000_features/0.5/sparse_armadillo_pearson.csv,pearson,armadillo,0.5,10,10000,10_10000,100000,1.0,4.0,1.0,3.2676725410259437,3.361733500691283,3.0800598031343447,3.420399723817228,1202.43,2632.69,2300.03,1852.1345833333335,394.1428981133108,pearson_armadillo,2300.03,2313.44,2364.55,1650.8,1619.63,2226.04,2368.56,1361.37,1582.32,1897.61,1372.09,2328.14,2088.89,2063.22,1947.93,2122.14,1765.94,1391.16,2632.69,1660.5,1967.19,1521.74,1766.04,1236.81,1202.43
results/GeneratedSparse/10_cells_10000_features/0.5/sparse_armadillo_spearman.csv,spearman,armadillo,0.5,10,10000,10_10000,100000,1.0,4.0,1.0,3.7127081577140393,3.70496512739071,3.707039331286032,3.7195980806360027,5093.77,5243.22,5069.5,5160.694583333333,35.15499347877993,spearman_armadillo,5069.5,5125.51,5159.27,5195.58,5184.92,5181.33,5224.26,5169.6,5164.31,5105.47,5168.78,5152.94,5172.37,5172.95,5210.93,5158.62,5161.97,5243.22,5093.77,5159.19,5120.4,5129.08,5136.36,5135.86,5129.98
results/GeneratedSparse/10_cells_10000_features/0.5/sparse_arrayfirecuda_cosine.csv,cosine,arrayfirecuda,0.5,10,10000,10_10000,100000,1.0,4.0,1.0,3.0452646124682166,3.1056668431483385,3.043641237353428,3.046346862374152,1105.71,1112.62,1275.46,1109.8508333333334,1.7792412162366944,cosine_arrayfirecuda,1275.46,1109.05,1111.16,1109.63,1108.31,1109.91,1110.05,1111.61,1110.06,1111.84,1109.76,1110.72,1105.71,1109.64,1111.81,1107.39,1108.49,1110.82,1108.03,1107.14,1107.64,1112.62,1111.32,1111.79,1111.92
results/GeneratedSparse/10_cells_10000_features/0.5/sparse_arrayfirecuda_euclidean.csv,euclidean,arrayfirecuda,0.5,10,10000,10_10000,100000,1.0,4.0,1.0,3.215372932374067,3.2325361751131236,3.2059239814636564,3.226715873412207,1606.66,1685.45,1708.19,1641.9991666666665,20.057777152654676,euclidean_arrayfirecuda,1708.19,1648.2,1619.5,1673.44,1631.57,1630.8,1648.72,1682.02,1606.66,1647.72,1634.37,1637.83,1643.27,1641.68,1685.45,1655.78,1646.53,1653.42,1630.57,1667.35,1629.68,1616.72,1634.27,1630.32,1612.11
results/GeneratedSparse/10_cells_10000_features/0.5/sparse_arrayfirecuda_manhattan.csv,manhattan,arrayfirecuda,0.5,10,10000,10_10000,100000,1.0,4.0,1.0,5.073934985430514,5.07920296022887,5.070008296615104,5.079604476875963,117492.0,120117.0,120006.0,118559.125,673.8549122090996,manhattan_arrayfirecuda,120006.0,119057.0,118123.0,118553.0,118005.0,118094.0,119072.0,118579.0,117904.0,119640.0,118974.0,119055.0,119211.0,118563.0,117868.0,117492.0,118774.0,119330.0,117512.0,118063.0,118057.0,118721.0,120117.0,118968.0,117687.0
results/GeneratedSparse/10_cells_10000_features/0.5/sparse_arrayfirecuda_pearson.csv,pearson,arrayfirecuda,0.5,10,10000,10_10000,100000,1.0,4.0,1.0,3.054810720789301,3.1108118506542786,3.039104648487747,3.06473495082322,1094.22,1160.74,1290.66,1134.51625,14.299110057535044,pearson_arrayfirecuda,1290.66,1140.86,1121.3,1143.08,1094.22,1135.22,1115.97,1135.51,1147.7,1141.72,1132.26,1109.92,1131.05,1136.0,1137.4,1145.26,1135.96,1160.74,1132.21,1119.04,1157.91,1148.12,1136.07,1137.0,1133.87
results/GeneratedSparse/10_cells_10000_features/0.5/sparse_raft_cosine.csv,cosine,raft,0.5,10,10000,10_10000,100000,1.0,4.0,1.0,3.651481029926444,5.8785300372961755,3.6329466448265113,3.671724504333363,4294.836593828702,4695.961247598687,756014.347076416,4482.094716858191,92.29641221644981,cosine_raft,1507400.7511138916,4627.94303894043,4506.111145019531,4403.591156005859,4422.664642333984,4396.209478618395,4575.156617979439,4500.34951300919,4437.715038192044,4386.862090858739,4560.568043617169,4294.836593828702,4538.519012601584,4311.970569330529,4473.664383517902,4441.538964853687,4571.478074582128,4450.372412105051,4503.904918777966,4473.500668327778,4449.865127087895,4544.155485763987,4432.787410205991,4570.547571439917,4695.961247598687
results/GeneratedSparse/10_cells_10000_features/0.5/sparse_raft_euclidean.csv,euclidean,raft,0.5,10,10000,10_10000,100000,1.0,4.0,1.0,3.6578885456064896,5.8659507347569795,3.6452298134894647,3.679092212766585,4418.041728641108,4776.306771349776,734430.5515289307,4548.713100784294,85.18011857154742,euclidean_raft,1464209.794998169,4651.308059692383,4541.3970947265625,4466.533660888672,4486.322402954102,4776.306771349776,4596.3105028791915,4530.755993796575,4557.758338584039,4472.266697180072,4418.041728641108,4456.7581119953165,4561.45453666701,4447.166380622163,4644.580229273752,4577.263599776854,4488.468072191359,4605.7671399209785,4437.306204807223,4573.550081379744,4480.468540699535,4602.995820671377,4554.137541326528,4555.670808063836,4686.52610073489
results/GeneratedSparse/10_cells_10000_features/0.5/sparse_raft_manhattan.csv,manhattan,raft,0.5,10,10000,10_10000,100000,1.0,4.0,1.0,3.6297259039513863,5.853956696361396,3.6102876053336717,3.6515601893546235,4076.501489388344,4482.911748633907,714425.0869750977,4263.1037683424365,99.44818941815991,manhattan_raft,1424464.225769043,4385.948181152344,4258.871078491211,4217.1478271484375,4224.538803100586,4076.501489388344,4265.38393762223,4121.050985637383,4205.80767979942,4328.7728533085565,4167.126519871117,4176.036011199998,4173.678328307172,4281.45025793641,4095.7114412228902,4394.668414545889,4345.737468224379,4394.26745941304,4203.473264921116,4482.911748633907,4295.562759163113,4313.74539016274,4290.936495971259,4281.671215683196,4333.490829313729
results/GeneratedSparse/10_cells_10000_features/0.5/sparse_raft_pearson.csv,pearson,raft,0.5,10,10000,10_10000,100000,1.0,4.0,1.0,3.6422800873706414,5.637311369347333,3.624449643974328,3.6544596904835798,4211.624505435449,4512.941360391093,433821.79737091064,4388.136084054306,70.61135591078819,pearson_raft,863138.1988525391,4505.395889282227,4353.523254394531,4355.669021606445,4379.034042358398,4380.180739595365,4428.793417544022,4428.074254523393,4480.071887663864,4369.125036307195,4453.154504481259,4346.128395005803,4211.624505435449,4408.289261251269,4386.60633370944,4512.941360391093,4249.485292358091,4422.388742704949,4399.478582591413,4356.360355519204,4412.521866468371,4360.304893173678,4418.691631517962,4424.120004228901,4273.302745191019
results/GeneratedSparse/10_cells_10000_features/0.75/sparse_CPU_cosine.csv,cosine,CPU,0.75,10,10000,10_10000,100000,1.0,4.0,1.0,3.094412892707008,3.6119356250401227,2.822494985278751,3.2548500689728237,664.5,1798.25,4092.0,1242.8333333333333,235.67405177608236,cosine_CPU,4092.0,1454.0,1122.75,1164.75,1505.75,1223.75,1167.75,664.5,1360.25,1172.5,984.5,1183.75,1555.25,1241.75,1291.75,1798.25,969.5,1377.0,1387.25,1309.5,1353.75,1021.5,1188.25,1453.5,876.5
results/GeneratedSparse/10_cells_10000_features/0.75/sparse_CPU_euclidean.csv,euclidean,CPU,0.75,10,10000,10_10000,100000,1.0,4.0,1.0,3.097900521674195,3.4330494116166133,2.9585638832219674,3.186037642052335,909.0,1534.75,2710.5,1252.8541666666667,185.1817788893899,euclidean_CPU,2710.5,1427.75,1111.25,909.0,1030.5,1255.5,1064.5,1283.75,1093.0,1326.0,933.25,1285.5,1141.25,1420.5,1530.25,1334.75,1243.75,1018.25,1432.5,1534.75,1254.75,1238.25,1534.0,1492.5,1173.0
results/GeneratedSparse/10_cells_10000_features/0.75/sparse_CPU_kendall.csv,kendall,CPU,0.75,10,10000,10_10000,100000,1.0,4.0,1.0,4.082092773678568,4.268993114299429,3.783081356276696,4.277460222304932,6068.5,18943.5,18577.75,12080.71875,3539.351612960949,kendall_CPU,18577.75,10196.75,14966.75,7806.75,17598.25,13209.25,7181.25,11742.5,18943.5,6068.5,10362.5,16668.25,15932.0,11121.5,11253.75,7716.5,6519.0,12795.5,13901.75,12570.75,8233.75,13834.0,14538.25,15580.25,11196.0
results/GeneratedSparse/10_cells_10000_features/0.75/sparse_CPU_manhattan.csv,manhattan,CPU,0.75,10,10000,10_10000,100000,1.0,4.0,1.0,3.0499605997446606,3.457010921765018,3.0434605235779117,3.055378331375,1105.25,1136.0,2864.25,1121.9166666666667,8.153049872423338,manhattan_CPU,2864.25,1130.75,1115.5,1125.75,1126.25,1136.0,1106.25,1131.75,1133.25,1127.5,1112.75,1121.5,1117.5,1115.75,1117.0,1134.0,1105.25,1122.5,1119.75,1115.5,1126.0,1122.75,1123.25,1113.5,1126.0
results/GeneratedSparse/10_cells_10000_features/0.75/sparse_CPU_pearson.csv,pearson,CPU,0.75,10,10000,10_10000,100000,1.0,4.0,1.0,3.1769981077072664,3.4406336268506807,3.1192558892779365,3.235402180158032,1316.0,1719.5,2758.25,1503.1354166666667,99.03739769144309,pearson_CPU,2758.25,1400.75,1587.25,1490.5,1377.25,1472.0,1719.5,1457.25,1617.75,1537.0,1440.5,1582.0,1445.75,1552.25,1521.75,1532.5,1406.5,1540.0,1601.0,1468.75,1413.75,1515.75,1316.0,1703.0,1376.5
results/GeneratedSparse/10_cells_10000_features/0.75/sparse_CPU_spearman.csv,spearman,CPU,0.75,10,10000,10_10000,100000,1.0,4.0,1.0,4.168048237206772,3.5336132030912744,3.248586243855104,4.341474094026657,1772.5,21952.0,3416.75,14724.760416666666,4968.79277574835,spearman_CPU,3416.75,18599.75,10702.5,12479.5,1772.5,14903.75,10658.0,18733.25,16984.25,8910.5,21394.25,17729.0,16440.5,17390.0,9436.0,17959.25,5244.5,19955.75,21952.0,20085.0,16509.75,14655.5,14443.25,15354.25,11101.25
results/GeneratedSparse/10_cells_10000_features/0.75/sparse_GPU_cosine.csv,cosine,GPU,0.75,10,10000,10_10000,100000,1.0,4.0,1.0,3.1971254252495624,6.086736293332026,2.6417219247658323,3.3830519882113914,438.25,2415.75,1221058.0,1574.4375,428.7260455528876,cosine_GPU,1221058.0,2106.75,1371.0,1846.0,2165.75,2415.75,915.5,1770.75,438.25,1599.0,1422.0,1681.25,1999.5,909.75,1381.25,1570.25,1745.0,1415.75,1730.0,1985.75,1746.25,1360.0,1588.25,1179.25,1443.5
results/GeneratedSparse/10_cells_10000_features/0.75/sparse_GPU_euclidean.csv,euclidean,GPU,0.75,10,10000,10_10000,100000,1.0,4.0,1.0,3.212401257587326,6.085524969753418,3.0038911662369108,3.3811602233201405,1009.0,2405.25,1217657.0,1630.8020833333333,290.9960085204372,euclidean_GPU,1217657.0,1833.75,1430.5,1511.5,1773.0,1628.75,1731.25,1375.75,1583.25,1697.0,1905.5,1194.25,2010.25,1954.25,1352.5,1420.0,1511.0,1931.0,1755.5,1520.75,1657.5,2405.25,1352.0,1595.75,1009.0
results/GeneratedSparse/10_cells_10000_features/0.75/sparse_GPU_kendall.csv,kendall,GPU,0.75,10,10000,10_10000,100000,1.0,4.0,1.0,3.9587738529360803,5.4910432112116165,3.949889889457448,3.963657991654446,8910.25,9197.25,309772.75,9094.395833333334,61.9114335776429,kendall_GPU,309772.75,9136.0,9024.25,9195.0,9067.5,9073.25,8910.25,9141.75,9099.25,8987.75,9197.25,9057.0,9089.5,9083.75,9100.0,9099.25,9095.75,9161.25,9056.0,9140.5,9153.25,9132.25,9079.25,9116.5,9069.0
results/GeneratedSparse/10_cells_10000_features/0.75/sparse_GPU_manhattan.csv,manhattan,GPU,0.75,10,10000,10_10000,100000,1.0,4.0,1.0,3.3742211921820866,5.596631453008062,3.3549243764147976,3.396548037987132,2264.25,2492.0,395031.25,2367.125,66.198486261646,manhattan_GPU,395031.25,2418.25,2307.5,2338.75,2376.25,2466.25,2335.25,2306.0,2264.25,2277.5,2358.25,2265.5,2473.0,2382.75,2492.0,2333.5,2351.5,2367.0,2406.5,2436.5,2372.5,2286.75,2475.5,2386.25,2333.5
results/GeneratedSparse/10_cells_10000_features/0.75/sparse_GPU_pearson.csv,pearson,GPU,0.75,10,10000,10_10000,100000,1.0,4.0,1.0,3.277351311202775,6.080282865203485,2.77542839204817,3.4911515004856977,596.25,3098.5,1203047.75,1893.875,650.300515467016,pearson_GPU,1203047.75,2344.5,1411.25,1640.5,596.25,1778.25,2118.5,1319.5,1518.5,2118.75,978.0,1602.75,3090.5,2313.75,1865.0,1657.5,951.25,2811.75,1494.0,2415.0,2072.25,2433.75,3098.5,1258.0,2565.0
results/GeneratedSparse/10_cells_10000_features/0.75/sparse_GPU_spearman.csv,spearman,GPU,0.75,10,10000,10_10000,100000,1.0,4.0,1.0,3.4732238198188954,5.637213955038505,3.448048971589905,3.485756906607567,2805.75,3060.25,433724.5,2973.1979166666665,61.373514033550244,spearman_GPU,433724.5,3035.75,2936.5,3041.0,3009.25,3002.25,2935.75,2983.5,2977.25,2941.25,2958.75,3043.0,2909.5,3060.25,2951.25,2996.75,2907.75,2994.5,3000.75,3027.5,2805.75,2850.25,2945.5,3044.75,2998.0
results/GeneratedSparse/10_cells_10000_features/0.75/sparse_armadillo_cosine.csv,cosine,armadillo,0.75,10,10000,10_10000,100000,1.0,4.0,1.0,2.982813310306324,2.9799701729356363,2.975559090989395,2.989303841712325,945.277,975.672,954.927,961.1990000000001,7.987979683040429,cosine_armadillo,954.927,952.052,971.999,952.493,962.832,953.014,953.76,959.537,957.301,964.604,959.195,968.884,964.741,952.622,959.552,962.506,945.277,965.528,950.103,957.266,967.126,970.562,975.672,968.959,973.191
results/GeneratedSparse/10_cells_10000_features/0.75/sparse_armadillo_euclidean.csv,euclidean,armadillo,0.75,10,10000,10_10000,100000,1.0,4.0,1.0,2.989241761101675,2.972265801884527,2.952682524065583,3.0271220023021033,896.773,1064.442,938.136,975.5325416666666,42.156927553466986,euclidean_armadillo,938.136,941.954,959.897,955.519,1047.26,995.352,944.111,1016.366,953.081,896.773,948.878,905.902,941.339,1058.217,950.759,985.568,954.301,1003.121,973.6,989.561,1064.442,997.421,1004.071,943.168,982.12
results/GeneratedSparse/10_cells_10000_features/0.75/sparse_armadillo_manhattan.csv,manhattan,armadillo,0.75,10,10000,10_10000,100000,1.0,4.0,1.0,3.3487882253351042,3.2992849736794256,3.3117792824277354,3.370764674359678,2050.12,2348.36,1991.98,2232.4833333333336,86.50787631128674,manhattan_armadillo,1991.98,2081.38,2317.42,2243.93,2188.52,2348.36,2155.26,2198.39,2323.54,2139.28,2291.9,2332.61,2255.01,2297.92,2182.99,2239.85,2266.04,2341.89,2247.08,2295.72,2327.42,2120.61,2102.01,2050.12,2232.35
results/GeneratedSparse/10_cells_10000_features/0.75/sparse_armadillo_pearson.csv,pearson,armadillo,0.75,10,10000,10_10000,100000,1.0,4.0,1.0,2.9950273420446587,2.9910461164129956,2.9896891476435496,3.001578394482004,976.538,1003.641,979.594,988.6153333333333,6.270931600558951,pearson_armadillo,979.594,976.538,997.938,986.937,979.764,991.178,982.423,997.562,988.947,988.02,989.409,982.072,988.751,989.522,990.905,991.159,989.328,991.539,982.53,987.955,998.83,1003.641,985.566,984.19,982.064
results/GeneratedSparse/10_cells_10000_features/0.75/sparse_armadillo_spearman.csv,spearman,armadillo,0.75,10,10000,10_10000,100000,1.0,4.0,1.0,3.5757984789408632,3.572347578129544,3.5673863635559986,3.58839273205262,3693.06,3876.08,3735.49,3765.2904166666667,45.820879018118504,spearman_armadillo,3735.49,3704.28,3787.75,3795.95,3827.61,3836.18,3725.23,3733.42,3775.84,3785.91,3706.56,3739.91,3713.26,3775.74,3703.2,3759.31,3790.29,3792.1,3729.69,3876.08,3782.18,3765.31,3758.92,3693.06,3809.19
results/GeneratedSparse/10_cells_10000_features/0.75/sparse_arrayfirecuda_cosine.csv,cosine,arrayfirecuda,0.75,10,10000,10_10000,100000,1.0,4.0,1.0,3.048497640597428,3.0806337010559393,3.0440966167251706,3.0544943158490145,1106.87,1133.69,1204.02,1118.14375,7.046951357679446,cosine_arrayfirecuda,1204.02,1122.51,1113.49,1118.83,1117.78,1125.46,1123.11,1118.6,1126.32,1110.08,1113.43,1115.41,1118.88,1111.33,1120.91,1125.55,1106.87,1121.56,1114.36,1133.69,1111.44,1131.25,1108.02,1117.75,1108.82
results/GeneratedSparse/10_cells_10000_features/0.75/sparse_arrayfirecuda_euclidean.csv,euclidean,arrayfirecuda,0.75,10,10000,10_10000,100000,1.0,4.0,1.0,3.0425408948110393,3.0488688957399304,3.036081690992754,3.0483835311507503,1086.63,1117.85,1119.1,1102.9120833333334,8.394931496229644,euclidean_arrayfirecuda,1119.1,1100.23,1108.98,1110.1,1107.67,1112.06,1097.69,1088.05,1114.01,1102.43,1096.71,1097.71,1102.12,1091.12,1101.41,1110.37,1104.96,1103.73,1089.14,1103.15,1117.85,1114.29,1086.63,1100.51,1108.97
results/GeneratedSparse/10_cells_10000_features/0.75/sparse_arrayfirecuda_manhattan.csv,manhattan,arrayfirecuda,0.75,10,10000,10_10000,100000,1.0,4.0,1.0,5.076409674802557,5.069608904532888,5.069575605274167,5.084136399099853,117375.0,121377.0,117384.0,119236.625,1099.172143497854,manhattan_arrayfirecuda,117384.0,118022.0,119896.0,117375.0,118043.0,119733.0,117741.0,119323.0,118410.0,120664.0,120291.0,119649.0,118794.0,117920.0,120317.0,119315.0,119022.0,118248.0,118047.0,119994.0,118803.0,121377.0,119415.0,119989.0,121291.0
results/GeneratedSparse/10_cells_10000_features/0.75/sparse_arrayfirecuda_pearson.csv,pearson,arrayfirecuda,0.75,10,10000,10_10000,100000,1.0,4.0,1.0,3.0466245619499754,3.079492378950344,3.0350813623661175,3.0572818381396427,1084.13,1140.99,1200.86,1113.3316666666667,13.470763300158186,pearson_arrayfirecuda,1200.86,1122.9,1103.58,1084.13,1108.18,1107.92,1138.33,1140.99,1106.88,1121.16,1135.51,1111.62,1126.77,1109.74,1094.43,1114.9,1104.53,1100.1,1108.79,1124.78,1114.94,1111.74,1104.22,1122.46,1101.36
results/GeneratedSparse/10_cells_10000_features/0.75/sparse_raft_cosine.csv,cosine,raft,0.75,10,10000,10_10000,100000,1.0,4.0,1.0,3.5995170468952837,5.885306954258844,3.5860753745345564,3.6132810123864774,3855.4526566140134,4104.6961346526,767904.0431976318,3976.647052741926,68.80219624285549,cosine_raft,1531716.8235778809,4091.262817382813,3975.391387939453,3893.852233886719,3890.0375366210938,3923.1660005781546,3974.6562229991214,3974.3418696348103,3985.425579530488,4044.397384015877,4054.5367213112495,3855.4526566140134,4042.1409462806905,4032.1171813191354,3930.8211686564414,3967.652780167468,4079.27346431128,4020.8488461830952,3983.183556009436,3923.605093551285,3938.444027930955,4104.6961346526,3973.7610563224976,3898.444659959839,3882.0199399477137
results/GeneratedSparse/10_cells_10000_features/0.75/sparse_raft_euclidean.csv,euclidean,raft,0.75,10,10000,10_10000,100000,1.0,4.0,1.0,3.5913380492312834,5.879248347007181,3.581507029750298,3.60471989467158,3815.109695942501,4024.573791316952,757265.8061981202,3902.456306577244,54.88690805146873,euclidean_raft,1510553.598403931,3978.0139923095694,3854.2747497558594,3898.382186889648,3880.5007934570312,3867.233182165988,3986.7506877840538,3815.109695942501,3934.552702545488,4024.573791316952,3889.830748761848,3875.508176115388,3891.32386380468,3844.617547532696,3937.3663730282233,3825.0927449349847,3976.036040554752,3898.810647470504,3960.922353956887,3832.698190832709,3879.449745987352,3886.857807923668,3966.2664558833326,3861.8540904480537,3892.9247884516817
results/GeneratedSparse/10_cells_10000_features/0.75/sparse_raft_manhattan.csv,manhattan,raft,0.75,10,10000,10_10000,100000,1.0,4.0,1.0,3.575746999650845,5.882246732783106,3.5563572322623007,3.589607623941351,3600.4537147171795,3886.938095092773,762512.0878219603,3764.844122739932,77.22680154244291,manhattan_raft,1521137.237548828,3886.938095092773,3767.9672241210938,3723.3829498291016,3696.203231811523,3814.2838359641864,3738.6683855565448,3661.9257477043816,3774.8655401280985,3782.133175306142,3849.3478638221904,3810.6897080585904,3653.764241106984,3831.905095545936,3738.4818207585536,3780.2133086271137,3600.4537147171795,3807.9963153125295,3838.5987065302666,3795.0265875293776,3610.232314093592,3789.7462631471262,3837.8964977144656,3869.12941767564,3696.4089056049775
results/GeneratedSparse/10_cells_10000_features/0.75/sparse_raft_pearson.csv,pearson,raft,0.75,10,10000,10_10000,100000,1.0,4.0,1.0,3.639332982806578,5.631095835484136,3.6262687623688596,3.6492966984418627,4229.302629389795,4459.608129194639,427657.24658966064,4358.459179353392,57.42411499403919,pearson_raft,850867.0330047607,4447.460174560547,4343.748092651367,4328.250885009766,4302.978515625,4385.168727830408,4369.019893135071,4418.585215815173,4319.938530516574,4386.237725603925,4391.27705154353,4419.576594623734,4229.302629389795,4282.116177665872,4357.084877479413,4446.93688530905,4459.608129194639,4368.404812195717,4398.367431867421,4313.572111230214,4335.289189813129,4334.693979839469,4308.771904801993,4274.281185046239,4382.349583733362
results/GeneratedSparse/10_cells_10000_features/0.9/sparse_CPU_cosine.csv,cosine,CPU,0.9,10,10000,10_10000,100000,1.0,4.0,1.0,2.974463716589571,3.423778172901738,2.9706954738262574,2.9817053769570374,934.75,958.75,2653.25,942.8958333333334,6.217798992051412,cosine_CPU,2653.25,949.25,940.0,945.0,942.25,955.25,937.25,947.75,947.0,934.75,937.0,949.5,940.0,935.25,940.75,941.25,941.75,936.75,938.0,941.0,951.5,958.75,942.25,939.5,937.75
results/GeneratedSparse/10_cells_10000_features/0.9/sparse_CPU_euclidean.csv,euclidean,CPU,0.9,10,10000,10_10000,100000,1.0,4.0,1.0,2.9783802647232753,3.418425594468589,2.906200314184372,3.0060379549973173,805.75,1014.0,2620.75,951.4375,48.08116239322146,euclidean_CPU,2620.75,975.5,896.5,805.75,968.75,920.25,1007.25,943.5,946.0,894.0,968.0,985.5,935.25,975.5,924.5,959.0,1013.25,1014.0,991.5,970.25,880.0,1008.0,929.0,985.25,938.0
results/GeneratedSparse/10_cells_10000_features/0.9/sparse_CPU_kendall.csv,kendall,CPU,0.9,10,10000,10_10000,100000,1.0,4.0,1.0,3.7100547491047973,3.855700830835437,3.543074235033532,3.8257505813480277,3492.0,6695.0,7173.0,5129.260416666667,914.1294939243162,kendall_CPU,7173.0,6114.75,4788.25,4644.25,5197.0,4473.75,6695.0,5287.75,5452.5,5219.75,3502.0,4690.75,4710.0,4557.25,3492.0,6552.5,6353.75,5467.0,5521.25,3679.5,5363.5,6322.75,6233.5,4436.5,4347.0
results/GeneratedSparse/10_cells_10000_features/0.9/sparse_CPU_manhattan.csv,manhattan,CPU,0.9,10,10000,10_10000,100000,1.0,4.0,1.0,3.9767942812621535,3.3635179665825654,2.9306943876645355,4.215584694181615,852.5,16428.0,2309.5,9479.693181818182,4739.163020616218,manhattan_CPU,2309.5,852.5,10285.0,11034.75,15727.5,2078.25,2110.75,9834.0,14246.25,,16428.0,4851.75,14027.75,5862.75,13016.25,1659.25,7108.75,,9922.0,15659.25,10477.5,10606.25,7664.0,12774.0,12326.75
results/GeneratedSparse/10_cells_10000_features/0.9/sparse_CPU_pearson.csv,pearson,CPU,0.9,10,10000,10_10000,100000,1.0,4.0,1.0,2.9775664308213265,3.4404367661057735,2.973935628875305,2.9818186071706636,941.75,959.0,2757.0,949.65625,4.180692538822566,pearson_CPU,2757.0,952.25,945.75,947.25,944.25,959.0,949.25,956.25,957.0,950.25,943.75,949.5,947.75,953.25,953.25,951.5,951.0,950.75,945.25,950.5,948.25,946.75,946.25,951.0,941.75
results/GeneratedSparse/10_cells_10000_features/0.9/sparse_CPU_spearman.csv,spearman,CPU,0.9,10,10000,10_10000,100000,1.0,4.0,1.0,2.9759628625216115,3.418922451590457,2.8961126693085815,3.0672568892381498,787.25,1167.5,2623.75,946.15625,107.4430278416,spearman_CPU,2623.75,1009.75,831.5,787.25,835.0,896.25,937.0,845.25,955.5,971.5,887.75,1107.5,989.25,821.5,1082.5,1017.25,870.75,967.0,958.5,1143.75,794.0,845.0,937.75,1048.75,1167.5
results/GeneratedSparse/10_cells_10000_features/0.9/sparse_GPU_cosine.csv,cosine,GPU,0.9,10,10000,10_10000,100000,1.0,4.0,1.0,3.145264405026658,6.085159770588881,2.941883951154944,3.3277164414769396,874.75,2126.75,1216633.5,1397.21875,300.2714163929097,cosine_GPU,1216633.5,1495.0,1016.25,1312.0,874.75,1408.75,1441.0,1503.5,1985.0,1624.25,968.0,1682.25,1308.0,2126.75,1523.25,1541.5,1120.25,1283.75,1075.0,1523.75,1192.75,1331.0,1169.75,1247.0,1779.75
results/GeneratedSparse/10_cells_10000_features/0.9/sparse_GPU_euclidean.csv,euclidean,GPU,0.9,10,10000,10_10000,100000,1.0,4.0,1.0,3.036000583515595,6.076175230110357,2.9724342769573653,3.102690912962709,938.5,1266.75,1191722.75,1086.4270833333333,89.14876609162755,euclidean_GPU,1191722.75,1169.5,1048.5,1095.25,1089.0,940.75,1076.75,938.5,963.0,974.25,956.75,1124.75,1094.5,1151.0,1257.75,1050.25,1052.5,1042.5,1152.0,1075.0,1075.25,1151.25,1266.75,1193.0,1135.5
results/GeneratedSparse/10_cells_10000_features/0.9/sparse_GPU_kendall.csv,kendall,GPU,0.9,10,10000,10_10000,100000,1.0,4.0,1.0,3.598169023011669,5.473197100392558,3.5829435651638426,3.618126576575313,3827.75,4150.75,297301.5,3964.3229166666665,73.6611569100458,kendall_GPU,297301.5,3979.0,3873.0,3958.5,3827.75,3960.5,3994.75,3930.75,3960.25,3987.0,4017.25,4006.25,3938.0,3987.0,3906.75,4025.75,3864.0,3903.0,3941.75,4150.75,4004.75,3841.5,4069.0,4067.0,3949.5
results/GeneratedSparse/10_cells_10000_features/0.9/sparse_GPU_manhattan.csv,manhattan,GPU,0.9,10,10000,10_10000,100000,1.0,4.0,1.0,3.1717477779148684,5.466856132890802,3.1327398382608846,3.2123873871945254,1357.5,1630.75,292992.25,1485.0729166666667,66.22001991336448,manhattan_GPU,292992.25,1537.5,1441.25,1415.25,1587.75,1432.0,1545.0,1427.75,1630.75,1473.25,1558.75,1467.5,1561.25,1481.5,1470.5,1371.75,1485.75,1393.0,1357.5,1540.5,1483.25,1496.5,1522.5,1473.75,1487.25
results/GeneratedSparse/10_cells_10000_features/0.9/sparse_GPU_pearson.csv,pearson,GPU,0.9,10,10000,10_10000,100000,1.0,4.0,1.0,3.0284653432242,6.061826199799214,2.940391956048014,3.0925452076056064,871.75,1237.5,1152991.75,1067.7395833333333,90.699437221663,pearson_GPU,1152991.75,1188.5,1061.0,1064.25,1001.25,871.75,1141.75,1111.75,1110.25,1081.0,1120.25,1030.0,1128.75,1153.5,1237.5,952.25,992.75,923.0,1072.0,1035.25,952.75,1094.25,987.5,1224.75,1089.75
results/GeneratedSparse/10_cells_10000_features/0.9/sparse_GPU_spearman.csv,spearman,GPU,0.9,10,10000,10_10000,100000,1.0,4.0,1.0,3.2292337530490474,5.46313828795997,3.1735504566783983,3.2681097298084785,1491.25,1854.0,290494.75,1695.25,97.2483397458966,spearman_GPU,290494.75,1748.5,1622.75,1741.0,1780.5,1571.0,1625.25,1704.75,1601.75,1609.0,1742.75,1736.0,1724.5,1491.25,1825.25,1677.75,1703.5,1783.75,1836.75,1820.0,1649.25,1701.75,1621.5,1854.0,1513.5
results/GeneratedSparse/10_cells_10000_features/0.9/sparse_armadillo_cosine.csv,cosine,armadillo,0.9,10,10000,10_10000,100000,1.0,4.0,1.0,2.6403863107612904,2.6368798883153146,2.6204057128963614,2.6602382378175813,417.259,457.339,433.391,436.90429166666667,9.42800589325568,cosine_armadillo,433.391,432.961,447.178,428.502,430.306,417.259,442.783,431.495,443.042,434.349,444.637,441.251,447.301,457.339,448.513,424.328,437.26,434.658,443.822,428.589,422.92,428.907,446.738,439.382,432.183
results/GeneratedSparse/10_cells_10000_features/0.9/sparse_armadillo_euclidean.csv,euclidean,armadillo,0.9,10,10000,10_10000,100000,1.0,4.0,1.0,2.6350431132322365,2.635613412613842,2.627037963423587,2.6410207402041737,423.68,437.543,432.129,431.5619166666667,3.39045302917701,euclidean_armadillo,432.129,434.343,434.804,430.907,426.078,430.616,432.616,437.388,429.228,432.129,430.3,432.77,423.68,435.833,428.329,433.536,429.936,433.816,431.846,434.651,426.169,429.906,429.993,437.543,431.069
results/GeneratedSparse/10_cells_10000_features/0.9/sparse_armadillo_manhattan.csv,manhattan,armadillo,0.9,10,10000,10_10000,100000,1.0,4.0,1.0,3.328677950959768,3.3652295776910393,3.278465499599609,3.372650611541787,1898.74,2358.58,2318.62,2131.4637500000003,105.24516955710682,manhattan_armadillo,2318.62,2256.68,2030.76,2032.98,2039.11,2106.26,2358.58,2227.21,2169.08,1898.74,2080.45,2216.18,2090.37,2156.0,2135.49,2184.48,1954.24,2059.56,2180.66,2198.1,2077.85,2281.36,2075.92,2086.83,2258.24
results/GeneratedSparse/10_cells_10000_features/0.9/sparse_armadillo_pearson.csv,pearson,armadillo,0.9,10,10000,10_10000,100000,1.0,4.0,1.0,2.673097163220954,2.6789952037849663,2.666667711458589,2.6795432691505496,464.16,478.127,477.524,471.08270833333336,3.5435842551382764,pearson_armadillo,477.524,475.861,471.894,466.243,465.893,472.055,469.963,472.623,467.188,473.197,471.407,474.545,470.237,465.221,478.127,471.991,464.16,473.002,474.221,471.281,471.86,475.375,466.704,473.157,469.78
results/GeneratedSparse/10_cells_10000_features/0.9/sparse_armadillo_spearman.csv,spearman,armadillo,0.9,10,10000,10_10000,100000,1.0,4.0,1.0,3.460440265152356,3.44420879703708,3.4497976386918525,3.470629494237379,2817.07,2955.49,2781.05,2886.956666666667,42.84711490352127,spearman_armadillo,2781.05,2832.89,2898.94,2872.05,2946.65,2953.41,2871.18,2912.93,2939.88,2852.6,2913.26,2921.0,2855.63,2955.49,2901.76,2817.07,2855.1,2883.8,2823.2,2827.71,2882.5,2832.84,2879.05,2936.35,2921.67
results/GeneratedSparse/10_cells_10000_features/0.9/sparse_arrayfirecuda_cosine.csv,cosine,arrayfirecuda,0.9,10,10000,10_10000,100000,1.0,4.0,1.0,3.0478060500426025,3.111054056069435,3.045780507558271,3.0500199510961203,1111.17,1122.07,1291.38,1116.3645833333333,2.504895172734554,cosine_arrayfirecuda,1291.38,1114.97,1117.85,1117.7,1115.76,1118.81,1114.9,1114.32,1116.8,1114.08,1112.52,1120.7,1118.04,1116.81,1122.07,1113.08,1117.15,1118.32,1116.0,1113.5,1115.21,1111.17,1117.72,1118.13,1117.14
results/GeneratedSparse/10_cells_10000_features/0.9/sparse_arrayfirecuda_euclidean.csv,euclidean,arrayfirecuda,0.9,10,10000,10_10000,100000,1.0,4.0,1.0,3.110081754532084,3.0994665481417996,2.970188753096891,3.2129915036812173,933.66,1633.02,1257.38,1288.4920833333333,181.22614985562393,euclidean_arrayfirecuda,1257.38,1097.15,1393.04,1424.39,1191.24,1503.75,1477.09,1289.56,1633.02,1578.9,1133.72,990.74,1126.79,1154.89,1381.46,1286.53,1454.07,1446.75,1283.84,1095.66,1367.48,933.66,1366.4,1159.84,1153.84
results/GeneratedSparse/10_cells_10000_features/0.9/sparse_arrayfirecuda_manhattan.csv,manhattan,arrayfirecuda,0.9,10,10000,10_10000,100000,1.0,4.0,1.0,5.074877364329346,5.078724997269077,5.068267516279753,5.081674885705728,117022.0,120691.0,119874.0,118816.66666666667,1001.7100656155731,manhattan_arrayfirecuda,119874.0,119667.0,118211.0,118555.0,117022.0,119594.0,118167.0,117510.0,120263.0,119596.0,118388.0,117380.0,117880.0,117972.0,119000.0,118324.0,119980.0,120051.0,118241.0,118984.0,118152.0,120691.0,119856.0,118118.0,119998.0
results/GeneratedSparse/10_cells_10000_features/0.9/sparse_arrayfirecuda_pearson.csv,pearson,arrayfirecuda,0.9,10,10000,10_10000,100000,1.0,4.0,1.0,3.0604404918459687,3.117808030308562,3.057475915826254,3.06298788802604,1141.5,1156.08,1311.62,1149.31875,3.812929005917455,pearson_arrayfirecuda,1311.62,1153.53,1147.36,1150.15,1149.1,1145.58,1146.09,1145.89,1149.25,1146.11,1147.21,1141.5,1144.0,1156.04,1153.36,1151.95,1152.95,1148.55,1152.0,1149.22,1145.6,1156.08,1151.83,1154.0,1146.3
results/GeneratedSparse/10_cells_10000_features/0.9/sparse_raft_cosine.csv,cosine,raft,0.9,10,10000,10_10000,100000,1.0,4.0,1.0,3.5898476905319185,5.881995103199304,3.5368111827092372,3.635451859656004,3442.002510146346,4319.682824730104,762070.4174041748,3889.0872864039143,228.03988637400997,cosine_raft,1520207.166671753,3933.66813659668,4217.386245727539,3740.787506103516,3827.571868896485,3564.9736758510994,4037.38673753133,3802.3420992979914,4192.617983882928,3840.7454853727854,4319.682824730104,3968.4610785281384,4122.394741744054,3810.7599891537247,3704.7377171859457,4146.5943216254345,3684.0576068764303,3571.236497340872,3442.002510146346,3661.0424137970567,4216.482678141326,3740.363030243446,3960.4554124400865,3910.034398388992,3922.309914091633
results/GeneratedSparse/10_cells_10000_features/0.9/sparse_raft_euclidean.csv,euclidean,raft,0.9,10,10000,10_10000,100000,1.0,4.0,1.0,3.5852304829199353,5.8485307772177535,3.5758713325700238,3.5949026189078834,3765.92210344332,3934.618403034351,705554.8429489136,3847.959415872457,46.423216203585476,euclidean_raft,1407192.4686431885,3917.217254638672,3826.85661315918,3828.287124633789,3831.624984741211,3795.310054324673,3810.0905111315055,3849.0844123170905,3871.3364593368433,3861.538912889758,3790.035845604072,3889.883867524064,3814.106049110712,3846.8923750842646,3905.480096804689,3765.92210344332,3823.036290129168,3900.6055218346414,3843.5545767106264,3775.4297576897434,3931.320382588452,3875.9261864064338,3839.5024703013864,3823.3657275003193,3934.618403034351
results/GeneratedSparse/10_cells_10000_features/0.9/sparse_raft_manhattan.csv,manhattan,raft,0.9,10,10000,10_10000,100000,1.0,4.0,1.0,3.5661853882666366,5.865138817663756,3.5505785889372103,3.5779717502025172,3552.8640448165047,3784.1796875,733058.8102340698,3682.861512341676,52.538054215684774,manhattan_raft,1462333.4407806396,3784.1796875,3673.315048217773,3645.658493041992,3640.174865722656,3743.6842919252904,3692.530689667713,3611.7477668921097,3688.454439388997,3552.8640448165047,3634.6138774185106,3645.880890498151,3654.1980451751824,3665.9166107174447,3678.5377979659943,3725.596683343851,3649.6760010051194,3753.9807504435826,3674.3216681583326,3726.708553469945,3728.4605671555814,3754.3948209484015,3713.5920334621887,3718.89717344954,3631.2914958153606
results/GeneratedSparse/10_cells_10000_features/0.9/sparse_raft_pearson.csv,pearson,raft,0.9,10,10000,10_10000,100000,1.0,4.0,1.0,3.640080949829011,5.685875377167389,3.6302864760610665,3.651745081698739,4268.609986258937,4484.820666559064,485149.2643356323,4365.972036985972,45.94138815390319,pearson_raft,965860.12840271,4438.400268554688,4369.497299194336,4331.588745117188,4338.264465332031,4339.947000397814,4409.1227375716135,4302.893360016621,4339.553731709861,4403.490515846302,4365.151373382672,4352.695236843796,4403.420441786775,4392.944361536919,4380.527694277432,4322.795700782956,4268.609986258937,4374.214627245579,4391.813633963844,4390.207951839075,4373.037033102175,4317.802418165149,4311.874743258564,4380.654894919967,4484.820666559064
results/GeneratedSparse/10_cells_10000_features/0.95/sparse_CPU_cosine.csv,cosine,CPU,0.95,10,10000,10_10000,100000,1.0,4.0,1.0,2.946083646106883,4.331741009037769,2.862131379313037,2.991226075692495,728.0,980.0,21465.5,883.25,64.50730740259846,cosine_CPU,21465.5,912.75,821.0,908.5,893.25,843.0,918.0,777.5,923.0,914.5,957.5,913.75,951.25,913.75,827.25,980.0,916.75,893.5,820.75,728.0,763.5,894.75,965.5,917.75,842.5
results/GeneratedSparse/10_cells_10000_features/0.95/sparse_CPU_euclidean.csv,euclidean,CPU,0.95,10,10000,10_10000,100000,1.0,4.0,1.0,2.933323806119578,3.385874273904196,2.912753303671323,2.9570083427065743,818.0,905.75,2431.5,857.6770833333334,21.09693391608653,euclidean_CPU,2431.5,884.5,841.5,862.5,842.5,823.25,865.25,849.75,868.25,848.75,868.5,850.5,845.5,858.25,866.25,855.5,872.25,905.75,826.5,858.75,842.0,818.0,904.25,860.5,865.5
results/GeneratedSparse/10_cells_10000_features/0.95/sparse_CPU_kendall.csv,kendall,CPU,0.95,10,10000,10_10000,100000,1.0,4.0,1.0,3.4873019124334834,3.6879523479515792,3.2011922201024947,3.6775385185766054,1589.25,4759.25,4874.75,3071.15625,762.8150811184654,kendall_CPU,4874.75,3810.0,2456.75,3488.25,1865.75,1589.25,3903.0,3245.0,3189.5,3564.75,3267.0,4304.75,4055.5,3216.5,3219.75,2661.5,3007.0,2731.5,4759.25,3325.25,2639.0,2048.5,2644.5,2485.75,2229.75
results/GeneratedSparse/10_cells_10000_features/0.95/sparse_CPU_manhattan.csv,manhattan,CPU,0.95,10,10000,10_10000,100000,1.0,4.0,1.0,2.9648535691580493,3.3531946914922175,2.739374533250178,3.150756439860309,548.75,1415.0,2255.25,922.2604166666666,217.47138795481362,manhattan_CPU,2255.25,1060.5,629.0,957.25,700.75,984.0,649.5,811.75,964.5,771.0,685.0,982.5,548.75,1233.75,929.0,1012.5,1415.0,972.25,974.0,864.75,826.75,668.75,1173.0,1332.25,987.75
results/GeneratedSparse/10_cells_10000_features/0.95/sparse_CPU_pearson.csv,pearson,CPU,0.95,10,10000,10_10000,100000,1.0,4.0,1.0,2.95496071283658,3.84034137815474,2.94411237698898,2.967781908075799,879.25,928.5,6923.75,901.4895833333334,15.144009948702124,pearson_CPU,6923.75,912.75,889.25,893.0,885.5,879.25,897.0,888.0,882.75,918.5,893.0,896.75,920.0,905.0,885.25,928.5,900.5,892.75,899.75,904.5,920.75,928.5,884.5,903.25,926.75
results/GeneratedSparse/10_cells_10000_features/0.95/sparse_CPU_spearman.csv,spearman,CPU,0.95,10,10000,10_10000,100000,1.0,4.0,1.0,2.8664657964611853,3.4004084588003702,2.7570162347313008,2.973589623427257,571.5,941.0,2514.25,735.3020833333334,97.98742955005193,spearman_CPU,2514.25,792.5,649.0,663.5,571.5,677.0,775.0,658.0,858.0,818.25,743.25,747.75,778.5,711.75,774.0,649.0,620.25,715.25,892.25,890.25,644.5,941.0,664.5,815.0,597.25
results/GeneratedSparse/10_cells_10000_features/0.95/sparse_GPU_cosine.csv,cosine,GPU,0.95,10,10000,10_10000,100000,1.0,4.0,1.0,3.0767845171987944,6.030624714428787,2.9382694834629115,3.1420764610732848,867.5,1387.0,1073061.75,1193.3958333333333,122.58961256011412,cosine_GPU,1073061.75,1284.0,1087.75,1371.75,1387.0,1049.0,1053.0,867.5,1346.0,1294.25,1329.0,1051.25,1217.25,1204.75,1206.25,1247.5,1300.75,1130.0,1322.0,1123.5,1129.5,1129.5,1180.25,1129.75,1200.0
results/GeneratedSparse/10_cells_10000_features/0.95/sparse_GPU_euclidean.csv,euclidean,GPU,0.95,10,10000,10_10000,100000,1.0,4.0,1.0,3.0185661474979657,6.121347404837898,3.012837224705172,3.024485667699167,1030.0,1058.0,1322353.0,1043.6770833333333,7.230750006722832,euclidean_GPU,1322353.0,1046.75,1037.0,1044.5,1056.5,1032.75,1041.5,1048.25,1044.75,1036.5,1050.25,1046.0,1035.75,1038.25,1042.0,1040.25,1058.0,1049.75,1030.0,1045.25,1047.75,1054.25,1042.0,1047.0,1033.25
results/GeneratedSparse/10_cells_10000_features/0.95/sparse_GPU_kendall.csv,kendall,GPU,0.95,10,10000,10_10000,100000,1.0,4.0,1.0,3.375513108656617,5.476092931798235,3.3564561120950787,3.4026052419199146,2272.25,2527.0,299290.5,2374.1770833333335,60.55061928386631,kendall_GPU,299290.5,2425.0,2341.75,2330.5,2527.0,2393.75,2315.5,2342.25,2401.0,2284.75,2459.0,2338.25,2394.75,2364.25,2439.5,2287.5,2391.5,2354.0,2411.75,2347.75,2355.5,2401.75,2467.75,2333.25,2272.25
results/GeneratedSparse/10_cells_10000_features/0.95/sparse_GPU_manhattan.csv,manhattan,GPU,0.95,10,10000,10_10000,100000,1.0,4.0,1.0,3.086941614945498,5.4725381505180986,3.0752731600919394,3.0999394835616743,1189.25,1258.75,296850.75,1221.6354166666667,13.676504176618216,manhattan_GPU,296850.75,1233.75,1210.0,1258.75,1223.5,1217.75,1230.5,1227.0,1203.25,1220.75,1222.5,1227.0,1215.75,1210.25,1231.25,1217.5,1234.75,1224.75,1189.25,1222.0,1234.0,1204.0,1235.75,1211.0,1214.25
results/GeneratedSparse/10_cells_10000_features/0.95/sparse_GPU_pearson.csv,pearson,GPU,0.95,10,10000,10_10000,100000,1.0,4.0,1.0,3.142773892684663,6.034082739487039,3.0778219507849,3.208710019906401,1196.25,1617.0,1081640.0,1389.2291666666667,90.58645492551423,pearson_GPU,1081640.0,1342.5,1464.75,1334.5,1317.0,1409.5,1483.75,1364.75,1332.5,1371.5,1370.25,1476.5,1408.25,1280.0,1369.0,1506.75,1459.25,1196.25,1415.75,1389.5,1617.0,1279.0,1307.75,1330.25,1515.25
results/GeneratedSparse/10_cells_10000_features/0.95/sparse_GPU_spearman.csv,spearman,GPU,0.95,10,10000,10_10000,100000,1.0,4.0,1.0,3.128533887757942,5.461617438759586,3.100456706110188,3.1565491513317814,1260.25,1434.0,289479.25,1344.4166666666667,41.62691854103811,spearman_GPU,289479.25,1373.5,1306.0,1313.5,1350.5,1373.75,1434.0,1338.25,1272.0,1337.5,1305.5,1359.5,1393.5,1322.5,1334.0,1390.5,1413.75,1374.0,1300.0,1361.75,1335.0,1327.25,1374.5,1315.0,1260.25
results/GeneratedSparse/10_cells_10000_features/0.95/sparse_armadillo_cosine.csv,cosine,armadillo,0.95,10,10000,10_10000,100000,1.0,4.0,1.0,2.420490855901482,2.3979365343022847,2.4047054611240304,2.43283786085072,253.925,270.918,249.998,263.32425,3.8101631554086146,cosine_armadillo,249.998,263.694,269.033,259.716,260.237,267.622,263.651,262.88,264.686,265.033,258.774,262.918,262.527,261.13,266.365,262.263,264.064,269.735,270.918,253.925,258.797,262.607,266.144,259.312,263.751
results/GeneratedSparse/10_cells_10000_features/0.95/sparse_armadillo_euclidean.csv,euclidean,armadillo,0.95,10,10000,10_10000,100000,1.0,4.0,1.0,2.42907973320679,2.4042776690465884,2.4110385747083676,2.443051657653377,257.655,277.365,253.675,268.58375,4.963775085977071,euclidean_armadillo,253.675,267.982,277.279,264.285,266.889,263.584,266.319,258.401,265.514,272.975,268.879,257.655,274.646,268.58,267.563,271.755,271.717,268.534,271.175,273.058,272.145,263.104,277.365,270.251,266.355
results/GeneratedSparse/10_cells_10000_features/0.95/sparse_armadillo_manhattan.csv,manhattan,armadillo,0.95,10,10000,10_10000,100000,1.0,4.0,1.0,3.3112714557401097,3.325923905273321,3.3061525697626366,3.316194777840808,2023.73,2071.07,2117.99,2047.7241666666669,13.480028411402651,manhattan_armadillo,2117.99,2056.21,2063.58,2037.66,2035.81,2061.54,2052.38,2071.07,2050.96,2056.48,2048.04,2032.52,2048.94,2027.01,2034.31,2056.55,2023.73,2037.31,2062.09,2031.63,2054.56,2066.06,2054.19,2027.68,2055.07
results/GeneratedSparse/10_cells_10000_features/0.95/sparse_armadillo_pearson.csv,pearson,armadillo,0.95,10,10000,10_10000,100000,1.0,4.0,1.0,2.5061741683812246,2.4861810244240705,2.488974933399157,2.524049327096478,308.301,334.233,306.324,320.75554166666666,7.334020191200091,pearson_armadillo,306.324,329.036,324.737,317.114,315.991,317.838,322.957,327.811,309.268,314.835,325.375,318.984,321.111,320.776,328.014,320.392,308.68,325.795,310.577,333.5,315.487,334.233,318.953,308.301,328.368
results/GeneratedSparse/10_cells_10000_features/0.95/sparse_armadillo_spearman.csv,spearman,armadillo,0.95,10,10000,10_10000,100000,1.0,4.0,1.0,3.4042065434174122,3.392480631291327,3.3718986947787415,3.4285462065558856,2354.5,2682.54,2468.77,2536.3345833333333,70.72727220216909,spearman_armadillo,2468.77,2462.15,2565.83,2618.57,2551.3,2439.1,2475.38,2354.5,2566.05,2512.24,2515.71,2682.54,2536.16,2520.94,2508.57,2634.79,2634.0,2563.05,2497.36,2553.82,2522.75,2441.3,2600.84,2565.99,2549.09
results/GeneratedSparse/10_cells_10000_features/0.95/sparse_arrayfirecuda_cosine.csv,cosine,arrayfirecuda,0.95,10,10000,10_10000,100000,1.0,4.0,1.0,3.0462076205863076,3.1164350543606734,3.0392316374999724,3.0510328336989385,1094.54,1124.69,1307.48,1112.2633333333333,8.504026333971998,cosine_arrayfirecuda,1307.48,1119.0,1106.33,1111.78,1106.11,1119.31,1112.43,1108.14,1123.1,1094.58,1115.7,1124.69,1120.96,1109.13,1111.08,1122.73,1111.43,1094.54,1115.36,1123.18,1118.94,1111.28,1097.04,1111.17,1106.31
results/GeneratedSparse/10_cells_10000_features/0.95/sparse_arrayfirecuda_euclidean.csv,euclidean,arrayfirecuda,0.95,10,10000,10_10000,100000,1.0,4.0,1.0,3.0526203672080103,3.0528554740443274,3.0466668191509396,3.061331824972817,1113.44,1151.68,1129.42,1128.80875,8.989385552092369,euclidean_arrayfirecuda,1129.42,1137.19,1120.46,1151.68,1123.76,1125.74,1118.27,1136.27,1137.17,1117.36,1136.16,1124.6,1120.33,1113.44,1132.25,1144.69,1133.37,1131.28,1126.16,1127.34,1125.0,1135.31,1131.03,1118.23,1124.32
results/GeneratedSparse/10_cells_10000_features/0.95/sparse_arrayfirecuda_manhattan.csv,manhattan,arrayfirecuda,0.95,10,10000,10_10000,100000,1.0,4.0,1.0,5.087982729084721,5.086985902377554,5.0879126797997865,5.088058085952325,122437.0,122478.0,122176.0,122456.75,8.828221791504788,manhattan_arrayfirecuda,122176.0,122451.0,122464.0,122452.0,122447.0,122478.0,122463.0,122459.0,122463.0,122454.0,122466.0,122459.0,122455.0,122450.0,122465.0,122449.0,122469.0,122449.0,122450.0,122437.0,122463.0,122459.0,122457.0,122444.0,122459.0
results/GeneratedSparse/10_cells_10000_features/0.95/sparse_arrayfirecuda_pearson.csv,pearson,arrayfirecuda,0.95,10,10000,10_10000,100000,1.0,4.0,1.0,3.0542378954931615,3.107972707737791,3.046436630136641,3.062288595370655,1112.85,1154.22,1282.25,1133.0208333333333,10.450785025005965,pearson_arrayfirecuda,1282.25,1139.69,1126.73,1137.45,1134.5,1134.67,1133.7,1136.67,1122.2,1154.22,1133.8,1138.25,1133.18,1112.85,1133.01,1112.99,1145.47,1150.26,1135.46,1125.88,1149.02,1131.54,1129.62,1123.16,1118.18
results/GeneratedSparse/10_cells_10000_features/0.95/sparse_raft_cosine.csv,cosine,raft,0.95,10,10000,10_10000,100000,1.0,4.0,1.0,3.5680936820152525,5.866068159592249,3.543137937409542,3.589678662799572,3492.512244620868,3887.573945282396,734629.1542053223,3699.0796432203847,109.49212853638416,cosine_raft,1465501.5468597412,3756.76155090332,3659.486770629883,3617.525100708008,3855.7052612304688,3880.94802803192,3492.512244620868,3673.749432470883,3868.4952982795207,3761.63094354976,3536.9737755251267,3598.2821210311213,3846.0376177721487,3726.0060015481713,3887.573945282396,3624.4466527993854,3631.899253527844,3607.6165619192425,3679.1690546206305,3653.2246561930415,3595.786556151571,3725.6967438992974,3747.847332775896,3754.37783585732,3596.158697961415
results/GeneratedSparse/10_cells_10000_features/0.95/sparse_raft_euclidean.csv,euclidean,raft,0.95,10,10000,10_10000,100000,1.0,4.0,1.0,3.5754069156573185,5.877099050548756,3.5653243120894986,3.5848936813417205,3675.566732588264,3844.9764251708975,753527.4028778076,3761.897131470378,43.0322587035089,euclidean_raft,1503209.8293304443,3844.9764251708975,3763.437271118164,3704.071044921875,3750.085830688477,3753.1477036012825,3703.6965666498313,3733.2117684130208,3750.5419073614735,3770.468365354776,3695.2529378269032,3815.3404738811687,3761.4575296680982,3781.18817367762,3764.8554679337926,3835.601727094954,3817.7833458190967,3760.088559895871,3720.62738678971,3808.5259510803257,3792.771947877876,3771.8041006015246,3734.7218381875937,3675.566732588264,3776.3080990864873
results/GeneratedSparse/10_cells_10000_features/0.95/sparse_raft_manhattan.csv,manhattan,raft,0.95,10,10000,10_10000,100000,1.0,4.0,1.0,3.5633097495720047,5.8878775321878605,3.552043574089092,3.5721081399748793,3564.8689904912526,3733.431092147309,772462.7256393433,3658.556358751333,46.9237557217555,manhattan_raft,1541206.5982818604,3718.852996826172,3659.725189208984,3629.922866821289,3620.8629608154297,3659.5477676797886,3683.955943195971,3564.8689904912526,3643.3563621801673,3733.431092147309,3638.293739851357,3704.1426389644657,3728.482984187333,3718.9918369751936,3650.224043774737,3722.6523238912114,3600.6073597820127,3608.6574722392584,3654.9943589985032,3594.301106070427,3669.9851495584567,3695.8627457961575,3613.1216296376815,3681.082791387065,3609.428259551769
results/GeneratedSparse/10_cells_10000_features/0.95/sparse_raft_pearson.csv,pearson,raft,0.95,10,10000,10_10000,100000,1.0,4.0,1.0,3.633072599496454,5.643251717232349,3.6240256124039414,3.6438609755484284,4207.514413594206,4404.138575792871,439796.44775390625,4296.082368757859,51.62099005364111,pearson_raft,875200.9868621826,4391.908645629883,4297.018051147461,4258.632659912109,4290.81916809082,4287.523924706114,4297.385534809195,4207.514413594206,4302.093859251263,4259.698852384977,4289.357598978582,4339.587875713072,4335.050642730703,4207.783300579596,4341.43603391631,4292.981246553692,4327.025407596371,4267.659582597846,4404.138575792871,4211.071648870634,4306.914667228923,4362.909136436491,4244.341155742614,4254.337823444139,4328.787044480738
results/GeneratedSparse/10_cells_10000_features/0.99/sparse_CPU_cosine.csv,cosine,CPU,0.99,10,10000,10_10000,100000,1.0,4.0,1.0,4.018832616848646,3.3663762563837425,2.9662590937671496,4.285652933274819,925.25,19304.25,2324.75,10443.176470588236,5755.127387027758,cosine_CPU,2324.75,925.25,11504.75,13683.0,3224.5,1031.0,19304.25,6375.5,13046.75,11848.0,,14590.25,,,10386.0,19153.5,15088.0,16998.0,,,6967.0,9760.25,,3648.0,
results/GeneratedSparse/10_cells_10000_features/0.99/sparse_CPU_euclidean.csv,euclidean,CPU,0.99,10,10000,10_10000,100000,1.0,4.0,1.0,2.9323257613956972,3.9149642669868796,2.7989957344438814,3.0117818305481068,629.5,1027.5,8221.75,855.7083333333334,103.50409278005493,euclidean_CPU,8221.75,753.75,919.0,934.25,782.75,779.0,982.25,629.5,854.25,1027.5,766.25,781.5,953.75,806.5,910.5,767.0,908.75,963.75,978.25,986.0,753.25,972.5,809.25,740.75,776.75
results/GeneratedSparse/10_cells_10000_features/0.99/sparse_CPU_kendall.csv,kendall,CPU,0.99,10,10000,10_10000,100000,1.0,4.0,1.0,3.1915907263792107,4.4204838464200416,0.9030899869919435,3.4766505140003137,8.0,2996.75,26332.0,1554.5,819.4240147256431,kendall_CPU,26332.0,2006.75,776.5,624.0,8.0,2996.75,2537.75,1569.25,,,2316.0,1018.5,2780.75,2332.25,1805.0,1566.0,2361.75,1507.25,1314.5,1152.25,619.75,1417.0,243.5,872.75,2372.75
results/GeneratedSparse/10_cells_10000_features/0.99/sparse_CPU_manhattan.csv,manhattan,CPU,0.99,10,10000,10_10000,100000,1.0,4.0,1.0,2.703873272383992,3.323870606540509,2.657294935980072,2.7481880270062002,454.25,560.0,2108.0,505.6770833333333,28.93126545209736,manhattan_CPU,2108.0,536.75,489.5,516.0,499.25,560.0,516.0,489.25,473.75,548.5,463.5,515.5,516.75,481.75,454.25,522.75,486.75,495.0,558.75,523.75,504.0,478.0,460.5,522.5,523.5
results/GeneratedSparse/10_cells_10000_features/0.99/sparse_CPU_pearson.csv,pearson,CPU,0.99,10,10000,10_10000,100000,1.0,4.0,1.0,2.8733872137205867,3.381250494466153,2.805160901599434,2.9407654356312176,638.5,872.5,2405.75,747.1145833333334,57.70565483404888,pearson_CPU,2405.75,799.25,715.0,638.5,787.25,723.25,713.75,872.5,729.75,733.5,714.75,762.5,656.0,801.75,763.0,732.0,652.5,747.25,747.0,737.75,725.5,834.5,816.25,695.25,832.0
results/GeneratedSparse/10_cells_10000_features/0.99/sparse_CPU_spearman.csv,spearman,CPU,0.99,10,10000,10_10000,100000,1.0,4.0,1.0,2.8200029373795346,3.3658622154025553,2.2115209972402297,3.0678145111618402,162.75,1169.0,2322.0,660.6979166666666,260.8496831187643,spearman_CPU,2322.0,943.0,534.5,949.25,357.0,484.5,590.25,651.0,690.0,1169.0,212.5,1161.0,832.75,783.75,633.0,464.75,1078.75,566.0,588.25,398.0,621.0,769.0,550.25,666.5,162.75
results/GeneratedSparse/10_cells_10000_features/0.99/sparse_GPU_cosine.csv,cosine,GPU,0.99,10,10000,10_10000,100000,1.0,4.0,1.0,3.004061507685089,6.037195343958876,2.756636108245848,3.161966616364075,571.0,1452.0,1089420.0,1009.3958333333334,261.4732490765334,cosine_GPU,1089420.0,1192.0,820.75,631.25,607.75,1075.0,629.25,1090.25,1241.0,571.0,1194.0,1247.75,1170.0,694.75,1452.0,908.0,1322.5,1370.75,1294.0,1054.75,1064.5,975.5,662.75,1035.25,920.75
results/GeneratedSparse/10_cells_10000_features/0.99/sparse_GPU_euclidean.csv,euclidean,GPU,0.99,10,10000,10_10000,100000,1.0,4.0,1.0,3.6027626834910986,6.115759660391135,2.9486574321413204,3.9041202134761996,888.5,8019.0,1305448.25,4006.4772727272725,2153.452980243552,euclidean_GPU,1305448.25,888.5,4246.75,7610.5,4467.5,6900.5,3892.75,2104.75,,,1671.25,4437.0,3275.0,4953.75,3352.75,7995.0,3853.75,1060.25,2686.5,2926.25,8019.0,2415.5,2453.25,2169.25,6762.75
results/GeneratedSparse/10_cells_10000_features/0.99/sparse_GPU_kendall.csv,kendall,GPU,0.99,10,10000,10_10000,100000,1.0,4.0,1.0,2.9848319252025535,5.4627520281974915,2.9458377262351347,3.031206419827462,882.75,1074.5,290236.5,965.6770833333334,54.08382186316338,kendall_GPU,290236.5,1018.75,909.25,882.75,1000.75,1074.5,986.5,903.25,917.5,992.75,1023.25,919.5,1001.5,947.0,954.0,906.75,964.5,897.0,918.5,998.25,1043.5,1062.25,976.5,963.75,914.0
results/GeneratedSparse/10_cells_10000_features/0.99/sparse_GPU_manhattan.csv,manhattan,GPU,0.99,10,10000,10_10000,100000,1.0,4.0,1.0,2.9313731054926975,5.477774015195565,2.8422971343280654,2.9903388547876015,695.5,978.0,300451.25,853.8333333333334,70.92215019927758,manhattan_GPU,300451.25,887.25,791.5,820.0,950.75,795.0,840.0,917.0,978.0,871.75,786.75,819.0,969.5,867.75,883.25,774.25,860.0,843.25,884.75,961.75,810.5,695.5,867.75,883.5,733.25
results/GeneratedSparse/10_cells_10000_features/0.99/sparse_GPU_pearson.csv,pearson,GPU,0.99,10,10000,10_10000,100000,1.0,4.0,1.0,3.8160786656485355,6.051067199328258,2.9438653380278805,4.099775567922098,878.75,12582.75,1124779.0,6547.547619047619,3704.468067671672,pearson_GPU,1124779.0,972.75,8081.25,8237.75,12582.75,,1912.5,6329.0,,9745.5,4422.75,7390.0,7974.75,5617.0,3549.5,1113.75,12129.25,11136.25,9016.0,5612.75,,4597.0,3790.5,12408.75,878.75
results/GeneratedSparse/10_cells_10000_features/0.99/sparse_GPU_spearman.csv,spearman,GPU,0.99,10,10000,10_10000,100000,1.0,4.0,1.0,2.935229025036465,5.473507042034761,2.8283376000590046,3.004428859114686,673.5,1010.25,297513.75,861.4479166666666,83.36344182649684,spearman_GPU,297513.75,928.75,822.25,875.5,766.25,673.5,838.0,887.0,901.75,778.0,838.0,872.25,915.75,735.0,743.0,807.5,812.0,896.75,1004.75,1010.25,940.5,889.25,973.25,921.5,844.0
results/GeneratedSparse/10_cells_10000_features/0.99/sparse_armadillo_cosine.csv,cosine,armadillo,0.99,10,10000,10_10000,100000,1.0,4.0,1.0,2.0296045893735086,2.0200545160125687,1.961202705328421,2.085640156966026,91.454,121.798,104.726,107.05441666666667,8.36479981288986,cosine_armadillo,104.726,116.307,100.949,102.983,106.51,120.793,114.191,107.952,120.583,103.743,103.232,93.708,113.419,98.749,110.942,107.78,115.361,108.91,91.454,108.358,121.798,96.558,106.85,96.336,101.84
results/GeneratedSparse/10_cells_10000_features/0.99/sparse_armadillo_euclidean.csv,euclidean,armadillo,0.99,10,10000,10_10000,100000,1.0,4.0,1.0,2.2789857340672635,2.211160603476786,2.2008723763552016,2.3396879034351663,158.808,218.619,162.615,190.10158333333334,17.815873872094766,euclidean_armadillo,162.615,180.368,184.696,218.619,183.444,179.2,218.281,201.792,162.146,200.004,173.051,177.84,176.107,215.475,189.615,201.398,202.95,190.37,197.839,161.015,216.188,207.36,173.796,192.076,158.808
results/GeneratedSparse/10_cells_10000_features/0.99/sparse_armadillo_manhattan.csv,manhattan,armadillo,0.99,10,10000,10_10000,100000,1.0,4.0,1.0,3.334112816833123,3.2942324819756292,3.308756442370633,3.3580053188957852,2035.9,2280.37,1968.94,2158.305,61.46255086093756,manhattan_armadillo,1968.94,2092.25,2243.89,2106.93,2149.7,2070.22,2280.37,2092.58,2109.66,2245.02,2220.64,2204.01,2155.88,2152.43,2148.36,2150.93,2246.13,2161.23,2102.22,2209.82,2108.35,2153.07,2035.9,2205.09,2154.64
results/GeneratedSparse/10_cells_10000_features/0.99/sparse_armadillo_pearson.csv,pearson,armadillo,0.99,10,10000,10_10000,100000,1.0,4.0,1.0,2.1590423041767943,2.1637664599904727,2.104879574379937,2.204081980226128,127.315,159.986,145.803,144.22558333333333,8.718792428411298,pearson_armadillo,145.803,156.813,140.142,141.195,139.21,127.315,128.133,148.677,139.871,137.81,149.289,151.625,146.861,142.426,159.986,150.325,150.925,150.544,138.328,144.364,129.394,159.175,146.556,137.523,144.927
results/GeneratedSparse/10_cells_10000_features/0.99/sparse_armadillo_spearman.csv,spearman,armadillo,0.99,10,10000,10_10000,100000,1.0,4.0,1.0,3.359588948680013,3.351359474498241,3.3563987693967996,3.3622713080486277,2271.95,2302.88,2245.74,2288.7004166666666,7.262689744604922,spearman_armadillo,2245.74,2300.69,2282.32,2287.84,2288.64,2296.01,2284.42,2289.61,2284.14,2289.9,2283.13,2282.37,2302.88,2284.83,2301.11,2283.22,2288.19,2286.26,2279.1,2293.68,2271.95,2287.54,2291.45,2298.54,2290.99
results/GeneratedSparse/10_cells_10000_features/0.99/sparse_arrayfirecuda_cosine.csv,cosine,arrayfirecuda,0.99,10,10000,10_10000,100000,1.0,4.0,1.0,3.073147314589088,3.0991832307294582,3.0669405853794127,3.0774551188493273,1166.65,1195.24,1256.56,1183.4429166666666,8.397845695557198,cosine_arrayfirecuda,1256.56,1189.61,1178.57,1189.34,1191.42,1177.2,1187.66,1166.65,1178.16,1170.57,1175.29,1192.49,1190.6,1189.32,1175.61,1195.07,1185.35,1168.19,1187.17,1188.35,1188.58,1187.43,1195.24,1181.86,1172.9
results/GeneratedSparse/10_cells_10000_features/0.99/sparse_arrayfirecuda_euclidean.csv,euclidean,arrayfirecuda,0.99,10,10000,10_10000,100000,1.0,4.0,1.0,3.0576326685394415,3.0677996505318226,3.050913111955958,3.0670299180465403,1124.38,1166.89,1168.96,1141.9120833333334,10.59533229743436,euclidean_arrayfirecuda,1168.96,1143.93,1129.67,1138.75,1132.28,1139.45,1141.64,1150.19,1134.29,1136.53,1136.52,1155.75,1166.89,1124.38,1155.05,1132.1,1129.87,1134.92,1150.5,1141.69,1127.83,1157.82,1149.55,1148.09,1148.2
results/GeneratedSparse/10_cells_10000_features/0.99/sparse_arrayfirecuda_manhattan.csv,manhattan,arrayfirecuda,0.99,10,10000,10_10000,100000,1.0,4.0,1.0,5.071509968012105,5.070901899377557,5.068701512193771,5.07505399469838,117139.0,118865.0,117734.0,117898.95833333333,383.2973692368484,manhattan_arrayfirecuda,117734.0,117722.0,118197.0,117893.0,118275.0,117679.0,117904.0,117852.0,117919.0,118038.0,117798.0,117870.0,117983.0,117613.0,117553.0,117500.0,118299.0,117843.0,118449.0,117139.0,117337.0,118367.0,117384.0,118096.0,118865.0
results/GeneratedSparse/10_cells_10000_features/0.99/sparse_arrayfirecuda_pearson.csv,pearson,arrayfirecuda,0.99,10,10000,10_10000,100000,1.0,4.0,1.0,3.085956645593118,3.106924870335672,3.0802945071431473,3.0908080695595483,1203.08,1232.56,1279.16,1218.8679166666668,7.923464614236348,pearson_arrayfirecuda,1279.16,1224.5,1212.45,1212.31,1227.86,1203.08,1225.74,1225.4,1227.44,1214.66,1218.75,1207.27,1219.35,1208.75,1232.56,1228.78,1223.98,1218.7,1206.3,1220.54,1216.35,1214.22,1216.01,1217.48,1230.35
results/GeneratedSparse/10_cells_10000_features/0.99/sparse_raft_cosine.csv,cosine,raft,0.99,10,10000,10_10000,100000,1.0,4.0,1.0,3.548040317064626,5.858910413498826,3.5418416567019824,3.553597687532048,3482.1033477783203,3577.648649568362,722620.7256317139,3532.1595853378385,24.42849942197893,cosine_raft,1441680.669784546,3560.781478881836,3524.303436279297,3482.1033477783203,3524.0650177001958,3482.649212115219,3542.6979570703056,3502.589182640163,3550.8507195939283,3541.794512242312,3524.5822669076983,3529.5674922692046,3485.7247822914837,3535.7372791789403,3546.351087988569,3519.273579139408,3557.6988908289586,3525.736264834592,3538.364238660092,3524.1656743392737,3549.9665664974195,3537.539347980336,3564.7954817381697,3542.843581584032,3577.648649568362
results/GeneratedSparse/10_cells_10000_features/0.99/sparse_raft_euclidean.csv,euclidean,raft,0.99,10,10000,10_10000,100000,1.0,4.0,1.0,3.5556758844691068,5.8507423880261396,3.549746304642175,3.564249638331264,3546.061836912732,3666.482684617476,709156.9900512695,3594.8095309517626,31.279916404384803,euclidean_raft,1414683.5803985596,3630.399703979492,3594.636917114258,3557.2052001953125,3564.3577575683594,3601.8222691915607,3590.3062599048244,3605.1691671807534,3619.465495037728,3548.50372465641,3666.482684617476,3570.536914156772,3663.553165773036,3598.156026559903,3597.9733901784766,3581.7833398255752,3598.961837034343,3546.061836912732,3619.326131524053,3585.3830821689157,3572.360187600638,3554.1906186729766,3620.581895844745,3579.9628924750587,3608.2482446689055
results/GeneratedSparse/10_cells_10000_features/0.99/sparse_raft_manhattan.csv,manhattan,raft,0.99,10,10000,10_10000,100000,1.0,4.0,1.0,3.5459581255646797,5.866792516760641,3.538966811073788,3.5543478306751712,3459.129420359621,3583.833549047996,735855.4601669312,3515.2654489791385,34.38255490902503,manhattan_raft,1468138.2179260254,3572.702407836914,3515.958786010742,3473.7586975097656,3501.415252685547,3489.233596298535,3517.1892321725336,3551.778688057632,3510.4462545229635,3520.2850940785097,3487.6445194769744,3488.4949211242,3500.569625373093,3574.7750903936817,3476.060168179088,3537.094578052348,3459.129420359621,3504.769253419734,3494.535379017198,3491.160258040656,3583.833549047996,3568.5564836579183,3518.3680212694494,3546.0784515271225,3482.533047387108
results/GeneratedSparse/10_cells_10000_features/0.99/sparse_raft_pearson.csv,pearson,raft,0.99,10,10000,10_10000,100000,1.0,4.0,1.0,3.6364212570533923,5.64931974847294,3.6221080128312537,3.649551711070734,4188.977356892941,4462.227527776334,445984.48276519775,4329.335644259275,71.20237525255548,pearson_raft,887550.3540039062,4418.611526489258,4301.548004150391,4306.316375732422,4267.215728759766,4323.96031253404,4430.552910160309,4344.002308122699,4357.893401858702,4301.126028965105,4200.068201217737,4346.130450741231,4316.137162041184,4217.280502129275,4303.203421252567,4188.977356892941,4323.403096129202,4276.76809653712,4307.768018378819,4304.581052687105,4462.227527776334,4422.515415290073,4441.711876885286,4368.47178460248,4373.584902888546
results/GeneratedSparse/10_cells_1000_features/0.5/sparse_CPU_cosine.csv,cosine,CPU,0.5,10,1000,10_1000,10000,1.0,3.0,1.0,3.4779992958336794,3.9803556665864877,2.041392685158225,3.91637497873756,110.0,8248.5,9557.75,3006.0714285714284,2090.7086192514357,cosine_CPU,9557.75,1362.75,1264.0,1181.0,6058.75,5151.75,,5537.5,8248.5,2485.75,,3595.25,3639.25,429.25,1653.0,110.0,2115.25,1681.75,1097.75,6122.25,3216.5,1973.0,,3155.5,3048.75
results/GeneratedSparse/10_cells_1000_features/0.5/sparse_CPU_euclidean.csv,euclidean,CPU,0.5,10,1000,10_1000,10000,1.0,3.0,1.0,3.6023360582093815,3.9744656357372423,2.361255520058149,4.082543031000409,229.75,12093.25,9429.0,4002.5434782608695,2782.2962283799807,euclidean_CPU,9429.0,1338.0,6623.25,5516.75,1205.25,1040.75,2791.25,2861.0,2011.25,2556.5,4315.75,2234.0,5318.0,9734.5,4055.75,2954.0,2321.0,3086.5,7162.5,,5168.75,2583.75,12093.25,4857.0,229.75
results/GeneratedSparse/10_cells_1000_features/0.5/sparse_CPU_kendall.csv,kendall,CPU,0.5,10,1000,10_1000,10000,1.0,3.0,1.0,3.7925463501788728,4.442898966592462,3.1489109931093564,3.9734049744100606,1409.0,9406.0,27726.75,6202.208333333333,2054.8140600016723,kendall_CPU,27726.75,7281.25,7003.25,6649.25,2304.0,7234.0,2942.0,9406.0,6217.25,6672.75,8644.5,6381.5,8881.5,8342.0,5409.75,4529.5,5779.25,6707.5,4850.0,1409.0,7616.75,8710.0,4654.5,4172.0,7055.5
results/GeneratedSparse/10_cells_1000_features/0.5/sparse_CPU_manhattan.csv,manhattan,CPU,0.5,10,1000,10_1000,10000,1.0,3.0,1.0,3.4914877610298274,3.9722259877877693,2.5499224041295117,3.916480268630046,354.75,8250.5,9380.5,3100.9,2313.383048156963,manhattan_CPU,9380.5,1226.0,4577.25,1100.0,5447.25,,3650.5,,3074.25,1177.0,,,1050.25,5121.5,7308.0,8250.5,4661.0,3715.0,632.25,428.0,4070.75,1017.0,860.75,4296.0,354.75
results/GeneratedSparse/10_cells_1000_features/0.5/sparse_CPU_pearson.csv,pearson,CPU,0.5,10,1000,10_1000,10000,1.0,3.0,1.0,3.904143060859318,4.034297496804604,3.073535065058784,4.271905468676443,1184.5,18702.75,10821.75,8019.421875,5115.34403299795,pearson_CPU,10821.75,18702.75,1278.0,1184.5,1206.5,11183.75,5911.25,,14160.0,5291.5,7482.75,,5265.0,,12438.5,,,,12558.75,3043.75,5505.25,10466.75,,,12631.75
results/GeneratedSparse/10_cells_1000_features/0.5/sparse_CPU_spearman.csv,spearman,CPU,0.5,10,1000,10_1000,10000,1.0,3.0,1.0,3.5012418923642206,3.9909268412246224,2.5722906061514177,4.008706603445309,373.5,10202.5,9793.25,3171.3333333333335,2677.5413621514317,spearman_CPU,9793.25,1452.0,7050.25,1454.5,1133.0,3454.75,781.0,1709.75,2620.5,1990.5,4156.75,2364.0,373.5,,,439.0,4180.75,5574.25,2870.75,10202.5,1046.0,9203.5,2439.0,,2101.75
results/GeneratedSparse/10_cells_1000_features/0.5/sparse_GPU_cosine.csv,cosine,GPU,0.5,10,1000,10_1000,10000,1.0,3.0,1.0,3.9331402113475513,6.046705822148919,3.516237810004814,4.134384320553547,3282.75,13626.5,1113540.0,8573.145833333334,2879.9405845258866,cosine_GPU,1113540.0,10186.75,5586.75,12439.75,13626.5,10632.0,5661.75,10050.5,6798.5,12612.5,7556.5,10314.5,3386.75,7007.75,6480.5,9103.0,3282.75,7413.5,10641.75,5501.0,12627.25,8044.5,9467.75,11314.75,6018.25
results/GeneratedSparse/10_cells_1000_features/0.5/sparse_GPU_euclidean.csv,euclidean,GPU,0.5,10,1000,10_1000,10000,1.0,3.0,1.0,3.0171029321972394,6.072678280864454,2.5982431916536224,3.1502189941321563,396.5,1413.25,1182165.5,1040.1666666666667,278.10199030911105,euclidean_GPU,1182165.5,838.75,1193.0,731.75,633.75,723.0,920.5,396.5,1339.0,1140.75,764.0,1027.75,1213.5,1029.5,1410.25,1410.5,1251.5,1220.5,1413.25,1076.5,1035.25,1350.0,792.75,1297.25,754.5
results/GeneratedSparse/10_cells_1000_features/0.5/sparse_GPU_kendall.csv,kendall,GPU,0.5,10,1000,10_1000,10000,1.0,3.0,1.0,3.2621469177698574,5.461366447563296,3.222781480425738,3.298689366733117,1670.25,1989.25,289312.0,1828.71875,67.68729080069241,kendall_GPU,289312.0,1872.0,1774.75,1971.5,1828.75,1989.25,1782.0,1805.25,1806.75,1880.0,1882.25,1670.25,1824.25,1779.5,1871.5,1894.5,1803.5,1873.75,1788.75,1836.0,1765.25,1826.5,1833.75,1763.5,1765.75
results/GeneratedSparse/10_cells_1000_features/0.5/sparse_GPU_manhattan.csv,manhattan,GPU,0.5,10,1000,10_1000,10000,1.0,3.0,1.0,2.9964751875503093,5.487771672232549,2.930949031167523,3.049024097915049,853.0,1119.5,307448.0,991.9166666666666,59.32167195796903,manhattan_GPU,307448.0,1059.75,953.75,853.0,927.75,1018.25,938.0,943.75,1119.5,1056.75,1003.25,964.25,998.0,906.75,1029.75,1056.5,991.25,937.5,1031.75,1008.0,1013.0,932.0,981.0,1063.25,1019.25
results/GeneratedSparse/10_cells_1000_features/0.5/sparse_GPU_pearson.csv,pearson,GPU,0.5,10,1000,10_1000,10000,1.0,3.0,1.0,3.4977841471725117,6.046294261553127,2.8843704875264713,3.810618908484714,766.25,6465.75,1112485.25,3146.184210526316,1804.8263800485388,pearson_GPU,1112485.25,4198.0,766.25,6139.75,4026.5,6008.0,,2195.25,2447.25,4065.75,1655.5,1617.0,6465.75,,3236.5,,1670.0,,997.5,1342.25,5224.25,4193.25,,1968.75,1560.0
results/GeneratedSparse/10_cells_1000_features/0.5/sparse_GPU_spearman.csv,spearman,GPU,0.5,10,1000,10_1000,10000,1.0,3.0,1.0,3.045408557667769,5.47142263991064,2.973243342094437,3.0921941206973163,940.25,1236.5,296089.25,1110.21875,78.26285545692052,spearman_GPU,296089.25,1158.0,1055.5,1067.25,1136.5,1208.5,1045.75,1010.75,1170.75,1089.5,1190.25,995.25,1177.0,1233.0,1031.5,1064.25,1006.0,1129.5,1098.25,1172.25,1123.75,1159.5,1236.5,1145.5,940.25
results/GeneratedSparse/10_cells_1000_features/0.5/sparse_armadillo_cosine.csv,cosine,armadillo,0.5,10,1000,10_1000,10000,1.0,3.0,1.0,2.4184676423136904,2.540517169592572,2.1252925424547446,2.5580518336701754,133.442,361.453,347.15,262.10037500000004,61.988541417488676,cosine_armadillo,347.15,329.838,309.65,225.052,215.914,302.06,300.553,177.092,300.225,192.994,235.425,221.787,245.569,210.622,357.857,257.394,296.909,182.175,277.479,358.495,204.079,269.735,133.442,361.453,324.61
results/GeneratedSparse/10_cells_1000_features/0.5/sparse_armadillo_euclidean.csv,euclidean,armadillo,0.5,10,1000,10_1000,10000,1.0,3.0,1.0,2.3599609481372346,2.4345353726510957,2.3234212460765997,2.389323819834271,210.582,245.089,271.979,229.06616666666665,7.26460831512768,euclidean_armadillo,271.979,219.341,236.863,232.665,226.885,228.47,220.444,225.478,210.582,234.988,232.916,235.929,228.369,232.08,232.065,229.988,227.032,216.831,245.089,229.853,224.822,229.295,237.517,234.802,225.284
results/GeneratedSparse/10_cells_1000_features/0.5/sparse_armadillo_manhattan.csv,manhattan,armadillo,0.5,10,1000,10_1000,10000,1.0,3.0,1.0,2.312731335145175,2.3016245719123916,2.284617947731168,2.3376529034690328,192.583,217.597,200.274,205.46191666666664,5.482018096442426,manhattan_armadillo,200.274,201.376,217.597,212.778,204.583,205.665,200.708,206.245,210.887,206.089,207.584,209.914,201.022,205.151,193.658,207.713,206.039,203.677,199.465,208.563,192.583,210.187,207.07,203.086,209.446
results/GeneratedSparse/10_cells_1000_features/0.5/sparse_armadillo_pearson.csv,pearson,armadillo,0.5,10,1000,10_1000,10000,1.0,3.0,1.0,2.3568347024055227,2.344912722065505,2.3127420798921468,2.390850358448236,205.467,245.952,221.265,227.42316666666667,8.642197698245251,pearson_armadillo,221.265,219.441,240.901,234.369,228.828,229.96,218.817,239.82,230.713,226.2,221.962,218.685,245.952,219.056,239.625,228.588,223.46,230.048,231.668,205.467,228.245,223.328,226.902,222.013,224.108
results/GeneratedSparse/10_cells_1000_features/0.5/sparse_armadillo_spearman.csv,spearman,armadillo,0.5,10,1000,10_1000,10000,1.0,3.0,1.0,2.6202636167513518,2.5958576160632116,2.59693560341633,2.645276825125574,395.308,441.852,394.328,417.1225,11.829791964217572,spearman_armadillo,394.328,409.206,433.251,411.58,413.774,411.209,404.367,432.455,416.63,418.848,406.802,395.308,404.143,429.675,412.174,430.479,427.263,420.708,403.477,435.889,420.409,405.459,441.852,413.154,412.828
results/GeneratedSparse/10_cells_1000_features/0.5/sparse_arrayfirecuda_cosine.csv,cosine,arrayfirecuda,0.5,10,1000,10_1000,10000,1.0,3.0,1.0,3.0188034442076837,3.049605612594973,3.0185091006907228,3.0191536921890028,1043.54,1045.09,1121.0,1044.2475,0.4440931771599208,cosine_arrayfirecuda,1121.0,1043.7,1044.46,1044.47,1043.79,1043.76,1043.57,1044.81,1044.38,1043.88,1043.91,1044.28,1044.41,1044.38,1044.39,1044.68,1044.1,1044.43,1043.82,1045.06,1043.91,1045.09,1043.54,1044.26,1044.86
results/GeneratedSparse/10_cells_1000_features/0.5/sparse_arrayfirecuda_euclidean.csv,euclidean,arrayfirecuda,0.5,10,1000,10_1000,10000,1.0,3.0,1.0,3.013309035186671,3.016774355768344,3.0005772278894165,3.0250968619762006,1001.33,1059.49,1039.38,1031.1195833333334,14.884625591295725,euclidean_arrayfirecuda,1039.38,1039.53,1020.27,1035.62,1059.49,1056.76,1025.52,1038.17,1043.91,1033.13,1010.01,1052.47,1048.14,1036.28,1046.82,1001.33,1016.75,1019.34,1024.69,1030.54,1034.01,1017.61,1018.61,1016.23,1021.64
results/GeneratedSparse/10_cells_1000_features/0.5/sparse_arrayfirecuda_manhattan.csv,manhattan,arrayfirecuda,0.5,10,1000,10_1000,10000,1.0,3.0,1.0,4.116290124738605,4.1142472520916495,4.109531301733688,4.121477770204095,12868.6,13227.5,13009.1,13070.4375,93.39899541081783,manhattan_arrayfirecuda,13009.1,12985.2,13148.4,13156.7,12968.1,13175.8,12959.2,13080.0,13121.9,13060.2,13016.1,12982.3,13114.3,12937.2,13100.9,13152.0,13009.3,13161.5,13160.8,13131.5,13179.1,13027.5,12966.4,13227.5,12868.6
results/GeneratedSparse/10_cells_1000_features/0.5/sparse_arrayfirecuda_pearson.csv,pearson,arrayfirecuda,0.5,10,1000,10_1000,10000,1.0,3.0,1.0,3.0316568500516405,3.0649967790592227,3.0279649319133974,3.0382822901072783,1066.51,1092.15,1161.44,1075.615,6.80313714399469,pearson_arrayfirecuda,1161.44,1080.7,1066.51,1067.29,1077.49,1079.83,1082.0,1080.76,1075.13,1088.47,1068.3,1068.81,1071.81,1077.2,1074.58,1071.84,1068.92,1080.21,1067.38,1070.57,1076.84,1068.51,1075.98,1083.48,1092.15
results/GeneratedSparse/10_cells_1000_features/0.5/sparse_raft_cosine.csv,cosine,raft,0.5,10,1000,10_1000,10000,1.0,3.0,1.0,3.562294529120079,5.881943740624785,3.5482757802901563,3.572909785772246,3534.075150066067,3740.328838708255,761980.2951812744,3650.013990584852,50.20952792324158,cosine_raft,1520249.366760254,3711.223602294922,3623.96240234375,3604.888916015625,3711.223602294922,3661.501114696745,3664.003274049822,3616.487211826075,3717.98198101259,3668.460308184193,3649.625738006709,3603.956797077651,3615.874557353206,3740.328838708255,3663.39097945777,3553.760619795738,3634.092034741775,3641.496045963023,3610.455509505307,3534.075150066067,3674.552067410179,3635.613601816898,3678.941145932578,3727.256077935072,3657.184197547566
results/GeneratedSparse/10_cells_1000_features/0.5/sparse_raft_euclidean.csv,euclidean,raft,0.5,10,1000,10_1000,10000,1.0,3.0,1.0,3.5636151364837154,5.87609161328326,3.556979338697456,3.5718964660679555,3605.614891144839,3731.611871728815,751781.4636230469,3661.12988475458,36.2325924192986,euclidean_raft,1499843.5974121094,3719.329833984375,3664.016723632813,3616.5714263916016,3683.328628540039,3678.3112310361994,3628.458634756815,3703.221815858572,3730.681932635748,3611.3912833071504,3640.8125611902874,3681.380951970916,3614.931992894152,3655.8072285557714,3613.369173459583,3673.1698561998983,3605.614891144839,3731.611871728815,3656.332175140161,3635.7916695197114,3679.7706920367673,3653.92999341764,3682.2786889338777,3660.51998243702,3646.4839953371616
results/GeneratedSparse/10_cells_1000_features/0.5/sparse_raft_manhattan.csv,manhattan,raft,0.5,10,1000,10_1000,10000,1.0,3.0,1.0,3.5969976797104066,5.895818500631709,3.5715040265444205,3.632544848627778,3728.2414155148026,4290.864977618328,786716.9380187988,3953.6450776267216,138.9885603919502,manhattan_raft,1569690.227508545,3743.6485290527344,4056.692123413086,3988.2659912109375,3922.462463378906,3965.315320994632,3922.4475520122696,3861.8811020216376,3790.5065075703487,3728.2414155148026,3901.6138029671456,3942.525993481568,3968.4130000800897,4247.728201728409,3968.388832668041,3856.809509531024,3939.5090400776976,3829.234394771024,4067.962017031057,3845.081653153065,4190.937889552712,4290.864977618328,3871.9361614865834,4004.64822954994,3982.367154175272
results/GeneratedSparse/10_cells_1000_features/0.5/sparse_raft_pearson.csv,pearson,raft,0.5,10,1000,10_1000,10000,1.0,3.0,1.0,3.152066650273183,5.6760563147432785,3.139553117615689,3.1623850537239577,1378.9646008232287,1453.399658203125,474303.48396301275,1419.2753182150384,18.04868686758679,pearson_raft,947153.5682678224,1453.399658203125,1404.7622680664062,1400.9475708007812,1415.0142669677734,1425.2285940455622,1439.6124199521414,1417.9559579261345,1425.0741132859105,1418.1273491405316,1400.3326527304537,1445.0594434360498,1400.9872969113078,1445.8100200226404,1434.231026592293,1378.9646008232287,1405.366549275393,1431.280296671778,1434.8584041281513,1428.904442428214,1414.9720053793087,1422.710255095741,1391.1122683119083,1422.2866176852726,1405.6095592808183
results/GeneratedSparse/10_cells_1000_features/0.75/sparse_CPU_cosine.csv,cosine,CPU,0.75,10,1000,10_1000,10000,1.0,3.0,1.0,4.037671935034107,3.9738664498353784,3.0806264869218056,4.497258010975352,1204.0,31423.75,9416.0,10906.161764705883,8105.9081906443835,cosine_CPU,9416.0,1267.5,1204.0,23346.25,12064.5,,13234.5,5050.75,6061.25,,9998.25,31423.75,18998.75,,18624.0,2369.75,11940.5,9382.25,,3256.75,,,,11619.0,5563.0
results/GeneratedSparse/10_cells_1000_features/0.75/sparse_CPU_euclidean.csv,euclidean,CPU,0.75,10,1000,10_1000,10000,1.0,3.0,1.0,3.95554057872348,4.00274905093155,2.8488047010518036,4.448563334663064,706.0,28090.75,10063.5,9026.940476190477,7817.855968605567,euclidean_CPU,10063.5,18235.75,1172.75,1094.0,1140.0,24543.5,,7980.0,,16537.0,6524.25,12645.25,10592.5,744.0,13355.5,6867.25,706.0,4983.25,28090.75,13589.25,,6814.25,11361.25,1153.25,1436.0
results/GeneratedSparse/10_cells_1000_features/0.75/sparse_CPU_kendall.csv,kendall,CPU,0.75,10,1000,10_1000,10000,1.0,3.0,1.0,3.7447223376191,4.163370120225884,3.2098499890921364,3.9390947345045846,1621.25,8691.5,14567.0,5555.489583333333,2213.2390885108475,kendall_CPU,14567.0,6526.25,6407.0,6334.5,2219.0,7705.0,3974.5,6250.0,1621.25,5556.5,8604.0,2670.25,7680.75,7483.25,6075.5,7350.25,3071.5,2297.25,8691.5,7138.5,5067.25,8412.0,2006.5,4324.0,5865.25
results/GeneratedSparse/10_cells_1000_features/0.75/sparse_CPU_manhattan.csv,manhattan,CPU,0.75,10,1000,10_1000,10000,1.0,3.0,1.0,3.6734992413124967,3.9957448510763305,2.6216954623292787,3.9591368311703743,418.5,9102.0,9902.5,4715.190476190476,2222.333949692736,manhattan_CPU,9902.5,1251.0,6112.25,5879.75,1043.25,6076.75,3011.5,418.5,,7739.75,7755.5,5500.5,5744.0,3345.75,3885.0,2708.0,4720.25,6283.75,,9102.0,3528.25,5312.5,5683.5,,3917.25
results/GeneratedSparse/10_cells_1000_features/0.75/sparse_CPU_pearson.csv,pearson,CPU,0.75,10,1000,10_1000,10000,1.0,3.0,1.0,3.078033676343526,4.005277059339068,3.036728675829436,3.130655349022031,1088.25,1351.0,10122.25,1196.8333333333333,77.3734405694587,pearson_CPU,10122.25,1297.75,1223.0,1126.75,1127.5,1234.25,1097.5,1273.25,1351.0,1090.75,1237.0,1280.0,1255.75,1232.0,1121.5,1113.25,1088.25,1268.25,1144.75,1183.75,1172.25,1321.75,1210.25,1107.75,1165.75
results/GeneratedSparse/10_cells_1000_features/0.75/sparse_CPU_spearman.csv,spearman,CPU,0.75,10,1000,10_1000,10000,1.0,3.0,1.0,3.5816148323945134,4.06264778143788,2.6399842480415887,4.002910853579338,436.5,10067.25,11551.75,3816.056818181818,2893.344459047956,spearman_CPU,11551.75,1283.75,1159.25,1167.75,7214.5,1824.0,5939.0,6826.75,,6672.0,515.25,4996.75,,4576.0,2085.0,10067.25,3782.0,1146.5,1870.75,2494.0,2677.0,913.0,436.5,8345.75,7960.5
results/GeneratedSparse/10_cells_1000_features/0.75/sparse_GPU_cosine.csv,cosine,GPU,0.75,10,1000,10_1000,10000,1.0,3.0,1.0,2.867921482047237,6.02992012474991,2.7710359957507644,2.9573678084315276,590.25,906.5,1071322.25,737.7708333333334,80.59569611734172,cosine_GPU,1071322.25,801.5,688.0,836.0,765.75,906.5,690.5,705.0,788.5,716.5,653.25,705.25,691.5,790.5,804.0,708.0,745.0,816.0,630.25,590.25,609.5,732.75,836.25,648.25,847.5
results/GeneratedSparse/10_cells_1000_features/0.75/sparse_GPU_euclidean.csv,euclidean,GPU,0.75,10,1000,10_1000,10000,1.0,3.0,1.0,3.9400498839537375,6.096072146111677,3.324848110377473,4.193061955209621,2112.75,15597.75,1247590.75,8710.636363636364,3351.320388300904,euclidean_GPU,1247590.75,5840.5,10410.25,11674.5,9019.75,,4182.5,6945.25,3649.25,12485.0,,10367.0,6484.0,8298.25,11417.0,11968.0,12655.75,9872.25,6893.25,11419.0,5172.0,6132.25,15597.75,2112.75,9037.75
results/GeneratedSparse/10_cells_1000_features/0.75/sparse_GPU_kendall.csv,kendall,GPU,0.75,10,1000,10_1000,10000,1.0,3.0,1.0,3.1227720471600953,5.461674819958901,3.0351294308207994,3.1682764497671867,1084.25,1473.25,289517.5,1326.6979166666667,92.45801353313328,kendall_GPU,289517.5,1413.0,1279.0,1441.5,1262.25,1258.5,1342.25,1258.25,1445.5,1313.5,1464.25,1215.75,1280.5,1338.25,1231.75,1432.0,1246.25,1473.25,1254.25,1084.25,1328.0,1380.0,1339.5,1373.25,1385.75
results/GeneratedSparse/10_cells_1000_features/0.75/sparse_GPU_manhattan.csv,manhattan,GPU,0.75,10,1000,10_1000,10000,1.0,3.0,1.0,2.956283514473292,5.62969190069181,2.9032256828161698,3.0148354350727975,800.25,1034.75,426277.0,904.2395833333334,67.36643727153546,manhattan_GPU,426277.0,973.5,858.75,878.0,898.0,800.25,878.0,820.5,882.5,948.25,813.0,1015.5,820.25,818.25,922.25,954.0,966.25,836.25,1011.75,914.25,965.5,924.0,896.75,871.25,1034.75
results/GeneratedSparse/10_cells_1000_features/0.75/sparse_GPU_pearson.csv,pearson,GPU,0.75,10,1000,10_1000,10000,1.0,3.0,1.0,2.9017477092046584,6.119384739459114,2.8399491678129896,2.932473764677153,691.75,856.0,1316390.5,797.53125,41.041538441001045,pearson_GPU,1316390.5,827.5,775.75,774.0,791.5,852.5,814.5,769.0,835.75,791.0,702.0,822.5,774.75,816.0,784.5,691.75,856.0,803.75,842.75,819.25,852.5,812.25,776.0,791.75,763.5
results/GeneratedSparse/10_cells_1000_features/0.75/sparse_GPU_spearman.csv,spearman,GPU,0.75,10,1000,10_1000,10000,1.0,3.0,1.0,2.9636943889074536,5.614116207179318,2.895146189375992,3.025715383901341,785.5,1061.0,411259.75,919.8020833333334,50.15377287063978,spearman_GPU,411259.75,971.5,888.75,905.25,899.75,872.5,960.25,1061.0,887.0,880.75,925.25,916.5,936.0,911.5,945.75,944.0,975.25,967.25,910.0,948.75,875.0,897.25,785.5,925.75,884.75
results/GeneratedSparse/10_cells_1000_features/0.75/sparse_armadillo_cosine.csv,cosine,armadillo,0.75,10,1000,10_1000,10000,1.0,3.0,1.0,1.944433112044939,1.9562116656056983,1.8898897032485917,2.0040762077097813,77.605,100.943,90.409,87.98995833333333,5.8877594668881095,cosine_armadillo,90.409,95.82,86.302,86.081,85.72,89.111,97.881,79.469,85.95,87.738,88.625,100.943,88.801,79.553,78.826,89.67,89.65,88.212,77.605,85.697,90.769,93.493,80.614,94.224,91.005
results/GeneratedSparse/10_cells_1000_features/0.75/sparse_armadillo_euclidean.csv,euclidean,armadillo,0.75,10,1000,10_1000,10000,1.0,3.0,1.0,1.9502414946283018,1.9568836584393647,1.904233930774372,1.9884920685941847,80.211,97.385,90.549,89.17466666666667,4.8425261457448245,euclidean_armadillo,90.549,87.735,86.422,85.781,94.076,84.572,94.227,94.968,93.649,85.498,90.435,89.71,91.069,89.143,81.411,95.355,84.992,82.064,80.211,92.845,97.385,92.249,94.898,84.184,87.313
results/GeneratedSparse/10_cells_1000_features/0.75/sparse_armadillo_manhattan.csv,manhattan,armadillo,0.75,10,1000,10_1000,10000,1.0,3.0,1.0,2.291290762198141,2.2756406944149545,2.249961066858736,2.3402160007619144,177.812,218.885,188.643,195.56483333333333,9.194728837159303,manhattan_armadillo,188.643,187.601,207.448,189.645,189.454,196.209,198.304,189.593,197.854,196.494,177.812,201.75,205.312,197.782,200.666,186.655,218.885,193.29,212.919,196.262,192.89,193.83,187.475,194.569,180.857
results/GeneratedSparse/10_cells_1000_features/0.75/sparse_armadillo_pearson.csv,pearson,armadillo,0.75,10,1000,10_1000,10000,1.0,3.0,1.0,2.154792069580099,2.178726652532948,2.143804560179061,2.16541053143997,139.253,146.356,150.913,142.821,1.8192142763658525,pearson_armadillo,150.913,145.433,143.529,142.988,140.894,141.087,145.653,141.924,140.613,141.722,142.097,143.93,140.772,143.264,139.721,142.116,144.68,143.871,143.633,142.664,144.414,143.808,143.282,146.356,139.253
results/GeneratedSparse/10_cells_1000_features/0.75/sparse_armadillo_spearman.csv,spearman,armadillo,0.75,10,1000,10_1000,10000,1.0,3.0,1.0,2.6615836901666277,2.659692818334946,2.643133747779494,2.6764174019505202,439.677,474.698,456.765,458.7580416666667,9.272780554213341,spearman_armadillo,456.765,455.323,467.225,463.167,447.047,457.495,463.467,470.255,444.113,474.698,461.218,448.168,461.721,468.098,449.834,459.598,459.952,468.395,439.677,457.931,468.772,450.047,471.212,453.06,449.72
results/GeneratedSparse/10_cells_1000_features/0.75/sparse_arrayfirecuda_cosine.csv,cosine,arrayfirecuda,0.75,10,1000,10_1000,10000,1.0,3.0,1.0,3.0217934441563346,3.0514303820102207,3.019157847739282,3.0263330261805907,1045.1,1062.51,1125.72,1051.4616666666666,3.9019425361678097,cosine_arrayfirecuda,1125.72,1054.29,1048.1,1052.45,1054.41,1049.48,1062.51,1055.93,1052.0,1045.1,1048.74,1046.25,1056.4,1055.77,1049.1,1048.76,1052.07,1051.42,1050.66,1053.06,1048.66,1054.08,1045.29,1050.01,1050.54
results/GeneratedSparse/10_cells_1000_features/0.75/sparse_arrayfirecuda_euclidean.csv,euclidean,arrayfirecuda,0.75,10,1000,10_1000,10000,1.0,3.0,1.0,3.0273993890698963,3.0294608885508603,3.024973871864016,3.0294405975451753,1059.19,1070.14,1070.19,1065.1220833333334,2.6945144571373554,euclidean_arrayfirecuda,1070.19,1067.13,1062.77,1069.76,1063.7,1065.05,1064.34,1061.02,1062.99,1065.34,1066.21,1067.5,1064.68,1061.52,1059.19,1066.83,1064.16,1066.53,1069.8,1070.14,1065.11,1062.51,1064.61,1067.1,1064.94
results/GeneratedSparse/10_cells_1000_features/0.75/sparse_arrayfirecuda_manhattan.csv,manhattan,arrayfirecuda,0.75,10,1000,10_1000,10000,1.0,3.0,1.0,4.114001254377705,4.112584894843124,4.113579060343644,4.114664350474794,12989.1,13021.6,12959.4,13001.733333333332,8.44998356342894,manhattan_arrayfirecuda,12959.4,13007.9,12996.1,12991.1,13021.6,12993.5,12994.5,13011.9,13009.0,12995.4,13011.9,13003.0,12992.2,13001.4,13014.8,13005.3,12999.1,12992.1,13000.5,12995.7,12989.1,13006.7,13011.1,13001.5,12996.2
results/GeneratedSparse/10_cells_1000_features/0.75/sparse_arrayfirecuda_pearson.csv,pearson,arrayfirecuda,0.75,10,1000,10_1000,10000,1.0,3.0,1.0,3.0287875666549247,3.0613355959213138,3.022704615032587,3.0349170883252907,1053.67,1083.72,1151.69,1068.5320833333333,6.555912712434139,pearson_arrayfirecuda,1151.69,1071.45,1061.59,1065.45,1066.15,1066.53,1068.6,1076.82,1066.17,1071.21,1060.11,1066.49,1075.0,1063.18,1068.43,1071.51,1069.39,1057.75,1069.95,1053.67,1083.72,1065.82,1077.17,1074.83,1073.78
results/GeneratedSparse/10_cells_1000_features/0.75/sparse_raft_cosine.csv,cosine,raft,0.75,10,1000,10_1000,10000,1.0,3.0,1.0,3.566677978170182,5.906803816256948,3.55751189477538,3.576682037385484,3610.039008902792,3772.958579097985,806870.4605102539,3687.041094832917,39.75096926109271,cosine_raft,1610010.6239318848,3730.297088623047,3705.024719238281,3638.029098510742,3683.805465698242,3742.92662646378,3689.929192563879,3720.651357145712,3646.1913075538055,3744.9710668213934,3694.3840709921888,3718.7642482464007,3610.039008902792,3691.635843550816,3772.958579097985,3647.636126239018,3685.3253240381346,3650.9765826619055,3672.040678417471,3668.315394450387,3688.625156090979,3683.523457076056,3662.719177555407,3619.9783495958586,3720.2383564557217
results/GeneratedSparse/10_cells_1000_features/0.75/sparse_raft_euclidean.csv,euclidean,raft,0.75,10,1000,10_1000,10000,1.0,3.0,1.0,3.5611739381601533,5.833837763575616,3.553083779814174,3.5731574721718697,3573.4176635742188,3742.4626277666657,682083.8451385498,3640.6081598849573,41.77371004602659,euclidean_raft,1360528.4690856934,3639.22119140625,3573.4176635742188,3654.956817626953,3656.148910522461,3656.978959774625,3669.447006939629,3685.8250452321113,3742.4626277666657,3686.3048149876768,3583.817281983207,3603.1639967589226,3626.8254021187176,3630.0392841031407,3639.310487134788,3639.7954042520128,3675.425062446445,3619.5406432295895,3603.764791015199,3656.6792439740298,3582.01170675258,3659.45875520388,3581.3680183178094,3602.195279692081,3706.4374424259854
results/GeneratedSparse/10_cells_1000_features/0.75/sparse_raft_manhattan.csv,manhattan,raft,0.75,10,1000,10_1000,10000,1.0,3.0,1.0,3.5562353021557898,5.835873021303732,3.5410406139081343,3.5772488134800016,3475.686634949928,3777.8856937611954,685287.8332138062,3599.443013216563,67.86344246209099,manhattan_raft,1366956.9492340088,3618.717193603516,3526.2107849121094,3652.5726318359375,3521.442413330078,3593.186261449214,3576.7515132716867,3683.1911160466334,3475.686634949928,3614.846331532703,3777.8856937611954,3600.6231298862185,3541.013363453284,3646.1791439941294,3613.3498531307296,3531.080096951688,3564.7220146833106,3626.610502345901,3598.8425750663646,3694.004379082144,3588.7911132346367,3517.4715577540287,3555.2479634302945,3698.856054036752,3569.3499954550307
results/GeneratedSparse/10_cells_1000_features/0.75/sparse_raft_pearson.csv,pearson,raft,0.75,10,1000,10_1000,10000,1.0,3.0,1.0,3.1484802094142648,5.585571375573851,3.1378097620161394,3.15900413158496,1373.440222644713,1442.1290709035095,385098.0997085571,1407.6030831212126,19.95648335865613,pearson_raft,768758.2969665527,1437.9024505615234,1413.8221740722656,1380.2051544189453,1411.43798828125,1425.8430975726146,1410.0043165741447,1429.4882531531764,1400.8786718481051,1401.1331469717825,1410.4735249786982,1429.7307319441056,1384.9828061531766,1411.9231399346313,1390.270059880433,1416.8748945467107,1427.1114760331334,1373.440222644713,1390.3752145910116,1442.1290709035095,1394.5394346771254,1382.329792260966,1438.3057095344748,1396.074246678093,1383.1984166945151
results/GeneratedSparse/10_cells_1000_features/0.9/sparse_CPU_cosine.csv,cosine,CPU,0.9,10,1000,10_1000,10000,1.0,3.0,1.0,3.1632326967496223,3.9902167200464587,2.8203656850432424,3.3885008386660576,661.25,2446.25,9777.25,1456.2391304347825,446.70870334337803,cosine_CPU,9777.25,1304.25,2446.25,1103.25,1101.75,1695.25,1856.25,1734.5,960.25,1643.0,,1255.75,1246.75,718.25,1578.5,978.25,1949.25,1903.0,1628.75,1243.25,972.75,661.25,1913.0,1626.75,1973.25
results/GeneratedSparse/10_cells_1000_features/0.9/sparse_CPU_euclidean.csv,euclidean,CPU,0.9,10,1000,10_1000,10000,1.0,3.0,1.0,3.446810752383161,3.9980194509335583,2.4742162640762553,3.8108035824848656,298.0,6468.5,9954.5,2797.7619047619046,1562.315679559151,euclidean_CPU,9954.5,1314.25,5213.25,1115.5,1102.0,6468.5,2219.75,,,298.0,3076.75,3429.25,1770.75,,1733.25,4099.25,4217.5,5339.0,3171.0,2683.5,1451.75,3347.0,1522.5,2020.5,3159.75
results/GeneratedSparse/10_cells_1000_features/0.9/sparse_CPU_kendall.csv,kendall,CPU,0.9,10,1000,10_1000,10000,1.0,3.0,1.0,3.1721770866656165,4.371594240712446,2.9082168530893924,3.3101089047316647,809.5,2042.25,23528.5,1486.5416666666667,323.546160625583,kendall_CPU,23528.5,2042.25,1514.75,1220.5,1345.0,1243.25,1433.25,2016.5,1649.25,1623.5,1040.75,1640.0,1155.25,1131.0,1710.75,809.5,1428.5,939.75,1526.25,1453.25,1524.75,1706.0,1928.25,1714.5,1880.25
results/GeneratedSparse/10_cells_1000_features/0.9/sparse_CPU_manhattan.csv,manhattan,CPU,0.9,10,1000,10_1000,10000,1.0,3.0,1.0,3.502776941198778,3.9810253750197253,1.8976270912904414,3.806620830482505,79.0,6406.5,9572.5,3182.5625,1876.7142764044868,manhattan_CPU,9572.5,3263.5,5962.5,3682.25,1011.5,3422.25,1183.75,6406.5,1910.25,5949.25,1134.25,1516.5,853.25,1073.75,3361.25,5522.75,3577.0,3173.25,3231.0,6374.5,2768.75,5425.5,3068.5,79.0,2430.5
results/GeneratedSparse/10_cells_1000_features/0.9/sparse_CPU_pearson.csv,pearson,CPU,0.9,10,1000,10_1000,10000,1.0,3.0,1.0,3.0671018671119623,3.978317496746751,2.9938769149412114,3.121887985103681,986.0,1324.0,9513.0,1167.0833333333333,85.65159765325778,pearson_CPU,9513.0,1324.0,1185.75,1101.0,1085.5,1138.75,1076.75,1081.75,1260.75,1195.75,1156.0,1118.25,1250.5,1256.75,1208.5,992.75,1195.25,1184.5,1210.0,986.0,1240.0,1164.0,1210.0,1093.0,1294.5
results/GeneratedSparse/10_cells_1000_features/0.9/sparse_CPU_spearman.csv,spearman,CPU,0.9,10,1000,10_1000,10000,1.0,3.0,1.0,3.948697683993338,3.9717859378791145,2.0043213737826426,4.378643144473982,101.0,23913.5,9371.0,8885.823529411764,6282.230737754508,spearman_CPU,9371.0,1264.25,1165.5,17784.5,9941.5,,13950.25,10786.5,23913.5,8980.5,,839.0,12697.75,,,7382.0,12431.5,,101.0,6169.75,,10806.5,3006.0,,9839.0
results/GeneratedSparse/10_cells_1000_features/0.9/sparse_GPU_cosine.csv,cosine,GPU,0.9,10,1000,10_1000,10000,1.0,3.0,1.0,2.9812379900218846,6.090495950091796,2.382917135087531,3.270853450292433,241.5,1865.75,1231674.5,957.71875,374.8205286679713,cosine_GPU,1231674.5,1192.0,704.25,532.75,1395.5,934.5,1089.25,715.25,572.5,1456.5,1072.0,546.0,899.75,943.75,241.5,1281.75,1865.75,849.0,609.25,1463.25,976.75,871.75,1124.75,1222.25,425.25
results/GeneratedSparse/10_cells_1000_features/0.9/sparse_GPU_euclidean.csv,euclidean,GPU,0.9,10,1000,10_1000,10000,1.0,3.0,1.0,2.87436704403522,6.085955606355201,2.8090544272229425,2.925956349861239,644.25,843.25,1218865.0,748.8020833333334,56.93833374648743,euclidean_GPU,1218865.0,798.25,701.75,776.75,768.0,689.75,799.25,820.0,815.25,802.75,719.5,644.25,685.25,675.5,747.75,706.0,720.75,747.0,766.25,697.25,717.75,809.25,840.5,679.25,843.25
results/GeneratedSparse/10_cells_1000_features/0.9/sparse_GPU_kendall.csv,kendall,GPU,0.9,10,1000,10_1000,10000,1.0,3.0,1.0,2.986809043186151,5.472778382828083,2.824776462475546,3.098470665650629,668.0,1254.5,297015.0,970.0833333333334,205.8225958737821,kendall_GPU,297015.0,1101.0,872.75,1191.25,766.25,668.0,867.5,677.5,832.25,1193.75,1172.75,1054.5,1123.25,749.0,896.5,1254.5,993.75,884.5,712.5,1243.25,1233.25,679.25,758.0,1147.25,1209.5
results/GeneratedSparse/10_cells_1000_features/0.9/sparse_GPU_manhattan.csv,manhattan,GPU,0.9,10,1000,10_1000,10000,1.0,3.0,1.0,2.9400545108980367,5.598722677139309,2.908753019184534,2.9710437918360286,810.5,935.5,396938.0,871.0729166666666,28.153918389093235,manhattan_GPU,396938.0,886.75,844.5,846.25,882.5,935.5,866.0,879.5,842.0,903.0,821.75,893.5,887.0,890.75,868.0,859.75,810.5,896.25,910.25,840.5,873.0,887.75,855.25,857.5,868.0
results/GeneratedSparse/10_cells_1000_features/0.9/sparse_GPU_pearson.csv,pearson,GPU,0.9,10,1000,10_1000,10000,1.0,3.0,1.0,3.08451297594297,6.083849343647499,2.854002233126989,3.207095540419218,714.5,1611.0,1212968.0,1214.8229166666667,242.1837121119552,pearson_GPU,1212968.0,1411.75,1100.25,1066.5,1611.0,1524.5,1172.75,1174.5,897.25,863.75,1028.5,1292.75,714.5,968.0,1494.75,1304.25,1412.5,1045.0,1412.75,1147.75,1440.0,1498.25,1528.5,1008.75,1037.25
results/GeneratedSparse/10_cells_1000_features/0.9/sparse_GPU_spearman.csv,spearman,GPU,0.9,10,1000,10_1000,10000,1.0,3.0,1.0,2.9529790075720763,5.596268776865455,2.931966114728173,2.9661417327390325,855.0,925.0,394701.5,897.3854166666666,14.053280156594125,spearman_GPU,394701.5,907.5,887.25,918.25,898.0,883.5,855.0,887.0,877.0,915.0,897.25,904.5,908.25,904.5,901.0,890.25,900.5,893.5,900.5,901.0,889.5,898.0,925.0,905.25,889.75
results/GeneratedSparse/10_cells_1000_features/0.9/sparse_armadillo_cosine.csv,cosine,armadillo,0.9,10,1000,10_1000,10000,1.0,3.0,1.0,1.5517690952930374,1.6209476455592238,1.4835872969688941,1.657600770446638,30.45,45.457,41.778,35.62616666666667,4.038213370071253,cosine_armadillo,41.778,42.389,34.805,34.635,33.303,31.906,34.355,30.883,33.817,34.687,31.038,31.026,38.617,38.12,37.039,38.0,45.457,30.45,36.481,39.546,33.928,32.937,30.802,42.943,37.864
results/GeneratedSparse/10_cells_1000_features/0.9/sparse_armadillo_euclidean.csv,euclidean,armadillo,0.9,10,1000,10_1000,10000,1.0,3.0,1.0,1.5539386241010607,1.6203234797692594,1.529635646019073,1.5808565774579957,33.856,38.094,41.718,35.80458333333333,0.9351615242239649,euclidean_armadillo,41.718,36.428,35.126,36.408,34.484,36.287,35.306,35.199,35.906,35.9,38.094,35.728,36.046,34.729,36.481,36.359,34.787,34.787,37.542,35.664,36.787,35.624,35.797,33.856,35.985
results/GeneratedSparse/10_cells_1000_features/0.9/sparse_armadillo_manhattan.csv,manhattan,armadillo,0.9,10,1000,10_1000,10000,1.0,3.0,1.0,2.4740078717534044,2.4706500660503274,2.4677442174457,2.4803059567265953,293.592,302.208,295.563,297.8570416666667,2.313875023259445,manhattan_armadillo,295.563,299.08,294.031,299.681,298.879,297.084,297.845,295.5,300.943,298.534,298.789,296.712,295.631,301.795,298.795,297.033,300.358,294.273,298.742,295.969,299.142,298.37,295.583,293.592,302.208
results/GeneratedSparse/10_cells_1000_features/0.9/sparse_armadillo_pearson.csv,pearson,armadillo,0.9,10,1000,10_1000,10000,1.0,3.0,1.0,1.6473181634565117,1.6748519589392319,1.6251477583234077,1.658726677327014,42.184,45.575,47.299,44.393375,0.9297091307007441,pearson_armadillo,47.299,43.712,45.095,45.265,43.993,42.184,44.832,45.393,43.417,45.315,44.19,43.46,44.551,43.422,45.327,45.119,44.143,44.047,44.11,45.245,45.575,42.317,45.007,45.18,44.542
results/GeneratedSparse/10_cells_1000_features/0.9/sparse_armadillo_spearman.csv,spearman,armadillo,0.9,10,1000,10_1000,10000,1.0,3.0,1.0,2.400651584704626,2.3634107665791264,2.3743505186960676,2.4293969496020633,236.783,268.78,230.893,251.56579166666666,9.602524524741595,spearman_armadillo,230.893,242.704,263.533,251.651,251.13,254.902,238.746,268.78,265.765,253.646,243.543,260.794,265.962,236.783,241.408,250.138,247.375,264.051,242.802,257.484,241.919,239.827,259.572,244.369,250.695
results/GeneratedSparse/10_cells_1000_features/0.9/sparse_arrayfirecuda_cosine.csv,cosine,arrayfirecuda,0.9,10,1000,10_1000,10000,1.0,3.0,1.0,3.0276969384153083,3.0661320339061415,3.0204980141548767,3.0368005035734504,1048.33,1088.43,1164.48,1065.8520833333334,11.452318171141401,cosine_arrayfirecuda,1164.48,1073.28,1055.07,1077.44,1050.49,1070.73,1080.8,1048.33,1072.74,1051.36,1060.24,1088.43,1068.5,1071.5,1083.5,1056.14,1072.17,1073.62,1062.16,1052.64,1050.45,1059.91,1067.06,1077.98,1055.91
results/GeneratedSparse/10_cells_1000_features/0.9/sparse_arrayfirecuda_euclidean.csv,euclidean,arrayfirecuda,0.9,10,1000,10_1000,10000,1.0,3.0,1.0,3.027279938361536,3.030223143212366,3.0229724449769266,3.030599721965951,1054.32,1073.0,1072.07,1064.8291666666667,4.8126585832457405,euclidean_arrayfirecuda,1072.07,1069.29,1062.18,1061.43,1065.15,1064.35,1054.32,1065.33,1068.19,1066.51,1072.59,1073.0,1062.66,1059.47,1057.16,1060.69,1064.85,1063.24,1057.1,1068.83,1063.84,1067.16,1068.52,1068.66,1071.38
results/GeneratedSparse/10_cells_1000_features/0.9/sparse_arrayfirecuda_manhattan.csv,manhattan,arrayfirecuda,0.9,10,1000,10_1000,10000,1.0,3.0,1.0,4.127850938289801,4.125562586641175,4.127584202200365,4.128127749808116,13414.8,13431.6,13352.5,13423.041666666666,4.261447002551809,manhattan_arrayfirecuda,13352.5,13419.5,13426.7,13418.8,13421.8,13425.1,13427.7,13420.2,13428.9,13416.4,13420.9,13431.6,13427.7,13427.6,13429.5,13422.8,13418.8,13421.9,13424.2,13421.3,13422.3,13418.2,13414.8,13422.8,13423.5
results/GeneratedSparse/10_cells_1000_features/0.9/sparse_arrayfirecuda_pearson.csv,pearson,arrayfirecuda,0.9,10,1000,10_1000,10000,1.0,3.0,1.0,3.0423255801201337,3.0743775376448044,3.0341108446144984,3.047710890422464,1081.71,1116.12,1186.8,1102.3654166666668,7.874079829397341,pearson_arrayfirecuda,1186.8,1105.69,1095.21,1081.71,1096.61,1099.38,1103.54,1105.08,1096.33,1111.39,1097.16,1095.28,1093.91,1113.68,1112.75,1099.88,1104.25,1098.41,1096.88,1116.12,1097.88,1108.12,1111.17,1109.4,1106.94
results/GeneratedSparse/10_cells_1000_features/0.9/sparse_raft_cosine.csv,cosine,raft,0.9,10,1000,10_1000,10000,1.0,3.0,1.0,3.549830178378744,5.873479272455753,3.539204404148589,3.5611928860607813,3461.022352650202,3640.7670000023104,747272.9682922363,3546.746741258928,37.78184037237103,cosine_raft,1490942.0013427734,3603.9352416992183,3538.6085510253906,3521.442413330078,3528.118133544922,3541.303967342187,3478.615491033755,3575.7532762562105,3581.642945977604,3583.008683245582,3548.4347950437905,3563.940091121944,3461.022352650202,3492.7614887567947,3640.7670000023104,3537.161125848664,3542.831643487112,3555.7729046449695,3521.5696837953,3528.6164892134925,3549.649362621994,3570.15474575332,3558.420148821277,3566.9768282602586,3531.414426737896
results/GeneratedSparse/10_cells_1000_features/0.9/sparse_raft_euclidean.csv,euclidean,raft,0.9,10,1000,10_1000,10000,1.0,3.0,1.0,3.5500000909566047,5.900469334619791,3.5335570444993785,3.5598484239292807,3416.308208838924,3629.5135654014257,795187.1156692505,3548.134635440396,46.34419720721567,euclidean_raft,1586754.560470581,3619.670867919922,3559.112548828125,3504.9915313720703,3538.6085510253906,3572.2754457119904,3588.9495070294893,3607.882033413702,3488.2314376326067,3511.13888313937,3416.308208838924,3570.9527190666013,3510.418879452603,3527.4216018609827,3550.3151201687283,3629.5135654014257,3555.3658243471223,3493.9090522662136,3536.0852339149,3564.5634847980677,3569.2477794403526,3590.7422845777446,3578.2462577207693,3523.074865924859,3548.2055667175414
results/GeneratedSparse/10_cells_1000_features/0.9/sparse_raft_manhattan.csv,manhattan,raft,0.9,10,1000,10_1000,10000,1.0,3.0,1.0,3.548097575067764,5.859002538796181,3.535788400815443,3.5588886790194314,3433.905986064175,3621.5015800609167,722774.0287780762,3532.625300988692,43.018100162826414,manhattan_raft,1441980.6003570557,3567.45719909668,3543.853759765625,3470.6592559814453,3510.2367401123047,3544.106410068453,3553.40301265536,3522.0112924629443,3540.6166459952215,3582.4026213119128,3521.5076509591754,3560.894502502268,3488.270652824529,3621.5015800609167,3600.212505609752,3513.486156211015,3551.9443064047687,3590.24446560101,3500.7906256920046,3544.9493357969022,3433.905986064175,3515.11500596876,3536.5352550330244,3495.0417122943004,3473.8605452560687
results/GeneratedSparse/10_cells_1000_features/0.9/sparse_raft_pearson.csv,pearson,raft,0.9,10,1000,10_1000,10000,1.0,3.0,1.0,3.1412285930005486,5.621612266941191,3.1198718679697914,3.160261799613233,1317.8678641764006,1446.3113674829067,418419.83795166016,1384.2948175172426,30.473144297794953,pearson_raft,835407.7339172363,1431.9419860839844,1386.880874633789,1352.7870178222656,1374.2446899414062,1446.3113674829067,1390.2138426958973,1350.0008029409687,1405.3450664583,1394.9204246867507,1349.0649241528397,1370.1740798905942,1380.7199821105407,1391.9202476609523,1436.0950765051484,1317.8678641764006,1345.9258305521878,1380.793190916604,1388.3964122737175,1394.401256749134,1399.265468734818,1419.9965776829572,1354.7824726518313,1399.1388010891217,1361.8873625207063
results/GeneratedSparse/10_cells_1000_features/0.95/sparse_CPU_cosine.csv,cosine,CPU,0.95,10,1000,10_1000,10000,1.0,3.0,1.0,3.489735377967966,3.9768312425611354,2.6834973176798114,3.81489655406238,482.5,6529.75,9480.5,3088.413043478261,1757.959309158194,cosine_CPU,9480.5,3443.0,5696.5,1415.25,1069.75,1624.75,1294.0,4922.0,1803.5,3613.75,,5254.75,2893.5,4503.25,6529.75,503.75,3232.75,482.5,4285.25,1965.75,1691.0,3766.0,2613.75,2385.25,6043.75
results/GeneratedSparse/10_cells_1000_features/0.95/sparse_CPU_euclidean.csv,euclidean,CPU,0.95,10,1000,10_1000,10000,1.0,3.0,1.0,3.5206829777523856,4.009780103892095,2.5474670224263853,3.7888044930446485,352.75,6149.0,10227.75,3316.5227272727275,1552.7452849511462,euclidean_CPU,10227.75,1294.5,5890.25,1098.25,5410.0,3286.25,2789.5,,4909.25,3208.75,5355.5,3326.0,6149.0,,2533.75,3176.5,1839.25,4195.0,352.75,4338.75,2749.75,3175.75,1928.75,1951.5,4004.5
results/GeneratedSparse/10_cells_1000_features/0.95/sparse_CPU_kendall.csv,kendall,CPU,0.95,10,1000,10_1000,10000,1.0,3.0,1.0,3.5743848534591987,4.2660493300076014,2.963079160641827,3.7910236107614943,918.5,6180.5,18452.25,3753.054347826087,1489.649568428839,kendall_CPU,18452.25,1384.75,4316.25,5349.75,4098.75,5782.25,2036.75,4130.5,5394.5,5265.0,4776.0,4654.25,3865.75,,3878.5,2214.0,2547.0,4321.5,4464.75,3307.25,1093.25,6180.5,4128.75,918.5,2211.75
results/GeneratedSparse/10_cells_1000_features/0.95/sparse_CPU_manhattan.csv,manhattan,CPU,0.95,10,1000,10_1000,10000,1.0,3.0,1.0,3.0316104147234815,3.9628545082319726,2.9613024181586454,3.090169844444793,914.75,1230.75,9180.25,1075.5,89.90976379125907,manhattan_CPU,9180.25,1158.5,1084.5,1029.75,948.5,1010.25,1171.25,1047.5,1183.25,1138.25,977.5,1087.25,1199.5,918.25,1119.5,959.5,984.75,1230.75,1086.25,914.75,1180.0,1133.75,1100.0,1056.75,1091.75
results/GeneratedSparse/10_cells_1000_features/0.95/sparse_CPU_pearson.csv,pearson,CPU,0.95,10,1000,10_1000,10000,1.0,3.0,1.0,3.8427630817142884,3.988770701841205,3.074542178254056,4.180297952488594,1187.25,15146.0,9744.75,6962.465909090909,3417.317285212932,pearson_CPU,9744.75,1280.0,1187.25,8285.75,10028.0,8503.75,,9167.0,4001.25,9773.5,3626.75,5151.5,2549.75,5545.25,,11612.0,7849.0,6016.0,8451.25,9787.25,7644.75,4935.25,3628.0,15146.0,9005.0
results/GeneratedSparse/10_cells_1000_features/0.95/sparse_CPU_spearman.csv,spearman,CPU,0.95,10,1000,10_1000,10000,1.0,3.0,1.0,3.825694244539411,4.532942193027084,1.5217916496391235,4.11790073206452,33.25,13119.0,34114.75,6694.131578947368,4233.891451701642,spearman_CPU,34114.75,1246.5,1172.25,12400.25,1040.75,,2617.5,,6712.0,8921.25,33.25,5555.75,10687.25,6879.0,1952.25,12186.0,,6898.5,,10459.75,,7694.25,6103.75,13119.0,11509.25
results/GeneratedSparse/10_cells_1000_features/0.95/sparse_GPU_cosine.csv,cosine,GPU,0.95,10,1000,10_1000,10000,1.0,3.0,1.0,3.519407928955734,6.119217193763832,1.7462448717201982,3.878909385425998,55.75,7566.75,1315882.75,3306.8,2310.4802647393462,cosine_GPU,1315882.75,4212.5,667.0,,1617.25,7566.75,2980.75,195.0,55.75,6920.0,918.25,5406.5,6155.25,1163.5,4168.25,1781.5,4612.0,1622.75,6214.0,,,,1616.5,4986.75,3275.75
results/GeneratedSparse/10_cells_1000_features/0.95/sparse_GPU_euclidean.csv,euclidean,GPU,0.95,10,1000,10_1000,10000,1.0,3.0,1.0,2.9268245853887542,6.102531033683979,2.886067504919496,2.9802306913910317,769.25,955.5,1266283.75,844.9375,40.42394157035324,euclidean_GPU,1266283.75,864.0,807.5,867.0,845.25,825.25,787.25,841.0,854.75,815.5,884.25,955.5,894.0,888.5,769.25,901.25,845.0,819.75,806.75,870.0,800.25,836.0,837.5,825.0,838.0
results/GeneratedSparse/10_cells_1000_features/0.95/sparse_GPU_kendall.csv,kendall,GPU,0.95,10,1000,10_1000,10000,1.0,3.0,1.0,2.9351292349156823,5.4656062622826855,2.8595885767354927,2.9815921172140816,723.75,958.5,292150.25,861.25,57.244313764192626,kendall_GPU,292150.25,899.25,813.25,794.5,954.25,907.75,900.75,768.25,896.5,810.0,833.75,798.5,958.5,884.5,897.0,843.25,878.5,854.5,919.25,830.75,912.75,908.5,838.75,843.25,723.75
results/GeneratedSparse/10_cells_1000_features/0.95/sparse_GPU_manhattan.csv,manhattan,GPU,0.95,10,1000,10_1000,10000,1.0,3.0,1.0,2.886555347519436,5.588954273368932,2.7777891874348675,2.9390197764486663,599.5,869.0,388109.5,770.1145833333334,62.62200505008648,manhattan_GPU,388109.5,832.5,722.0,869.0,786.0,771.25,757.75,816.75,805.0,599.5,822.0,729.5,776.0,840.25,696.0,784.0,786.25,681.75,764.5,724.5,865.25,709.5,721.0,783.5,839.0
results/GeneratedSparse/10_cells_1000_features/0.95/sparse_GPU_pearson.csv,pearson,GPU,0.95,10,1000,10_1000,10000,1.0,3.0,1.0,3.212032154225972,6.0457972158315005,2.6544172149137144,3.395588463568244,451.25,2486.5,1111212.75,1629.4166666666667,655.3170577518607,pearson_GPU,1111212.75,1970.25,786.5,2334.75,451.25,2259.0,2176.5,2457.0,1528.5,836.25,2434.5,1257.5,1747.25,2486.5,2061.0,1148.75,839.75,1848.5,633.5,1244.25,2385.25,1738.75,2344.0,1276.5,860.0
results/GeneratedSparse/10_cells_1000_features/0.95/sparse_GPU_spearman.csv,spearman,GPU,0.95,10,1000,10_1000,10000,1.0,3.0,1.0,2.907052884087371,5.6093852145786,2.838691709151223,2.947556248191123,689.75,886.25,406804.0,807.3333333333334,47.58800327346752,spearman_GPU,406804.0,852.25,778.75,792.5,832.75,844.5,775.0,886.25,795.25,762.75,689.75,852.5,883.25,850.0,753.5,809.0,841.0,784.5,799.5,847.25,787.75,819.25,828.0,711.5,799.25
results/GeneratedSparse/10_cells_1000_features/0.95/sparse_armadillo_cosine.csv,cosine,armadillo,0.95,10,1000,10_1000,10000,1.0,3.0,1.0,1.300681515524542,1.4042862290190323,1.268484363846722,1.3277266516421409,18.556,21.268,25.368,19.983958333333334,0.8575547834378989,cosine_armadillo,25.368,20.91,19.316,19.597,18.815,20.549,18.959,20.087,20.115,19.599,19.645,20.883,18.556,21.112,20.834,21.264,19.599,18.976,21.268,21.015,19.174,18.704,20.685,19.862,20.091
results/GeneratedSparse/10_cells_1000_features/0.95/sparse_armadillo_euclidean.csv,euclidean,armadillo,0.95,10,1000,10_1000,10000,1.0,3.0,1.0,1.3209265529127319,1.4191127628751419,1.2840696117100832,1.363687175889545,19.234,23.104,26.249,20.937583333333333,1.0733717093294795,euclidean_armadillo,26.249,23.104,20.588,20.538,19.908,21.652,22.253,20.017,23.008,22.797,21.452,19.526,21.24,20.165,21.423,21.193,20.309,20.569,19.858,20.354,20.303,19.234,22.165,20.705,20.141
results/GeneratedSparse/10_cells_1000_features/0.95/sparse_armadillo_manhattan.csv,manhattan,armadillo,0.95,10,1000,10_1000,10000,1.0,3.0,1.0,2.3077566077305582,2.289575575709834,2.283574838498632,2.3521651459846415,192.121,224.991,194.794,203.12183333333334,7.2521046408764835,manhattan_armadillo,194.794,195.837,216.946,196.037,204.553,201.567,194.512,205.334,202.296,207.422,224.991,197.577,196.736,192.121,202.855,205.915,206.749,194.348,197.636,202.958,206.863,207.362,202.585,202.781,208.943
results/GeneratedSparse/10_cells_1000_features/0.95/sparse_armadillo_pearson.csv,pearson,armadillo,0.95,10,1000,10_1000,10000,1.0,3.0,1.0,1.3661138599636067,1.4700427875572135,1.3051578287864858,1.4091720189914037,20.191,25.655,29.515,23.233458333333335,1.2947312777550497,pearson_armadillo,29.515,24.917,23.263,23.233,22.322,22.13,20.191,22.236,23.19,24.294,24.077,22.998,23.443,21.551,25.655,24.583,24.269,24.639,24.943,21.76,22.851,22.808,23.892,23.05,21.308
results/GeneratedSparse/10_cells_1000_features/0.95/sparse_armadillo_spearman.csv,spearman,armadillo,0.95,10,1000,10_1000,10000,1.0,3.0,1.0,2.5317649462545817,2.5085606908066724,2.4899893989668764,2.570276677788203,309.022,371.772,322.523,340.224,17.900604752354035,spearman_armadillo,322.523,325.349,367.828,337.992,335.007,337.947,343.205,371.772,364.638,347.984,322.376,351.198,339.745,312.935,371.149,337.573,361.939,333.338,316.113,328.741,357.772,325.689,309.022,328.93,337.134
results/GeneratedSparse/10_cells_1000_features/0.95/sparse_arrayfirecuda_cosine.csv,cosine,arrayfirecuda,0.95,10,1000,10_1000,10000,1.0,3.0,1.0,2.359870486834446,2.4806191253580563,2.341315794596473,2.38827531093401,219.44,244.498,302.426,229.0184583333333,6.392401934974354,cosine_arrayfirecuda,302.426,223.718,233.446,224.777,239.564,237.379,221.14,219.44,233.399,222.811,237.126,228.822,228.143,225.602,230.078,235.201,232.646,228.53,221.477,223.63,228.856,229.573,223.221,244.498,223.366
results/GeneratedSparse/10_cells_1000_features/0.95/sparse_arrayfirecuda_euclidean.csv,euclidean,arrayfirecuda,0.95,10,1000,10_1000,10000,1.0,3.0,1.0,2.326308289865381,2.3558612915446053,2.28867168561873,2.349533947823808,194.389,223.632,226.914,211.98654166666665,6.724048990868313,euclidean_arrayfirecuda,226.914,219.722,206.186,212.122,221.512,215.726,211.481,218.694,223.632,205.478,214.747,212.119,213.378,210.9,210.111,208.956,223.539,206.27,202.779,213.748,210.318,207.28,207.226,217.364,194.389
results/GeneratedSparse/10_cells_1000_features/0.95/sparse_arrayfirecuda_manhattan.csv,manhattan,arrayfirecuda,0.95,10,1000,10_1000,10000,1.0,3.0,1.0,4.076820300686159,4.078202982503686,4.076013850620488,4.077959886581522,11912.8,11966.3,11973.0,11934.941666666666,14.744092508150054,manhattan_arrayfirecuda,11973.0,11942.5,11922.5,11914.2,11954.7,11912.8,11956.5,11928.5,11928.5,11927.0,11920.6,11944.9,11938.7,11923.8,11935.8,11935.1,11953.5,11913.7,11966.3,11916.0,11936.1,11933.3,11952.9,11932.7,11948.0
results/GeneratedSparse/10_cells_1000_features/0.95/sparse_arrayfirecuda_pearson.csv,pearson,arrayfirecuda,0.95,10,1000,10_1000,10000,1.0,3.0,1.0,2.4035467387901495,2.492860921450212,2.396436487358662,2.410274341334559,249.136,257.202,311.072,253.24841666666666,2.457255055895137,pearson_arrayfirecuda,311.072,255.498,251.661,257.159,253.628,249.502,254.709,250.221,256.046,254.411,256.452,253.044,252.915,253.445,257.202,249.136,254.284,255.893,254.267,254.167,251.592,249.92,251.118,249.34,252.352
results/GeneratedSparse/10_cells_1000_features/0.95/sparse_raft_cosine.csv,cosine,raft,0.95,10,1000,10_1000,10000,1.0,3.0,1.0,3.4583827200547907,5.878443058862372,3.446124343682205,3.473230187892398,2793.3434942652684,2973.241513079868,755862.9512786865,2873.3115595163104,44.44596832872007,cosine_raft,1508890.3903961182,2835.512161254883,2921.3428497314453,2838.3731842041016,2834.796905517578,2895.274719771512,2840.995498894336,2918.949313866756,2923.9639147438447,2874.1679072623124,2830.5662744281726,2841.1369213234666,2944.74973283826,2890.863894234826,2867.959177908543,2793.3434942652684,2896.0594524058506,2812.53424245034,2865.2216842662046,2887.8876456017438,2885.443188921705,2973.241513079868,2805.113297481811,2900.9646221708126,2881.0158317678047
results/GeneratedSparse/10_cells_1000_features/0.95/sparse_raft_euclidean.csv,euclidean,raft,0.95,10,1000,10_1000,10000,1.0,3.0,1.0,3.4280937871856336,5.843082801066864,3.4219388670600814,3.434336143958151,2642.0368280119988,2718.5426069024375,696759.343147278,2679.7469616677113,24.830714041218005,euclidean_raft,1390801.6681671145,2717.0181274414062,2689.5999908447266,2662.65869140625,2666.473388671875,2646.9715293640847,2677.8302519389,2655.7516743105434,2676.2484727254737,2718.5426069024375,2692.279543067635,2653.252745564897,2708.597935591549,2691.213804679974,2709.7348821248206,2661.5173453289112,2715.748833412492,2644.5134086609705,2693.9877955435304,2644.6373101354748,2676.9552363365274,2642.0368280119988,2682.937589250847,2671.870576184724,2713.5485125250243
results/GeneratedSparse/10_cells_1000_features/0.95/sparse_raft_manhattan.csv,manhattan,raft,0.95,10,1000,10_1000,10000,1.0,3.0,1.0,3.428924609820264,5.82885543428834,3.4164650771411984,3.438953918908783,2608.945921791176,2747.602601519834,674303.5316467285,2684.878330987233,31.742382201607775,manhattan_raft,1345882.8926086426,2724.170684814453,2678.394317626953,2661.2281799316406,2691.507339477539,2694.2502969893367,2747.602601519834,2680.5313716979376,2638.10570484016,2682.91890342594,2608.945921791176,2708.397628064038,2711.8152114472414,2717.1176912520773,2650.4449282685127,2686.4386691059126,2718.5393156866558,2703.8071641077927,2642.8236336159466,2693.0843954318416,2677.920060511311,2681.9454132428523,2642.970672672642,2719.9815035407382,2674.138334631055
results/GeneratedSparse/10_cells_1000_features/0.95/sparse_raft_pearson.csv,pearson,raft,0.95,10,1000,10_1000,10000,1.0,3.0,1.0,3.149805965563403,5.600109614841489,3.135478325917234,3.1623158174991617,1366.0868974828595,1453.1679723565237,398207.6644897461,1411.906590926288,23.32322930930901,pearson_raft,794975.2807617188,1440.0482177734375,1405.2391052246094,1389.2650604248047,1420.2594757080078,1409.6812726574296,1404.7370404551127,1448.4295837440727,1414.6142389667837,1401.6439594171625,1393.6444702298515,1366.0868974828595,1400.411709554343,1406.8094019725058,1437.4398306921223,1426.5135019839397,1391.011457636281,1420.8589859924955,1387.021242161324,1400.724805915131,1439.3230637897054,1421.0793888945798,1453.1679723565237,1366.800807308818,1440.9466918890043
results/GeneratedSparse/10_cells_1000_features/0.99/sparse_CPU_cosine.csv,cosine,CPU,0.99,10,1000,10_1000,10000,1.0,3.0,1.0,3.0629774006889416,3.9929399254042837,3.0272476487457864,3.110505536545346,1064.75,1289.75,9838.75,1156.0520833333333,63.727078361502315,cosine_CPU,9838.75,1229.25,1161.75,1094.0,1064.75,1082.75,1141.0,1206.5,1198.75,1193.5,1128.5,1124.0,1125.25,1121.75,1289.75,1115.25,1225.0,1065.5,1200.0,1249.0,1114.5,1076.25,1096.5,1248.25,1193.5
results/GeneratedSparse/10_cells_1000_features/0.99/sparse_CPU_euclidean.csv,euclidean,CPU,0.99,10,1000,10_1000,10000,1.0,3.0,1.0,3.899212779425958,3.980389744490009,3.012415374762433,4.321981401660017,1029.0,20988.5,9558.5,7928.89705882353,6486.780846493315,euclidean_CPU,9558.5,1250.0,1158.75,1029.0,20198.25,1189.75,,3093.25,6594.5,9360.25,3546.0,,7818.5,2256.75,18230.5,11362.25,11557.5,,,8228.0,,,20988.5,6929.5,
results/GeneratedSparse/10_cells_1000_features/0.99/sparse_CPU_kendall.csv,kendall,CPU,0.99,10,1000,10_1000,10000,1.0,3.0,1.0,3.5289289371997024,3.9751099896861612,2.3654879848909,3.8965675506572883,232.0,7880.75,9443.0,3380.095238095238,2169.0400368379314,kendall_CPU,9443.0,1223.75,1101.25,5564.75,5746.0,5050.25,2541.25,232.0,4147.75,3776.75,5107.75,4214.25,2072.25,,7880.75,5606.0,2757.5,1283.5,1732.5,6880.0,,2262.5,,379.75,1421.5
results/GeneratedSparse/10_cells_1000_features/0.99/sparse_CPU_manhattan.csv,manhattan,CPU,0.99,10,1000,10_1000,10000,1.0,3.0,1.0,3.6583169542786482,3.9975392780732113,2.728150793243566,4.035909798456609,534.75,10862.0,9943.5,4553.202380952381,2782.9649213895614,manhattan_CPU,9943.5,5457.75,1072.5,942.75,5784.5,,4423.75,7806.0,5678.75,4326.25,3277.25,7206.75,5711.75,5491.25,2960.25,534.75,809.5,4251.75,3759.0,10862.0,,,10080.25,1929.75,3250.75
results/GeneratedSparse/10_cells_1000_features/0.99/sparse_CPU_pearson.csv,pearson,CPU,0.99,10,1000,10_1000,10000,1.0,3.0,1.0,3.5092831887366662,4.312145608606737,2.412460547429961,3.7934411329776636,258.5,6215.0,20518.5,3230.6,1739.8522897073763,pearson_CPU,20518.5,1281.75,1146.5,1075.0,5750.25,,5114.5,2198.75,258.5,2788.75,3415.0,,,6215.0,2991.5,4491.25,1562.0,1551.75,4496.75,2878.75,4988.0,,5322.0,4589.0,2497.0
results/GeneratedSparse/10_cells_1000_features/0.99/sparse_CPU_spearman.csv,spearman,CPU,0.99,10,1000,10_1000,10000,1.0,3.0,1.0,3.983841577071451,3.973462685661777,2.6893088591236203,4.354540596885214,489.0,22622.5,9407.25,9634.775,6146.103632536227,spearman_CPU,9407.25,8895.25,18688.0,983.25,968.5,10308.0,,9707.0,5139.0,6923.25,12924.75,4895.25,16453.5,5415.5,14936.25,3965.0,22622.5,,,13249.5,11812.25,17369.75,489.0,,6950.0
results/GeneratedSparse/10_cells_1000_features/0.99/sparse_GPU_cosine.csv,cosine,GPU,0.99,10,1000,10_1000,10000,1.0,3.0,1.0,3.744145421830864,6.055566096381847,3.73039866786124,3.7598000011613317,5375.25,5751.75,1136491.25,5548.114583333333,93.55883229191346,cosine_GPU,1136491.25,5639.0,5506.5,5509.5,5572.75,5644.25,5539.25,5500.75,5751.75,5414.75,5563.0,5541.75,5480.25,5559.75,5400.5,5537.5,5506.0,5485.0,5633.5,5478.0,5622.75,5375.25,5684.5,5499.5,5709.0
results/GeneratedSparse/10_cells_1000_features/0.99/sparse_GPU_euclidean.csv,euclidean,GPU,0.99,10,1000,10_1000,10000,1.0,3.0,1.0,3.5118218169144484,6.041892034034948,2.812579155409047,3.9290611240847655,649.5,8493.0,1101265.5,3249.5394736842104,2582.1032141086557,euclidean_GPU,1101265.5,5132.0,649.5,,3579.5,1317.25,,1534.75,6906.5,,1026.0,,1696.0,4040.0,7278.75,649.5,671.25,8493.0,7812.75,4115.0,1664.25,1719.75,,1872.5,1583.0
results/GeneratedSparse/10_cells_1000_features/0.99/sparse_GPU_kendall.csv,kendall,GPU,0.99,10,1000,10_1000,10000,1.0,3.0,1.0,2.868736253469247,5.465390659755039,2.748962861256161,2.9523080096621253,561.0,896.0,292005.25,739.15625,77.63646629282853,kendall_GPU,292005.25,777.5,683.5,628.25,805.25,787.5,786.25,758.5,650.5,734.75,561.0,736.5,788.25,884.0,786.0,794.75,665.5,789.25,719.5,896.0,661.25,722.75,636.0,754.75,732.25
results/GeneratedSparse/10_cells_1000_features/0.99/sparse_GPU_manhattan.csv,manhattan,GPU,0.99,10,1000,10_1000,10000,1.0,3.0,1.0,2.877065244727628,5.475055986443825,2.7573960287930244,2.955326890731545,572.0,902.25,298576.75,753.46875,90.89635559766684,manhattan_GPU,298576.75,792.75,695.75,708.25,731.0,902.25,698.75,779.25,572.0,891.25,777.5,850.0,891.5,636.75,654.5,626.0,749.75,657.25,806.75,861.75,833.5,802.5,699.5,796.0,668.75
results/GeneratedSparse/10_cells_1000_features/0.99/sparse_GPU_pearson.csv,pearson,GPU,0.99,10,1000,10_1000,10000,1.0,3.0,1.0,2.9587927551803337,6.0298235318084545,2.7019994748896368,3.1214777702040943,503.5,1322.75,1071084.0,909.4791666666666,195.95584266437567,pearson_GPU,1071084.0,990.0,681.75,1042.25,1097.75,690.25,804.75,1126.75,1137.0,652.75,985.75,1197.0,913.0,801.0,768.5,1005.5,1137.25,877.5,742.25,926.25,503.5,886.25,1322.75,764.5,773.25
results/GeneratedSparse/10_cells_1000_features/0.99/sparse_GPU_spearman.csv,spearman,GPU,0.99,10,1000,10_1000,10000,1.0,3.0,1.0,2.8587627074744395,5.47441405619638,2.7327956982893293,2.919208884270423,540.5,830.25,298135.75,722.375,65.39921476337975,spearman_GPU,298135.75,797.25,698.75,735.25,731.75,744.25,768.5,653.75,815.0,761.5,720.5,675.75,693.25,750.75,606.25,746.0,830.25,618.25,769.25,761.5,748.25,703.25,540.5,747.0,720.25
results/GeneratedSparse/10_cells_1000_features/0.99/sparse_armadillo_cosine.csv,cosine,armadillo,0.99,10,1000,10_1000,10000,1.0,3.0,1.0,1.1060023900109606,1.0652808711027544,0.8960299123962271,1.2741116452653487,7.871,18.798,11.622,12.764458333333332,2.656212152344742,cosine_armadillo,11.622,13.045,17.232,10.9,10.48,12.649,9.64,14.208,14.586,17.925,12.99,9.399,18.798,7.871,10.859,13.315,12.73,13.255,11.331,13.808,12.019,15.977,11.536,10.459,11.335
results/GeneratedSparse/10_cells_1000_features/0.99/sparse_armadillo_euclidean.csv,euclidean,armadillo,0.99,10,1000,10_1000,10000,1.0,3.0,1.0,1.0224335265974547,1.042221002390382,1.0100454126360985,1.0330616925381735,10.234,10.791,11.021,10.530125,0.14257960130514244,euclidean_armadillo,11.021,10.45,10.309,10.63,10.64,10.68,10.609,10.475,10.362,10.671,10.676,10.791,10.441,10.479,10.521,10.507,10.234,10.762,10.529,10.503,10.588,10.599,10.311,10.593,10.363
results/GeneratedSparse/10_cells_1000_features/0.99/sparse_armadillo_manhattan.csv,manhattan,armadillo,0.99,10,1000,10_1000,10000,1.0,3.0,1.0,2.2971608000101202,2.2931127359197405,2.281957816438647,2.316182195916308,191.407,207.101,196.387,198.22608333333332,4.443548402990813,manhattan_armadillo,196.387,196.488,206.357,200.645,196.237,191.407,202.004,197.591,197.416,200.828,194.443,192.788,207.101,200.277,196.369,191.695,202.869,193.79,205.432,191.986,200.753,198.503,197.81,194.769,199.868
results/GeneratedSparse/10_cells_1000_features/0.99/sparse_armadillo_pearson.csv,pearson,armadillo,0.99,10,1000,10_1000,10000,1.0,3.0,1.0,1.2598744790957206,1.3750048155306398,1.0409976924234905,1.3872296062005294,10.99,24.391,23.714,18.191750000000003,3.351669761104157,pearson_armadillo,23.714,22.533,15.99,15.268,16.25,18.902,19.725,21.495,20.399,13.9,23.005,17.513,15.633,14.336,23.535,17.341,20.238,20.499,15.697,16.344,10.99,24.391,15.043,19.825,17.75
results/GeneratedSparse/10_cells_1000_features/0.99/sparse_armadillo_spearman.csv,spearman,armadillo,0.99,10,1000,10_1000,10000,1.0,3.0,1.0,2.2800569078455717,2.279705718610501,2.2585870031647297,2.3012579404367117,181.379,200.105,190.417,190.57104166666667,5.529116923758913,spearman_armadillo,190.417,188.854,200.105,182.342,181.379,194.934,195.847,198.871,184.175,189.803,190.969,186.647,184.145,183.277,199.839,189.148,188.902,193.739,195.255,187.154,187.455,195.372,191.591,196.869,187.033
results/GeneratedSparse/10_cells_1000_features/0.99/sparse_arrayfirecuda_cosine.csv,cosine,arrayfirecuda,0.99,10,1000,10_1000,10000,1.0,3.0,1.0,2.3837323575530798,2.4891242267941998,2.3510034985663437,2.404751637466028,224.39,253.952,308.407,241.95375,5.936562882187528,cosine_arrayfirecuda,308.407,247.794,237.454,240.479,244.899,235.445,239.767,252.434,244.474,243.162,241.638,244.038,224.39,245.06,242.956,238.489,239.697,239.383,240.373,242.865,236.39,236.775,248.542,246.434,253.952
results/GeneratedSparse/10_cells_1000_features/0.99/sparse_arrayfirecuda_euclidean.csv,euclidean,arrayfirecuda,0.99,10,1000,10_1000,10000,1.0,3.0,1.0,2.356698062680168,2.3845738213491328,2.353948912321,2.359655279125803,225.917,228.905,242.423,227.351625,0.8145821941594775,euclidean_arrayfirecuda,242.423,228.077,226.815,227.355,226.733,226.16,227.782,226.559,228.905,228.44,228.485,225.917,226.38,226.501,227.352,228.159,226.441,226.551,227.365,227.91,228.411,227.597,227.776,227.594,227.174
results/GeneratedSparse/10_cells_1000_features/0.99/sparse_arrayfirecuda_manhattan.csv,manhattan,arrayfirecuda,0.99,10,1000,10_1000,10000,1.0,3.0,1.0,4.0675151881783735,4.071999766114304,4.066981531799497,4.068044785926521,11667.6,11696.2,11803.2,11681.945833333333,6.93427352399332,manhattan_arrayfirecuda,11803.2,11686.2,11676.7,11667.6,11679.8,11681.5,11680.6,11688.4,11678.9,11671.1,11683.2,11680.8,11686.2,11686.0,11689.2,11696.2,11682.1,11683.3,11671.7,11687.2,11688.6,11685.8,11687.8,11680.1,11667.7
results/GeneratedSparse/10_cells_1000_features/0.99/sparse_arrayfirecuda_pearson.csv,pearson,arrayfirecuda,0.99,10,1000,10_1000,10000,1.0,3.0,1.0,2.4282046050367123,2.533924504819994,2.4001734780718453,2.4493487857574725,251.289,281.416,341.92,268.0430833333333,7.831142407702865,pearson_arrayfirecuda,341.92,274.173,262.602,269.914,275.175,252.297,268.815,261.253,262.392,251.289,270.049,281.416,276.689,260.091,268.436,272.674,267.373,272.191,265.381,269.094,270.541,254.31,273.796,275.457,277.626
results/GeneratedSparse/10_cells_1000_features/0.99/sparse_raft_cosine.csv,cosine,raft,0.99,10,1000,10_1000,10000,1.0,3.0,1.0,3.423851380158963,5.875498205747798,3.4121987254582655,3.435243532106362,2583.4420575145477,2724.2285002366198,750754.9524307251,2653.6972852756153,35.68580806500131,cosine_raft,1498808.1455230713,2701.7593383789062,2638.578414916992,2623.319625854492,2633.094787597656,2702.9388402972318,2627.859115390439,2651.4160927003413,2686.772567065223,2649.496962511195,2605.4064632684904,2657.197909576412,2680.004667597821,2616.6475223692446,2636.0782770626565,2675.7572544349678,2700.4238248610013,2583.4420575145477,2662.0203435270755,2665.1608344313627,2657.5597792371013,2724.2285002366198,2626.1267476973253,2685.915403279415,2597.5295168082534
results/GeneratedSparse/10_cells_1000_features/0.99/sparse_raft_euclidean.csv,euclidean,raft,0.99,10,1000,10_1000,10000,1.0,3.0,1.0,3.422635994170105,5.881062157223299,3.413978825636399,3.432182874621097,2594.052883979463,2705.097198486328,760435.1043701172,2646.281216597793,32.61382763550932,euclidean_raft,1518165.111541748,2705.097198486328,2643.8236236572266,2629.2800903320312,2637.3863220214844,2675.5423540556094,2698.525044576284,2609.188658344327,2635.860323907149,2613.020653924384,2682.3462910896824,2630.5263401120988,2610.0293832761618,2600.2572944005774,2611.585979279823,2642.227123412567,2653.6385890418587,2663.531941493363,2695.090612321065,2647.240172699112,2624.611689736314,2671.777313886401,2697.937253257972,2594.052883979463,2638.172061055752
results/GeneratedSparse/10_cells_1000_features/0.99/sparse_raft_manhattan.csv,manhattan,raft,0.99,10,1000,10_1000,10000,1.0,3.0,1.0,3.4302746337383034,5.877733568666092,3.413219635338632,3.4411072735750303,2589.5221806679288,2761.259821211921,754629.1351318359,2693.2373814722564,44.66937394132303,manhattan_raft,1506497.3831176758,2760.8871459960938,2692.222595214844,2656.221389770508,2680.063247680664,2655.22981637628,2706.7503132826364,2681.548443296,2734.7265115928585,2680.590488006531,2654.421632216141,2761.259821211921,2651.189080102919,2589.5221806679288,2721.800062507264,2732.910878655528,2650.027488304624,2708.533418922816,2752.5089027033255,2740.0074971399363,2747.634328773476,2640.411945184518,2706.080821785156,2697.685195992177,2635.4639499500095
results/GeneratedSparse/10_cells_1000_features/0.99/sparse_raft_pearson.csv,pearson,raft,0.99,10,1000,10_1000,10000,1.0,3.0,1.0,3.1540487900431198,5.644494334287108,3.137357437567805,3.1673604344488377,1372.0105079849006,1470.1458911095867,441056.60915374756,1425.76775995486,24.8559695187317,pearson_raft,880655.7655334473,1457.4527740478516,1413.583755493164,1389.9803161621094,1435.995101928711,1425.5261908418763,1431.3549030311724,1411.5001919119031,1430.0331781911646,1449.899987727001,1423.1090851622043,1436.2706857835456,1417.181455067491,1444.8407750866463,1421.020541778969,1470.1458911095867,1412.5907285420687,1461.3966712503754,1419.4162368959032,1437.8116707113331,1375.9025024332605,1397.2457669997225,1372.0105079849006,1458.770934003947,1425.3863867717305
