DataFile,metric,method,density,wX,wY,ID,|W|,logWX,logWY,logMeanTime,logMeanTimeReinit,logMinTime,logMaxTime,minTime,maxTime,mean_reinit,mean_sequential,sd,Method,val_1,val_2,val_3,val_4,val_5,val_6,val_7,val_8,val_9,val_10,val_11,val_12,val_13,val_14,val_15,val_16,val_17,val_18,val_19,val_20,val_21,val_22,val_23,val_24,val_25
results/GeneratedDense/10000_cells_1000_features/dense_CPU_cosine.csv,cosine,CPU,dense,10000,1000,10000_1000,10000000,4.0,3.0,6.15859400069586,6.309526264945318,6.158427782156264,6.158755742576309,1440216.5,1441304.5,2039512.0,1440767.8229166667,263.40888762339256,cosine_CPU,2039512.0,1440867.75,1440415.0,1440783.5,1440337.5,1440927.5,1440837.75,1441099.0,1440890.5,1440499.0,1440216.5,1440786.0,1440452.25,1441304.5,1440895.5,1440606.5,1441008.25,1440674.25,1440864.0,1440739.0,1440869.75,1441204.0,1440938.75,1440494.75,1440716.25
results/GeneratedDense/10000_cells_1000_features/dense_CPU_euclidean.csv,euclidean,CPU,dense,10000,1000,10000_1000,10000000,4.0,3.0,6.1575314894960895,6.322840098733052,6.138603520551673,6.1818767302064,1375952.75,1520116.0,2103004.0,1437247.2604166667,32793.72011628134,euclidean_CPU,2103004.0,1458139.75,1416950.5,1412342.25,1480269.25,1401860.0,1464786.75,1432856.5,1520116.0,1424246.75,1438601.75,1493130.25,1426539.0,1445009.5,1453504.5,1471469.5,1435192.0,1385314.0,1428977.25,1375952.75,1420080.25,1438305.0,1415357.0,1451924.25,1403009.5
results/GeneratedDense/10000_cells_1000_features/dense_CPU_kendall.csv,kendall,CPU,dense,10000,1000,10000_1000,10000000,4.0,3.0,8.349193769579088,8.343721762782936,8.3419516976881,8.35719642422194,219761544.0,227612665.25,220659059.5,223456900.02083334,1951077.7645819313,kendall_CPU,220659059.5,222644894.75,225191554.25,226372473.25,223327060.5,224546966.5,223997775.75,226941554.25,219761544.0,222584997.25,221916987.0,222974007.25,221262497.25,224259687.25,223940935.5,222651095.0,220781577.0,222506259.25,223815990.5,222202535.75,226451019.75,222293209.0,227612665.25,221267539.5,223660774.75
results/GeneratedDense/10000_cells_1000_features/dense_CPU_manhattan.csv,manhattan,CPU,dense,10000,1000,10000_1000,10000000,4.0,3.0,6.3193610911967175,6.324472186128389,6.316039522848264,6.321705851734416,2070329.75,2097518.75,2110922.0,2086224.7395833333,8147.570741126605,manhattan_CPU,2110922.0,2083752.75,2095778.25,2097300.5,2090014.0,2091895.25,2083748.5,2088211.5,2073275.75,2070329.75,2086931.75,2093505.75,2087695.5,2096541.25,2075859.75,2080358.75,2072450.5,2095518.0,2082751.75,2088250.5,2093956.25,2097518.75,2078874.75,2086307.75,2078566.5
results/GeneratedDense/10000_cells_1000_features/dense_CPU_pearson.csv,pearson,CPU,dense,10000,1000,10000_1000,10000000,4.0,3.0,6.158233447502992,6.315989279863962,6.149830390658498,6.170919041786813,1411986.0,1482241.75,2070090.25,1439572.1875,18099.162356344066,pearson_CPU,2070090.25,1424377.0,1455610.5,1459846.0,1450200.0,1439564.25,1423272.5,1436998.25,1411986.0,1414119.5,1423559.25,1431924.75,1482241.75,1452512.0,1432369.75,1458960.75,1460768.0,1432433.0,1448357.0,1419549.0,1469439.5,1428628.25,1421002.5,1442228.75,1429784.25
results/GeneratedDense/10000_cells_1000_features/dense_CPU_spearman.csv,spearman,CPU,dense,10000,1000,10000_1000,10000000,4.0,3.0,6.608246669751159,6.605716730236847,6.603536955461836,6.616953630971841,4013626.5,4139554.75,4033822.0,4057389.2083333335,29392.050409672378,spearman_CPU,4033822.0,4048210.5,4085661.0,4046181.5,4028251.5,4034216.25,4058790.0,4037021.25,4073384.0,4050920.25,4066506.75,4125820.0,4080032.5,4049159.25,4051416.5,4067099.0,4139554.75,4023999.0,4013626.5,4025650.75,4055326.0,4048978.5,4082158.75,4053599.75,4031776.75
results/GeneratedDense/10000_cells_1000_features/dense_GPU_cosine.csv,cosine,GPU,dense,10000,1000,10000_1000,10000000,4.0,3.0,4.578172603707258,6.1164393724383475,4.573060258687324,4.585784919293081,37416.25,38528.75,1307493.0,37859.302083333336,252.39658545595736,cosine_GPU,1307493.0,38187.5,37699.5,37862.0,38128.5,37791.75,37783.5,37507.5,37416.25,37846.25,38106.0,37440.5,37545.75,37789.75,37931.25,37773.25,38040.75,37784.5,38528.75,37816.5,37708.5,37760.25,38034.75,38067.75,38072.25
results/GeneratedDense/10000_cells_1000_features/dense_GPU_euclidean.csv,euclidean,GPU,dense,10000,1000,10000_1000,10000000,4.0,3.0,4.609687544911486,6.118801639159966,4.600403804021429,4.616966246616781,39847.75,41396.75,1314624.25,40708.729166666664,387.6935196659498,euclidean_GPU,1314624.25,40869.5,40190.5,41396.75,40517.25,40930.5,40463.75,40605.75,40516.5,40878.25,40238.5,40248.75,40965.25,41213.5,41156.75,41065.25,40694.75,41154.0,40440.0,39847.75,40937.75,40628.75,40135.5,40875.0,41039.25
results/GeneratedDense/10000_cells_1000_features/dense_GPU_kendall.csv,kendall,GPU,dense,10000,1000,10000_1000,10000000,4.0,3.0,7.667562641200466,7.6559799964714434,7.660971461845779,7.672017281904792,45811178.25,46991280.75,45287672.0,46511745.833333336,304798.1120449228,kendall_GPU,45287672.0,46323705.75,46744394.75,46527443.25,46316303.5,46054279.0,46257770.75,46522279.75,46870231.75,46871318.25,46481945.75,46485029.0,46502439.25,46149333.25,46428966.25,45811178.25,46739993.25,46153493.5,46775070.0,46838334.0,46991280.75,46697895.5,46210629.0,46987972.75,46540612.75
results/GeneratedDense/10000_cells_1000_features/dense_GPU_manhattan.csv,manhattan,GPU,dense,10000,1000,10000_1000,10000000,4.0,3.0,4.824058478865453,5.686525224018762,4.81986131513129,4.827845636972458,66048.25,67273.75,485875.75,66689.65625,328.3999706000355,manhattan_GPU,485875.75,66597.0,66984.75,66876.75,66087.25,66996.25,66550.0,66726.5,66309.5,67273.75,66809.75,67166.0,66692.25,66506.75,67076.25,67042.75,66694.75,66654.5,66229.0,66357.25,66048.25,66452.5,67075.0,66720.5,66624.5
results/GeneratedDense/10000_cells_1000_features/dense_GPU_pearson.csv,pearson,GPU,dense,10000,1000,10000_1000,10000000,4.0,3.0,4.58159852619913,6.109496792637846,4.570303544965168,4.589935645623272,37179.5,38898.75,1286757.75,38159.135416666664,422.88160145580514,pearson_GPU,1286757.75,38576.25,38024.0,38749.75,38276.75,38005.75,37449.75,38457.0,38272.75,37920.75,37179.5,38014.25,38591.75,38160.5,38330.25,38424.0,37444.25,38142.5,38898.75,38422.5,38246.5,37720.0,37624.0,38506.25,38381.5
results/GeneratedDense/10000_cells_1000_features/dense_GPU_spearman.csv,spearman,GPU,dense,10000,1000,10000_1000,10000000,4.0,3.0,7.289323628330509,7.313034970878771,7.282946132657129,7.292872763544942,19184307.75,19627851.5,20560561.5,19468102.6875,101342.05038487051,spearman_GPU,20560561.5,19408876.25,19576837.5,19506967.0,19627851.5,19439488.25,19567575.5,19579577.5,19318954.5,19410477.25,19542013.0,19527704.0,19525211.5,19401260.5,19457645.0,19456833.5,19561286.75,19468100.0,19184307.75,19283946.25,19520037.5,19540500.0,19443418.5,19390490.5,19495104.5
results/GeneratedDense/10000_cells_1000_features/dense_amap_cosine.csv,cosine,amap,dense,10000,1000,10000_1000,10000000,4.0,3.0,8.050067370947893,8.05295653374939,8.042998858325088,8.056093101568319,110407571.75,113787119.0,112968284.5,112219252.35416667,813495.9155175579,cosine_amap,112968284.5,111449635.5,110852104.25,111517521.5,112695928.5,112643776.0,113581622.0,112499168.75,113349055.5,111544976.5,112816175.0,111700911.0,112026056.0,111381026.5,112146416.0,112221399.5,112837986.75,113787119.0,112108305.75,110407571.75,112254788.25,113203944.5,112514049.25,111727195.0,111995323.75
results/GeneratedDense/10000_cells_1000_features/dense_amap_euclidean.csv,euclidean,amap,dense,10000,1000,10000_1000,10000000,4.0,3.0,7.82498035435968,7.804237538058384,7.817276069125043,7.83216401303112,65656249.25,67946018.5,63714391.25,66831368.520833336,602697.5989657092,euclidean_amap,63714391.25,66608049.75,67771344.0,66536450.25,67007768.25,66907279.0,66120113.5,67765775.5,66828047.0,66996876.5,67491913.75,66248832.5,65656249.25,65926260.25,66913520.75,67946018.5,67147205.75,66570070.5,66841425.75,66701184.75,67054448.5,66927057.5,65763264.25,67605307.75,66618381.0
results/GeneratedDense/10000_cells_1000_features/dense_amap_kendall.csv,kendall,amap,dense,10000,1000,10000_1000,10000000,4.0,3.0,9.84138628606954,9.976767869400085,8.733392969007918,10.25209797283355,541243843.0,17868906354.5,9479116686.5,6940428525.157895,5332139355.741123,kendall_amap,9479116686.5,9251628383.5,9205551357.75,,,9803987152.0,,3703607474.5,,7255710109.0,916908526.0,13917930024.75,2839563910.0,3350698486.0,1664727505.0,9070370250.75,541243843.0,17868906354.5,2312492000.0,,2931859990.0,2050009114.0,4852827887.5,16278933870.75,14051185739.0
results/GeneratedDense/10000_cells_1000_features/dense_amap_manhattan.csv,manhattan,amap,dense,10000,1000,10000_1000,10000000,4.0,3.0,7.8193343844486565,7.806002509773593,7.806295458906175,7.830896193591228,64017020.75,67747955.5,63973853.25,65968162.072916664,968494.6865269794,manhattan_amap,63973853.25,64264236.0,65926223.0,66227180.25,67217133.25,65500252.75,66217991.75,65168459.5,66587929.5,66710176.5,64793620.25,65764059.25,65223155.5,65283618.25,66622989.0,67747955.5,67107953.75,66899390.5,64017020.75,66082786.5,67018507.0,67038138.75,65277951.25,64824808.5,65714352.5
results/GeneratedDense/10000_cells_1000_features/dense_amap_pearson.csv,pearson,amap,dense,10000,1000,10000_1000,10000000,4.0,3.0,7.985233842687035,7.980173894185586,7.977300391751258,7.997043742093499,94907469.0,99321608.0,95537504.75,96657118.20833333,1113076.3866623489,pearson_amap,95537504.75,99321608.0,96435559.75,96273819.25,96525853.75,96303375.0,96072668.25,96431337.0,97845703.5,96532576.75,97493575.5,95981178.5,96959380.75,95758999.75,95175096.75,94914926.5,97724087.5,96508723.0,98536949.0,94907469.0,97972340.25,97479274.75,97301492.25,95103136.0,96211706.25
results/GeneratedDense/10000_cells_1000_features/dense_amap_spearman.csv,spearman,amap,dense,10000,1000,10000_1000,10000000,4.0,3.0,8.430676455840713,8.429280613856546,8.42866483395062,8.43232018080695,268327283.5,270595257.5,268708010.75,269573039.75,480333.30064366723,spearman_amap,268708010.75,269108129.5,269484817.5,269714846.0,269973629.75,269750440.75,269662522.0,268327283.5,269890111.5,269618369.0,269592482.75,269572238.25,270383013.25,269425972.5,269861006.25,269156438.75,269919691.25,269877546.25,269325083.25,269936583.0,269299322.5,269473733.75,270595257.5,268717826.75,269086608.5
results/GeneratedDense/10000_cells_1000_features/dense_armadillo_cosine.csv,cosine,armadillo,dense,10000,1000,10000_1000,10000000,4.0,3.0,5.923924963210491,5.909030493192566,5.9162754563246285,5.932303768032605,824661.0,855665.0,811018.0,839314.9583333334,7743.7186613795075,cosine_armadillo,811018.0,828995.0,840817.0,831827.0,854322.0,830088.0,842274.0,853032.0,841069.0,834482.0,855665.0,841589.0,834742.0,840559.0,833123.0,841378.0,836030.0,845099.0,837916.0,848419.0,824661.0,835870.0,835270.0,841934.0,834398.0
results/GeneratedDense/10000_cells_1000_features/dense_armadillo_euclidean.csv,euclidean,armadillo,dense,10000,1000,10000_1000,10000000,4.0,3.0,6.0014724014654615,5.999150123262416,5.991803569123241,6.013091402322173,981304.0,1030603.0,998045.0,1003396.0833333334,9939.982494605087,euclidean_armadillo,998045.0,1009060.0,995702.0,1005383.0,1014770.0,1010112.0,981304.0,1002042.0,1004313.0,989194.0,1006537.0,1017981.0,988198.0,1007765.0,998013.0,1006062.0,1000797.0,997646.0,1030603.0,1005257.0,1003235.0,1005160.0,1004992.0,1004475.0,992905.0
results/GeneratedDense/10000_cells_1000_features/dense_armadillo_manhattan.csv,manhattan,armadillo,dense,10000,1000,10000_1000,10000000,4.0,3.0,8.528700533190264,8.518338870759791,8.521142291888163,8.536970410206884,332003216.99666286,344326469.9630486,329867000.0,337831804.6903003,3144262.336647903,manhattan_armadillo,329867000.0,338190000.0,340788000.0,340154000.0,336828000.0,339096000.0,333309000.0,334540000.0,340304000.0,337844000.0,338574625.9410801,336308876.55092806,336874713.9197804,343455745.8243286,334789773.9153649,340811506.4702361,332003216.99666286,344326469.9630486,336649404.3961004,335950695.7692303,333179620.6776727,338198286.52851176,342332213.76292795,338123330.44587785,335331831.405457
results/GeneratedDense/10000_cells_1000_features/dense_armadillo_pearson.csv,pearson,armadillo,dense,10000,1000,10000_1000,10000000,4.0,3.0,5.927160223535498,5.922611810518376,5.910483529778952,5.944046678342221,813736.0,879117.0,836781.0,845590.75,16562.68725743199,pearson_armadillo,836781.0,838025.0,862250.0,832724.0,813736.0,837469.0,843699.0,839381.0,836706.0,860574.0,848634.0,821389.0,862185.0,853019.0,835105.0,848763.0,841249.0,879117.0,841641.0,830510.0,860814.0,870990.0,821181.0,842196.0,872821.0
results/GeneratedDense/10000_cells_1000_features/dense_armadillo_spearman.csv,spearman,armadillo,dense,10000,1000,10000_1000,10000000,4.0,3.0,6.039765730741942,6.039774889815971,6.036840996571112,6.04369375518192,1088531.4883910206,1105843.7180226345,1095910.0,1095886.8879979022,4361.5927713957635,spearman_armadillo,1095910.0,1093810.0,1092690.0,1092200.0,1096010.0,1101810.0,1094910.0,1096550.0,1091710.0,1101470.0,1105843.7180226345,1104115.4310837458,1091928.250074299,1094975.8497283575,1089816.9092980537,1093935.2068439226,1097608.7498750987,1093394.758082077,1098167.8514495022,1100777.848179773,1096142.6231084089,1098257.6505045854,1088531.4883910206,1095314.8800066533,1091314.0973015225
results/GeneratedDense/10000_cells_1000_features/dense_arrayfirecpu_cosine.csv,cosine,arrayfirecpu,dense,10000,1000,10000_1000,10000000,4.0,3.0,5.648539994436505,5.6306200612002595,5.644268186551319,5.652154442693513,440827.0,448905.0,427189.0,445184.4583333333,2035.06377826279,cosine_arrayfirecpu,427189.0,446366.0,443440.0,445535.0,444329.0,444890.0,447478.0,447252.0,446879.0,442518.0,443799.0,444695.0,445717.0,448753.0,442585.0,444669.0,444170.0,443463.0,446217.0,440827.0,444906.0,442837.0,446234.0,448905.0,447963.0
results/GeneratedDense/10000_cells_1000_features/dense_arrayfirecpu_euclidean.csv,euclidean,arrayfirecpu,dense,10000,1000,10000_1000,10000000,4.0,3.0,5.801935617873108,5.803156556367429,5.7613330941121434,5.825862140806108,577209.0,669672.0,635560.0,633775.75,21602.541658429145,euclidean_arrayfirecpu,635560.0,652475.0,618416.0,577209.0,622816.0,648032.0,640416.0,623476.0,635079.0,644154.0,647925.0,653663.0,584540.0,629723.0,634007.0,669672.0,642131.0,610642.0,644217.0,612357.0,655290.0,642013.0,647268.0,654766.0,620331.0
results/GeneratedDense/10000_cells_1000_features/dense_arrayfirecpu_manhattan.csv,manhattan,arrayfirecpu,dense,10000,1000,10000_1000,10000000,4.0,3.0,8.249956137931896,8.240641588441209,8.235484012834467,8.262975649214287,171982403.0239175,183221168.7828468,174037000.0,177809981.97443792,3372617.9753665286,manhattan_arrayfirecpu,174037000.0,175691000.0,179932000.0,181608177.71602705,174999180.44613063,176888301.3111864,179975938.2760453,173146806.4238523,172994319.11178243,173163638.32654893,180702200.75766847,173994676.04033464,174053297.7487708,183221168.7828468,181193041.9356349,180642525.3809277,177393555.6487052,179566720.60580736,180504032.95015028,171982403.0239175,182833061.1200391,178212213.36420673,178310229.59772307,180801092.7156445,175629986.10255995
results/GeneratedDense/10000_cells_1000_features/dense_arrayfirecpu_pearson.csv,pearson,arrayfirecpu,dense,10000,1000,10000_1000,10000000,4.0,3.0,5.691962491402107,5.70374951057019,5.672590087307008,5.715823742438514,470533.0,519785.0,505533.0,491997.0416666667,14311.71458828736,pearson_arrayfirecpu,505533.0,481546.0,502411.0,504591.0,470602.0,480055.0,503611.0,478832.0,513222.0,483377.0,478685.0,484979.0,519785.0,499373.0,492310.0,504713.0,470533.0,475173.0,512097.0,494640.0,495394.0,470717.0,499731.0,486189.0,505363.0
results/GeneratedDense/10000_cells_1000_features/dense_arrayfirecpu_spearman.csv,spearman,arrayfirecpu,dense,10000,1000,10000_1000,10000000,4.0,3.0,6.405182070822786,6.400206313903178,6.4046203461208675,6.405444470014319,2538752.3950262554,2543574.544492635,2513080.0,2542038.189916451,1200.0010929946452,spearman_arrayfirecpu,2513080.0,2541460.0,2543130.0,2543276.520217646,2538752.3950262554,2541502.299944376,2542232.061155753,2541909.59527422,2540263.33699988,2542875.199241176,2543477.9598415247,2543187.397395624,2539515.808172657,2543152.867225633,2542345.941293173,2541456.1415002607,2542088.873431229,2542481.9373533656,2542398.0409281203,2541088.819441913,2542027.2267178837,2541500.8775495,2543132.7300385386,2542085.984753466,2543574.544492635
results/GeneratedDense/10000_cells_1000_features/dense_arrayfirecuda_cosine.csv,cosine,arrayfirecuda,dense,10000,1000,10000_1000,10000000,4.0,3.0,5.072309037557159,5.072426374327969,5.070861320933898,5.0740700414125355,117723.0,118596.0,118148.0,118116.08333333333,279.5941875687372,cosine_arrayfirecuda,118148.0,117901.0,118218.0,117750.0,117949.0,118550.0,118022.0,118012.0,117900.0,117840.0,117877.0,118226.0,118486.0,118521.0,118436.0,118092.0,118596.0,118400.0,118039.0,118562.0,117832.0,117832.0,118010.0,117723.0,118012.0
results/GeneratedDense/10000_cells_1000_features/dense_arrayfirecuda_euclidean.csv,euclidean,arrayfirecuda,dense,10000,1000,10000_1000,10000000,4.0,3.0,5.070766161910495,5.072253574943263,5.060829996825313,5.076385543954533,115035.0,119230.0,118101.0,117697.20833333333,1122.3408565422042,euclidean_arrayfirecuda,118101.0,116936.0,118808.0,117429.0,118341.0,117876.0,117101.0,115462.0,118048.0,117612.0,117617.0,118501.0,118094.0,116053.0,118706.0,116449.0,118607.0,118260.0,119230.0,116500.0,117431.0,118785.0,119068.0,118784.0,115035.0
results/GeneratedDense/10000_cells_1000_features/dense_arrayfirecuda_manhattan.csv,manhattan,arrayfirecuda,dense,10000,1000,10000_1000,10000000,4.0,3.0,5.946313946725756,5.940762449068638,5.946312718124408,5.946315175323629,883716.0,883721.0,872494.0,883718.5,1.35400640077266,manhattan_arrayfirecuda,872494.0,883719.0,883717.0,883716.0,883719.0,883720.0,883717.0,883720.0,883719.0,883721.0,883721.0,883718.0,883718.0,883719.0,883719.0,883718.0,883718.0,883718.0,883720.0,883719.0,883719.0,883717.0,883717.0,883719.0,883716.0
results/GeneratedDense/10000_cells_1000_features/dense_arrayfirecuda_pearson.csv,pearson,arrayfirecuda,dense,10000,1000,10000_1000,10000000,4.0,3.0,5.074342619716162,5.072845219341077,5.073667038262255,5.075441112024015,118486.0,118971.0,118262.0,118670.45833333333,108.69528476689113,pearson_arrayfirecuda,118262.0,118601.0,118762.0,118732.0,118733.0,118762.0,118585.0,118546.0,118740.0,118622.0,118727.0,118521.0,118671.0,118677.0,118583.0,118557.0,118486.0,118751.0,118600.0,118866.0,118685.0,118616.0,118646.0,118651.0,118971.0
results/GeneratedDense/10000_cells_1000_features/dense_arrayfirecuda_spearman.csv,spearman,arrayfirecuda,dense,10000,1000,10000_1000,10000000,4.0,3.0,5.085712207735844,5.084444003506087,5.0851799385922165,5.086406105490189,121669.0,122013.0,121463.0,121818.20833333333,97.38838875291493,spearman_arrayfirecuda,121463.0,121740.0,121877.0,121677.0,121759.0,121942.0,121783.0,121679.0,121799.0,121756.0,121734.0,121736.0,121669.0,121855.0,122013.0,121833.0,121805.0,121818.0,121780.0,121912.0,121812.0,121765.0,121934.0,121974.0,121985.0
results/GeneratedDense/10000_cells_1000_features/dense_factoextra_cosine.csv,cosine,factoextra,dense,10000,1000,10000_1000,10000000,4.0,3.0,7.815363604696589,7.816650911679618,7.813682020330097,7.818227604717643,65115146.25,65800259.25,65561806.5,65367760.260416664,214270.67929218838,cosine_factoextra,65561806.5,65142981.5,65168801.5,65142418.75,65115146.25,65438811.25,65772749.5,65212054.5,65475665.75,65704233.25,65234673.0,65666457.75,65155367.75,65206199.25,65547608.0,65478700.5,65303269.75,65201274.25,65177513.75,65493116.0,65231668.25,65341184.0,65230696.25,65800259.25,65585396.25
results/GeneratedDense/10000_cells_1000_features/dense_factoextra_euclidean.csv,euclidean,factoextra,dense,10000,1000,10000_1000,10000000,4.0,3.0,8.320553427219854,8.32001034624969,8.315336385793525,8.324108461323581,206698053.0,210915482.75,208934590.5,209196024.57291666,1225958.7567147755,euclidean_factoextra,208934590.5,206698053.0,209181664.0,209837666.0,209556992.0,209776952.5,209568276.0,209977510.25,209436626.75,207447589.0,207894791.0,210240016.5,206943092.25,210711658.25,210312094.5,209066095.0,208608503.5,209426216.0,210743293.5,207159616.0,210202668.5,207676874.75,209759190.5,209563667.25,210915482.75
results/GeneratedDense/10000_cells_1000_features/dense_factoextra_manhattan.csv,manhattan,factoextra,dense,10000,1000,10000_1000,10000000,4.0,3.0,8.31899073738295,8.311415840494275,8.309716456785651,8.329309238643532,204040536.5,213456428.5,204840506.25,208444642.5625,2190224.2713016444,manhattan_factoextra,204840506.25,209690255.75,209019669.25,209185627.5,206264861.25,204219213.0,210786069.0,209074835.75,209647691.5,209218831.5,211223730.75,210559910.5,207367486.5,207267719.75,204040536.5,208382344.0,208166468.25,210720387.75,205938086.0,209251069.25,207460237.25,213456428.5,206521160.25,206082007.5,209126794.25
results/GeneratedDense/10000_cells_1000_features/dense_factoextra_spearman.csv,spearman,factoextra,dense,10000,1000,10000_1000,10000000,4.0,3.0,7.827130745141251,7.830906547937633,7.817013623882256,7.842993683653209,65616585.0,69661638.25,67749570.75,67163101.82291667,1144723.0020913254,spearman_factoextra,67749570.75,66573643.0,66877569.25,66684577.25,66163818.0,66749939.5,66089730.25,67068869.75,69454309.0,69590466.25,67044379.5,67038958.25,65694501.0,66303615.0,67245383.5,67816277.25,65902597.0,66586483.75,67244347.5,65616585.0,67603507.25,66543213.0,69661638.25,67566764.0,68793271.25
results/GeneratedDense/10000_cells_1000_features/dense_pandas_cosine.csv,cosine,pandas,dense,10000,1000,10000_1000,10000000,4.0,3.0,9.79941272024,9.800343404172972,9.795399943241735,9.80265697254445,6243094995.441371,6348293139.026944,6314564506.866451,6301047017.068725,22076829.287749745,cosine_pandas,6299447260.141373,6329681753.59153,6283069439.717901,6348293139.026944,6297665280.221085,6298634770.523903,6310710232.857832,6314196749.024183,6299181969.413016,6286406761.388137,6302727692.873892,6325229332.840808,6312211878.197955,6273610649.537714,6324061931.872373,6300656127.481853,6277488529.732989,6283844825.93529,6275861702.848216,6314968395.622932,6243094995.441371,6288418826.329228,6301099516.784768,6309282217.034948,6324731691.350522
results/GeneratedDense/10000_cells_1000_features/dense_pandas_euclidean.csv,euclidean,pandas,dense,10000,1000,10000_1000,10000000,4.0,3.0,9.067803676983257,9.077723522013315,9.056113104219673,9.077911054004126,1137923599.0583773,1196495457.093232,1195978911.8766785,1168970837.7671912,14715605.881205246,euclidean_pandas,1234743973.7319946,1157213850.0213623,1181191277.9808044,1171421585.3824997,1137923599.0583773,1177448352.2072537,1180869275.9662642,1164717675.44451,1175160387.348707,1181494842.292014,1174340579.1227987,1165567564.9578,1185977343.7323406,1196495457.093232,1174313711.5406597,1138171585.3549702,1171392527.8795326,1178527102.489938,1146915194.0190718,1151905651.453498,1179381641.5979238,1158061658.1657083,1182245822.9952312,1155932218.3008826,1168631202.0072095
results/GeneratedDense/10000_cells_1000_features/dense_pandas_kendall.csv,kendall,pandas,dense,10000,1000,10000_1000,10000000,4.0,3.0,10.612275399101884,10.587607122578945,10.557740919187575,10.668301775722698,36119432585.24045,46590972509.58392,38690747701.883316,40952026644.10648,3022363089.338928,kendall_pandas,38909344390.153885,38472151013.61275,43321926903.96309,39732295577.82328,38776123311.091286,37813356864.89548,37505955857.319824,37056096119.38816,41664189244.33305,42981630911.865326,43565237883.57469,36119432585.24045,41304171275.28352,38164081617.56715,38488819318.28665,45318017738.68413,45018247039.381195,46590972509.58392,40399728437.73144,43354717510.15976,37434490168.22331,40187977312.2754,45460356095.532845,43842545093.313614,40276119069.42528
results/GeneratedDense/10000_cells_1000_features/dense_pandas_manhattan.csv,manhattan,pandas,dense,10000,1000,10000_1000,10000000,4.0,3.0,9.072968910314781,9.072586289132445,9.07083413874887,9.07498297989241,1177156320.311179,1188455650.655016,1181915121.651618,1182956868.7796957,3504399.520394982,manhattan_pandas,1183768686.056137,1180061557.247099,1184223829.741844,1181274016.290743,1186102475.623216,1185213694.833601,1178859554.244969,1177372041.651381,1185619519.05249,1187789236.071594,1181238042.049052,1182660461.559991,1183297611.378406,1182058095.238544,1186702865.518684,1186408164.767141,1184959470.040348,1179991333.21502,1179499045.449262,1188455650.655016,1179488073.092124,1187132321.878203,1177156320.311179,1178208566.235794,1187192904.566999
results/GeneratedDense/10000_cells_1000_features/dense_pandas_pearson.csv,pearson,pandas,dense,10000,1000,10000_1000,10000000,4.0,3.0,8.657187350335802,8.684758257002265,8.653396274370492,8.660209438160939,450190446.2715722,457308673.1825704,483902935.8625412,454137484.80999327,1903618.627524056,pearson_pandas,515099616.5275574,452706255.197525,455378368.13926697,453361554.9387674,450848737.91503775,454442790.4993863,452441517.3375008,453728006.6747697,455479255.86796695,456124429.4829109,453582056.7894912,450807836.35643446,457062573.1216261,456106736.6066768,452992759.639148,457308673.1825704,456793944.01479053,456102071.1826428,454921245.0016079,450190446.2715722,453492065.43147767,453738584.5107981,453964919.2074957,453772533.78953266,453952274.2808437
results/GeneratedDense/10000_cells_1000_features/dense_pandas_spearman.csv,spearman,pandas,dense,10000,1000,10000_1000,10000000,4.0,3.0,8.34296063757294,8.342515879133567,8.3374745392501,8.351446611618709,217507651.52394792,224619063.19048527,220047216.41540527,220272680.91173753,1886106.730484325,spearman_pandas,221073482.7518463,219020950.07896423,221404651.6418457,221584589.72106168,219237780.33697063,220050347.1595832,218089133.4541564,221291280.1571744,221391832.28157,219896251.64345992,223201789.79046664,217507651.52394792,220483675.2953761,218519117.4801385,219182219.43049207,218673791.97901595,218153660.52854484,218727421.95123985,223575087.3098285,218645343.35709456,220975878.9301895,220840131.0575916,222837345.55261207,224619063.19048527,218635348.02989063
results/GeneratedDense/10000_cells_1000_features/dense_pythonic_cosine.csv,cosine,pythonic,dense,10000,1000,10000_1000,10000000,4.0,3.0,8.36478470466731,8.356410965166617,8.357215429643855,8.375103100353394,227622626.162633,237193673.02915865,227201380.13362885,231624611.91304263,1951820.745429366,cosine_pythonic,224606815.3381348,229795944.92912287,233586922.40715027,233856104.10466725,233370551.31112096,230857349.29708293,232758971.81044745,229703683.48014948,231595349.41756803,229212019.86731097,229511651.0152558,231743188.71866915,231026126.1066352,233109094.2973635,233339324.61365485,230384134.28192025,227622626.162633,230552601.76682296,232614544.46167153,230743720.94748768,231695909.88978937,232294454.63606408,230077632.14927143,232345107.21200597,237193673.02915865
results/GeneratedDense/10000_cells_1000_features/dense_pythonic_euclidean.csv,euclidean,pythonic,dense,10000,1000,10000_1000,10000000,4.0,3.0,8.137113664399664,8.120500992934426,8.130483269049043,8.146521789607478,135046480.09550384,140126988.828523,131977832.91339874,137124060.29727128,1314184.1628202961,euclidean_pythonic,127705068.82667542,136250597.00012207,138609172.10578918,138026635.92490667,137038215.37902582,136950032.56317523,135190844.379954,136991842.3939285,136645333.39557528,138380586.40255308,138617185.48052502,136984516.1942301,135562258.64248267,136334875.0688895,138121797.95759374,137063893.17775315,138660344.89156133,135178497.11355004,135659763.55200204,137508332.1205596,136607350.68399397,135046480.09550384,138941651.54005134,136480252.24226153,140126988.828523
results/GeneratedDense/10000_cells_1000_features/dense_pythonic_kendall.csv,kendall,pythonic,dense,10000,1000,10000_1000,10000000,4.0,3.0,9.047008673564237,9.054809867675832,9.04664899074684,9.047447587953787,1113394292.6478674,1115443527.9373753,1134514021.396637,1114316788.0806363,496342.8272794255,kendall_pythonic,1155051530.8380127,1113976511.9552612,1114945625.5435944,1114793624.0079167,1114080306.4656794,1113992525.3989787,1114431317.5273056,1114484159.1426082,1114096176.5127928,1113952013.156564,1114058418.3269286,1113970153.4500666,1115304754.7028615,1114172911.8188748,1114847110.2105408,1113829074.3119073,1114353186.603258,1113828624.0762763,1113953499.003264,1115057376.5358963,1114244550.140206,1115443527.9373753,1114117555.1615407,1114275619.297707,1113394292.6478674
results/GeneratedDense/10000_cells_1000_features/dense_pythonic_manhattan.csv,manhattan,pythonic,dense,10000,1000,10000_1000,10000000,4.0,3.0,7.899106452433025,7.904415504585893,7.892920739063952,7.905696620740127,78148516.65834025,80481603.5263679,80244542.36030579,79269560.88758975,657328.9380986217,manhattan_pythonic,81467680.69267273,79021404.02793884,80036172.62840271,80481603.5263679,78500412.52360386,78772918.78741758,79337367.75572696,78590422.6849253,78368761.52731632,79407374.42376445,80026547.69505705,79346726.4960646,80363650.58915433,78148516.65834025,78772879.92830296,79578997.54347816,79272547.36425585,79985109.14292061,78731754.14935316,78600005.2490525,80232924.82490525,79579792.75391625,78610996.41587985,79248840.76256432,79453733.84344527
results/GeneratedDense/10000_cells_1000_features/dense_pythonic_pearson.csv,pearson,pythonic,dense,10000,1000,10000_1000,10000000,4.0,3.0,6.120503682620397,6.118500246056786,6.109515179646417,6.130245381301359,1286812.2294548792,1349725.2772600215,1313712.239265442,1319786.502851122,17472.72744589168,pearson_pythonic,1324836.9693756104,1302587.5091552734,1329832.3154449463,1318806.141689323,1299874.514114088,1323065.1450951195,1328609.8487895331,1290593.216317588,1305129.6378683234,1349345.6344136146,1331087.751626196,1330482.4987070244,1311827.8440985358,1318046.1636262876,1315200.9969097164,1314289.4683084243,1349588.3081136243,1293111.3940123124,1319643.3455032387,1349725.2772600215,1331457.8157269836,1286812.2294548792,1334913.2390162826,1310559.4192866087,1330286.3538889866
results/GeneratedDense/10000_cells_1000_features/dense_pythonic_spearman.csv,spearman,pythonic,dense,10000,1000,10000_1000,10000000,4.0,3.0,9.094301901968942,9.093309951752476,9.09283034747145,9.095152614756694,1238312758.3031948,1244952021.58946,1239681019.1869736,1242515748.446889,1442916.148714971,spearman_pythonic,1237645508.2893372,1241716530.08461,1243815912.7235413,1241532713.5957055,1244952021.58946,1241990597.078102,1244230706.985461,1241415700.3682685,1241512737.2917552,1241775813.7284112,1243461957.2477007,1238312758.3031948,1241098161.9519782,1244789959.905638,1242061600.3164515,1243209756.096136,1241839547.5084774,1241405015.6614103,1242376869.4865186,1243516626.233276,1243579560.1681447,1244349813.061643,1243253268.6455483,1241763751.8200235,1242416582.8738763
results/GeneratedDense/10000_cells_1000_features/dense_raft_cosine.csv,cosine,raft,dense,10000,1000,10000_1000,10000000,4.0,3.0,5.3055151742715925,5.764674830473888,5.301280614905067,5.308110382439311,200115.44773333907,203287.36305236816,581667.5424575806,202076.20362885433,840.3513185678967,cosine_raft,960425.615310669,202909.4696044922,201364.99404907227,201658.7257385254,203287.36305236816,201777.93502807617,201279.4017791748,202819.3473815918,202839.37454223636,201861.6199493408,200626.18316708252,203213.2111064564,202814.498650052,203129.3225651248,201804.52819242835,201962.21991058448,201114.55724848947,201766.945925456,202814.32735263213,202878.6277464221,202679.3607552422,201317.95434202772,201965.67351085597,201827.7977614325,200115.44773333907
results/GeneratedDense/10000_cells_1000_features/dense_raft_euclidean.csv,euclidean,raft,dense,10000,1000,10000_1000,10000000,4.0,3.0,5.205085540451172,5.764472917798557,5.202229440750068,5.209526360757617,159305.01240679598,162004.2324066162,581397.1757888794,160356.1203684965,676.6564770730333,euclidean_raft,1003270.149230957,159524.20234680176,160598.7548828125,162004.2324066162,160111.4273071289,160859.1079711914,159869.43244934082,160640.23971557617,159871.81663513184,160607.81478881836,160312.1258122023,160685.7647623092,160283.2762024092,160319.766777073,159967.7577335407,160029.81818791668,161674.87035122447,159603.96765885103,159305.01240679598,160288.7796321955,159658.82144836464,159902.32513103294,161806.81278425548,160352.62387778785,160268.13757453865
results/GeneratedDense/10000_cells_1000_features/dense_raft_manhattan.csv,manhattan,raft,dense,10000,1000,10000_1000,10000000,4.0,3.0,5.198520329404103,5.76254647316319,5.194106795566681,5.203038778854692,156353.2077102742,159602.16522216797,578823.9240646362,157950.25428109066,829.9869555177031,manhattan_raft,999158.1439971924,158489.70413208008,156833.41026306152,157620.90682983398,159602.16522216797,157229.90036010742,158444.16618347168,157009.12475585938,157033.20503234863,156919.00253295898,158454.4183614707,159008.7502144978,156889.07734911746,157666.5787924569,158285.12785700057,158284.4860310949,158140.88381524896,157816.29596720124,157562.61039384574,158635.49285508238,158778.76032521654,156353.2077102742,158149.7803686274,158348.9769705858,159250.07042256548
results/GeneratedDense/10000_cells_1000_features/dense_raft_pearson.csv,pearson,raft,dense,10000,1000,10000_1000,10000000,4.0,3.0,5.341196950972416,5.842664268502587,5.338562745118467,5.344706371020894,218053.34091186523,221159.89293451144,696088.1948471068,219379.95899547054,732.242921235022,pearson_raft,1172399.7592926023,219776.63040161133,218665.83824157715,218053.34091186523,219559.6694946289,219016.55197143555,220972.5379943848,219068.5272216797,219265.4609680176,218587.39852905276,221159.89293451144,219372.37067286807,219234.8256941721,219270.67812479453,221111.61607656156,219140.44009038727,219114.38327206927,219235.80604083303,219147.7035554462,219008.24051425848,219124.09296798203,219593.0414819187,218792.00286239924,219400.97683626667,219446.98903257088
results/GeneratedDense/10000_cells_100_features/dense_CPU_cosine.csv,cosine,CPU,dense,10000,100,10000_100,1000000,4.0,2.0,5.9921263537525284,6.171158209124644,5.891051322224528,6.0751354640845845,778128.5,1188873.0,1483058.25,982033.6145833334,96316.13318769113,cosine_CPU,1483058.25,866113.0,1033738.75,882774.75,1003882.5,778128.5,1053463.5,1007423.25,1050665.75,956782.0,886828.0,821385.25,1020813.5,1010976.5,864864.0,965163.5,909546.0,1075564.5,1052553.75,956298.25,980060.25,1073800.75,1188873.0,1127158.5,1001949.0
results/GeneratedDense/10000_cells_100_features/dense_CPU_euclidean.csv,euclidean,CPU,dense,10000,100,10000_100,1000000,4.0,2.0,6.006534158385639,6.180631230036712,5.8999142977180155,6.116493925991243,794171.5,1307657.25,1515762.75,1015159.2083333334,127062.6459374811,euclidean_CPU,1515762.75,885474.0,1046752.75,900666.5,794171.5,1077455.0,991242.25,997548.5,949699.75,1155521.25,1115389.5,1052437.0,1017454.75,1216809.5,993292.5,936595.75,926232.75,1036168.25,939657.25,921243.25,967090.5,1299449.5,1307657.25,987693.75,848118.0
results/GeneratedDense/10000_cells_100_features/dense_CPU_kendall.csv,kendall,CPU,dense,10000,100,10000_100,1000000,4.0,2.0,7.329378060197132,7.3280760264462375,7.32891566183538,7.329852734914046,21326307.25,21372372.5,21285116.25,21349025.708333332,12885.068335024998,kendall_CPU,21285116.25,21360658.25,21342738.25,21355187.25,21372372.5,21334066.25,21352377.5,21337307.75,21350440.5,21339077.0,21350232.5,21332269.25,21355363.25,21353788.25,21332561.75,21338170.25,21345207.25,21361525.25,21358660.25,21338134.0,21369826.25,21370115.5,21339133.5,21326307.25,21361097.25
results/GeneratedDense/10000_cells_100_features/dense_CPU_manhattan.csv,manhattan,CPU,dense,10000,100,10000_100,1000000,4.0,2.0,5.748749056336973,5.7714618038891965,5.746419917487662,5.7523008801721955,557724.75,565328.5,590829.0,560723.8854166666,1799.2712630441508,manhattan_CPU,590829.0,559626.0,562108.25,559854.5,559445.5,557860.5,561447.75,562485.5,561954.0,559042.0,560166.5,559756.0,560955.0,560375.25,558891.25,560396.25,561947.75,564111.75,560908.5,558632.75,565328.5,557724.75,560830.25,560931.5,562593.25
results/GeneratedDense/10000_cells_100_features/dense_CPU_pearson.csv,pearson,CPU,dense,10000,100,10000_100,1000000,4.0,2.0,5.986150877337007,6.17470306432297,5.896129494618348,6.048884709499142,787280.5,1119140.75,1495213.0,968614.3020833334,101108.59067163413,pearson_CPU,1495213.0,890951.0,1086506.5,854909.25,1119140.75,1073370.25,845961.75,1083868.25,1046982.25,1110896.5,1042988.75,975734.5,921585.75,787280.5,978032.25,865299.25,1041058.75,935410.25,879652.0,937756.0,896788.5,1108298.0,791336.75,1005906.25,967029.25
results/GeneratedDense/10000_cells_100_features/dense_CPU_spearman.csv,spearman,CPU,dense,10000,100,10000_100,1000000,4.0,2.0,6.1283563736913536,6.140436780843285,6.127627257857504,6.128860300243019,1341613.0,1345427.5,1381773.25,1343867.2604166667,1172.447454577671,spearman_CPU,1381773.25,1344979.5,1343236.0,1344580.5,1344362.75,1342706.0,1345203.0,1344597.75,1342785.25,1342464.0,1344373.0,1345030.5,1343266.25,1342038.5,1341613.0,1345427.5,1344809.25,1344911.0,1344374.25,1345167.75,1342162.0,1343485.75,1344627.75,1344485.25,1342127.75
results/GeneratedDense/10000_cells_100_features/dense_GPU_cosine.csv,cosine,GPU,dense,10000,100,10000_100,1000000,4.0,2.0,4.418386063019745,6.101455270228261,4.415753541642443,4.421476416401574,26046.75,26392.25,1263151.0,26205.114583333332,91.86176149424955,cosine_GPU,1263151.0,26302.0,26164.5,26307.25,26125.0,26113.75,26274.75,26177.0,26094.75,26046.75,26123.0,26222.25,26273.0,26190.0,26164.25,26392.25,26226.25,26262.0,26313.5,26160.0,26343.25,26309.25,26115.75,26081.25,26141.0
results/GeneratedDense/10000_cells_100_features/dense_GPU_euclidean.csv,euclidean,GPU,dense,10000,100,10000_100,1000000,4.0,2.0,4.415874408809005,6.095423661899244,4.412981052757543,4.417758083641793,25881.0,26167.25,1245729.25,26054.0,82.22020103559304,euclidean_GPU,1245729.25,26149.0,26015.5,25950.75,25975.0,26167.25,26122.75,26085.25,26074.0,26076.75,26004.5,26011.0,25991.25,26165.0,26161.25,26061.5,25881.0,26071.0,25988.5,26022.75,25954.0,26154.75,25939.5,26156.75,26117.0
results/GeneratedDense/10000_cells_100_features/dense_GPU_kendall.csv,kendall,GPU,dense,10000,100,10000_100,1000000,4.0,2.0,6.3793653896706575,6.377857968188604,6.377827355834938,6.381240520426599,2386862.25,2405694.75,2387030.5,2395330.1979166665,4504.786325502371,kendall_GPU,2387030.5,2391895.75,2398379.75,2400590.25,2391772.0,2399126.5,2391445.75,2398971.75,2393981.75,2396666.75,2398535.0,2388529.5,2395368.0,2389434.75,2396336.0,2397587.25,2386862.25,2392748.75,2393846.5,2398598.5,2405694.75,2391538.75,2397787.0,2401661.0,2390566.5
results/GeneratedDense/10000_cells_100_features/dense_GPU_manhattan.csv,manhattan,GPU,dense,10000,100,10000_100,1000000,4.0,2.0,4.439588753370248,5.705435190831734,4.428636859268609,4.449239201374835,26831.0,28134.5,507499.0,27516.21875,333.78695420023655,manhattan_GPU,507499.0,27279.75,27861.5,28066.0,27323.5,27118.25,27593.5,27981.0,27724.25,27556.5,27375.75,28134.5,27379.5,27202.5,27754.5,26898.25,27340.25,26831.0,27244.75,27651.25,27866.0,27625.25,27691.25,27512.0,27378.25
results/GeneratedDense/10000_cells_100_features/dense_GPU_pearson.csv,pearson,GPU,dense,10000,100,10000_100,1000000,4.0,2.0,4.451369013034089,6.102164332136043,4.415006753953827,4.478728784633791,26002.0,30111.25,1265215.0,28272.8125,1075.308946036944,pearson_GPU,1265215.0,27309.25,29087.25,26002.0,27544.0,28554.25,27167.25,28267.75,27764.5,29862.5,29092.0,26673.5,29113.0,28397.5,26067.0,27849.25,29423.0,28046.75,29368.75,28381.5,28250.5,29295.25,28068.25,30111.25,28851.25
results/GeneratedDense/10000_cells_100_features/dense_GPU_spearman.csv,spearman,GPU,dense,10000,100,10000_100,1000000,4.0,2.0,7.077687096994303,7.107345453480438,7.068608156226969,7.08434742666855,11711382.25,12143599.25,12803993.75,11958786.072916666,125511.2625390372,spearman_GPU,12803993.75,11881969.25,12056719.0,11983341.5,12139864.25,12019341.25,12026655.25,12090240.25,11987660.25,11966044.5,11905795.0,12050616.0,12009246.25,11754691.5,11711382.25,11904556.75,11716535.5,12117089.5,12143599.25,12034166.0,12014085.0,11873863.25,11765229.25,12000071.75,11858103.0
results/GeneratedDense/10000_cells_100_features/dense_amap_cosine.csv,cosine,amap,dense,10000,100,10000_100,1000000,4.0,2.0,7.0779707195676735,7.1049071017364716,7.074674074372162,7.0824001579888085,11876106.25,12089272.25,12732307.0,11966598.489583334,56198.2097044173,cosine_amap,12732307.0,12089010.0,12089272.25,11976958.75,11940889.25,11947203.5,11935763.75,11876106.25,11941868.75,11955210.75,11966020.5,11983812.0,12034890.25,11907344.0,11947449.0,11886695.0,12055507.5,11916192.0,11907255.25,11947850.75,11952191.75,11935696.75,12009115.5,11986818.25,12009242.0
results/GeneratedDense/10000_cells_100_features/dense_amap_euclidean.csv,euclidean,amap,dense,10000,100,10000_100,1000000,4.0,2.0,6.861133754470371,6.894839974330993,6.856164378747662,6.8662385299140425,7180660.25,7349174.0,7849463.5,7263296.1875,43509.01605290479,euclidean_amap,7849463.5,7349174.0,7284078.25,7251525.0,7266848.0,7242781.0,7317338.75,7262324.5,7218142.0,7209889.75,7263408.5,7180660.25,7233240.25,7317156.0,7281936.0,7268087.5,7191644.25,7286576.5,7296839.0,7258319.75,7229478.0,7339329.75,7232108.5,7310626.0,7227597.0
results/GeneratedDense/10000_cells_100_features/dense_amap_kendall.csv,kendall,amap,dense,10000,100,10000_100,1000000,4.0,2.0,7.832097882134494,7.831335295295894,7.8299906082175585,7.833943504556802,67606835.5,68224993.75,67816488.0,67935673.01041667,182538.89166095477,kendall_amap,67816488.0,67775394.0,67787360.0,68170567.75,67982262.75,67616613.0,68095408.0,68152875.25,67996134.5,67714522.75,67716180.0,68104165.25,67998439.5,68224993.75,67995206.0,68084725.75,67833872.5,67836306.25,67726127.25,68122005.75,67606835.5,67824952.0,67983739.25,67935023.0,68172442.5
results/GeneratedDense/10000_cells_100_features/dense_amap_manhattan.csv,manhattan,amap,dense,10000,100,10000_100,1000000,4.0,2.0,6.849596263587465,6.886015307405384,6.8451165281572415,6.85779376467123,7000298.0,7207651.25,7691575.5,7072879.572916667,46210.01899821072,manhattan_amap,7691575.5,7157340.5,7092285.25,7011504.5,7050773.25,7039912.5,7143744.5,7077554.0,7091408.75,7069186.25,7000298.0,7038841.0,7088269.75,7038953.5,7075260.5,7066504.25,7028048.0,7068449.75,7061715.75,7051951.5,7053286.5,7100032.5,7027996.25,7207651.25,7108141.75
results/GeneratedDense/10000_cells_100_features/dense_amap_pearson.csv,pearson,amap,dense,10000,100,10000_100,1000000,4.0,2.0,7.017622850902332,7.041118627980117,7.01118231245591,7.022298568678448,10260825.75,10526853.25,10993060.75,10414126.552083334,74762.54855683715,pearson_amap,10993060.75,10331689.0,10402054.5,10462023.75,10486282.5,10322384.75,10359129.75,10319885.5,10523613.5,10421396.0,10340288.25,10468838.0,10445409.25,10409326.5,10516738.25,10366692.75,10506394.0,10473586.5,10260825.75,10342131.0,10444905.25,10327147.0,10411163.5,10470278.75,10526853.25
results/GeneratedDense/10000_cells_100_features/dense_amap_spearman.csv,spearman,amap,dense,10000,100,10000_100,1000000,4.0,2.0,7.2794444104395515,7.288223289008366,7.277035136618261,7.2819736931834305,18924967.25,19141399.75,19418840.25,19030246.354166668,62502.49810903047,spearman_amap,19418840.25,19013888.0,18980338.25,18927599.25,19036218.5,19046948.0,19026522.5,19141399.75,19122462.0,19012359.25,18968405.5,19107977.75,18924967.25,19048415.5,19042984.25,18988985.25,19119667.75,18931392.5,19004014.25,19077679.75,19029584.0,19062715.25,19054048.75,18946578.5,19110760.75
results/GeneratedDense/10000_cells_100_features/dense_armadillo_cosine.csv,cosine,armadillo,dense,10000,100,10000_100,1000000,4.0,2.0,5.861935962493357,5.861500956350476,5.85618008843834,5.865753449264058,718092.0,734097.0,726944.0,727672.5,3217.2834296447472,cosine_armadillo,726944.0,731075.0,726122.0,730998.0,726247.0,727432.0,723623.0,723263.0,725771.0,729268.0,726151.0,727075.0,727255.0,734097.0,729774.0,725604.0,727543.0,729633.0,718092.0,731370.0,729004.0,728029.0,729484.0,730873.0,726357.0
results/GeneratedDense/10000_cells_100_features/dense_armadillo_euclidean.csv,euclidean,armadillo,dense,10000,100,10000_100,1000000,4.0,2.0,5.968115958689038,5.966709465625025,5.967335456886311,5.969153951927898,927546.0,931438.0,926210.0,929214.4583333334,999.5458543411381,euclidean_armadillo,926210.0,930230.0,928440.0,929305.0,927695.0,928467.0,929970.0,930193.0,929778.0,927625.0,928613.0,930161.0,930201.0,928392.0,929342.0,929488.0,929154.0,927974.0,930087.0,928883.0,931438.0,928768.0,928895.0,927546.0,930502.0
results/GeneratedDense/10000_cells_100_features/dense_armadillo_manhattan.csv,manhattan,armadillo,dense,10000,100,10000_100,1000000,4.0,2.0,7.62097832104524,7.627584997095245,7.6150029469902165,7.627170318685248,41210031.54751988,42380914.00774084,42421400.0,41780951.00621682,318377.44888692506,manhattan_armadillo,42421400.0,42313000.0,42252900.0,42155000.0,42174600.0,41714000.0,41566100.0,41630600.0,41295500.0,41343900.0,41882513.3263395,41210031.54751988,41867303.658337645,41916031.18528796,41461370.73044341,41759251.601634815,41731007.04630552,41450749.30010444,41445948.16878721,41870974.54126982,41745922.184654325,41810365.9781709,41719535.33247832,42045305.5401289,42380914.00774084
results/GeneratedDense/10000_cells_100_features/dense_armadillo_pearson.csv,pearson,armadillo,dense,10000,100,10000_100,1000000,4.0,2.0,5.867396990309327,5.858694766148618,5.86454489775471,5.872385892607009,732057.0,745394.0,722262.0,736880.375,3488.216184676871,pearson_armadillo,722262.0,739974.0,735172.0,732424.0,737557.0,735278.0,742499.0,732648.0,734619.0,735221.0,734471.0,733468.0,740235.0,741001.0,740160.0,741466.0,739365.0,733882.0,736453.0,736668.0,734448.0,732057.0,735345.0,735324.0,745394.0
results/GeneratedDense/10000_cells_100_features/dense_armadillo_spearman.csv,spearman,armadillo,dense,10000,100,10000_100,1000000,4.0,2.0,5.900782855353893,5.897021405553636,5.898515660738752,5.903809776153567,791618.0,801327.0,788899.0,795761.375,2613.1359642598645,spearman_armadillo,788899.0,791618.0,792985.0,796928.0,794459.0,792301.0,792511.0,795428.0,796669.0,798645.0,800001.0,799576.0,795112.0,801327.0,796365.0,796388.0,795044.0,794682.0,792890.0,793494.0,797402.0,797624.0,798447.0,792443.0,795934.0
results/GeneratedDense/10000_cells_100_features/dense_arrayfirecpu_cosine.csv,cosine,arrayfirecpu,dense,10000,100,10000_100,1000000,4.0,2.0,5.3794677056689455,5.38635625808797,5.371693903722091,5.389711711676429,235339.0,245308.0,243420.0,239589.45833333334,2690.2087895918457,cosine_arrayfirecpu,243420.0,238338.0,241728.0,244780.0,238875.0,238960.0,237104.0,243334.0,236049.0,236454.0,239834.0,238082.0,242158.0,241825.0,242717.0,240507.0,239735.0,240727.0,237296.0,237649.0,235339.0,238784.0,237585.0,236979.0,245308.0
results/GeneratedDense/10000_cells_100_features/dense_arrayfirecpu_euclidean.csv,euclidean,arrayfirecpu,dense,10000,100,10000_100,1000000,4.0,2.0,5.645739808860845,5.643478338583745,5.644764434259087,5.646675197953475,441331.0,443277.0,440026.0,442323.2916666667,478.7219512381088,euclidean_arrayfirecpu,440026.0,442801.0,442147.0,442798.0,442476.0,442098.0,442830.0,441986.0,442323.0,441331.0,443277.0,443271.0,441572.0,442414.0,442279.0,442011.0,442067.0,441607.0,442215.0,442639.0,442530.0,442408.0,442290.0,441787.0,442602.0
results/GeneratedDense/10000_cells_100_features/dense_arrayfirecpu_manhattan.csv,manhattan,arrayfirecpu,dense,10000,100,10000_100,1000000,4.0,2.0,7.154566434461517,7.160429511893788,7.153259837313384,7.155459402051708,14231800.17534174,14304062.59863086,14468700.0,14274681.746995002,18206.636136416575,manhattan_arrayfirecpu,14468700.0,14287600.0,14260600.0,14282967.31237606,14268043.590416156,14304062.59863086,14281574.954972329,14267950.990690809,14245367.390221229,14303928.22350928,14271744.24109552,14249541.796989448,14281310.486129068,14281126.714025918,14303617.64091152,14231800.17534174,14276784.978920773,14278389.502353422,14275578.865045331,14282381.623587413,14265244.735681772,14280755.42161,14243143.62089919,14281593.664959785,14287253.399512447
results/GeneratedDense/10000_cells_100_features/dense_arrayfirecpu_pearson.csv,pearson,arrayfirecpu,dense,10000,100,10000_100,1000000,4.0,2.0,5.389022034246107,5.391711200121372,5.387576675157337,5.390613680887525,244105.0,245818.0,246440.0,244918.75,518.3611393935056,pearson_arrayfirecpu,246440.0,245366.0,244736.0,245009.0,245541.0,245406.0,244105.0,244931.0,244998.0,244452.0,245592.0,245103.0,244320.0,244519.0,245068.0,244209.0,245092.0,245818.0,245045.0,244306.0,244209.0,244838.0,245665.0,245517.0,244205.0
results/GeneratedDense/10000_cells_100_features/dense_arrayfirecpu_spearman.csv,spearman,arrayfirecpu,dense,10000,100,10000_100,1000000,4.0,2.0,5.60057892224474,5.598872544571231,5.596905939580846,5.604290868319558,395281.0,402060.0,397075.0,398638.2083333333,1553.1547191433385,spearman_arrayfirecpu,397075.0,397849.0,400068.0,398854.0,397531.0,396999.0,400415.0,395281.0,398889.0,397338.0,398596.0,398643.0,398694.0,396721.0,402060.0,400214.0,396180.0,398237.0,398286.0,397461.0,400167.0,398417.0,399659.0,400457.0,400301.0
results/GeneratedDense/10000_cells_100_features/dense_arrayfirecuda_cosine.csv,cosine,arrayfirecuda,dense,10000,100,10000_100,1000000,4.0,2.0,5.050773555853699,5.044598550792325,5.033254830339746,5.063584779077298,107958.0,115767.0,110815.0,112401.875,2168.0839142835316,cosine_arrayfirecuda,110815.0,110468.0,113631.0,107958.0,113835.0,111911.0,113429.0,112784.0,113650.0,111795.0,110119.0,113308.0,110903.0,113066.0,113395.0,111666.0,109150.0,115707.0,109206.0,115648.0,110171.0,110943.0,115589.0,115767.0,113546.0
results/GeneratedDense/10000_cells_100_features/dense_arrayfirecuda_euclidean.csv,euclidean,arrayfirecuda,dense,10000,100,10000_100,1000000,4.0,2.0,5.0680221971643045,5.065135110241543,5.057510155828524,5.076902470247783,114159.0,119372.0,116181.0,116955.91666666667,1424.8576805148725,euclidean_arrayfirecuda,116181.0,117861.0,115490.0,116096.0,114448.0,116129.0,118668.0,118567.0,117937.0,117477.0,117084.0,117035.0,117968.0,116313.0,119372.0,115157.0,114912.0,116317.0,118038.0,114159.0,117985.0,117853.0,119146.0,116347.0,116583.0
results/GeneratedDense/10000_cells_100_features/dense_arrayfirecuda_manhattan.csv,manhattan,arrayfirecuda,dense,10000,100,10000_100,1000000,4.0,2.0,5.10607142434238,5.1047499301614625,5.102855445716564,5.108236811232399,126723.0,128303.0,127277.0,127664.875,376.0147728148457,manhattan_arrayfirecuda,127277.0,127375.0,127991.0,127699.0,127588.0,127303.0,127644.0,128210.0,127933.0,127534.0,127943.0,127076.0,127637.0,128264.0,127361.0,126723.0,127558.0,127314.0,127623.0,127732.0,128121.0,127889.0,127780.0,128303.0,127356.0
results/GeneratedDense/10000_cells_100_features/dense_arrayfirecuda_pearson.csv,pearson,arrayfirecuda,dense,10000,100,10000_100,1000000,4.0,2.0,5.061883135632341,5.060584531360865,5.060610972770183,5.062600784448157,114977.0,115505.0,114970.0,115314.29166666667,112.37603509596202,pearson_arrayfirecuda,114970.0,115212.0,115378.0,115164.0,115360.0,115313.0,115410.0,115361.0,115505.0,114977.0,115377.0,115221.0,115427.0,115390.0,115355.0,115401.0,115188.0,115357.0,115396.0,115209.0,115437.0,115291.0,115298.0,115305.0,115211.0
results/GeneratedDense/10000_cells_100_features/dense_arrayfirecuda_spearman.csv,spearman,arrayfirecuda,dense,10000,100,10000_100,1000000,4.0,2.0,5.049410245910164,5.0524245881420615,5.048014290938054,5.050974907944452,111690.0,112454.0,112830.0,112049.58333333333,164.12772380747325,spearman_arrayfirecuda,112830.0,112225.0,111934.0,112136.0,112128.0,112002.0,112128.0,112074.0,111690.0,111913.0,112267.0,112027.0,112191.0,111856.0,112454.0,111981.0,111930.0,111871.0,112109.0,111783.0,112010.0,112111.0,112212.0,112034.0,112124.0
results/GeneratedDense/10000_cells_100_features/dense_factoextra_cosine.csv,cosine,factoextra,dense,10000,100,10000_100,1000000,4.0,2.0,7.029815099600205,7.052868326728235,7.023497180447817,7.037592583818052,10555946.5,10904169.25,11294534.25,10710632.041666666,78985.21208988225,cosine_factoextra,11294534.25,10904169.25,10766797.5,10688211.75,10773018.5,10833317.75,10689926.25,10725762.75,10672586.0,10632437.0,10657981.75,10838663.25,10579595.0,10690675.0,10672401.75,10705545.75,10800002.0,10642984.5,10733365.25,10745682.75,10555946.5,10687579.75,10711021.0,10703259.0,10644239.0
results/GeneratedDense/10000_cells_100_features/dense_factoextra_euclidean.csv,euclidean,factoextra,dense,10000,100,10000_100,1000000,4.0,2.0,6.949175078346221,6.969075974204374,6.945627920308951,6.95399050935102,8823236.5,8994779.25,9312707.75,8895596.5625,47111.92712242625,euclidean_factoextra,9312707.75,8994779.25,8920070.0,8891962.75,8908459.5,8871455.0,8913400.5,8823236.5,8876158.5,8914051.0,8961963.0,8862667.0,8857763.0,8886456.25,8866841.0,8992985.5,8943871.0,8823791.75,8898552.75,8919023.25,8848737.75,8944346.25,8841532.25,8890664.25,8841549.5
results/GeneratedDense/10000_cells_100_features/dense_factoextra_kendall.csv,kendall,factoextra,dense,10000,100,10000_100,1000000,4.0,2.0,10.016328846966417,10.01604238551615,10.01610562762045,10.01646931690987,10377807906.25,10386502187.5,10376296796.5,10383143278.947916,1952142.6983018543,kendall_factoextra,10376296796.5,10380697109.5,10385409137.0,10383472649.75,10383711441.5,10384545540.5,10385587905.25,10377807906.25,10384604201.5,10380864871.0,10382032212.5,10381751553.75,10382608267.5,10384244552.5,10382086923.25,10381518794.5,10381606301.0,10382260712.25,10382745653.75,10385570156.25,10385078948.25,10384976815.0,10383001402.75,10382753451.75,10386502187.5
results/GeneratedDense/10000_cells_100_features/dense_factoextra_manhattan.csv,manhattan,factoextra,dense,10000,100,10000_100,1000000,4.0,2.0,6.929972077355345,6.959050149709439,6.918972292156323,6.9437971058081605,8297978.25,8786119.5,9100183.5,8510833.166666666,127263.40165198603,manhattan_factoextra,9100183.5,8732968.5,8682357.25,8629861.25,8472102.5,8484449.25,8392948.75,8393454.5,8437467.0,8396640.0,8560836.0,8568077.25,8536652.5,8577898.25,8447849.75,8686092.5,8581812.25,8369096.0,8354994.0,8514200.5,8563942.75,8363004.75,8786119.5,8429192.75,8297978.25
results/GeneratedDense/10000_cells_100_features/dense_factoextra_spearman.csv,spearman,factoextra,dense,10000,100,10000_100,1000000,4.0,2.0,7.052675244869378,7.069831629411166,7.046313965649604,7.0588394797935,11125357.25,11450896.25,11744421.5,11289513.958333334,78776.96212533319,spearman_factoextra,11744421.5,11308278.5,11224199.5,11212026.75,11222391.25,11356385.25,11450896.25,11218278.5,11200841.25,11259571.75,11341142.0,11229662.75,11397243.25,11167659.0,11322269.25,11327340.25,11356696.25,11298132.5,11335469.75,11243397.75,11396207.75,11372604.75,11300873.0,11281410.5,11125357.25
results/GeneratedDense/10000_cells_100_features/dense_pandas_cosine.csv,cosine,pandas,dense,10000,100,10000_100,1000000,4.0,2.0,9.592669739818255,9.592527055477651,9.589900597085315,9.594880468835328,3889561091.0369096,3934417733.0643406,3913155043.606228,3914440893.8775845,11319677.280786233,cosine_pandas,3913825772.7622986,3912484314.4501567,3917821366.694258,3907314893.488968,3923621823.4945927,3904850004.4170904,3893819610.14512,3932816881.881904,3901010899.9423904,3920881776.715768,3924545686.394956,3934417733.0643406,3924522320.858992,3918013693.4350257,3889561091.0369096,3915264781.2869415,3923786260.1049657,3914383258.8206663,3911821929.4533424,3905809407.745877,3900345806.789296,3927400338.6613984,3913993451.030684,3907839254.0198674,3920254869.12852
results/GeneratedDense/10000_cells_100_features/dense_pandas_euclidean.csv,euclidean,pandas,dense,10000,100,10000_100,1000000,4.0,2.0,8.609982023050948,8.615964984657527,8.609768563243778,8.610193238132581,407163241.5380399,407561580.86792713,413014201.0450363,407363415.27595645,102877.61345506809,euclidean_pandas,418606588.8404846,407421813.249588,407270632.50541687,407222684.60481054,407460896.0361731,407489602.45135057,407491101.48635095,407226959.17293054,407406834.99183774,407561580.86792713,407428933.15633327,407198850.15797573,407396560.4208946,407346333.0661,407312571.0127172,407394778.1202866,407253075.5065007,407163241.5380399,407436770.7079643,407342126.1817416,407366170.2307493,407326340.9478637,407437337.4412767,407479890.874119,407286881.8940072
results/GeneratedDense/10000_cells_100_features/dense_pandas_kendall.csv,kendall,pandas,dense,10000,100,10000_100,1000000,4.0,2.0,10.49592702133075,10.431189452498682,10.405101446028574,10.593633073456575,25415663158.965927,39231333780.76553,26989165253.87764,31327592524.83864,4215503500.91518,kendall_pandas,26916604231.11916,27061726276.636124,26916017141.103745,26856720440.149307,32458861421.8235,33764573096.51375,33974320394.99283,35048805658.81729,39231333780.76553,34189607397.079468,29244285316.19824,25558601495.476215,38079320717.41763,25497949912.138924,31319221805.49284,31641221853.27275,27809833665.083603,25415663158.965927,36411137450.20656,35592743549.1609,33056667142.89821,28892738506.192127,29171221567.8078,27546067548.096424,37123581299.83757
results/GeneratedDense/10000_cells_100_features/dense_pandas_manhattan.csv,manhattan,pandas,dense,10000,100,10000_100,1000000,4.0,2.0,8.62016323766943,8.620647710915268,8.617387659546978,8.622785848918197,414369383.8145016,419552051.4025831,417491570.2806268,417026101.04275465,1394061.7233104655,manhattan_pandas,417177993.5359955,417805147.0252581,417613533.0772128,415036476.92037,418781017.8370599,415914000.3717939,418286436.1332846,417350402.140289,418648660.4409591,414369383.8145016,416501271.5929866,419108616.9360422,414594281.6788371,416680078.2869103,415549749.7973171,416707371.9184241,416480482.008081,416785670.573604,419552051.4025831,417579852.4400033,415363263.9797952,418718916.2465275,416622180.4667479,417034963.131336,417542616.8061871
results/GeneratedDense/10000_cells_100_features/dense_pandas_pearson.csv,pearson,pandas,dense,10000,100,10000_100,1000000,4.0,2.0,7.183371972450843,7.186753380971917,7.17724716350893,7.190578057698368,15039976.702208173,15508795.082871549,15372814.297676086,15253586.61442537,122208.2353687649,pearson_pandas,15408652.067184448,15336976.528167725,15160846.23336792,15508795.082871549,15469054.222790634,15375082.076222165,15183686.18832712,15176891.672164302,15169807.81127886,15387008.275137004,15039976.702208173,15150813.949183997,15069431.244798666,15352512.8849893,15221938.394420777,15265807.424793744,15290858.922940653,15083191.864483668,15219636.67422067,15295735.883711727,15092630.504849063,15343389.79971822,15229688.86353494,15330062.958992573,15332254.583035417
results/GeneratedDense/10000_cells_100_features/dense_pandas_spearman.csv,spearman,pandas,dense,10000,100,10000_100,1000000,4.0,2.0,6.858830791712921,6.864321905661858,6.85563883344026,6.863463898344251,7171976.096649366,7302371.078321049,7316812.15763092,7224882.554273125,37067.09987891607,spearman_pandas,7389362.573623657,7244261.741638184,7208420.991897583,7258526.496022535,7257192.926945463,7207735.909733362,7228815.422306059,7189463.126201326,7171976.096649366,7238840.894536252,7177782.71153341,7179586.430629068,7284925.545853042,7273913.289473124,7215063.667245383,7264290.330756506,7205150.905734677,7174419.77230372,7262036.330551048,7243109.804819705,7222371.265654772,7181210.048550186,7210907.013951955,7302371.078321049,7194809.50124723
results/GeneratedDense/10000_cells_100_features/dense_pythonic_cosine.csv,cosine,pythonic,dense,10000,100,10000_100,1000000,4.0,2.0,8.230826720437824,8.230378624017213,8.228107237407102,8.23380949780219,169085839.23587558,171320564.92531922,169972485.0654602,170147949.80456197,638036.5536231601,cosine_pythonic,170439997.67303467,169504972.45788574,170922986.50741577,169359490.20732912,170439948.3863141,171285261.08764115,170768908.4250328,169443260.74226138,169630263.1922187,170150105.17791945,170874057.18280992,170638376.44004133,170000967.56928644,169731492.20025557,170041838.25321823,169620640.51931435,171320564.92531922,170370280.57034725,169296144.30666023,170317222.83642787,169693344.87874815,170403437.26818272,169085839.23587558,169729252.94685757,170922139.9921246
results/GeneratedDense/10000_cells_100_features/dense_pythonic_euclidean.csv,euclidean,pythonic,dense,10000,100,10000_100,1000000,4.0,2.0,8.100838953858375,8.086085241439882,8.100132999213919,8.101611664086409,125931100.66790386,126360595.54289313,121922888.0405426,126135970.73649149,98528.8325426122,euclidean_pythonic,117760785.81809998,126084990.26298524,126199277.63938904,126078270.28263871,126093813.785972,125931100.66790386,126101791.02890518,126161770.2665452,126019556.46350342,126137461.57155693,126018428.40066974,126360595.54289313,126063870.5015941,126232780.749813,126285762.54748257,126138060.72952476,126209932.23881158,126163233.57828344,126154266.43425146,126171918.52282518,125979780.25084595,126194032.1327524,126087759.51311883,126104826.99653465,126290017.56699504
results/GeneratedDense/10000_cells_100_features/dense_pythonic_kendall.csv,kendall,pythonic,dense,10000,100,10000_100,1000000,4.0,2.0,8.92255644239017,8.920827766731762,8.919396998154097,8.925034618242998,830609699.2091647,841462213.1453365,833350627.4223328,836674325.735469,3041829.589068818,kendall_pythonic,832346425.0564575,834354829.788208,838423140.2873993,840254299.9753692,837378592.9587362,830609699.2091647,836081130.7886,833865030.6502762,836339472.2821018,831688407.9197711,836300403.0910876,835842378.3006601,841462213.1453365,837891638.9753096,839072904.3070843,839833808.0717187,839482537.5513822,840817987.8070931,832655698.8546169,839336853.7349497,832104687.8190511,834071773.461536,834829225.4416953,837898160.223192,839588943.0069166
results/GeneratedDense/10000_cells_100_features/dense_pythonic_manhattan.csv,manhattan,pythonic,dense,10000,100,10000_100,1000000,4.0,2.0,7.762261536539393,7.765729127785414,7.745915196278912,7.775833704482784,55707695.91273729,59680671.981661305,58308131.93321228,57844428.75519044,950925.2794023759,manhattan_pythonic,59665708.30345154,56950555.56297302,58413424.49188232,59680671.981661305,58355349.85578831,58606994.06569172,57734184.85579712,59607000.11010532,57360005.71854127,57423912.046520606,58758360.49222301,57512177.106898405,58371930.2423702,55707695.91273729,56719939.91070888,58109172.5427914,56856435.74535198,58472216.1310944,58923231.20348785,57437310.22503016,58181479.51381707,57567034.66314764,56309070.294177376,58020877.74137195,57187259.710402004
results/GeneratedDense/10000_cells_100_features/dense_pythonic_pearson.csv,pearson,pythonic,dense,10000,100,10000_100,1000000,4.0,2.0,6.063715177887781,6.059555682464101,6.063580147391186,6.06383120869457,1157657.6536873188,1158327.077492206,1146979.570388794,1158017.6476504041,149.505108141408,pearson_pythonic,1135812.759399414,1158146.3813781738,1157959.9380493164,1157929.1296408507,1158062.9352526478,1157686.2275863397,1158064.4043537765,1158139.8450356862,1158327.077492206,1158113.9231140383,1158119.8000461254,1158041.425643294,1157993.1323668296,1158093.22393252,1157657.6536873188,1157859.7320928068,1158015.256279091,1158064.3263602152,1157919.2036523267,1158155.5917123917,1157996.5488734234,1157970.358849388,1158023.3825710614,1158226.450045328,1157857.5955945416
results/GeneratedDense/10000_cells_100_features/dense_pythonic_spearman.csv,spearman,pythonic,dense,10000,100,10000_100,1000000,4.0,2.0,8.978632945368306,8.975995674673044,8.976519691469761,8.979943955376978,947370138.509644,954869354.554316,946227737.4267578,951991225.1847786,1876089.6012776217,spearman_pythonic,942020962.4767303,950434512.3767852,953270447.4925996,953404727.5824867,953122014.542978,953999585.0263757,951856016.8271248,951793840.0588652,949759433.3050208,948803873.437588,952647014.8379016,950406028.063802,951653018.1797124,950966762.3690238,953069163.6926298,953395114.4799364,951367343.6853884,953678415.99382,947370138.509644,954603208.3436826,951919664.288844,952801896.3067954,954869354.554316,949136872.238154,953460958.2412091
results/GeneratedDense/10000_cells_100_features/dense_raft_cosine.csv,cosine,raft,dense,10000,100,10000_100,1000000,4.0,2.0,5.184228830835519,5.773456151122063,5.179191972470986,5.192024430317099,151074.78069007475,155605.31616210938,593548.4170913696,152837.11486517257,947.5979523049074,cosine_raft,1034012.5560760498,153084.27810668945,152940.9885406494,153353.92951965332,152372.8370666504,151770.59173583984,155605.31616210938,152826.07078552246,152915.95458984375,151777.982711792,153262.75501931328,153460.55313970096,152991.45603230974,152984.7325924324,151876.52208221084,151074.78069007475,151830.1399221121,152569.42775912755,152745.2611420605,151525.15490939454,153931.10228313392,153007.40910742863,154005.05962502104,152421.69632495398,153756.75691611745
results/GeneratedDense/10000_cells_100_features/dense_raft_euclidean.csv,euclidean,raft,dense,10000,100,10000_100,1000000,4.0,2.0,5.1799125677492395,5.777605593931542,5.17713041108664,5.183424378331903,150359.34012796127,152554.27360534668,599246.621131897,151325.65686572524,522.1746371226112,euclidean_raft,1045938.9686584471,152554.27360534668,151477.81372070312,150858.87908935547,151161.90910339355,151162.14752197266,151854.5150756836,151319.02694702148,152406.4540863037,150778.77044677734,150758.2398556926,151331.8279553436,150887.1152298813,151915.34105464278,150978.5944843153,150359.34012796127,150873.38106984377,151933.01505217038,151144.72938944164,150884.21322825953,151768.4080175122,151284.54578743514,151478.00104259915,151488.00774406348,151157.21514168585
results/GeneratedDense/10000_cells_100_features/dense_raft_manhattan.csv,manhattan,raft,dense,10000,100,10000_100,1000000,4.0,2.0,5.182026023221315,5.785252010573839,5.179891622132953,5.185063141737458,151318.35874695392,153131.00814819336,609890.6993865967,152063.86447064954,456.0458524637495,manhattan_raft,1067663.6695861816,152117.72918701172,151580.5721282959,151431.08367919922,152247.19047546387,151807.06977844238,153070.44982910156,153131.00814819336,152224.54071044922,151648.99826049805,152002.97243953292,151806.8224455548,152128.79094082312,151956.06130885598,151930.20900439983,151825.49411247257,151915.92220137402,152147.60767584332,151854.52680967818,151318.35874695392,152090.71945013618,151655.4796193215,152217.697768249,152918.71077276117,152504.73180297742
results/GeneratedDense/10000_cells_100_features/dense_raft_pearson.csv,pearson,raft,dense,10000,100,10000_100,1000000,4.0,2.0,5.200459340524001,5.81470469377585,5.196244621159209,5.206966762221838,157124.75776672363,161052.23726547128,652686.595916748,158657.037425997,852.7891255528987,pearson_raft,1146196.6037750244,159176.58805847168,158971.78649902344,159713.2682800293,158038.85459899902,157124.75776672363,159539.69955444336,158813.2381439209,158948.42147827148,157944.6792602539,158548.68063778334,158987.42007693928,157749.8476125818,158712.3053641419,157579.0178403047,158241.8424861844,157941.28666218353,157629.3375954721,159318.77931849618,159443.17158396184,161052.23726547128,158005.24336551336,158264.5467635555,158581.90654416304,159441.98146703918
results/GeneratedDense/10000_cells_10_features/dense_CPU_cosine.csv,cosine,CPU,dense,10000,10,10000_10,100000,4.0,1.0,5.945190922759311,6.147218992451666,5.879869261589461,6.0510425837745805,758349.25,1124715.25,1403521.25,881436.28125,85302.9630635014,cosine_CPU,1403521.25,795013.25,974287.0,900100.75,889396.75,837961.75,796034.25,942093.0,939058.0,954897.0,794882.5,836947.75,795933.5,805775.75,886064.25,928924.25,831601.0,908982.0,921134.75,834794.5,862321.75,800417.0,758349.25,1034785.5,1124715.25
results/GeneratedDense/10000_cells_10_features/dense_CPU_euclidean.csv,euclidean,CPU,dense,10000,10,10000_10,100000,4.0,1.0,5.938954396214722,6.15478005813272,5.83633044648396,6.045588658340364,686010.0,1110679.25,1428170.5,868869.1875,108004.45032997218,euclidean_CPU,1428170.5,792538.5,976322.0,686790.75,996842.5,934563.5,926599.25,910363.75,865769.5,686010.0,972618.75,698251.75,771081.5,1002651.5,759467.0,841428.25,864474.25,902417.75,870816.25,754051.0,1110679.25,939235.25,953655.25,811500.5,824732.5
results/GeneratedDense/10000_cells_10_features/dense_CPU_kendall.csv,kendall,CPU,dense,10000,10,10000_10,100000,4.0,1.0,6.279496706045626,6.286572101538252,6.278000361499901,6.281453247485134,1896707.5,1911847.5,1934515.0,1903253.8020833333,4028.1624332235115,kendall_CPU,1934515.0,1906388.5,1900416.0,1908735.5,1906210.25,1899035.25,1899768.0,1905307.0,1899811.25,1896707.5,1911847.5,1902348.5,1900875.5,1906662.5,1903140.75,1907234.5,1909225.25,1899256.25,1906165.25,1902499.0,1896736.5,1904030.25,1897738.75,1903319.0,1904632.5
results/GeneratedDense/10000_cells_10_features/dense_CPU_manhattan.csv,manhattan,CPU,dense,10000,10,10000_10,100000,4.0,1.0,5.701175982619043,5.7236364536088145,5.694681522771823,5.709308553790192,495087.0,512045.5,529220.25,502546.1875,4065.5087302423894,manhattan_CPU,529220.25,506476.5,499529.5,500242.25,499287.0,500757.75,505679.0,497170.0,500142.0,512045.5,498793.25,508669.25,506031.75,501292.75,502526.75,506098.5,496103.25,505742.5,495087.0,504630.5,505524.5,504600.25,501872.25,498904.75,503901.75
results/GeneratedDense/10000_cells_10_features/dense_CPU_pearson.csv,pearson,CPU,dense,10000,10,10000_10,100000,4.0,1.0,5.938579766949525,6.161977832502346,5.858303144826138,6.006433094521537,721611.0,1014923.0,1452037.5,868120.0104166666,89983.86118746862,pearson_CPU,1452037.5,800667.5,963450.5,833886.75,974567.25,949589.5,948624.25,830553.25,1014102.25,818398.0,918647.75,858083.5,790326.25,814639.5,721611.0,727060.25,856795.5,1014923.0,906205.5,954620.5,737875.5,836099.75,959696.25,877320.75,727136.0
results/GeneratedDense/10000_cells_10_features/dense_CPU_spearman.csv,spearman,CPU,dense,10000,10,10000_10,100000,4.0,1.0,6.103027624184699,6.1144242341502455,6.10178727181254,6.104091388502227,1264117.0,1270841.5,1301440.25,1267732.5,1775.4903929384316,spearman_CPU,1301440.25,1268863.0,1266523.5,1269732.5,1269526.5,1267521.5,1264117.0,1270841.5,1266424.5,1269122.75,1270080.5,1270653.25,1266608.0,1269225.0,1266887.0,1268052.0,1265615.75,1267217.0,1266891.25,1265779.75,1269824.25,1266266.5,1267357.75,1266693.75,1265755.5
results/GeneratedDense/10000_cells_10_features/dense_GPU_cosine.csv,cosine,GPU,dense,10000,10,10000_10,100000,4.0,1.0,4.40387837289528,6.054404282610194,4.39023278319665,4.413974157295374,24560.25,25940.25,1133455.0,25344.1875,307.1818921156486,cosine_GPU,1133455.0,25526.0,25068.25,25417.75,25237.25,25109.0,25127.75,25517.0,25530.0,25732.5,25642.5,25169.75,24820.25,25518.0,25387.0,25268.5,25250.25,25390.0,25655.75,24869.25,25445.25,25544.0,25534.0,25940.25,24560.25
results/GeneratedDense/10000_cells_10_features/dense_GPU_euclidean.csv,euclidean,GPU,dense,10000,10,10000_10,100000,4.0,1.0,4.532395964491885,6.085847987230283,3.970927716870243,4.72105798294995,9352.5,52608.75,1218563.0,34071.86956521739,10905.201046197488,euclidean_GPU,1218563.0,25315.25,41203.0,33522.0,32657.0,38382.75,42704.25,23179.25,22746.25,24332.25,50044.0,40464.0,45482.75,32978.25,37812.0,22766.5,50184.0,35395.25,15177.5,35932.5,32581.5,,9352.5,52608.75,38831.5
results/GeneratedDense/10000_cells_10_features/dense_GPU_kendall.csv,kendall,GPU,dense,10000,10,10000_10,100000,4.0,1.0,5.691054034585879,5.728939684176766,5.688431613649772,5.694197253132132,488013.25,494535.25,535722.25,490968.9583333333,1607.7757760896125,kendall_GPU,535722.25,491993.0,489560.25,491375.0,493242.75,491048.75,492855.0,490737.25,490343.25,494535.25,490971.75,488684.25,493606.0,490482.5,488600.25,488013.25,489704.75,490989.25,492197.75,490640.5,489263.75,489510.25,491099.75,491598.5,492202.0
results/GeneratedDense/10000_cells_10_features/dense_GPU_manhattan.csv,manhattan,GPU,dense,10000,10,10000_10,100000,4.0,1.0,4.505482922864439,5.520294183618309,4.391310097917867,4.643613039723911,24621.25,44016.25,331355.5,32024.541666666668,4263.5336250840355,manhattan_GPU,331355.5,28725.25,34832.25,36345.25,24621.25,36939.0,26555.5,27238.25,29903.0,29553.75,32888.0,25399.25,29687.0,30375.0,32648.5,34714.75,28373.25,34291.75,36325.5,32890.75,32581.25,44016.25,30721.0,34042.5,34920.75
results/GeneratedDense/10000_cells_10_features/dense_GPU_pearson.csv,pearson,GPU,dense,10000,10,10000_10,100000,4.0,1.0,4.4560886579207,6.050328898676131,4.363621380103872,4.5382280204839045,23100.5,34532.5,1122868.5,28581.739583333332,2965.9491932733763,pearson_GPU,1122868.5,25168.75,30297.75,28994.5,28296.25,26862.25,29026.5,30916.75,23555.25,32757.75,29804.25,26944.75,33678.75,26822.75,24786.75,23100.5,33317.0,26204.25,28153.25,27835.0,27293.25,28819.0,34532.5,29380.0,29414.0
results/GeneratedDense/10000_cells_10_features/dense_GPU_spearman.csv,spearman,GPU,dense,10000,10,10000_10,100000,4.0,1.0,6.952598956032335,6.988775247653598,6.938032471737019,6.965033644072508,8670267.0,9226429.0,9744852.0,8966004.572916666,147586.31425100093,spearman_GPU,9744852.0,8831920.0,9034338.0,8986470.25,9204427.0,8810479.5,9039110.0,8954298.75,9062909.5,9095945.75,8965678.5,8670267.0,9011642.25,9226429.0,8968624.25,8683589.75,8798087.5,9221105.5,8954786.75,8908212.25,8900330.0,8901880.5,8995806.75,9126180.0,8831591.0
results/GeneratedDense/10000_cells_10_features/dense_amap_cosine.csv,cosine,amap,dense,10000,10,10000_10,100000,4.0,1.0,6.59580527912033,6.647049467283269,6.575481241087413,6.617342737528038,3762541.0,4143265.25,4436591.75,3942804.8229166665,94994.93153045827,cosine_amap,4436591.75,3916508.75,3870749.0,3841417.5,3846206.5,3894234.25,4021165.5,3973230.0,4109089.0,3941745.75,3953419.5,4043575.25,3913967.25,3849612.5,3958813.75,3762541.0,3874381.25,4076940.0,3823760.0,3875540.25,4062725.75,4011948.25,4143265.25,3946843.5,3915636.0
results/GeneratedDense/10000_cells_10_features/dense_amap_euclidean.csv,euclidean,amap,dense,10000,10,10000_10,100000,4.0,1.0,6.541552744518887,6.608647506724847,6.523203844992838,6.561958805198334,3335829.5,3647193.5,4061135.75,3479787.6666666665,71590.04705488871,euclidean_amap,4061135.75,3536106.0,3463800.75,3453971.5,3463266.75,3466286.5,3462780.5,3449311.5,3647193.5,3486132.25,3600680.75,3533996.5,3335829.5,3462128.0,3339857.0,3360438.25,3563570.0,3458101.75,3513268.5,3445862.25,3456457.25,3459370.0,3493892.75,3547544.5,3515057.75
results/GeneratedDense/10000_cells_10_features/dense_amap_kendall.csv,kendall,amap,dense,10000,10,10000_10,100000,4.0,1.0,6.655785525882038,6.712835457451906,6.649799018422485,6.660818774612329,4464769.25,4579507.5,5162207.5,4526739.739583333,35029.9010633445,kendall_amap,5162207.5,4573724.0,4496472.75,4503945.0,4542170.25,4546108.5,4566902.0,4570135.0,4466027.25,4501479.75,4464769.25,4496969.25,4498499.5,4541115.0,4494759.0,4579035.5,4502499.25,4527273.25,4579507.5,4523991.75,4499458.75,4575493.75,4502778.25,4534526.0,4554113.25
results/GeneratedDense/10000_cells_10_features/dense_amap_manhattan.csv,manhattan,amap,dense,10000,10,10000_10,100000,4.0,1.0,6.533082031216609,6.610588280340128,6.506252364589922,6.554246050604604,3208133.0,3582993.75,4079324.75,3412573.6354166665,82518.0371040168,manhattan_amap,4079324.75,3544813.75,3386326.25,3382570.75,3381552.5,3383288.5,3383364.5,3369415.25,3514260.0,3359053.0,3391642.75,3373951.0,3444071.25,3516029.5,3344254.25,3442458.25,3378310.75,3385346.25,3208133.0,3300634.75,3458198.75,3487292.25,3582993.75,3362061.5,3521744.75
results/GeneratedDense/10000_cells_10_features/dense_amap_pearson.csv,pearson,amap,dense,10000,10,10000_10,100000,4.0,1.0,6.579357359872624,6.6408802680491394,6.569838274421229,6.5928924755325795,3713969.0,3916449.0,4374015.0,3796272.3333333335,41886.882688967264,pearson_amap,4374015.0,3851861.5,3782063.5,3760894.75,3774014.75,3767707.5,3771017.0,3791356.25,3916449.0,3816795.25,3800012.75,3831273.25,3835397.0,3782458.5,3794015.5,3734250.0,3835296.25,3824818.0,3788580.0,3764578.0,3742253.5,3713969.0,3817301.0,3815624.5,3798549.25
results/GeneratedDense/10000_cells_10_features/dense_amap_spearman.csv,spearman,amap,dense,10000,10,10000_10,100000,4.0,1.0,6.608800290349875,6.662281073514286,6.594783819267656,6.6216129541067765,3933542.25,4184205.0,4594953.0,4062564.6979166665,66595.67742920782,spearman_amap,4594953.0,4105086.0,3988908.0,4001250.0,4010837.0,4042055.25,4169263.75,4059263.5,4167051.75,4019375.0,4056914.25,4184205.0,4048063.5,3978211.0,3984984.0,4052153.0,3998564.25,4099895.0,4092832.75,4125980.5,4104057.0,4163532.75,4037097.0,3933542.25,4078430.25
results/GeneratedDense/10000_cells_10_features/dense_armadillo_cosine.csv,cosine,armadillo,dense,10000,10,10000_10,100000,4.0,1.0,5.850832000797173,5.849812987547345,5.850176158773413,5.85150417544473,708233.0,710402.0,707641.0,709303.3333333334,669.2585864638239,cosine_armadillo,707641.0,708967.0,709884.0,708552.0,708233.0,709181.0,710201.0,709688.0,709819.0,708798.0,709313.0,708540.0,708999.0,708259.0,709972.0,708883.0,710402.0,708929.0,708976.0,709341.0,709263.0,710386.0,710026.0,710216.0,708452.0
results/GeneratedDense/10000_cells_10_features/dense_armadillo_euclidean.csv,euclidean,armadillo,dense,10000,10,10000_10,100000,4.0,1.0,5.963764381104771,5.970236661183791,5.960038170374774,5.967451091536005,912091.0,927793.0,933763.0,919950.3333333334,4881.745817043553,euclidean_armadillo,933763.0,915533.0,922816.0,927350.0,914358.0,919022.0,924433.0,917035.0,914076.0,912091.0,918546.0,912576.0,927793.0,926157.0,923309.0,916834.0,922548.0,924041.0,924129.0,912348.0,918891.0,919694.0,923026.0,916461.0,925741.0
results/GeneratedDense/10000_cells_10_features/dense_armadillo_manhattan.csv,manhattan,armadillo,dense,10000,10,10000_10,100000,4.0,1.0,6.604869637397169,6.604325432490084,6.603593707333866,6.606117196117795,4014151.018985135,4037543.33003412,4020920.0,4025961.68497316,6281.41499012624,manhattan_armadillo,4020920.0,4016540.0,4034640.0,4015910.0,4031770.0,4024580.0,4024680.0,4030910.0,4019680.0,4024930.0,4031157.262772519,4020751.7555690887,4024597.712553436,4014151.018985135,4023643.739837509,4034726.8860076433,4033333.00864512,4021069.636985897,4025543.25252839,4027859.839549912,4030207.6179899857,4037543.33003412,4018604.268828082,4029563.589033789,4026687.520035205
results/GeneratedDense/10000_cells_10_features/dense_armadillo_pearson.csv,pearson,armadillo,dense,10000,10,10000_10,100000,4.0,1.0,5.84658017477088,5.8451303006918165,5.839302031312193,5.852788525881839,690720.0,712506.0,700052.0,702393.0,5338.940718906701,pearson_armadillo,700052.0,704965.0,696012.0,702324.0,706375.0,697529.0,712506.0,705105.0,706452.0,695501.0,707278.0,703303.0,707959.0,703580.0,698096.0,709587.0,706392.0,705593.0,690720.0,701084.0,702918.0,694379.0,697124.0,696989.0,705661.0
results/GeneratedDense/10000_cells_10_features/dense_armadillo_spearman.csv,spearman,armadillo,dense,10000,10,10000_10,100000,4.0,1.0,5.878703072736692,5.87635988709667,5.875122060363478,5.883037078549997,750105.0,763901.0,752246.0,756315.625,3381.4820445639416,spearman_armadillo,752246.0,757058.0,752766.0,758694.0,752528.0,757919.0,754976.0,755427.0,751367.0,760756.0,760706.0,759163.0,752797.0,763901.0,757162.0,760630.0,755079.0,750105.0,753483.0,758583.0,756140.0,753218.0,755137.0,759236.0,754744.0
results/GeneratedDense/10000_cells_10_features/dense_arrayfirecpu_cosine.csv,cosine,arrayfirecpu,dense,10000,10,10000_10,100000,4.0,1.0,5.362008227337201,5.3600288804821625,5.35416992781831,5.371173189011216,226032.0,235057.0,229102.0,230148.54166666666,2391.554323363202,cosine_arrayfirecpu,229102.0,228061.0,232217.0,226517.0,231304.0,229341.0,229032.0,227103.0,229316.0,230357.0,230050.0,231290.0,233093.0,227364.0,232489.0,226968.0,228712.0,232522.0,233747.0,235057.0,232415.0,230239.0,231179.0,229160.0,226032.0
results/GeneratedDense/10000_cells_10_features/dense_arrayfirecpu_euclidean.csv,euclidean,arrayfirecpu,dense,10000,10,10000_10,100000,4.0,1.0,5.626212353130699,5.628349075316256,5.623155183064825,5.63211194647942,419909.0,428659.0,424961.0,422875.3333333333,2038.3037814701606,euclidean_arrayfirecpu,424961.0,423247.0,419909.0,424409.0,422118.0,423593.0,423117.0,422402.0,423968.0,423260.0,420140.0,425303.0,422746.0,422967.0,428659.0,422015.0,420882.0,426781.0,424041.0,420480.0,423196.0,421349.0,420461.0,422967.0,420998.0
results/GeneratedDense/10000_cells_10_features/dense_arrayfirecpu_manhattan.csv,manhattan,arrayfirecpu,dense,10000,10,10000_10,100000,4.0,1.0,6.126228489657271,6.128928888323843,6.125751593121335,6.126623552503521,1335831.231946226,1338515.9556017432,1345640.0,1337298.9070243167,759.2587571844682,manhattan_arrayfirecpu,1345640.0,1338300.0,1337080.0,1336911.577922421,1338348.1391533995,1337443.0722914983,1337640.6662369808,1336797.0006557077,1336071.630800586,1337382.845064506,1338249.3786383758,1335831.231946226,1336812.9061977072,1337238.339752772,1336443.4356187116,1337423.8159928508,1338515.9556017432,1336269.460801232,1337827.715694561,1337926.5669861536,1338441.23853947,1337090.9451015508,1336686.8649350358,1336656.0362165286,1337784.9444355888
results/GeneratedDense/10000_cells_10_features/dense_arrayfirecpu_pearson.csv,pearson,arrayfirecpu,dense,10000,10,10000_10,100000,4.0,1.0,5.364553262183905,5.3670781073902845,5.3560009849907635,5.373954162449729,226987.0,236567.0,232851.0,231501.20833333334,2789.762997388348,pearson_arrayfirecpu,232851.0,235875.0,229710.0,227786.0,232220.0,232479.0,235485.0,229814.0,235180.0,231210.0,228916.0,235703.0,229710.0,233444.0,230177.0,232080.0,227892.0,236567.0,232108.0,227667.0,233820.0,226987.0,229974.0,230577.0,230648.0
results/GeneratedDense/10000_cells_10_features/dense_arrayfirecpu_spearman.csv,spearman,arrayfirecpu,dense,10000,10,10000_10,100000,4.0,1.0,5.395776910965254,5.394276526767821,5.369195441377707,5.420211626117614,233989.0,263155.0,247900.0,248757.91666666666,8200.854401202489,spearman_arrayfirecpu,247900.0,255256.0,244685.0,261161.0,259566.0,233989.0,242525.0,241274.0,255784.0,242297.0,244330.0,244674.0,262809.0,241558.0,239683.0,258131.0,245195.0,247589.0,255719.0,237482.0,252721.0,247834.0,246262.0,263155.0,246511.0
results/GeneratedDense/10000_cells_10_features/dense_arrayfirecuda_cosine.csv,cosine,arrayfirecuda,dense,10000,10,10000_10,100000,4.0,1.0,5.0493637324585885,5.050298535985773,5.045565489964416,5.0522320902523346,111062.0,112780.0,112279.0,112037.58333333333,477.2234728673304,cosine_arrayfirecuda,112279.0,112663.0,111645.0,111515.0,112066.0,112563.0,111821.0,112307.0,112158.0,111703.0,112769.0,112126.0,112682.0,111062.0,111699.0,111674.0,112469.0,111702.0,112185.0,111177.0,111540.0,112241.0,112295.0,112780.0,112060.0
results/GeneratedDense/10000_cells_10_features/dense_arrayfirecuda_euclidean.csv,euclidean,arrayfirecuda,dense,10000,10,10000_10,100000,4.0,1.0,5.050749889645461,5.052370697332967,5.050290799929165,5.051245162055647,112277.0,112524.0,112816.0,112395.75,68.47946772573513,euclidean_arrayfirecuda,112816.0,112335.0,112439.0,112487.0,112378.0,112460.0,112409.0,112376.0,112337.0,112359.0,112297.0,112312.0,112524.0,112402.0,112386.0,112396.0,112471.0,112440.0,112337.0,112277.0,112304.0,112398.0,112473.0,112521.0,112380.0
results/GeneratedDense/10000_cells_10_features/dense_arrayfirecuda_manhattan.csv,manhattan,arrayfirecuda,dense,10000,10,10000_10,100000,4.0,1.0,5.061673905276171,5.060799793177108,5.0570229329045215,5.06802993317406,114031.0,116958.0,115027.0,115258.75,747.9401296226857,manhattan_arrayfirecuda,115027.0,114895.0,115909.0,115079.0,115675.0,114457.0,115681.0,116736.0,115079.0,116111.0,114829.0,114894.0,116958.0,114539.0,114130.0,114458.0,115473.0,115788.0,115647.0,114768.0,114752.0,115527.0,114817.0,114031.0,115977.0
results/GeneratedDense/10000_cells_10_features/dense_arrayfirecuda_pearson.csv,pearson,arrayfirecuda,dense,10000,10,10000_10,100000,4.0,1.0,5.057151452956923,5.056912470471075,5.056653344877526,5.057700328921445,113934.0,114209.0,114002.0,114064.75,75.39023477878285,pearson_arrayfirecuda,114002.0,114146.0,114021.0,113976.0,114166.0,114181.0,114075.0,113934.0,114154.0,114020.0,114137.0,114017.0,113989.0,114209.0,114022.0,114051.0,113969.0,114067.0,114030.0,114039.0,114021.0,114098.0,113967.0,114122.0,114143.0
results/GeneratedDense/10000_cells_10_features/dense_arrayfirecuda_spearman.csv,spearman,arrayfirecuda,dense,10000,10,10000_10,100000,4.0,1.0,5.050836820404893,5.0481348143592415,5.0453151535903595,5.055213910618035,110998.0,113557.0,111721.0,112418.25,735.8858182489998,spearman_arrayfirecuda,111721.0,111965.0,112891.0,112221.0,112930.0,111480.0,113505.0,112380.0,111542.0,112846.0,112415.0,113557.0,111869.0,112850.0,112650.0,111993.0,111101.0,112636.0,110998.0,111406.0,112235.0,113299.0,113066.0,113453.0,112750.0
results/GeneratedDense/10000_cells_10_features/dense_factoextra_cosine.csv,cosine,factoextra,dense,10000,10,10000_10,100000,4.0,1.0,6.74408970399702,6.770767684077874,6.74111681843188,6.746899247818227,5509558.75,5583406.5,5898854.5,5547402.833333333,23126.480914255644,cosine_factoextra,5898854.5,5574642.0,5529158.75,5583406.5,5539517.5,5533556.5,5525897.25,5518322.25,5523868.75,5560886.25,5509558.75,5576546.5,5541891.75,5543062.5,5538381.25,5575602.25,5530648.5,5574915.75,5509938.75,5571310.0,5551904.5,5550350.75,5583398.25,5562985.0,5527917.75
results/GeneratedDense/10000_cells_10_features/dense_factoextra_euclidean.csv,euclidean,factoextra,dense,10000,10,10000_10,100000,4.0,1.0,6.539433336071228,6.588902208779049,6.534623104425267,6.551043113826819,3424704.5,3556666.25,3880629.75,3462847.2604166665,28940.13182384735,euclidean_factoextra,3880629.75,3556666.25,3453618.25,3435775.75,3477513.25,3444607.0,3468211.5,3476025.5,3472762.5,3438415.0,3440686.5,3475510.0,3427001.25,3490521.75,3469244.25,3502437.0,3469015.0,3446743.75,3435904.0,3445183.5,3460348.75,3490916.75,3424704.5,3475131.0,3431391.25
results/GeneratedDense/10000_cells_10_features/dense_factoextra_kendall.csv,kendall,factoextra,dense,10000,10,10000_10,100000,4.0,1.0,8.068473317369659,8.065049008931265,8.062620225839693,8.077060276795457,115510170.75,119415383.25,116157968.75,117077466.88541667,1026177.7883073677,kendall_factoextra,116157968.75,116678714.5,118377461.0,117265770.75,115510170.75,116047198.0,116014688.0,115854258.25,118476940.0,118433380.5,116996233.25,118858060.25,116974378.75,115545393.0,117832917.5,115929118.25,116699198.0,116659981.5,117346284.5,117253850.25,116943954.5,119415383.25,116752801.25,117013217.5,116979851.75
results/GeneratedDense/10000_cells_10_features/dense_factoextra_manhattan.csv,manhattan,factoextra,dense,10000,10,10000_10,100000,4.0,1.0,6.5072220028114565,6.5596873287316395,6.498118698022158,6.518705020309173,3148608.75,3301452.25,3628167.5,3215303.71875,32905.63700032961,manhattan_factoextra,3628167.5,3301452.25,3220826.5,3213509.75,3208114.25,3220210.0,3201273.0,3190259.5,3213291.25,3197277.5,3175346.75,3220939.5,3242963.75,3178673.75,3177671.0,3195061.75,3148608.75,3202645.75,3261966.75,3225181.5,3226657.75,3254840.75,3267381.25,3196973.75,3226162.5
results/GeneratedDense/10000_cells_10_features/dense_factoextra_spearman.csv,spearman,factoextra,dense,10000,10,10000_10,100000,4.0,1.0,6.762705714097171,6.789204913094184,6.760968401192064,6.764762687721545,5767245.0,5817852.25,6154672.0,5790361.979166667,13892.338428615643,spearman_factoextra,6154672.0,5785783.25,5768228.75,5787788.25,5791579.0,5786160.25,5809479.5,5815330.5,5802259.25,5770454.75,5783717.5,5796280.0,5772708.5,5817852.25,5767245.0,5785535.25,5803659.5,5791153.0,5786232.0,5776672.5,5794511.75,5788215.0,5810249.0,5783309.25,5794283.5
results/GeneratedDense/10000_cells_10_features/dense_pandas_cosine.csv,cosine,pandas,dense,10000,10,10000_10,100000,4.0,1.0,9.5703056040457,9.570142701143874,9.566335769820444,9.57343279926942,3684136984.073276,3744835966.834288,3716573287.6869946,3717967627.6165943,14363657.984106654,cosine_pandas,3715049610.6147766,3718096964.759213,3731385875.211093,3723611156.959869,3703912138.2960944,3706134076.040464,3709329386.530679,3723678841.1115823,3715203526.220579,3701544117.0484095,3722029353.1113567,3724011770.654565,3705776076.6574416,3728431456.4014654,3744835966.834288,3709041826.9441705,3736177041.030258,3725366849.0751743,3723974802.5653934,3719215392.1815023,3719089383.8522673,3724036171.578757,3690693573.50717,3684136984.073276,3741510332.153196
results/GeneratedDense/10000_cells_10_features/dense_pandas_euclidean.csv,euclidean,pandas,dense,10000,10,10000_10,100000,4.0,1.0,8.57730703375387,8.579678450481497,8.561212083548982,8.594960971969217,364092793.9478268,393514710.5248889,379908010.1251602,377839218.02409047,6848805.408401389,euclidean_pandas,386945356.60743713,372870663.6428833,382520714.0445709,381964660.4843031,367107777.3374353,374833656.7053001,367597542.2336373,376443106.3555096,378186252.26118165,381151401.48912257,384912691.2623353,364092793.9478268,371974121.3130539,373614166.2417069,389141393.26457137,378523819.0620787,376847326.11060137,375758927.61660475,393514710.5248889,379835608.6635066,388422302.3381602,375388084.7344922,381650243.12384886,377541566.67312425,374247703.1474281
results/GeneratedDense/10000_cells_10_features/dense_pandas_kendall.csv,kendall,pandas,dense,10000,10,10000_10,100000,4.0,1.0,10.4945198965178,10.425415622455784,10.348405296758697,10.603712038721035,22305157631.119705,40152448960.55273,26632726086.497307,31226254611.146027,4404539108.335182,kendall_pandas,26634154001.47438,26631298171.520237,27359269802.80876,26758991903.066635,31348943010.3302,32938449665.546417,34542799761.0569,33897879608.869556,38586758708.95386,34705970741.74881,35882924876.930214,37600574557.41464,40152448960.55273,30458415844.384563,30340642819.150005,35551899065.364655,28147135208.190727,26816583051.29292,28226062917.10266,28635698534.427677,33339830826.25976,28758159277.6731,26312262106.216534,22305157631.119705,30131953617.523422
results/GeneratedDense/10000_cells_10_features/dense_pandas_manhattan.csv,manhattan,pandas,dense,10000,10,10000_10,100000,4.0,1.0,8.60460969913064,8.603182398687792,8.601785730444224,8.607757125280317,399747476.1349472,405281822.3724055,401035112.3979942,402355274.7198656,1387592.7254081974,manhattan_pandas,402322748.66104126,399747476.1349472,405281822.3724055,401227874.8283325,401507827.105132,401664909.76243055,400457162.5886328,401412008.0743941,403018375.25067866,403635633.23342896,403448356.4427916,401044546.10614526,402116336.7375901,404921634.4074391,403911773.03130406,402057028.0820073,401703828.6291218,402010835.61132014,403923875.8084941,402458075.1982492,401068607.41582,403390921.9366775,401308400.4834133,403782981.8624069,401426302.17361295
results/GeneratedDense/10000_cells_10_features/dense_pandas_pearson.csv,pearson,pandas,dense,10000,10,10000_10,100000,4.0,1.0,6.3226207338580735,6.321639609644551,6.319387963989012,6.327516345731681,2086353.832677928,2125770.3522615214,2097198.8439559937,2101942.0276765213,10245.424491410935,pearson_pandas,2084176.3019561768,2110221.3859558105,2094809.7705841064,2116674.599164302,2093993.7166673932,2125770.3522615214,2097121.3601784145,2092983.82258136,2105799.0607859166,2115786.9897231325,2105768.3703925,2102081.4196471367,2099759.3169188527,2120374.696025976,2110627.7136896127,2092924.9612540607,2108192.848884072,2086353.832677928,2093908.555462544,2090983.5513277608,2100806.283381606,2102467.635648797,2094409.7471218647,2089350.7344729968,2095437.9394288568
results/GeneratedDense/10000_cells_10_features/dense_pandas_spearman.csv,spearman,pandas,dense,10000,10,10000_10,100000,4.0,1.0,6.20631446414945,6.208069518111016,6.20361263355708,6.210145665892883,1598131.9481999134,1622354.156860042,1614616.9900894165,1608105.2291343883,5314.371196617714,spearman_pandas,1625193.1190490725,1604040.8611297607,1611037.015914917,1609856.829046598,1601560.7303440175,1603023.0673774804,1622354.156860042,1612396.083527975,1607316.7143278725,1604902.3286368058,1608177.3296587332,1607737.468184583,1598131.9481999134,1602507.9371328824,1611734.910326888,1608783.7791658165,1614204.3637602506,1606723.6980969084,1609247.9678049951,1615752.8544252529,1610796.681174931,1610997.563966739,1601932.3393259144,1610096.1390425768,1601212.7317934604
results/GeneratedDense/10000_cells_10_features/dense_pythonic_cosine.csv,cosine,pythonic,dense,10000,10,10000_10,100000,4.0,1.0,8.218634331929357,8.217247681324338,8.21489147039324,8.222240196000673,164017984.32449552,166816957.48949105,164910261.86943054,165437642.1965737,709774.9107922921,cosine_pythonic,165173890.11383057,164646633.62503052,165925130.12886047,164017984.32449552,164918807.79114604,165197030.31983876,165650964.79391137,165613172.15169296,166160025.52047786,165820159.1991368,166145835.99277085,165565048.14505193,165856472.48910958,165846913.9116976,164614603.05181733,166816957.48949105,165749758.01571652,164805620.7637132,166718375.02949932,165705613.5125705,165193400.9735262,164071812.81608486,164695917.47011435,165313900.44189146,165453274.7601236
results/GeneratedDense/10000_cells_10_features/dense_pythonic_euclidean.csv,euclidean,pythonic,dense,10000,10,10000_10,100000,4.0,1.0,8.10154345998638,8.079924907366541,8.085007910677762,8.118614364220585,121620815.36866976,131405748.4561596,120205657.24372864,126340752.70730965,2662721.8189582885,euclidean_pythonic,115130074.5010376,125281239.98641968,129818924.90386964,121620815.36866976,123516188.7383056,125378391.70211758,124097293.6937857,130856712.7338492,131405748.4561596,128657091.92612696,125713373.89880732,123632512.86364254,125200945.71225868,122672655.91464084,126672482.89368078,125838397.86821412,129025005.1774284,125055721.44214389,128776732.20140655,127635050.98785704,125404264.18791242,122415209.75762393,127241363.83116248,129933050.36807808,126328890.36127056
results/GeneratedDense/10000_cells_10_features/dense_pythonic_kendall.csv,kendall,pythonic,dense,10000,10,10000_10,100000,4.0,1.0,8.907037126128296,8.906137339780134,8.903689136470735,8.90999408792109,801104435.7872554,812819451.1249524,805633171.5583801,807304040.5484638,2903301.584796846,kendall_pythonic,806452507.019043,804813836.0977173,808874626.3980865,804983303.1182632,808388823.8005002,805753286.4439905,806610303.5850655,809851376.9829679,807713285.6175337,808068528.0624267,812819451.1249524,802120039.9605452,810379179.7399247,801104435.7872554,804238805.6332924,811250661.9304422,805090012.1854322,809584002.6482224,809177480.8178066,805122263.1762178,807002707.1642711,807804771.0788987,804062636.4694352,810634775.4941838,809848379.8457011
results/GeneratedDense/10000_cells_10_features/dense_pythonic_manhattan.csv,manhattan,pythonic,dense,10000,10,10000_10,100000,4.0,1.0,7.760052909055329,7.763803360826084,7.738308261999748,7.776595818194688,54740437.237303264,59785493.46019878,58050151.94416046,57551004.607536994,1296715.8857542786,manhattan_pythonic,59560462.474823,56539841.413497925,58409703.73153687,56862778.309431925,58917690.568000026,59785493.46019878,57979139.8330963,59162047.34670314,59016366.79451225,55395471.08738111,56302515.83561584,57414411.17534995,56871106.9341437,59550410.75996821,58000618.70574443,57701040.65879888,55426504.30061279,57983820.90584756,54740437.237303264,57984562.723127045,56813703.87988151,57749147.789808735,56670828.716446064,58653144.529262416,57293323.884618975
results/GeneratedDense/10000_cells_10_features/dense_pythonic_pearson.csv,pearson,pythonic,dense,10000,10,10000_10,100000,4.0,1.0,6.058140142447631,6.051470676739343,6.0535646580114015,6.06280048144503,1131265.8002976186,1155581.23644197,1125824.4514465332,1143247.1896073557,6086.444241238304,pearson_pythonic,1111395.3590393066,1140253.5438537598,1147760.3912353516,1155581.23644197,1145413.351897212,1131265.8002976186,1135861.2519643933,1141944.2514419362,1139749.9465485257,1148525.854881727,1138738.200920369,1137561.4876589444,1136701.6374889903,1135936.9952785927,1146851.2389912305,1148945.3545914127,1137918.0139082496,1151824.345589724,1139920.5529930587,1139260.6775650897,1145774.6407377117,1146906.0549368002,1143256.3910291486,1151008.2897610576,1150973.040563665
results/GeneratedDense/10000_cells_10_features/dense_pythonic_spearman.csv,spearman,pythonic,dense,10000,10,10000_10,100000,4.0,1.0,8.961703215593996,8.960410982558523,8.960197039754691,8.963180367641355,912424713.2854166,918714070.0957896,912874304.0561676,915594585.1767062,1544731.711131174,spearman_pythonic,908861168.6229706,916887439.4893646,914080028.772354,918714070.0957896,918306824.6956547,917009297.4431952,914931044.2295014,916079029.3107388,915194506.7470614,916137023.6561556,915549179.42963,916122752.6783004,913825522.9030176,912424713.2854166,917095510.6432964,917199653.8150446,915300318.0917698,914116802.895334,912986858.4983752,914520806.1232497,913923008.7937682,916142372.9419112,916796597.4580668,915450562.9317446,915476119.3122048
results/GeneratedDense/10000_cells_10_features/dense_raft_cosine.csv,cosine,raft,dense,10000,10,10000_10,100000,4.0,1.0,5.109524332200549,5.754222593371896,5.101430275334387,5.123028402096955,126307.83041266116,132748.12698364258,567835.5693817139,128683.93487096326,1382.9928311203212,cosine_raft,1007650.1369476318,128021.0018157959,128059.86404418944,127758.26454162598,132748.12698364258,129020.45249938963,130197.04818725586,127814.53132629396,128301.85890197754,129027.6050567627,130001.52967016112,127539.88713438704,129206.4934884624,126307.83041266116,127088.04042603922,128919.05169500606,127864.13864989932,129535.15274547812,129184.03048313192,129675.423063644,129986.65008174372,129641.0801897836,126611.54312692433,128978.05244392388,126926.77993493884
results/GeneratedDense/10000_cells_10_features/dense_raft_euclidean.csv,euclidean,raft,dense,10000,10,10000_10,100000,4.0,1.0,5.117925994125834,5.768254899636914,5.113194846561109,5.126203080658533,129776.13820573351,133722.06687927246,586482.2864532471,131197.63128787494,944.43914628933,euclidean_raft,1042220.1156616212,130744.45724487305,130667.92488098145,133722.06687927246,131975.65078735352,130856.99081420898,130334.37728881836,130157.9475402832,130964.75601196288,130371.8090057373,131988.47730744505,130917.02418556224,132107.04128894216,130942.30094109716,130802.85495941895,132730.45214919813,130624.6368034871,131604.5929338603,132830.80665857054,129776.13820573351,130899.3107957805,131328.4499619518,131314.28751706233,131246.6082567769,129834.18849062089
results/GeneratedDense/10000_cells_10_features/dense_raft_manhattan.csv,manhattan,raft,dense,10000,10,10000_10,100000,4.0,1.0,5.101913549227785,5.747807384585309,5.097197955770104,5.106718397105196,125082.90406912984,127855.20034998722,559509.3965530396,126448.46137816944,845.345997304058,manhattan_raft,991456.0317993164,127562.7613067627,126262.66479492188,125417.94776916504,127727.98538208008,127302.885055542,126775.26473999023,125542.64068603516,126397.84812927246,125563.8599395752,126082.00117336524,126341.95343165829,127855.20034998722,125082.90406912984,127157.19962830548,125419.394925532,125644.14517648636,127151.88086765804,127176.02047225708,127846.63644921694,125397.11077722783,126603.84506822276,125863.679356843,126429.50952111438,126157.73400571776
results/GeneratedDense/10000_cells_10_features/dense_raft_pearson.csv,pearson,raft,dense,10000,10,10000_10,100000,4.0,1.0,5.121245384762251,5.761906661211567,5.11455614880404,5.130381288697978,130183.56156403858,135014.77241516113,577971.8160629272,132204.24026645249,1014.550281136851,pearson_raft,1023859.7393035888,132083.89282226562,131868.83926391602,132282.01866149902,135014.77241516113,132004.7378540039,132324.21875,131695.98579406738,131872.17712402344,131667.8524017334,134509.58302111036,132118.4474368315,130885.80561011667,132913.26914923915,131811.57713749504,132736.07013516876,131893.47768726418,132591.24428644287,132116.10788626425,130183.56156403858,133145.90050534645,131960.6076168658,131364.9748216355,132882.50545119293,130974.13899917742
results/GeneratedDense/1000_cells_10000_features/dense_CPU_cosine.csv,cosine,CPU,dense,1000,10000,1000_10000,10000000,3.0,4.0,4.746898094034534,5.256263013769445,4.70582096466029,4.7823686963858565,50795.0,60585.5,180411.0,55833.916666666664,2441.1940103524253,cosine_CPU,180411.0,57415.0,53248.25,58616.25,60585.5,53379.75,58450.25,56632.25,55811.5,56696.25,58248.5,54639.5,55002.5,51273.75,56395.5,55656.0,57057.5,53990.5,57116.0,55240.25,54676.5,50795.0,52791.75,56331.75,59964.0
results/GeneratedDense/1000_cells_10000_features/dense_CPU_euclidean.csv,euclidean,CPU,dense,1000,10000,1000_10000,10000000,3.0,4.0,4.830074564312981,5.228862128530563,4.7736017940207285,4.892293608725953,59374.75,78035.75,169380.0,67619.90625,4736.518120441791,euclidean_CPU,169380.0,62436.25,71150.75,66299.0,71005.25,66413.5,65705.5,66277.75,66589.0,62807.0,69566.75,63511.25,75650.5,62503.5,73901.25,71728.5,64310.5,69015.75,71663.0,59374.75,68763.0,78035.75,65930.75,70806.0,59432.5
results/GeneratedDense/1000_cells_10000_features/dense_CPU_kendall.csv,kendall,CPU,dense,1000,10000,1000_10000,10000000,3.0,4.0,7.364873163801912,7.361488048719989,7.362517665504108,7.367630278637327,23041867.0,23314724.0,22987304.5,23167179.510416668,74002.19105003325,kendall_CPU,22987304.5,23100612.25,23224436.0,23122115.5,23187497.75,23198973.75,23041867.0,23142811.75,23094962.25,23097567.25,23189204.75,23273830.75,23176943.25,23231100.0,23133293.75,23070108.25,23162393.25,23047520.25,23218648.5,23314724.0,23149119.25,23164360.5,23112733.5,23291915.25,23265569.5
results/GeneratedDense/1000_cells_10000_features/dense_CPU_manhattan.csv,manhattan,CPU,dense,1000,10000,1000_10000,10000000,3.0,4.0,5.279178615788429,5.257813521109188,5.264331920367106,5.291929119561573,183794.25,195852.5,181056.25,190186.03125,3134.2929328841624,manhattan_CPU,181056.25,187028.0,191232.0,191905.25,187653.5,187807.5,185432.25,193689.75,193562.25,190458.25,183794.25,189005.5,188036.0,190700.0,190476.0,192248.75,191154.0,190783.0,194483.75,189586.5,194253.25,184116.0,192319.0,188887.5,195852.5
results/GeneratedDense/1000_cells_10000_features/dense_CPU_pearson.csv,pearson,CPU,dense,1000,10000,1000_10000,10000000,3.0,4.0,4.7836045864119425,5.21642653275861,4.694155317673061,4.845953377722449,49448.75,70138.0,164598.75,60758.15625,5618.807044951663,pearson_CPU,164598.75,57736.0,66144.0,63068.0,67123.25,56059.75,68800.25,55498.0,68674.0,53882.25,64673.5,64980.75,56415.5,68293.0,64216.25,70138.0,56912.5,58072.5,52472.0,60539.0,58364.0,60639.0,57217.0,49448.75,58828.5
results/GeneratedDense/1000_cells_10000_features/dense_CPU_spearman.csv,spearman,CPU,dense,1000,10000,1000_10000,10000000,3.0,4.0,5.924970547785437,5.921533535290539,5.922305488888432,5.9268716134749715,836191.0,845029.0,834706.0,841338.0833333334,2684.537388051659,spearman_CPU,834706.0,843772.75,839617.75,842397.75,843141.25,842772.5,837346.25,841224.25,844186.25,840850.0,843527.75,845029.0,844588.0,837513.25,843688.0,841740.5,839584.75,844924.5,837185.25,836191.0,839561.0,840473.25,842352.75,837311.5,843134.75
results/GeneratedDense/1000_cells_10000_features/dense_GPU_cosine.csv,cosine,GPU,dense,1000,10000,1000_10000,10000000,3.0,4.0,4.017785655811423,6.069261726832298,4.014699008035182,4.019708106775634,10344.25,10464.25,1172902.0,10418.03125,31.490103645497367,cosine_GPU,1172902.0,10386.0,10439.0,10389.25,10364.75,10388.5,10457.5,10422.75,10437.0,10434.0,10344.25,10454.0,10446.0,10404.5,10464.25,10369.0,10435.0,10422.75,10396.5,10395.5,10438.25,10442.75,10428.75,10448.0,10424.5
results/GeneratedDense/1000_cells_10000_features/dense_GPU_euclidean.csv,euclidean,GPU,dense,1000,10000,1000_10000,10000000,3.0,4.0,4.032249725732158,6.0665619273048,4.028683065060498,4.034658531379108,10682.75,10830.75,1165633.25,10770.84375,37.67430410908962,euclidean_GPU,1165633.25,10745.5,10799.25,10804.25,10754.0,10682.75,10830.75,10757.75,10753.25,10700.75,10751.0,10761.75,10782.0,10736.25,10738.25,10812.75,10778.0,10806.25,10775.0,10787.75,10765.75,10826.25,10732.75,10828.75,10789.5
results/GeneratedDense/1000_cells_10000_features/dense_GPU_kendall.csv,kendall,GPU,dense,1000,10000,1000_10000,10000000,3.0,4.0,7.18034539231394,7.176446431813559,7.17531711273539,7.1849530853692025,14973285.75,15309220.75,15012272.25,15147654.552083334,79504.1518698008,kendall_GPU,15012272.25,15083621.0,15212689.25,15191983.5,15309220.75,15083045.25,15118756.25,15061320.75,15213522.75,15244773.5,15097792.5,15011909.5,15173369.5,15131552.0,15123232.25,15229148.0,15111688.5,15066238.25,15142782.25,14973285.75,15210500.0,15249361.5,15208452.0,15104965.75,15190498.5
results/GeneratedDense/1000_cells_10000_features/dense_GPU_manhattan.csv,manhattan,GPU,dense,1000,10000,1000_10000,10000000,3.0,4.0,4.112175088048664,5.622721094725792,4.105757066349022,4.118669724351056,12757.25,13142.25,419489.5,12947.177083333334,93.23892581602594,manhattan_GPU,419489.5,13015.25,12875.0,12920.0,12835.0,12919.5,12993.5,13142.25,12973.0,13019.75,12765.0,12919.25,12985.5,13118.75,12952.0,12870.0,12904.0,12975.75,12999.25,13062.0,12757.25,12907.5,12877.25,12921.25,13024.25
results/GeneratedDense/1000_cells_10000_features/dense_GPU_pearson.csv,pearson,GPU,dense,1000,10000,1000_10000,10000000,3.0,4.0,4.02584157429893,6.06630122765599,4.017471588494806,4.035559806914046,10410.5,10853.25,1164933.75,10613.083333333334,95.09657006900348,pearson_GPU,1164933.75,10714.25,10549.5,10439.75,10693.75,10654.5,10585.5,10659.0,10479.0,10591.75,10606.25,10585.25,10763.0,10562.75,10623.75,10647.0,10648.0,10605.75,10678.5,10642.75,10565.5,10632.75,10853.25,10522.0,10410.5
results/GeneratedDense/1000_cells_10000_features/dense_GPU_spearman.csv,spearman,GPU,dense,1000,10000,1000_10000,10000000,3.0,4.0,4.830559666638945,6.087265653086226,4.821857290663161,4.849330334364996,66352.5,70685.5,1222547.25,67695.47916666667,1070.3687130412768,spearman_GPU,1222547.25,68175.25,66627.0,66610.25,66975.0,69796.5,68201.75,67432.25,67740.0,66517.75,70685.5,66958.75,68524.5,67053.5,68270.0,67069.75,67773.75,67259.25,66654.25,67933.0,67473.0,67417.5,66352.5,67568.5,69622.0
results/GeneratedDense/1000_cells_10000_features/dense_amap_cosine.csv,cosine,amap,dense,1000,10000,1000_10000,10000000,3.0,4.0,7.024725617430397,7.028811755952084,7.0206149786518806,7.029102734769492,10486123.75,10693078.0,10685916.0,10585847.114583334,47299.79261786039,cosine_amap,10685916.0,10526547.5,10613326.5,10637677.75,10579906.0,10552874.0,10693078.0,10560862.25,10558862.5,10619582.25,10569925.0,10488908.25,10578865.25,10646078.5,10623723.5,10570766.75,10632599.75,10564065.5,10590313.5,10552213.75,10599789.25,10486123.75,10595370.25,10636654.5,10582216.5
results/GeneratedDense/1000_cells_10000_features/dense_amap_euclidean.csv,euclidean,amap,dense,1000,10000,1000_10000,10000000,3.0,4.0,6.68394665775541,6.690139019734756,6.680440968889097,6.6871578911694005,4791163.25,4865840.75,4899356.25,4829994.739583333,18261.529662859455,euclidean_amap,4899356.25,4802386.75,4835090.25,4835264.75,4849610.5,4847764.75,4834863.25,4810060.5,4828335.75,4844565.0,4834831.5,4837990.5,4809338.25,4844963.5,4865840.75,4818160.5,4799286.0,4831288.5,4816956.5,4812783.5,4837983.0,4836006.5,4791163.25,4852378.25,4842961.75
results/GeneratedDense/1000_cells_10000_features/dense_amap_kendall.csv,kendall,amap,dense,1000,10000,1000_10000,10000000,3.0,4.0,9.967696121000035,9.951602646129265,9.916338937526318,10.032944704005079,8247815502.25,10788093554.5,8945459341.75,9283166096.125,567091686.1252257,kendall_amap,8945459341.75,8938964614.0,9062505983.5,10788093554.5,9967578770.5,8987351144.0,8924446088.25,8948708270.5,9062634046.5,9042193375.75,10578046920.75,9361981937.0,8588474263.75,9527854726.5,8247815502.25,9464792045.25,9225434992.0,9721523807.25,8775969019.5,9041189541.25,9758678015.5,9232360099.5,9335538539.25,9458992528.0,8754858521.75
results/GeneratedDense/1000_cells_10000_features/dense_amap_manhattan.csv,manhattan,amap,dense,1000,10000,1000_10000,10000000,3.0,4.0,6.692001783433862,6.691101481592239,6.6781527167180394,6.710877286658014,4765985.5,5138984.25,4910226.0,4920415.5625,85668.59183350498,manhattan_amap,4910226.0,4818841.0,4819011.75,4824732.5,4825296.0,5023240.75,4917322.25,4929863.75,5040124.25,4994483.25,4920063.5,4920332.75,4911387.25,4977513.75,4856373.0,4883353.25,5041246.5,4847192.0,5138984.25,4881305.5,4893624.5,4940161.0,4978654.0,4765985.5,4940881.25
results/GeneratedDense/1000_cells_10000_features/dense_amap_pearson.csv,pearson,amap,dense,1000,10000,1000_10000,10000000,3.0,4.0,6.875366282509387,6.878621740666492,6.872512058991281,6.878320428056074,7456105.75,7556495.5,7561740.0,7505269.34375,29582.486607173625,pearson_amap,7561740.0,7480593.25,7471606.5,7512697.0,7543676.25,7456105.75,7513511.5,7516625.0,7546940.75,7533776.0,7556495.5,7517555.5,7481080.75,7478233.0,7480223.5,7475731.0,7469164.5,7482753.75,7529520.0,7463741.25,7522212.5,7523610.25,7543109.25,7531837.0,7495664.5
results/GeneratedDense/1000_cells_10000_features/dense_amap_spearman.csv,spearman,amap,dense,1000,10000,1000_10000,10000000,3.0,4.0,7.4947093779751155,7.493595201562581,7.491553203488838,7.498028060223113,31013673.0,31479517.0,31159838.75,31239881.510416668,118477.55536036842,spearman_amap,31159838.75,31064331.75,31126817.75,31254820.75,31255111.75,31215786.25,31315838.5,31409825.0,31381215.25,31314949.25,31171276.25,31123842.0,31403749.0,31088256.5,31362538.5,31170453.25,31295127.25,31217258.75,31147884.5,31479517.0,31150099.25,31171535.75,31296452.5,31326796.5,31013673.0
results/GeneratedDense/1000_cells_10000_features/dense_armadillo_cosine.csv,cosine,armadillo,dense,1000,10000,1000_10000,10000000,3.0,4.0,4.510901637552105,4.521289798646646,4.509283188736666,4.511978227257597,32306.0,32507.1,33211.6,32426.61666666667,51.61827572564655,cosine_armadillo,33211.6,32488.9,32404.1,32389.5,32380.7,32469.7,32357.3,32407.4,32405.3,32461.1,32352.9,32468.6,32369.0,32306.0,32447.6,32497.0,32407.4,32442.8,32464.5,32493.4,32385.5,32507.1,32463.8,32453.8,32415.4
results/GeneratedDense/1000_cells_10000_features/dense_armadillo_euclidean.csv,euclidean,armadillo,dense,1000,10000,1000_10000,10000000,3.0,4.0,4.572920902663821,4.577133186531065,4.563260322262321,4.584732535095114,36581.4,38435.5,37768.8,37404.245833333334,492.5162086835031,euclidean_armadillo,37768.8,37653.3,37004.3,38101.2,38215.9,37424.1,37469.5,36805.4,37282.7,36589.7,37569.3,37847.5,37454.3,38435.5,37359.8,36749.6,36581.4,37634.5,37508.0,37664.7,37997.2,37111.2,37276.5,37178.5,36787.8
results/GeneratedDense/1000_cells_10000_features/dense_armadillo_manhattan.csv,manhattan,armadillo,dense,1000,10000,1000_10000,10000000,3.0,4.0,7.487960423375423,7.485826439247414,7.483117415815328,7.496212608882515,30417072.702121165,31348200.0,30607400.0,30758165.072834957,240977.98154332762,manhattan_armadillo,30607400.0,30470200.0,30622000.0,30516300.0,30607300.0,30538900.0,30582900.0,30651300.0,31178400.0,31348200.0,30913543.152307983,31056401.272564437,30909353.110192303,30648737.667807285,30927995.07620964,30822074.175915632,31202811.777764738,30417072.702121165,30767767.93081625,30796586.84780176,30777605.7084759,30626397.723393664,30685233.77469373,30537751.496381324,30591129.331593145
results/GeneratedDense/1000_cells_10000_features/dense_armadillo_pearson.csv,pearson,armadillo,dense,1000,10000,1000_10000,10000000,3.0,4.0,4.875799563414909,4.879335048505084,4.872943119044771,4.878026900472514,74635.1,75513.9,75741.7,75127.60833333334,187.06689293018985,pearson_armadillo,75741.7,75018.1,75254.3,74635.1,74954.9,75084.3,75063.5,75243.0,75307.2,74955.2,75177.9,74955.6,75270.6,75178.7,74996.6,75261.1,75419.0,75003.2,75289.1,75054.8,74948.1,75016.7,75128.0,75513.9,75333.7
results/GeneratedDense/1000_cells_10000_features/dense_armadillo_spearman.csv,spearman,armadillo,dense,1000,10000,1000_10000,10000000,3.0,4.0,5.583501049590294,5.5882291158757385,5.578624313068085,5.5890857359551,378987.0,388227.0,387462.0,383266.6666666667,1943.5961014458626,spearman_armadillo,387462.0,384766.0,381664.0,381086.0,388227.0,381923.0,382995.0,381909.0,382383.0,382252.0,383483.0,385361.0,383029.0,383254.0,383324.0,381607.0,383765.0,381936.0,387677.0,383716.0,384828.0,384271.0,383207.0,382750.0,378987.0
results/GeneratedDense/1000_cells_10000_features/dense_arrayfirecpu_cosine.csv,cosine,arrayfirecpu,dense,1000,10000,1000_10000,10000000,3.0,4.0,4.86162196782716,4.8649291551871565,4.854153556412278,4.872951265433966,71474.9,74636.5,73270.5,72714.65833333333,769.263244884711,cosine_arrayfirecpu,73270.5,73382.4,72398.7,73629.9,71931.2,72790.8,71591.2,74038.2,72105.1,72724.1,73130.6,72585.5,72116.1,73098.2,72189.6,71618.7,74636.5,73676.2,72647.9,71474.9,72755.7,72734.1,72078.8,72928.4,72889.0
results/GeneratedDense/1000_cells_10000_features/dense_arrayfirecpu_euclidean.csv,euclidean,arrayfirecpu,dense,1000,10000,1000_10000,10000000,3.0,4.0,4.874569919130707,4.872547253208823,4.865718543244589,4.886549943109792,73403.8,77010.5,74567.1,74915.19583333333,877.9556141396374,euclidean_arrayfirecpu,74567.1,74271.9,75848.1,74862.5,74619.0,75401.0,73850.2,75267.5,75009.0,76499.0,74614.0,74609.9,73888.7,74556.4,74990.4,77010.5,76123.1,73403.8,74197.2,75343.4,75459.8,73943.0,74506.2,73982.0,75708.1
results/GeneratedDense/1000_cells_10000_features/dense_arrayfirecpu_manhattan.csv,manhattan,arrayfirecpu,dense,1000,10000,1000_10000,10000000,3.0,4.0,7.597344430885679,7.596043704913248,7.594434640242181,7.599842346306128,39303808.96371113,39796267.94808621,39449700.0,39568030.23611092,128744.15588833882,manhattan_arrayfirecpu,39449700.0,39669500.0,39494000.0,39683167.270522766,39580681.05531082,39364468.03756011,39589884.74262909,39610839.42741015,39689332.95767757,39648957.743214495,39643379.46347714,39303808.96371113,39661528.57259738,39554353.94826729,39484076.36013049,39503167.916211806,39644170.87592213,39796267.94808621,39780938.27074257,39431130.03871161,39337580.6547525,39392455.85262276,39576292.39464738,39583093.75383539,39609649.41862137
results/GeneratedDense/1000_cells_10000_features/dense_arrayfirecpu_pearson.csv,pearson,arrayfirecpu,dense,1000,10000,1000_10000,10000000,3.0,4.0,5.136516051899345,5.138735197967748,5.133283365860989,5.140162229613637,135920.0,138090.0,137637.0,136935.5,514.5054259513046,pearson_arrayfirecpu,137637.0,137302.0,136442.0,136618.0,136940.0,135920.0,136717.0,137146.0,137268.0,135975.0,136660.0,136283.0,137569.0,137533.0,136569.0,136744.0,137171.0,137273.0,136612.0,136563.0,137414.0,137376.0,137275.0,136992.0,138090.0
results/GeneratedDense/1000_cells_10000_features/dense_arrayfirecpu_spearman.csv,spearman,arrayfirecpu,dense,1000,10000,1000_10000,10000000,3.0,4.0,6.340545440142212,6.3389642017363075,6.338635487409452,6.343504688024891,2180898.6688373503,2205487.943571984,2182550.0,2190511.00879446,6985.296245473871,spearman_arrayfirecpu,2182550.0,2194550.0,2183470.0,2200968.2882023854,2186405.387245036,2186630.6600702987,2192808.0645705657,2182461.654580136,2186279.246511761,2193693.627039752,2185761.1756117004,2205487.943571984,2186407.003705216,2183389.6562676565,2199073.3484718925,2193328.837591229,2188856.741415307,2195922.721976213,2181178.1241939254,2185600.4492222173,2196957.379810001,2180898.6688373503,2187324.577843125,2204027.763761417,2190782.8905678648
results/GeneratedDense/1000_cells_10000_features/dense_arrayfirecuda_cosine.csv,cosine,arrayfirecuda,dense,1000,10000,1000_10000,10000000,3.0,4.0,3.7256419853373632,3.752654499703263,3.724523265035451,3.7262486511590174,5303.02,5324.13,5657.89,5316.697916666667,5.07024652520835,cosine_arrayfirecuda,5657.89,5320.02,5312.96,5324.13,5319.93,5321.19,5317.29,5323.73,5316.97,5320.86,5318.9,5318.15,5318.51,5315.56,5316.75,5319.26,5320.79,5310.39,5314.34,5313.95,5320.48,5309.8,5317.17,5306.6,5303.02
results/GeneratedDense/1000_cells_10000_features/dense_arrayfirecuda_euclidean.csv,euclidean,arrayfirecuda,dense,1000,10000,1000_10000,10000000,3.0,4.0,3.7246852859059425,3.7529284432339076,3.724655097085195,3.7247066726479803,5304.63,5305.26,5661.46,5304.99875,0.16259132049400643,euclidean_arrayfirecuda,5661.46,5304.91,5305.19,5305.24,5304.85,5304.83,5304.92,5304.99,5304.98,5304.89,5304.94,5305.18,5305.12,5304.89,5305.17,5304.85,5305.26,5304.83,5305.24,5305.06,5304.92,5304.63,5305.17,5304.87,5305.04
results/GeneratedDense/1000_cells_10000_features/dense_arrayfirecuda_manhattan.csv,manhattan,arrayfirecuda,dense,1000,10000,1000_10000,10000000,3.0,4.0,5.100172022576717,5.104350519242735,5.098996554863346,5.101406789136191,125602.0,126301.0,127160.0,125942.41666666667,179.5387415635473,manhattan_arrayfirecuda,127160.0,126092.0,125860.0,125910.0,125850.0,125716.0,125786.0,126043.0,125986.0,125827.0,126136.0,125699.0,125870.0,125895.0,125602.0,126202.0,126284.0,126301.0,125752.0,125921.0,126128.0,126014.0,126037.0,125852.0,125855.0
results/GeneratedDense/1000_cells_10000_features/dense_arrayfirecuda_pearson.csv,pearson,arrayfirecuda,dense,1000,10000,1000_10000,10000000,3.0,4.0,3.7410344049774125,3.7656141714276044,3.731978568917443,3.7494696294403744,5394.84,5616.55,5829.27,5508.513333333333,67.45588494630319,pearson_arrayfirecuda,5829.27,5583.69,5482.93,5409.92,5394.84,5545.93,5516.0,5578.85,5614.44,5464.82,5528.85,5520.72,5438.61,5557.71,5593.06,5472.79,5616.55,5604.17,5476.88,5550.06,5432.01,5471.41,5495.45,5439.5,5415.13
results/GeneratedDense/1000_cells_10000_features/dense_arrayfirecuda_spearman.csv,spearman,arrayfirecuda,dense,1000,10000,1000_10000,10000000,3.0,4.0,4.131456789460241,4.142811665407182,4.131047355076954,4.1318912156692305,13522.2,13548.5,13893.5,13534.954166666668,6.28914270566519,spearman_arrayfirecuda,13893.5,13541.2,13530.5,13522.2,13527.5,13535.5,13535.4,13531.1,13532.7,13538.7,13536.8,13533.7,13527.6,13545.3,13539.5,13535.9,13542.1,13524.4,13531.1,13530.4,13540.1,13532.1,13540.7,13548.5,13535.9
results/GeneratedDense/1000_cells_10000_features/dense_factoextra_cosine.csv,cosine,factoextra,dense,1000,10000,1000_10000,10000000,3.0,4.0,6.781370743095057,6.7819546736724226,6.78074550763838,6.782349610392236,6035948.25,6058283.75,6052777.0,6044644.208333333,6269.643428219334,cosine_factoextra,6052777.0,6035948.25,6055620.5,6041534.0,6041131.0,6044186.5,6037307.75,6050124.75,6036318.75,6038515.0,6049930.5,6046825.0,6045799.5,6044284.0,6041210.0,6042881.5,6050226.25,6058283.75,6051764.75,6052715.25,6048231.75,6037144.5,6044739.75,6036894.25,6039843.75
results/GeneratedDense/1000_cells_10000_features/dense_factoextra_euclidean.csv,euclidean,factoextra,dense,1000,10000,1000_10000,10000000,3.0,4.0,7.374079722814586,7.380295038890052,7.366410530622209,7.3840785996512075,23249334.75,24214672.5,24004631.25,23663540.458333332,278873.80116996047,euclidean_factoextra,24004631.25,24126100.5,24126320.0,23613140.0,23723620.25,23249334.75,23756826.25,23674535.5,23651529.5,23554313.5,23616699.75,23718846.0,24056669.75,24214672.5,23329579.5,23265335.0,23395645.5,23396881.0,23563437.75,23488695.0,23844909.0,23686513.0,23295737.0,23539773.0,24035857.0
results/GeneratedDense/1000_cells_10000_features/dense_factoextra_manhattan.csv,manhattan,factoextra,dense,1000,10000,1000_10000,10000000,3.0,4.0,7.371932842402996,7.380442740390058,7.359619091945091,7.380133075242594,22888592.75,23995680.75,24012796.5,23546851.364583332,267110.70408897154,manhattan_factoextra,24012796.5,23995680.75,23941864.25,23739578.0,23626811.0,23545728.5,23311126.25,22888592.75,23123860.25,23287151.0,23582280.75,23304738.0,23462592.75,23803997.5,23670771.5,23687617.25,23360497.0,23750274.5,23375885.25,23815653.75,23753218.5,23246368.0,23382687.0,23716981.25,23750477.0
results/GeneratedDense/1000_cells_10000_features/dense_factoextra_spearman.csv,spearman,factoextra,dense,1000,10000,1000_10000,10000000,3.0,4.0,6.872549752151922,6.87849101752324,6.859752662543409,6.882688932548869,7240235.0,7632888.75,7559464.25,7456752.90625,115724.74762276732,spearman_factoextra,7559464.25,7315068.5,7251515.5,7240235.0,7251203.5,7515355.0,7555779.25,7556687.5,7530619.75,7552269.25,7464736.25,7512926.25,7569690.0,7365988.5,7632888.75,7610626.75,7351935.5,7373636.25,7538121.0,7457039.25,7371901.75,7496351.0,7564929.0,7378429.0,7504137.25
results/GeneratedDense/1000_cells_10000_features/dense_pandas_cosine.csv,cosine,pandas,dense,1000,10000,1000_10000,10000000,3.0,4.0,8.140710761861227,8.140852638548846,8.138325917257463,8.143538574823054,137507351.4873368,139167740.06643295,138309699.7546166,138264523.68631628,401399.7498327107,cosine_pandas,138404591.56036377,138214807.9488694,138595227.5750476,138169981.90885046,137849038.76090598,138387875.02026224,139167740.06643295,138527327.42410707,138968009.96992207,137507351.4873368,137976620.53504524,138486876.93364552,137829876.37105453,138265305.91647157,138218748.03435937,138721820.76333362,138567587.5061622,138033893.71929422,138389533.46942636,138643470.8427279,138002055.0821173,137551452.4385929,138315482.50121164,137865714.47589096,138092769.72052282
results/GeneratedDense/1000_cells_10000_features/dense_pandas_euclidean.csv,euclidean,pandas,dense,1000,10000,1000_10000,10000000,3.0,4.0,7.611619108613039,7.603187030342708,7.505342334226424,7.67984674439306,32014176.446227297,47846122.11825037,40103938.937187195,40890188.12306326,3989747.1645431328,euclidean_pandas,42504942.89398193,37702934.980392456,43020403.86199951,46834172.690676235,35790817.917712435,37752807.77543351,40095371.25902535,44150684.9153161,38246154.44947175,40725807.24635157,45272213.86279523,44275686.31464526,44329492.23438877,44388045.71314478,39522201.90919765,39811197.90969126,45665189.4827787,36809366.95420371,42173346.71530977,47846122.11825037,42219906.0223575,35288385.74478053,40863998.94199267,36566029.48737565,32014176.446227297
results/GeneratedDense/1000_cells_10000_features/dense_pandas_kendall.csv,kendall,pandas,dense,1000,10000,1000_10000,10000000,3.0,4.0,9.013735564860268,9.015200868708341,9.012194548496378,9.014792838251527,1028476916.062706,1034648513.7939452,1035621048.5696793,1032132764.8455917,1588022.2769707025,kendall_pandas,1036593583.3454132,1034648513.7939452,1032365495.2049257,1031430927.9918672,1031952164.888382,1031353976.726532,1031080948.1143951,1034200230.8368684,1029704216.003418,1033338890.5525208,1033319960.194334,1032017103.9973974,1028596997.7235216,1031715135.2688478,1028476916.062706,1032219025.975471,1033337361.1800116,1034264474.2534208,1031494087.6051116,1033351218.0895472,1034176708.3136436,1031886405.870072,1031436491.4784778,1032550329.0656586,1032268777.1031276
results/GeneratedDense/1000_cells_10000_features/dense_pandas_manhattan.csv,manhattan,pandas,dense,1000,10000,1000_10000,10000000,3.0,4.0,7.64044010921219,7.638768132272558,7.637774999984349,7.643118955144391,43428517.06868807,43966202.42843755,43527941.80575211,43695841.676140286,132336.87427427698,manhattan_pandas,43627366.54281616,43428517.06868807,43697319.72792514,43723889.3700742,43450866.40704084,43635948.34831312,43792119.77786968,43621156.55217136,43706450.28819208,43699951.18363061,43940502.31939014,43646301.92923082,43794562.72972298,43854323.25396136,43620761.49775805,43606294.17218641,43841767.06973694,43716662.99899951,43655800.12551307,43578213.44837429,43682700.46881913,43526847.4396592,43966202.42843755,43834929.54874855,43678112.07292372
results/GeneratedDense/1000_cells_10000_features/dense_pandas_pearson.csv,pearson,pandas,dense,1000,10000,1000_10000,10000000,3.0,4.0,7.502259880917837,7.502865715421699,7.485114514212596,7.517982360140518,30557267.37109136,32959632.460020203,31832131.147384644,31787756.744102795,526000.6330355323,pearson_pandas,31793372.631073,31870889.66369629,31182404.9949646,31955582.155578576,32959632.460020203,30998590.003663357,32188375.85866218,31448010.621532377,32232305.28559837,32349845.84231454,31820267.477915198,32339670.3423468,32095087.81094497,31782289.7145189,32136235.452452127,32308299.48926364,31970911.34120297,31261460.408260345,31852702.150080495,31685174.887740985,31625652.54072169,30557267.37109136,30909566.828204487,31731596.13631648,31644343.02137624
results/GeneratedDense/1000_cells_10000_features/dense_pandas_spearman.csv,spearman,pandas,dense,1000,10000,1000_10000,10000000,3.0,4.0,7.461974872174938,7.455419850711829,7.304254849948806,7.541731317539726,20149062.776073907,34812187.7848511,28537757.992744446,28971759.55277447,3335408.376294752,spearman_pandas,26029091.835021973,31046424.15046692,25592809.200286865,30134561.86944558,31923925.337561782,32843475.379464637,28741448.20783092,28475123.00305624,32744803.70260262,20149062.776073907,29916003.254197467,28589720.976201966,28905005.98489199,27383048.112865936,25706324.987406816,28720179.39246739,29472535.64173849,33109927.65066096,34812187.7848511,22725665.524815127,30668325.9280966,31449427.284357533,30263010.264675006,26422960.173421174,25526272.67915032
results/GeneratedDense/1000_cells_10000_features/dense_pythonic_cosine.csv,cosine,pythonic,dense,1000,10000,1000_10000,10000000,3.0,4.0,6.811892088868554,6.806085276023812,6.803642428210286,6.822986726116707,6362714.377982939,6652528.229402103,6398604.63142395,6484732.8441261165,64565.69053267776,cosine_pythonic,6383038.759231567,6414170.503616333,6518167.734146118,6482602.88135812,6491639.323141503,6362714.377982939,6478939.855031629,6652528.229402103,6435875.649248892,6544416.764389714,6460437.182266409,6479568.370505685,6537577.420514205,6516826.680711586,6477006.81109911,6362758.25653478,6482348.912685395,6402561.84777592,6547920.717460718,6524621.046852003,6488598.820411021,6518889.629457697,6479637.905941163,6564150.026475338,6409629.312018411
results/GeneratedDense/1000_cells_10000_features/dense_pythonic_euclidean.csv,euclidean,pythonic,dense,1000,10000,1000_10000,10000000,3.0,4.0,6.3793363172751345,6.3786936558265,6.362497731231443,6.394021988889428,2304080.9394303304,2477547.495881,2391628.14617157,2395169.8558929157,38815.837744336284,euclidean_pythonic,2418118.0000305176,2365138.292312622,2421859.2643737798,2414567.1947233924,2381030.808613182,2446860.037049435,2477547.495881,2372930.145449831,2304080.9394303304,2352695.198502004,2391666.539471484,2435742.206107761,2458170.8507530177,2388913.934965929,2395509.3277049386,2382527.8323499844,2347483.3586399825,2413691.52088156,2426592.8156403657,2416357.6509658694,2394698.0431085844,2368437.3112833984,2346709.8963450603,2411970.919565737,2368894.9573107352
results/GeneratedDense/1000_cells_10000_features/dense_pythonic_kendall.csv,kendall,pythonic,dense,1000,10000,1000_10000,10000000,3.0,4.0,7.51191086137733,7.514883993444202,7.505264842870322,7.516247465256586,32008464.652187183,32828229.830366462,32725326.895713806,32502058.0304035,213793.24073693357,kendall_pythonic,32798284.769058228,32652369.022369385,32384584.90371704,32828229.830366462,32504794.367093388,32508981.32917816,32455508.303422455,32624699.179492,32742776.680509333,32364293.51171974,32733774.44946763,32655261.961555168,32647240.072650146,32008464.652187183,32346055.316160485,32287500.59776928,32184230.43144153,32687780.42988215,32182963.695140325,32749732.448460095,32183844.677374613,32697213.913588356,32487801.69096489,32538648.95356496,32592642.31160922
results/GeneratedDense/1000_cells_10000_features/dense_pythonic_manhattan.csv,manhattan,pythonic,dense,1000,10000,1000_10000,10000000,3.0,4.0,6.2913390598926835,6.29839836617882,6.282520692571552,6.296594188750874,1916552.37739417,1979676.3221596468,1987917.5424575806,1955865.8322010878,15851.286336265941,manhattan_pythonic,2003171.443939209,1972663.640975952,1941237.6880645752,1975522.0260376344,1932421.626766264,1957654.3631440967,1935409.3548000683,1965244.3460179889,1954493.08183989,1979676.3221596468,1969442.737257354,1972344.6497225035,1965454.790581096,1932499.5459010573,1969457.4656130392,1957227.2371017523,1957187.6813709456,1962842.3837090684,1916552.37739417,1963320.4105642976,1959724.9237096608,1951627.8731647271,1964312.1242580144,1949708.7304771133,1934754.5921951933
results/GeneratedDense/1000_cells_10000_features/dense_pythonic_pearson.csv,pearson,pythonic,dense,1000,10000,1000_10000,10000000,3.0,4.0,4.928994152267894,4.95319158015846,4.918327654847084,4.934442096437235,82856.70429908967,85988.84121462697,89782.4764251709,84916.90409824559,808.6573033999987,pearson_pythonic,94434.02290344238,85130.92994689941,84007.26318359375,84287.08530741549,85186.20888429235,84780.28867460006,84735.86102478973,85205.77715152569,84024.68543312754,84508.55147035563,84460.29858341828,85988.84121462697,84941.00110488417,85963.08218506133,85187.08807847892,85188.28180587315,85898.69997744224,85450.87427364103,85780.65134416183,85422.68478260792,83703.41821895071,83787.6736884146,82856.70429908967,85815.71227873708,85694.0354459067
results/GeneratedDense/1000_cells_10000_features/dense_pythonic_spearman.csv,spearman,pythonic,dense,1000,10000,1000_10000,10000000,3.0,4.0,7.581999990166194,7.589464983677887,7.569476431492009,7.596382919282616,37108759.05813616,39480525.01189403,38856616.735458374,38194426.21916159,573139.4080140465,spearman_pythonic,38983000.99372864,38730232.47718811,37702275.75302124,37108759.05813616,37898287.82822619,38621046.61349981,38670080.78881624,37649015.65091527,39020319.83780222,37587552.05282722,38398221.7663672,38399487.80477218,38357215.69583458,38946643.82164924,37594797.50503126,37789306.322745,37934461.36968057,38243467.10517856,39480525.01189403,37932511.55147529,38072432.38960208,38372756.17577235,37207961.53940175,38760007.95155323,38188863.18848854
results/GeneratedDense/1000_cells_10000_features/dense_raft_cosine.csv,cosine,raft,dense,1000,10000,1000_10000,10000000,3.0,4.0,4.425443877059735,5.680499744013059,4.398057687153062,4.4465047997414375,25006.7750357607,27957.916259765625,479181.170463562,26634.45883153047,679.2850327414307,cosine_raft,930404.4246673584,27957.916259765625,27142.52471923828,27030.94482421875,26508.331298828125,26237.24937438965,26223.182678222656,26294.708251953125,26194.334030151367,26176.21421813965,26132.143854320253,25006.7750357607,25902.535051755243,26619.45089822144,27845.686746082723,26220.892477532037,26032.95529273006,26095.296514575093,27388.31794702277,27136.655177893383,27205.95995919876,27237.343652876847,27355.528436709094,26262.48100912609,27019.584248019622
results/GeneratedDense/1000_cells_10000_features/dense_raft_euclidean.csv,euclidean,raft,dense,1000,10000,1000_10000,10000000,3.0,4.0,4.362142615838552,5.651978059691991,4.345741937560346,4.380594348587186,22168.787352237763,24021.18060905492,448722.7201461792,23021.977007223988,525.5817630497388,euclidean_raft,873570.6806182861,23874.759674072266,23597.71728515625,23890.49530029297,22528.886795043945,22374.868392944336,22427.797317504883,23124.217987060547,22540.09246826172,22984.027862548828,23318.557895085207,24021.18060905492,23453.334259090567,23449.5088260091,23219.387096650764,22749.663154291808,23207.395653317344,23287.514644555387,22826.358671152066,22210.063142896102,22439.1630730986,22774.172146286888,22859.828093699907,22168.787352237763,23199.670473063503
results/GeneratedDense/1000_cells_10000_features/dense_raft_manhattan.csv,manhattan,raft,dense,1000,10000,1000_10000,10000000,3.0,4.0,4.369705150086121,5.661660041813513,4.344889583851179,4.386815113255924,22125.32118221018,24367.732206146527,458838.70124816895,23426.378186254162,586.6629933398807,manhattan_raft,893869.4000244141,23808.002471923828,23482.799530029297,23407.2208404541,24070.262908935547,22893.190383911133,23709.535598754883,23338.55628967285,22598.5050201416,22528.409957885742,23563.193937353102,22400.101647005835,23185.639397627376,22125.32118221018,23895.99584488725,23636.102989767976,22847.534715990754,24043.79626333157,23843.851442919935,23193.50423197032,24367.732206146527,24264.387704956967,23655.97298183092,23795.884671631848,23577.574250760343
results/GeneratedDense/1000_cells_10000_features/dense_raft_pearson.csv,pearson,raft,dense,1000,10000,1000_10000,10000000,3.0,4.0,4.603612211650881,5.680175495468082,4.597408938182033,4.611530776010621,39573.90785217285,40881.87217712402,478823.54259490967,40143.22056630212,343.6626055333501,pearson_raft,917593.7175750732,40053.367614746094,40549.99351501465,40580.74951171875,39872.40791320801,39573.90785217285,40418.148040771484,40881.87217712402,39798.97499084473,39996.38557434082,40110.72156125029,40598.151415998254,39963.5624814698,40402.45423285006,39926.99454061908,40024.87390719154,40079.21706425967,39849.259330339926,40566.758639193,39645.89923474783,39740.24946215836,40518.69853740847,40025.02140210616,39897.82813012065,40361.79646159652
results/GeneratedDense/1000_cells_1000_features/dense_CPU_cosine.csv,cosine,CPU,dense,1000,1000,1000_1000,1000000,3.0,3.0,4.364378798946445,5.042617837355764,4.199474056082961,4.455374071940309,15829.75,28534.75,110310.75,23140.822916666668,3092.567922724144,cosine_CPU,110310.75,20782.5,25946.5,27619.25,21561.0,22807.25,24804.0,28028.25,25353.0,23194.75,19526.0,23967.0,24688.0,19716.25,20979.25,22375.75,15829.75,19225.5,24996.25,22859.75,21765.75,22134.75,28534.75,27626.5,21058.0
results/GeneratedDense/1000_cells_1000_features/dense_CPU_euclidean.csv,euclidean,CPU,dense,1000,1000,1000_1000,1000000,3.0,3.0,4.283759973772838,5.067925021145333,4.171806871111456,4.349277527467955,14852.75,22350.0,116929.75,19220.291666666668,2084.8253894544478,euclidean_CPU,116929.75,17332.5,20676.75,18738.0,17379.5,21864.25,19092.0,21784.0,19760.75,16559.25,14852.75,17881.25,20836.5,16293.5,19535.5,22350.0,19810.25,19449.0,19811.0,21701.75,15373.25,19301.25,22085.5,20439.25,18379.25
results/GeneratedDense/1000_cells_1000_features/dense_CPU_kendall.csv,kendall,CPU,dense,1000,1000,1000_1000,1000000,3.0,3.0,6.344857989772196,6.344106154289335,6.342511998115714,6.348863924984856,2200452.5,2232872.5,2208544.5,2212371.1666666665,7512.998743035116,kendall_CPU,2208544.5,2217434.0,2207911.75,2218615.5,2223040.25,2207112.75,2218985.0,2218857.25,2220995.25,2214795.25,2207274.0,2208882.5,2200452.5,2211635.75,2203098.25,2216007.5,2207889.5,2209168.75,2206682.25,2201366.0,2215808.5,2204603.5,2232872.5,2210048.0,2213371.5
results/GeneratedDense/1000_cells_1000_features/dense_CPU_manhattan.csv,manhattan,CPU,dense,1000,1000,1000_1000,1000000,3.0,3.0,4.315310272465352,4.405384784059234,4.159288902985181,4.391032194610281,14430.75,24605.5,25432.25,20668.5625,2186.2235040442265,manhattan_CPU,25432.25,19165.5,22085.75,20936.25,22041.75,19197.75,17669.75,20884.75,23495.25,22332.25,20434.75,24605.5,19867.75,14430.75,17721.0,22380.0,23325.0,22713.5,18800.5,20484.75,19207.5,21255.25,20285.0,20511.25,22214.0
results/GeneratedDense/1000_cells_1000_features/dense_CPU_pearson.csv,pearson,CPU,dense,1000,1000,1000_1000,1000000,3.0,3.0,4.373785616750778,5.054292193881803,4.370434439462901,4.37751114454497,23465.75,23851.25,113316.25,23647.520833333332,89.04642155062842,pearson_CPU,113316.25,23728.25,23598.5,23851.25,23526.25,23701.0,23636.75,23577.75,23633.25,23589.0,23612.25,23709.5,23709.0,23465.75,23801.5,23623.75,23599.25,23466.0,23645.75,23678.75,23684.25,23692.25,23695.5,23605.5,23709.5
results/GeneratedDense/1000_cells_1000_features/dense_CPU_spearman.csv,spearman,CPU,dense,1000,1000,1000_1000,1000000,3.0,3.0,4.9153202886259715,4.941199513110536,4.910600395316835,4.921124389696472,81395.5,83392.0,87337.25,82284.92708333333,492.4509994615299,spearman_CPU,87337.25,82011.5,82697.25,83260.75,82339.25,82583.0,81588.25,83392.0,81615.0,82298.75,82506.5,82256.5,82533.75,82660.5,82524.0,82516.0,82734.5,81812.0,82210.0,81843.0,82340.25,81395.5,81992.5,82134.75,81592.75
results/GeneratedDense/1000_cells_1000_features/dense_GPU_cosine.csv,cosine,GPU,dense,1000,1000,1000_1000,1000000,3.0,3.0,3.282123891329066,6.073971340222477,3.2332500095411003,3.3250022521650378,1711.0,2113.5,1185690.5,1914.8020833333333,120.08673035835277,cosine_GPU,1185690.5,2074.75,1810.25,2074.5,1711.0,2087.0,1889.75,1888.75,1907.5,2113.5,1967.0,2031.5,1770.25,1894.5,1858.75,1786.75,1795.75,1814.5,1975.25,1894.0,1754.25,1870.0,2065.5,2086.5,1833.75
results/GeneratedDense/1000_cells_1000_features/dense_GPU_euclidean.csv,euclidean,GPU,dense,1000,1000,1000_1000,1000000,3.0,3.0,3.2947715395347568,6.069649322702604,3.242976002185453,3.3520859975015855,1749.75,2249.5,1173949.25,1971.3854166666667,133.98868848336807,euclidean_GPU,1173949.25,2116.75,1889.75,2067.5,2177.75,1822.0,1835.5,2249.5,1960.25,1958.5,1989.0,2076.25,1940.5,1913.75,1816.0,2079.0,1818.5,1973.5,2033.75,2117.5,1784.0,1749.75,2149.0,1953.5,1841.75
results/GeneratedDense/1000_cells_1000_features/dense_GPU_kendall.csv,kendall,GPU,dense,1000,1000,1000_1000,1000000,3.0,3.0,5.637146016817564,5.658994604150272,5.634843897711977,5.6390185738508745,431364.0,435530.5,456031.25,433656.65625,1046.8321752745778,kendall_GPU,456031.25,432887.0,434336.75,431364.0,432087.75,432629.25,433566.0,435059.5,434402.25,433692.25,432591.25,433741.75,433313.5,435014.0,433941.75,433338.25,435530.5,435087.25,432077.25,434648.0,433804.75,433584.0,432739.0,434507.5,433816.25
results/GeneratedDense/1000_cells_1000_features/dense_GPU_manhattan.csv,manhattan,GPU,dense,1000,1000,1000_1000,1000000,3.0,3.0,3.394143289404842,5.583114004566843,3.304759724138583,3.4869968884318228,2017.25,3069.0,382925.25,2478.2395833333335,297.7284528934485,manhattan_GPU,382925.25,2689.25,2051.75,2536.75,3069.0,2397.25,2587.0,2017.25,2380.0,2168.0,2389.5,2608.5,2620.5,2858.0,2824.0,2033.5,2176.75,2282.75,2606.75,2581.25,2130.0,2109.75,2839.5,2793.0,2727.75
results/GeneratedDense/1000_cells_1000_features/dense_GPU_pearson.csv,pearson,GPU,dense,1000,1000,1000_1000,1000000,3.0,3.0,3.3079682279126663,6.074776866133669,3.251273113674373,3.357267654644209,1783.5,2276.5,1187891.75,2032.2083333333333,146.90562919401313,pearson_GPU,1187891.75,2118.75,1894.0,2276.5,1974.5,1966.25,2061.25,2186.0,2204.75,2238.25,1859.0,2063.25,2137.0,2055.0,1830.75,2196.75,2057.0,1787.25,2182.5,1921.0,2138.25,1819.0,1783.5,2044.0,1978.5
results/GeneratedDense/1000_cells_1000_features/dense_GPU_spearman.csv,spearman,GPU,dense,1000,1000,1000_1000,1000000,3.0,3.0,3.9993544121360594,6.085931465643209,3.942008053022313,4.042181594515767,8750.0,11020.0,1218797.25,9985.145833333334,663.1314401064384,spearman_GPU,1218797.25,9303.75,10319.0,10766.25,10188.0,10624.75,9965.5,11020.0,9670.0,10715.5,9937.0,10748.75,9287.5,10166.75,8838.75,9303.0,9287.75,10225.25,10852.75,8750.0,10974.25,9775.0,9530.5,9932.5,9461.0
results/GeneratedDense/1000_cells_1000_features/dense_amap_cosine.csv,cosine,amap,dense,1000,1000,1000_1000,1000000,3.0,3.0,5.952463294078376,5.972690682569706,5.946608219472028,5.958287404302503,884317.5,908421.5,939054.25,896320.4270833334,6765.570627371648,cosine_amap,939054.25,903055.75,889437.75,885645.75,902989.75,890268.0,904438.0,901845.75,899007.5,887577.5,897000.25,889193.25,894944.25,898272.25,908421.5,904679.5,905789.25,884317.5,892585.75,902156.75,896946.5,895939.5,893336.0,895629.75,888212.5
results/GeneratedDense/1000_cells_1000_features/dense_amap_euclidean.csv,euclidean,amap,dense,1000,1000,1000_1000,1000000,3.0,3.0,5.625997699135355,5.651481784076639,5.61059469464909,5.63724274186643,407938.5,433753.25,448210.25,422666.375,7462.886336663472,euclidean_amap,448210.25,413185.75,420366.0,423968.25,431718.0,407938.5,425501.25,430962.0,414532.75,417050.5,420226.0,429190.75,433753.25,413778.0,419802.0,423081.5,428780.25,427724.75,409501.5,432018.5,428381.75,422567.5,433249.25,417346.75,419368.25
results/GeneratedDense/1000_cells_1000_features/dense_amap_kendall.csv,kendall,amap,dense,1000,1000,1000_1000,1000000,3.0,3.0,7.696712045591,7.692011947992597,7.692637312806738,7.70024093622732,49276211.75,50146535.75,49205307.25,49740717.5,194132.06538210227,kendall_amap,49205307.25,49359487.0,49968768.5,49659926.0,49779236.5,49922226.25,49604238.0,49874340.0,49788317.5,49678417.5,49831293.5,49799327.5,49674019.0,49666187.0,49276211.75,49967218.5,49699360.25,49834900.75,49852570.25,50146535.75,49765041.5,49895510.75,49419588.5,49604983.25,49709514.5
results/GeneratedDense/1000_cells_1000_features/dense_amap_manhattan.csv,manhattan,amap,dense,1000,1000,1000_1000,1000000,3.0,3.0,5.612101082940919,5.64728636797499,5.597279336368167,5.633120628246641,395621.0,429655.75,443901.25,409355.9270833333,7138.846428928766,manhattan_amap,443901.25,413199.5,401053.25,406625.75,408364.0,408525.0,407737.0,429655.75,410474.25,413179.75,412544.5,416234.25,414511.75,404149.25,399233.0,411070.75,395621.0,414742.25,410084.75,408552.5,413003.0,419066.75,400139.75,402891.25,403883.25
results/GeneratedDense/1000_cells_1000_features/dense_amap_pearson.csv,pearson,amap,dense,1000,1000,1000_1000,1000000,3.0,3.0,5.864529948776002,5.880483460174183,5.857039399572253,5.875754422987926,719514.25,751198.0,759422.5,732031.8020833334,8683.420653145558,pearson_amap,759422.5,734311.5,723422.5,719514.25,731124.75,751198.0,721187.0,733091.0,737214.0,730432.75,746012.5,727031.0,720396.0,743364.0,725018.0,744415.75,738190.5,722635.5,735341.5,742458.75,725371.5,735024.25,726181.5,726661.5,729165.25
results/GeneratedDense/1000_cells_1000_features/dense_amap_spearman.csv,spearman,amap,dense,1000,1000,1000_1000,1000000,3.0,3.0,6.3870507574267785,6.393388460367329,6.382764925517035,6.3908330094187,2414153.75,2459421.75,2473936.0,2438095.75,12380.516663668564,spearman_amap,2473936.0,2414153.75,2439673.5,2442118.5,2439889.0,2441343.75,2453788.25,2446797.75,2451499.5,2435325.75,2431945.75,2422564.5,2452978.5,2459421.75,2420147.25,2456612.25,2446118.75,2438444.75,2418676.25,2441042.5,2442620.25,2434269.0,2417907.0,2431513.5,2435446.25
results/GeneratedDense/1000_cells_1000_features/dense_armadillo_cosine.csv,cosine,armadillo,dense,1000,1000,1000_1000,1000000,3.0,3.0,3.835620243906089,3.9107465663750998,3.8348484288358984,3.836205713171393,6836.73,6858.13,8142.29,6848.890833333334,5.7802270115935315,cosine_armadillo,8142.29,6855.08,6846.35,6843.54,6848.22,6855.74,6850.96,6836.73,6848.16,6843.72,6843.67,6850.13,6854.7,6850.57,6855.05,6849.21,6852.17,6858.13,6851.91,6848.97,6837.6,6848.77,6838.09,6850.14,6855.77
results/GeneratedDense/1000_cells_1000_features/dense_armadillo_euclidean.csv,euclidean,armadillo,dense,1000,1000,1000_1000,1000000,3.0,3.0,4.07282012451179,4.094369793087358,3.9535905786460463,4.162232734599869,8986.5,14528.9,12427.1,11825.516666666668,1425.6481437305006,euclidean_armadillo,12427.1,11125.5,12950.9,8986.5,13279.8,14528.9,10505.0,12509.0,13337.3,13362.2,10667.1,12766.3,13230.8,11004.3,11073.7,13235.3,10645.7,11992.9,11615.3,11711.0,9814.2,10112.3,9840.8,12012.5,13505.1
results/GeneratedDense/1000_cells_1000_features/dense_armadillo_manhattan.csv,manhattan,armadillo,dense,1000,1000,1000_1000,1000000,3.0,3.0,6.513199688286763,6.513452002531907,6.510208751188017,6.5156265688425865,3237492.352305528,3278132.9932785607,3261760.0,3259865.54928756,10528.218666908777,manhattan_armadillo,3261760.0,3274480.0,3257140.0,3268340.0,3270700.0,3253630.0,3259840.0,3253410.0,3248160.0,3238470.0,3271754.8743704185,3237492.352305528,3258829.5586122265,3251924.113730572,3259267.743702989,3257893.9300339506,3270180.89281976,3274041.8248034976,3247663.9182533803,3260993.451167352,3259881.54927115,3278132.9932785607,3258439.795892612,3268093.124573024,3258013.060086433
results/GeneratedDense/1000_cells_1000_features/dense_armadillo_pearson.csv,pearson,armadillo,dense,1000,1000,1000_1000,1000000,3.0,3.0,4.031164989108287,4.040724937825948,4.009514632972974,4.05151139090722,10221.5,11259.3,10983.1,10743.975,235.68775291686237,pearson_armadillo,10983.1,10552.9,10843.1,10814.9,11157.1,10878.7,10911.2,10776.6,10479.1,10852.8,10907.7,10734.7,11259.3,10446.7,10877.4,10871.1,10221.5,10570.6,10647.9,10835.2,11002.4,10488.6,10439.6,10614.9,10671.4
results/GeneratedDense/1000_cells_1000_features/dense_armadillo_spearman.csv,spearman,armadillo,dense,1000,1000,1000_1000,1000000,3.0,3.0,4.6857182696495,4.67532732088207,4.681053907484355,4.691367094969914,47979.3,49132.3,47350.8,48497.37916666667,293.05242702055745,spearman_armadillo,47350.8,48227.6,48335.7,48223.4,48362.1,48452.6,48892.4,49132.3,48454.0,48283.2,49100.9,48207.5,48467.5,48877.5,48675.2,48684.4,48479.5,48483.9,48326.0,48321.1,48101.4,48832.9,47979.3,48523.2,48513.5
results/GeneratedDense/1000_cells_1000_features/dense_arrayfirecpu_cosine.csv,cosine,arrayfirecpu,dense,1000,1000,1000_1000,1000000,3.0,3.0,4.001551294612128,3.9617854637535594,3.897784837975286,4.086893471309455,7902.87,12215.0,9157.68,10035.78375,1206.6301877398494,cosine_arrayfirecpu,9157.68,9197.53,11129.1,9460.97,8455.0,10243.42,9173.73,10352.59,8954.6,12076.95,10620.92,8458.37,11097.07,12215.0,8427.96,11072.23,11078.53,9817.6,10570.47,10149.81,8370.37,10622.85,11608.27,9802.6,7902.87
results/GeneratedDense/1000_cells_1000_features/dense_arrayfirecpu_euclidean.csv,euclidean,arrayfirecpu,dense,1000,1000,1000_1000,1000000,3.0,3.0,4.098922351969161,4.099867023224239,4.098795961739042,4.099058789068054,12554.4,12562.0,12585.4,12558.054166666669,2.1209233772633675,euclidean_arrayfirecpu,12585.4,12558.7,12555.5,12555.7,12559.9,12557.4,12557.9,12558.7,12562.0,12558.2,12560.6,12558.9,12557.6,12560.0,12558.7,12556.6,12558.7,12557.7,12561.4,12555.7,12554.4,12560.4,12554.8,12559.4,12554.4
results/GeneratedDense/1000_cells_1000_features/dense_arrayfirecpu_manhattan.csv,manhattan,arrayfirecpu,dense,1000,1000,1000_1000,1000000,3.0,3.0,6.222304342676553,6.2261279818898965,6.208689965127086,6.2390155610742895,1616925.332163374,1733866.1222740095,1683170.0,1668415.9870427987,28116.708306411936,manhattan_arrayfirecpu,1683170.0,1696830.0,1653990.0,1616925.332163374,1673011.3334136407,1685125.9771241837,1623104.353635464,1633997.146325593,1639020.0738864364,1677287.0186491006,1673183.9080882638,1700951.5034000096,1638460.2888945264,1654557.2544426443,1702444.416479288,1702610.1936084249,1667269.1347160889,1733866.1222740095,1685484.7401570044,1695253.22854592,1676110.2298172608,1649472.9204070156,1651542.5987084322,1653870.0711805616,1657615.843109927
results/GeneratedDense/1000_cells_1000_features/dense_arrayfirecpu_pearson.csv,pearson,arrayfirecpu,dense,1000,1000,1000_1000,1000000,3.0,3.0,4.289131956116717,4.253311345806409,4.135847932046676,4.4274293030382585,13672.5,26756.5,17918.9,19459.5125,2913.879983417371,pearson_arrayfirecpu,17918.9,22416.9,16666.5,16409.4,17815.1,16694.9,17947.6,17817.4,20379.4,18618.7,26756.5,18699.3,20345.0,21195.1,18328.2,17105.2,22485.0,13672.5,19948.7,22255.2,17205.0,22569.3,17679.0,19272.7,24745.7
results/GeneratedDense/1000_cells_1000_features/dense_arrayfirecpu_spearman.csv,spearman,arrayfirecpu,dense,1000,1000,1000_1000,1000000,3.0,3.0,5.252589503319021,5.262239824096701,5.252236331886461,5.253044660562343,178746.0,179079.0,182911.0,178891.41666666666,98.1843150519584,spearman_arrayfirecpu,182911.0,178844.0,179021.0,178783.0,178817.0,178757.0,178873.0,178903.0,178808.0,178781.0,178881.0,178889.0,178836.0,179060.0,178775.0,179040.0,178746.0,178957.0,178879.0,178920.0,178989.0,179079.0,178903.0,179017.0,178836.0
results/GeneratedDense/1000_cells_1000_features/dense_arrayfirecuda_cosine.csv,cosine,arrayfirecuda,dense,1000,1000,1000_1000,1000000,3.0,3.0,3.0100572593127914,3.20776358644679,3.001720735688368,3.0178552151036055,1003.97,1041.97,1613.48,1023.4279166666665,10.415272431693221,cosine_arrayfirecuda,1613.48,1036.43,1016.38,1020.55,1019.25,1032.37,1033.97,1014.78,1003.97,1029.79,1024.43,1009.63,1018.19,1009.53,1036.31,1041.97,1014.51,1037.53,1024.45,1021.22,1005.3,1023.0,1029.33,1026.09,1033.29
results/GeneratedDense/1000_cells_1000_features/dense_arrayfirecuda_euclidean.csv,euclidean,arrayfirecuda,dense,1000,1000,1000_1000,1000000,3.0,3.0,3.023253317244401,3.215724783634804,2.976226139268033,3.0626195838543415,946.73,1155.1,1643.33,1055.0020833333333,46.173447634902175,euclidean_arrayfirecuda,1643.33,1024.61,1093.3,1016.62,1074.42,1099.87,1073.04,1085.07,1070.98,1015.23,973.2,1021.29,946.73,1086.36,1018.49,1077.82,992.36,1072.36,1065.24,1065.31,1155.1,1095.97,1049.8,1037.26,1109.62
results/GeneratedDense/1000_cells_1000_features/dense_arrayfirecuda_manhattan.csv,manhattan,arrayfirecuda,dense,1000,1000,1000_1000,1000000,3.0,3.0,4.12024781375631,4.1417851637866585,4.1181092386955624,4.122582824958506,13125.3,13261.2,13860.7,13190.091666666667,37.533162188774924,manhattan_arrayfirecuda,13860.7,13208.3,13157.2,13152.0,13200.2,13162.1,13200.2,13166.1,13201.9,13215.9,13204.6,13242.3,13179.1,13216.2,13213.3,13164.6,13132.1,13138.5,13255.8,13157.4,13168.2,13125.3,13239.0,13200.7,13261.2
results/GeneratedDense/1000_cells_1000_features/dense_arrayfirecuda_pearson.csv,pearson,arrayfirecuda,dense,1000,1000,1000_1000,1000000,3.0,3.0,3.01962284497263,3.2228568789991705,3.003141587724114,3.037621687370261,1007.26,1090.49,1670.54,1046.2195833333333,20.226154783507155,pearson_arrayfirecuda,1670.54,1057.84,1028.71,1032.27,1031.04,1063.21,1053.37,1047.78,1061.49,1055.27,1078.75,1031.05,1040.59,1007.29,1090.49,1045.47,1026.01,1007.26,1066.29,1073.64,1046.86,1046.97,1039.29,1050.76,1027.57
results/GeneratedDense/1000_cells_1000_features/dense_arrayfirecuda_spearman.csv,spearman,arrayfirecuda,dense,1000,1000,1000_1000,1000000,3.0,3.0,3.3569406740332415,3.455607633750768,3.3453090227233835,3.368480274926041,2214.67,2336.04,2855.01,2274.786666666667,32.79373881635878,spearman_arrayfirecuda,2855.01,2294.21,2242.87,2257.9,2250.88,2214.67,2227.85,2278.92,2219.47,2286.81,2336.04,2288.85,2245.84,2270.08,2302.62,2260.46,2312.4,2242.85,2252.67,2288.79,2322.06,2323.36,2300.53,2283.16,2291.59
results/GeneratedDense/1000_cells_1000_features/dense_factoextra_cosine.csv,cosine,factoextra,dense,1000,1000,1000_1000,1000000,3.0,3.0,5.809615688164055,5.884472779105631,5.782175109395076,5.858638841861653,605585.0,722169.0,766430.5,645083.1354166666,25602.63687825305,cosine_factoextra,766430.5,637920.0,642152.75,722169.0,635536.75,634351.5,638084.25,630597.25,641145.5,633426.75,664062.5,686888.5,619553.0,605585.0,671911.75,681981.0,660801.75,626370.5,625531.25,617414.0,616986.5,650681.0,639187.5,655598.25,644059.0
results/GeneratedDense/1000_cells_1000_features/dense_factoextra_euclidean.csv,euclidean,factoextra,dense,1000,1000,1000_1000,1000000,3.0,3.0,5.788578283242367,5.809089310943291,5.786591725698862,5.790802735834138,611775.0,617735.75,644301.75,614579.8020833334,1338.0446690412941,euclidean_factoextra,644301.75,615935.25,613858.25,617735.75,611775.0,615968.25,614503.0,614935.0,613852.5,614418.5,615759.75,614501.5,614340.25,614525.25,615265.75,616252.0,613488.25,616383.5,613749.5,612166.0,614136.5,613035.25,614046.25,613745.25,615538.75
results/GeneratedDense/1000_cells_1000_features/dense_factoextra_kendall.csv,kendall,factoextra,dense,1000,1000,1000_1000,1000000,3.0,3.0,10.014427273622585,10.01373149060549,10.014032713328884,10.014815328703529,10328392016.75,10347020956.75,10321230821.25,10337779714.0,4814965.427263864,kendall_factoextra,10321230821.25,10334060119.0,10331755723.0,10338243608.75,10344523632.25,10344268192.25,10338917221.5,10337988164.0,10336123590.75,10339360491.5,10330111395.75,10336130924.5,10334972596.5,10337469036.0,10340580330.75,10340912900.25,10344255306.5,10341793262.5,10334849952.25,10328392016.75,10330188407.0,10341394940.0,10334294682.5,10347020956.75,10339105685.0
results/GeneratedDense/1000_cells_1000_features/dense_factoextra_manhattan.csv,manhattan,factoextra,dense,1000,1000,1000_1000,1000000,3.0,3.0,5.774045867271353,5.801411771490975,5.772227244736846,5.7764781695375875,591871.25,597693.0,633011.75,594354.9270833334,1744.7058379076382,manhattan_factoextra,633011.75,595642.25,595954.25,592139.0,595181.0,593196.0,597693.0,591871.25,594341.75,593695.0,596840.25,596308.25,592038.5,594654.5,595035.0,591911.5,593080.75,597091.5,592844.0,594644.75,593296.0,594019.0,596701.75,593958.75,592380.25
results/GeneratedDense/1000_cells_1000_features/dense_factoextra_spearman.csv,spearman,factoextra,dense,1000,1000,1000_1000,1000000,3.0,3.0,5.889864880981568,6.000148177710566,5.860191220184219,5.931064081053627,724755.0,853226.0,1000341.25,776005.6458333334,25423.66692772011,spearman_factoextra,1000341.25,853226.0,780146.0,761969.25,759546.25,764363.25,763369.5,766227.75,764033.0,765954.5,802953.5,769941.0,783899.75,826514.25,782527.5,801628.75,772902.0,724755.0,769716.25,760720.0,769477.25,786630.75,742755.25,765880.0,784998.75
results/GeneratedDense/1000_cells_1000_features/dense_pandas_cosine.csv,cosine,pandas,dense,1000,1000,1000_1000,1000000,3.0,3.0,7.5628558879759336,7.564329197279137,7.559802054302281,7.566108272470535,36291260.6288206,36822076.2057963,36671544.13679555,36547349.63467426,143427.86546280733,cosine_pandas,36521012.0677948,36822076.2057963,36602383.9215624,36494119.5889375,36577587.4728034,36595538.3885689,36569767.6335733,36626384.0065629,36408751.6893206,36421229.5876442,36645758.8083883,36558161.5274826,36576652.7002968,36811949.1933077,36314455.2088845,36643210.9898548,36790950.0769627,36448626.952796,36375317.1438987,36291260.6288206,36635608.1951879,36559544.6595291,36389397.233214,36390909.7515708,36586749.6672182
results/GeneratedDense/1000_cells_1000_features/dense_pandas_euclidean.csv,euclidean,pandas,dense,1000,1000,1000_1000,1000000,3.0,3.0,6.819923339861483,6.831531239032481,6.8197075045132785,6.820107404767982,6602486.235904566,6608568.633971114,6784709.215164185,6605768.35010111,1640.1829107400197,euclidean_pandas,6962195.634841919,6607222.79548645,6605102.777481079,6607387.855107139,6605343.223412604,6608001.425408906,6604131.169770266,6607163.003449986,6607446.774631399,6604824.421166209,6604321.327056645,6605888.474376692,6605569.088273386,6606068.790526533,6605312.403734132,6602486.235904566,6608568.633971114,6604596.83768116,6603887.593225854,6607538.60242093,6602884.434733542,6608125.391835319,6606526.263414266,6604241.562980161,6605801.316378285
results/GeneratedDense/1000_cells_1000_features/dense_pandas_kendall.csv,kendall,pandas,dense,1000,1000,1000_1000,1000000,3.0,3.0,8.54909635260852,8.56076842778105,8.547211117822288,8.551122531643006,352542206.0663155,355731670.3796387,363721042.9906845,354075887.6747201,795364.7314132131,kendall_pandas,373847331.7623138,353594754.2190552,353458178.28178406,354784335.1364136,354437696.2184906,354076482.53440857,352812839.50805664,354734595.53718567,355731670.3796387,354125664.9494171,354531920.9154202,353982539.0344244,354481951.87894017,353182907.8828434,353456628.7013271,354763689.802618,353254739.4232672,354528593.99607754,355720377.264377,353591447.87370545,353929862.1203744,353687047.333684,352542206.0663155,354818469.59473574,353592705.54072326
results/GeneratedDense/1000_cells_1000_features/dense_pandas_manhattan.csv,manhattan,pandas,dense,1000,1000,1000_1000,1000000,3.0,3.0,6.841356739009452,6.840762931760378,6.838701484129913,6.843817853114345,6897655.24874733,6979396.20731968,6930473.891068625,6939956.351802115,20056.306356253976,manhattan_pandas,6932542.80090332,6928404.98123393,6948498.90304545,6931806.03334381,6926777.71241311,6928664.98107348,6913605.83420814,6950619.80079542,6930617.64192833,6927636.65318325,6933998.29117363,6944320.09068769,6955540.22346293,6941023.55408135,6953098.86822535,6967114.26800708,6897655.24874733,6898685.53666574,6954273.27020036,6950234.65054964,6949808.64111379,6975111.37862598,6979396.20731968,6928898.93560537,6943160.73755991
results/GeneratedDense/1000_cells_1000_features/dense_pandas_pearson.csv,pearson,pandas,dense,1000,1000,1000_1000,1000000,3.0,3.0,6.161910786986019,6.183501848983411,6.143684655483496,6.169535596347957,1392145.5883962782,1477527.580136078,1525814.8908615112,1451813.354647467,23004.63678760895,pearson_pandas,1587931.8714141846,1463697.910308838,1431171.417236328,1468958.8930537158,1457952.613885032,1427313.8543978306,1392145.5883962782,1430741.946377069,1458023.559394374,1460121.5289093666,1469982.0327044816,1477527.580136078,1439331.1879969724,1466306.944968903,1471597.214504694,1450802.818234313,1475428.9114541626,1425164.453688316,1475314.428019052,1464785.4983312704,1473973.1290660088,1474050.3417892433,1451593.5915225886,1409218.3417899334,1428316.7253743615
results/GeneratedDense/1000_cells_1000_features/dense_pandas_spearman.csv,spearman,pandas,dense,1000,1000,1000_1000,1000000,3.0,3.0,5.868917813186461,5.887115360707704,5.8594611573330075,5.8811246174904195,723537.6872275709,760544.4780725235,771108.2696914673,739465.323822125,9058.469550353135,spearman_pandas,795288.8011932373,746927.7381896973,732857.4657440186,723537.6872275709,739983.6445627676,723950.3991076213,737773.768547455,733057.6877463874,737545.2708751281,735816.0327268266,733912.6269543386,739792.3356015689,741372.7160929508,734024.0212150399,734969.2459273463,753882.6499445228,744655.1708510355,742353.1607060528,750871.4314585889,760544.4780725235,736772.8565805597,756406.4992742586,741442.9393625256,729783.3606738747,734934.5842883413
results/GeneratedDense/1000_cells_1000_features/dense_pythonic_cosine.csv,cosine,pythonic,dense,1000,1000,1000_1000,1000000,3.0,3.0,6.4018815205856505,6.399811770136496,6.394083433861466,6.40807358521133,2477898.0497392328,2559019.4407318267,2510797.9774475098,2522792.438278941,23379.56427943996,cosine_pythonic,2522598.2666015625,2498997.688293457,2539532.6614379883,2511954.5173177808,2518063.718156972,2529888.9687564503,2493901.317374636,2559019.4407318267,2555372.564372382,2484252.2560905768,2557154.8901875154,2550173.5127445203,2534885.1569717545,2503401.575320337,2536163.9631622448,2518760.8183187474,2496964.571351412,2548160.6404840727,2477898.0497392328,2517822.389798912,2545513.0989040863,2508259.0411676243,2540994.104335377,2509532.4879472447,2510351.0857294374
results/GeneratedDense/1000_cells_1000_features/dense_pythonic_euclidean.csv,euclidean,pythonic,dense,1000,1000,1000_1000,1000000,3.0,3.0,6.221812919874755,6.207544175868503,6.221003765800874,6.222411205091517,1663427.0740118036,1668826.5676646782,1612665.057182312,1666529.1706237,1525.477773876613,euclidean_pythonic,1557453.3939361572,1667876.7204284668,1665203.332901001,1667637.1402843113,1664691.125768517,1666065.6700428233,1668826.5676646782,1664040.74525289,1667114.3218735731,1667657.5923122058,1668545.193183176,1668008.5883043157,1666997.502176058,1668204.4116226316,1666134.4355416123,1664181.7761809384,1665654.1189642958,1666737.8563806184,1668765.9017593674,1663427.0740118036,1665913.745901246,1666158.6717809725,1667468.9020423423,1666467.754692018,1664920.9458989291
results/GeneratedDense/1000_cells_1000_features/dense_pythonic_kendall.csv,kendall,pythonic,dense,1000,1000,1000_1000,1000000,3.0,3.0,7.046285064649206,7.0478029904253905,7.045691889269396,7.046881200313366,11109432.876138678,11139897.640336655,11163567.185401917,11124616.915343702,8380.17277325055,kendall_pythonic,11207642.555236816,11119491.815567017,11130041.360855104,11125484.376456477,11130270.297389068,11120680.473385377,11131325.160400337,11135464.584843012,11122972.823015504,11124911.192528753,11109432.876138678,11127285.413735367,11131834.959303066,11137435.451986024,11123057.402911767,11135565.024439609,11112227.773715883,11117814.572053142,11120907.346628653,11139897.640336655,11114531.064064397,11131518.070171723,11113475.479168046,11114392.047240404,11120788.761914777
results/GeneratedDense/1000_cells_1000_features/dense_pythonic_manhattan.csv,manhattan,pythonic,dense,1000,1000,1000_1000,1000000,3.0,3.0,6.004339070918957,6.011379222615084,5.996388582007668,6.009085690476054,991718.8817077756,1021140.9447563236,1026547.908782959,1010041.15749245,7462.322297731131,manhattan_pythonic,1047854.4235229492,1005241.3940429688,1014509.4394683838,1019811.4755036348,1003454.0049866844,1001365.8271073246,1013853.4894769988,991718.8817077756,1013860.9941208862,1001096.315258438,1012523.3437322134,1019453.6211213928,1011316.1895169676,1013094.202162803,1019632.0565599536,1004028.0184883068,1021140.9447563236,1001377.4776227447,1008101.9030503534,1012249.213842192,1019671.5029769428,1005888.1236091574,1002890.9763436862,1015667.1682502216,1009041.2161124458
results/GeneratedDense/1000_cells_1000_features/dense_pythonic_pearson.csv,pearson,pythonic,dense,1000,1000,1000_1000,1000000,3.0,3.0,4.195662933636223,4.252939550331832,4.126186503487738,4.24101923439002,13371.696275907789,17418.84017670542,17903.566360473633,15691.444809427725,1108.8498990317064,pearson_pythonic,19347.6676940918,16459.46502685547,14645.57647705078,13562.794987328749,16129.915050294774,13371.696275907789,16993.510990147744,14356.676233461953,15330.313534477946,16432.789715240335,16829.919962130578,16646.370626245796,15068.48569198924,16279.673934804918,17418.84017670542,15864.199905689233,16262.037926330118,16477.600275738056,16368.252847347285,15985.891486374518,15543.298219597677,16755.119137806214,15048.862413796722,13632.54704875905,15130.83748218505
results/GeneratedDense/1000_cells_1000_features/dense_pythonic_spearman.csv,spearman,pythonic,dense,1000,1000,1000_1000,1000000,3.0,3.0,7.081089962171297,7.091259710175499,7.07960606025664,7.082262932387863,12011743.793161413,12085452.962275216,12338424.563407898,12052855.840653298,17703.758320330322,spearman_pythonic,12610586.404800417,12066262.72201538,12045176.98287964,12074450.005721549,12053441.425709244,12047612.357140187,12066518.412457004,12026268.035393216,12035102.537121257,12061431.469074449,12051185.52999308,12011743.793161413,12016318.01738528,12047428.022062205,12057243.716040174,12052702.14184932,12041918.043200372,12068966.688472504,12057775.823752431,12054348.892449647,12081178.913549377,12063746.31592002,12055336.43766858,12085452.962275216,12046930.930387612
results/GeneratedDense/1000_cells_1000_features/dense_raft_cosine.csv,cosine,raft,dense,1000,1000,1000_1000,1000000,3.0,3.0,3.565892731060566,5.674876728517538,3.4051336575314592,3.7154404209503715,2541.7548301657234,5193.264243925696,473016.97731018066,3680.3805853806048,692.8894604807559,cosine_raft,941126.823425293,4907.131195068359,4014.492034912109,4048.585891723633,3102.0641326904297,3066.7781829833984,3571.9871520996094,4654.407501220703,3080.8448791503906,3132.5817108154297,2576.7874293908008,4187.013696963854,3943.0079282004895,3365.3376145826883,2962.1659990818216,5193.264243925696,4394.147065171693,3443.716716877009,3831.81282931026,3730.021376059881,4338.847894641609,3650.6019556672177,3728.4863933695774,2541.7548301657234,2863.295395062131
results/GeneratedDense/1000_cells_1000_features/dense_raft_euclidean.csv,euclidean,raft,dense,1000,1000,1000_1000,1000000,3.0,3.0,3.5724907361783993,5.683380628983104,3.446100018343489,3.6896795481120543,2793.1870402310515,4894.175606747566,482370.376586914,3736.7215459445592,634.2929380540425,euclidean_raft,960172.8916168212,4567.861557006836,3547.906875610352,3578.424453735352,3082.275390625,4141.569137573242,3157.8540802001958,4142.045974731445,3108.2630157470703,4131.793975830078,4105.629096788273,2793.1870402310515,4596.492325410464,4679.846999872208,3557.2761008565426,3192.3396265786478,4147.454583614217,3373.970032779472,3409.699302645287,4708.094878892057,3018.479594613201,3216.7172432948228,3687.051907351573,2842.908301934468,4894.175606747566
results/GeneratedDense/1000_cells_1000_features/dense_raft_manhattan.csv,manhattan,raft,dense,1000,1000,1000_1000,1000000,3.0,3.0,3.5316430934071015,5.672299637889995,3.3940890478945924,3.6945541268577884,2477.93008121149,4949.417925114254,470218.42002868647,3401.2855451431183,739.3179837916881,manhattan_raft,936006.7844390868,4430.055618286133,3556.7283630371094,3577.709197998047,2726.5548706054688,2686.738967895508,3064.155578613281,4141.330718994141,2700.0904083251958,2629.2800903320312,3194.8417807619567,2477.93008121149,4196.127912563367,3076.3233722517534,4721.580903193379,4488.071558930631,2578.800676311596,3502.8899066729987,4949.417925114254,3144.6020553270346,4037.328226158996,2831.919959538676,2714.227210448026,3421.136308401051,2783.0113924627008
results/GeneratedDense/1000_cells_1000_features/dense_raft_pearson.csv,pearson,raft,dense,1000,1000,1000_1000,1000000,3.0,3.0,3.630237672182063,5.665823959966989,3.384651767932479,3.813686399768161,2424.6651365532275,6511.5802876320895,463259.1009140014,4268.130327803332,1036.9935774680166,pearson_raft,920500.0400543212,6018.161773681641,3983.020782470703,5174.875259399414,4735.231399536133,3565.3114318847656,3544.0921783447266,3624.677658081055,3553.3905029296875,3559.8278045654297,3744.012921890367,4098.299783524702,3853.893072731492,4043.5626669616527,5242.527889380053,5495.178171457823,2868.230471178096,3697.189612705101,4174.509337012226,6511.5802876320895,2424.6651365532275,6090.483689899851,3032.1739729804126,4345.734659467416,5054.497403011906
results/GeneratedDense/1000_cells_100_features/dense_CPU_cosine.csv,cosine,CPU,dense,1000,100,1000_100,100000,3.0,2.0,4.261143123841299,5.07156168903932,4.031155894031127,4.416270117553054,10743.75,26077.75,117913.0,18244.96875,3760.2396659491806,cosine_CPU,117913.0,21924.5,16854.25,20095.0,18677.75,21091.0,25217.25,21623.75,12878.5,26077.75,13745.0,15565.25,18959.5,15717.5,17014.25,15998.75,18823.25,14556.5,20195.0,10743.75,18826.25,17571.25,13313.75,19712.5,22697.0
results/GeneratedDense/1000_cells_100_features/dense_CPU_euclidean.csv,euclidean,CPU,dense,1000,100,1000_100,100000,3.0,2.0,4.273099942211414,5.047042077693534,4.266531552772326,4.2822708198495025,18472.75,19154.5,111440.25,18754.260416666668,158.20588312067616,euclidean_CPU,111440.25,18874.5,18592.0,18472.75,18799.25,18922.5,18541.5,18883.0,19154.5,18761.25,18668.75,18687.25,18718.0,18726.25,18878.5,18636.5,18674.75,18595.75,18630.0,18943.75,18848.25,19005.75,18646.25,18810.75,18630.5
results/GeneratedDense/1000_cells_100_features/dense_CPU_kendall.csv,kendall,CPU,dense,1000,100,1000_100,100000,3.0,2.0,5.330170831126922,5.334402477247951,5.317475700454235,5.33936845033568,207718.75,218458.25,215974.5,213880.32291666666,2645.511180006111,kendall_CPU,215974.5,211135.0,215737.25,214485.5,215649.75,213741.5,213141.25,217135.25,211348.75,218357.0,212161.75,211853.5,213621.5,207718.75,218458.25,209739.25,216893.75,215014.5,215657.25,216031.25,213334.0,211319.75,215452.25,211629.75,213511.0
results/GeneratedDense/1000_cells_100_features/dense_CPU_manhattan.csv,manhattan,CPU,dense,1000,100,1000_100,100000,3.0,2.0,3.869714297347919,4.306006616560103,3.4576548542184598,4.21412826182341,2868.5,16373.0,20230.5,7408.227272727273,3763.4019553978765,manhattan_CPU,20230.5,10289.0,2868.5,4367.25,,3233.5,7165.25,8597.75,3122.25,3098.5,11953.5,16373.0,8543.25,3284.75,5842.75,8029.5,4912.5,5630.25,14578.25,,7605.25,6245.5,6495.5,7648.75,13096.25
results/GeneratedDense/1000_cells_100_features/dense_CPU_pearson.csv,pearson,CPU,dense,1000,100,1000_100,100000,3.0,2.0,4.31659384631809,5.078400624397368,4.222274149796562,4.426584450896288,16683.0,26704.5,119784.5,20729.739583333332,2689.4804974652,pearson_CPU,119784.5,22776.25,17427.75,23736.0,18043.25,16683.0,23085.0,17728.75,23487.25,16792.5,19150.5,24035.25,21630.0,20814.25,19065.25,19448.0,21589.25,23971.5,23120.0,19682.75,17222.5,26704.5,19291.5,20214.25,21814.5
results/GeneratedDense/1000_cells_100_features/dense_CPU_spearman.csv,spearman,CPU,dense,1000,100,1000_100,100000,3.0,2.0,4.243911704007587,4.290641086405216,4.234441351266335,4.2549708069446615,17157.0,17987.5,19527.25,17535.239583333332,207.90868988330686,spearman_CPU,19527.25,17648.5,17391.25,17265.25,17619.25,17732.75,17863.75,17602.0,17342.0,17415.0,17456.75,17548.0,17232.0,17603.75,17755.0,17436.25,17157.0,17987.5,17580.5,17888.25,17423.0,17355.25,17659.75,17381.0,17502.0
results/GeneratedDense/1000_cells_100_features/dense_GPU_cosine.csv,cosine,GPU,dense,1000,100,1000_100,100000,3.0,2.0,3.043996389192305,6.064498140890784,2.999782798454136,3.0828750913129275,999.5,1210.25,1160107.25,1106.6145833333333,53.16816771489988,cosine_GPU,1160107.25,1167.0,1064.75,1101.0,1140.25,1068.25,1190.5,1032.75,1068.75,1096.0,1065.0,999.5,1160.0,1210.25,1129.0,1080.75,1048.25,1077.0,1105.25,1128.75,1075.25,1124.75,1200.5,1150.25,1075.0
results/GeneratedDense/1000_cells_100_features/dense_GPU_euclidean.csv,euclidean,GPU,dense,1000,100,1000_100,100000,3.0,2.0,3.6621949298057532,6.041915793543247,3.1341771075767664,3.816986585776197,1362.0,6561.25,1101325.75,4594.041666666667,1357.176932986468,euclidean_GPU,1101325.75,5951.5,4045.0,5813.0,5449.75,5486.5,4777.25,6079.5,6561.25,4868.25,4755.5,5465.5,4732.5,4610.5,5108.75,1912.75,5095.75,2720.75,2561.5,5284.75,5354.75,1362.0,3857.25,5677.5,2725.25
results/GeneratedDense/1000_cells_100_features/dense_GPU_kendall.csv,kendall,GPU,dense,1000,100,1000_100,100000,3.0,2.0,4.375463754423217,4.414313052733486,4.346157302232008,4.4059905780320205,22190.0,25467.75,25960.5,23739.072916666668,808.9648718912293,kendall_GPU,25960.5,24251.0,23168.75,23636.0,23230.5,25096.0,23434.5,25467.75,24373.0,24117.75,23389.75,23538.25,23572.75,24106.5,23202.0,23426.5,23052.75,23678.0,23231.0,24216.75,22190.0,22899.0,25352.0,24537.0,22570.25
results/GeneratedDense/1000_cells_100_features/dense_GPU_manhattan.csv,manhattan,GPU,dense,1000,100,1000_100,100000,3.0,2.0,3.6572320321283516,5.461861162800544,3.0971705115554466,3.9344732008303565,1250.75,8599.5,289641.75,4541.8421052631575,2311.357386578351,manhattan_GPU,289641.75,1250.75,5819.75,6730.75,7760.0,5614.25,1461.0,8599.5,6114.25,5778.25,,7093.75,3276.25,6116.0,1822.25,,5848.0,2685.5,,,3363.5,,3802.5,1860.25,1298.5
results/GeneratedDense/1000_cells_100_features/dense_GPU_pearson.csv,pearson,GPU,dense,1000,100,1000_100,100000,3.0,2.0,3.803850390901098,6.042446642125911,2.4293484729236616,4.094252703609679,268.75,12423.75,1102672.75,6365.761904761905,3359.145025218994,pearson_GPU,1102672.75,2516.0,7685.75,268.75,5491.5,11036.5,2806.25,6141.0,1309.0,6749.0,,5928.75,6650.0,,,8697.25,7864.0,7101.0,9474.25,1095.5,10885.0,4581.0,12423.75,10081.25,4895.5
results/GeneratedDense/1000_cells_100_features/dense_GPU_spearman.csv,spearman,GPU,dense,1000,100,1000_100,100000,3.0,2.0,3.638815687089232,6.084140424401416,3.6099943734732007,3.6720285500947476,4073.75,4699.25,1213781.25,4353.270833333333,140.7885699940596,spearman_GPU,1213781.25,4432.75,4199.25,4377.25,4699.25,4173.75,4197.75,4368.0,4254.5,4431.0,4297.0,4373.5,4412.0,4642.5,4229.25,4349.25,4359.75,4370.25,4348.5,4195.25,4375.75,4369.25,4393.0,4073.75,4556.0
results/GeneratedDense/1000_cells_100_features/dense_amap_cosine.csv,cosine,amap,dense,1000,100,1000_100,100000,3.0,2.0,5.03608701990652,5.063146575917733,5.0042246142338485,5.093512737362979,100977.5,124026.0,115650.25,108664.33333333333,4988.834242307737,cosine_amap,115650.25,112074.0,111484.5,124026.0,109209.5,107340.5,111130.0,106629.5,106915.5,102107.75,111424.5,115055.0,111115.75,110830.75,103363.0,101767.5,105067.0,113103.0,109457.75,106878.75,108403.0,111509.25,105056.75,103017.25,100977.5
results/GeneratedDense/1000_cells_100_features/dense_amap_euclidean.csv,euclidean,amap,dense,1000,100,1000_100,100000,3.0,2.0,4.799561231014186,4.881950696766577,4.751531214202791,4.839811025445827,56432.75,69153.0,76199.25,63032.020833333336,3748.2677213646716,euclidean_amap,76199.25,67599.0,65483.75,61369.0,62038.5,61242.75,69153.0,57392.5,68189.75,61659.75,56432.75,68345.25,62056.5,57671.75,66175.0,59031.0,58048.5,62641.25,63303.25,68921.75,62402.75,61981.75,62229.0,67023.75,62376.25
results/GeneratedDense/1000_cells_100_features/dense_amap_kendall.csv,kendall,amap,dense,1000,100,1000_100,100000,3.0,2.0,5.832584648177511,5.840594714571722,5.82568392386837,5.839563672251415,669397.25,691136.25,692779.0,680118.59375,5281.783040561691,kendall_amap,692779.0,669811.75,682693.25,674397.5,680002.0,682218.75,679547.5,678677.25,684683.5,679150.25,677556.25,679116.75,681966.25,684424.5,682797.75,670556.25,691136.25,676124.25,669397.25,680627.5,683834.5,678330.25,682504.25,688480.75,684811.75
results/GeneratedDense/1000_cells_100_features/dense_amap_manhattan.csv,manhattan,amap,dense,1000,100,1000_100,100000,3.0,2.0,4.784032283036859,4.840750468177885,4.743103893916489,4.836983603063312,55348.25,68704.25,69302.75,60818.020833333336,2954.618096017821,manhattan_amap,69302.75,68704.25,63164.25,56550.5,60252.5,60274.25,63320.75,59215.0,63540.25,58275.75,60862.25,62032.75,57239.0,62357.25,63790.5,59116.75,63593.25,55348.25,60274.25,61140.5,55383.5,59934.75,61842.0,62389.25,61030.75
results/GeneratedDense/1000_cells_100_features/dense_amap_pearson.csv,pearson,amap,dense,1000,100,1000_100,100000,3.0,2.0,4.989761419309832,4.996868330102294,4.8508177139552595,5.094121595840561,70928.0,124200.0,99281.5,97670.05208333333,12905.185808825388,pearson_amap,99281.5,97125.5,94960.75,124200.0,95025.5,90822.5,102874.25,90447.0,93781.75,88907.25,106386.0,102707.0,108371.75,92234.0,75167.25,115566.0,93008.25,101343.75,70928.0,106334.0,107052.75,123000.0,93916.0,91899.0,78023.0
results/GeneratedDense/1000_cells_100_features/dense_amap_spearman.csv,spearman,amap,dense,1000,100,1000_100,100000,3.0,2.0,5.2613956404779225,5.32940550741727,5.208667716435559,5.304732273749973,161684.25,201712.25,213503.75,182555.80208333334,9735.765851942508,spearman_amap,213503.75,183556.5,179188.0,201712.25,174805.0,175459.0,178039.75,171579.25,187112.5,189701.25,195867.75,201260.5,189837.5,176604.0,174696.75,176683.25,170586.5,185552.25,174795.25,190864.0,183199.25,161684.25,177884.5,189992.75,190677.25
results/GeneratedDense/1000_cells_100_features/dense_armadillo_cosine.csv,cosine,armadillo,dense,1000,100,1000_100,100000,3.0,2.0,3.6537618703963366,3.6788514835056314,3.6012634166051685,3.692801989937889,3992.67,4929.49,4773.66,4505.695833333333,212.35327875807695,cosine_armadillo,4773.66,4239.11,4593.27,4889.72,4501.59,4270.66,4446.53,4339.18,4434.9,4571.58,4608.45,4556.46,4648.87,4427.68,4511.9,4468.55,4434.04,3992.67,4353.77,4929.49,4561.66,4875.91,4746.04,4444.17,4290.5
results/GeneratedDense/1000_cells_100_features/dense_armadillo_euclidean.csv,euclidean,armadillo,dense,1000,100,1000_100,100000,3.0,2.0,3.9651208024194053,3.962362231558233,3.901382027082154,4.000075994884974,7968.6,10001.75,9169.85,9228.280833333332,508.7922454197838,euclidean_armadillo,9169.85,9618.2,8769.59,9735.94,8760.94,8879.13,9397.83,9335.33,9698.21,9663.51,9076.36,8526.97,8550.61,9495.63,9777.3,9558.99,8882.56,9850.3,8852.41,10001.75,7968.6,8696.06,9260.78,9620.92,9500.82
results/GeneratedDense/1000_cells_100_features/dense_armadillo_manhattan.csv,manhattan,armadillo,dense,1000,100,1000_100,100000,3.0,2.0,5.503416356893693,5.514480013375962,5.487521573812226,5.514866383989255,307271.0,327240.0,326949.0,318725.1666666667,4540.598718475596,manhattan_armadillo,326949.0,318931.0,325269.0,313429.0,314182.0,317993.0,326387.0,312647.0,319165.0,317439.0,324226.0,319620.0,327240.0,316274.0,317717.0,321204.0,323768.0,315887.0,319488.0,316535.0,307271.0,318847.0,318373.0,321780.0,315732.0
results/GeneratedDense/1000_cells_100_features/dense_armadillo_pearson.csv,pearson,armadillo,dense,1000,100,1000_100,100000,3.0,2.0,3.6590518991881447,3.691132790681668,3.615724959389863,3.707870672020873,4127.86,5103.53,4910.58,4560.9141666666665,261.95912904682706,pearson_armadillo,4910.58,4355.84,4788.8,4791.4,4153.87,4602.42,4659.22,5103.53,4828.71,4312.24,4188.34,4127.86,4942.52,4455.37,4283.81,4873.83,4626.56,4265.02,4473.64,4412.49,4500.91,4781.98,4728.67,4727.73,4477.18
results/GeneratedDense/1000_cells_100_features/dense_armadillo_spearman.csv,spearman,armadillo,dense,1000,100,1000_100,100000,3.0,2.0,3.964996131026185,3.9228136569959626,3.8473480510830167,4.097256268218594,7036.36,12509.97,8371.7,9225.632083333332,1468.0835879272995,spearman_armadillo,8371.7,10485.8,11642.5,8628.9,8662.81,10923.0,8221.52,8218.55,8225.38,8281.23,10533.33,9714.42,8346.49,7983.0,11406.78,7036.36,11485.74,8283.82,12509.97,8347.72,8754.25,9110.68,8946.3,7036.81,8629.81
results/GeneratedDense/1000_cells_100_features/dense_arrayfirecpu_cosine.csv,cosine,arrayfirecpu,dense,1000,100,1000_100,100000,3.0,2.0,3.5535481794743435,3.547849746959194,3.546814012741506,3.562867181080759,3522.2,3654.83,3530.61,3577.2408333333333,30.185832896226184,cosine_arrayfirecpu,3530.61,3548.39,3602.04,3583.62,3592.92,3522.2,3563.51,3572.19,3587.67,3563.47,3582.94,3552.1,3602.65,3568.52,3567.79,3543.54,3623.59,3609.27,3561.21,3620.48,3568.45,3543.74,3579.57,3539.09,3654.83
results/GeneratedDense/1000_cells_100_features/dense_arrayfirecpu_euclidean.csv,euclidean,arrayfirecpu,dense,1000,100,1000_100,100000,3.0,2.0,3.823438770121488,3.828958773846922,3.8211216350504538,3.8252969137942334,6624.02,6688.01,6744.64,6659.45625,17.87640036764022,euclidean_arrayfirecpu,6744.64,6641.32,6667.78,6684.34,6666.79,6633.91,6680.22,6635.79,6642.71,6685.83,6673.52,6662.72,6653.9,6654.24,6652.56,6657.98,6679.04,6624.02,6688.01,6660.89,6677.66,6650.64,6640.13,6670.71,6642.24
results/GeneratedDense/1000_cells_100_features/dense_arrayfirecpu_manhattan.csv,manhattan,arrayfirecpu,dense,1000,100,1000_100,100000,3.0,2.0,5.169958385865813,5.172950111242701,5.169027506008932,5.170613703377405,147580.0,148120.0,148919.0,147896.66666666666,137.8149927338177,manhattan_arrayfirecpu,148919.0,148040.0,147811.0,148068.0,147858.0,148087.0,148068.0,147914.0,147910.0,147697.0,147733.0,147808.0,147832.0,147856.0,147580.0,147835.0,148102.0,147948.0,147996.0,147852.0,147974.0,148120.0,147842.0,147866.0,147723.0
results/GeneratedDense/1000_cells_100_features/dense_arrayfirecpu_pearson.csv,pearson,arrayfirecpu,dense,1000,100,1000_100,100000,3.0,2.0,3.642380794243713,3.733190842959538,3.6172279189289602,3.6686076671205523,4142.17,4662.38,5409.92,4389.15375,129.85468438516497,pearson_arrayfirecpu,5409.92,4457.28,4283.01,4142.17,4662.38,4444.79,4211.35,4276.22,4532.86,4472.73,4284.96,4614.32,4433.65,4344.85,4433.97,4505.89,4293.31,4525.47,4259.93,4403.52,4200.54,4412.69,4408.76,4453.47,4281.57
results/GeneratedDense/1000_cells_100_features/dense_arrayfirecpu_spearman.csv,spearman,arrayfirecpu,dense,1000,100,1000_100,100000,3.0,2.0,4.34652484866853,4.3461220718680975,4.339139273151774,4.3545501955078825,21834.3,22623.0,22188.2,22208.787499999995,184.29447295135208,spearman_arrayfirecpu,22188.2,22081.9,22321.2,22128.9,22041.6,22204.3,22344.4,22508.7,22188.2,22141.4,22306.3,22102.8,22057.6,22479.1,22623.0,22180.4,21916.2,22219.8,22260.5,22171.4,22246.3,22144.5,22488.6,21834.3,22019.5
results/GeneratedDense/1000_cells_100_features/dense_arrayfirecuda_cosine.csv,cosine,arrayfirecuda,dense,1000,100,1000_100,100000,3.0,2.0,2.9575986880719114,3.1403320269761736,2.3994262242354365,3.235513296835794,250.857,1719.94,1381.44,906.9820416666666,334.92087465903535,cosine_arrayfirecuda,1381.44,1167.27,703.659,882.658,1291.492,580.652,1024.899,528.561,906.972,951.933,952.261,1719.94,1125.963,1017.165,1262.276,250.857,505.847,1135.626,807.411,1029.859,852.05,535.445,425.793,711.792,1397.188
results/GeneratedDense/1000_cells_100_features/dense_arrayfirecuda_euclidean.csv,euclidean,arrayfirecuda,dense,1000,100,1000_100,100000,3.0,2.0,2.9450372155218556,3.1420326223593498,2.35730771510321,3.1903661601715103,227.671,1550.123,1386.86,881.124375,330.64991385285595,euclidean_arrayfirecuda,1386.86,1176.51,704.901,1009.131,1363.145,504.111,1044.767,990.493,557.912,1005.074,1550.123,467.522,695.057,647.674,239.368,817.504,227.671,841.932,901.456,786.111,904.939,1010.619,1225.21,1284.023,1191.732
results/GeneratedDense/1000_cells_100_features/dense_arrayfirecuda_manhattan.csv,manhattan,arrayfirecuda,dense,1000,100,1000_100,100000,3.0,2.0,3.3212881832970678,3.404956806272217,3.2637969762406804,3.41770248056346,1835.68,2616.39,2540.72,2095.5025,199.1219102763012,manhattan_arrayfirecuda,2540.72,2152.78,1850.42,1914.36,2468.27,2176.24,2019.27,2143.35,1862.53,1978.88,1835.68,2052.18,1991.58,2168.71,2058.93,1971.1,2088.23,2522.01,2616.39,1952.81,2103.01,2134.34,1928.97,2044.91,2257.11
results/GeneratedDense/1000_cells_100_features/dense_arrayfirecuda_pearson.csv,pearson,arrayfirecuda,dense,1000,100,1000_100,100000,3.0,2.0,3.042065418997916,3.130304814564404,2.7092258507024995,3.203566175671664,511.948,1597.961,1349.91,1101.70525,325.9685759869155,pearson_arrayfirecuda,1349.91,1168.6,713.337,986.807,1576.364,1079.343,511.948,635.036,1292.455,761.5,1304.493,1529.862,1453.553,915.354,1432.862,1011.54,1164.593,1317.191,1061.437,1529.734,1224.209,1597.961,781.787,630.422,760.538
results/GeneratedDense/1000_cells_100_features/dense_arrayfirecuda_spearman.csv,spearman,arrayfirecuda,dense,1000,100,1000_100,100000,3.0,2.0,3.162586060969354,3.3039322212903848,3.0273944621654234,3.261631565092629,1065.11,1826.55,2013.41,1454.0725000000002,214.07278575774956,spearman_arrayfirecuda,2013.41,1787.36,1336.42,1556.4,1324.95,1534.55,1150.27,1065.11,1398.21,1471.61,1218.72,1261.93,1762.94,1145.73,1251.01,1826.55,1463.37,1332.15,1497.64,1660.75,1636.32,1816.91,1460.38,1411.76,1526.7
results/GeneratedDense/1000_cells_100_features/dense_factoextra_cosine.csv,cosine,factoextra,dense,1000,100,1000_100,100000,3.0,2.0,4.8757148068320015,5.08125997198184,4.853063641961818,4.89695176082458,71295.75,78877.25,120575.75,75112.94791666667,2219.0967733460448,cosine_factoextra,120575.75,76082.75,77278.5,73413.0,72713.25,75829.5,77803.25,72564.75,72415.25,76973.25,75724.0,71828.0,76768.5,77245.75,71965.0,74046.75,76713.75,75124.75,78877.25,73367.0,71295.75,78151.0,77390.5,74390.25,74749.0
results/GeneratedDense/1000_cells_100_features/dense_factoextra_euclidean.csv,euclidean,factoextra,dense,1000,100,1000_100,100000,3.0,2.0,4.809299073777857,4.884619798754941,4.774657450042634,4.848213757114063,59519.25,70504.0,76669.0,64461.302083333336,2049.2949206413637,euclidean_factoextra,76669.0,70504.0,65847.0,64051.25,63330.75,63370.75,63653.75,62804.5,62876.0,64271.0,66460.25,65954.5,65212.25,67988.75,64220.25,64778.25,63752.75,63798.5,59519.25,64479.0,62930.5,62183.25,64532.75,65000.0,65552.0
results/GeneratedDense/1000_cells_100_features/dense_factoextra_kendall.csv,kendall,factoextra,dense,1000,100,1000_100,100000,3.0,2.0,8.017303926064768,8.019373719594416,8.013559181737829,8.022780388516226,103171366.25,105385385.5,104561961.0,104064817.29166667,560534.4537768204,kendall_factoextra,104561961.0,104708487.25,103693850.75,104035738.75,103610601.75,103171366.25,104290808.75,104574665.25,105385385.5,103686024.0,103346632.0,104567433.0,104667418.75,104200013.5,103208879.0,103811834.5,104570432.5,103885712.5,104145326.0,104360596.0,104166382.25,103461043.0,103221986.25,104672603.0,104112394.5
results/GeneratedDense/1000_cells_100_features/dense_factoextra_manhattan.csv,manhattan,factoextra,dense,1000,100,1000_100,100000,3.0,2.0,4.815343535266407,4.895845031668039,4.776837333573695,4.858995611424093,59818.75,72276.25,78676.5,65364.739583333336,2414.6076636096236,manhattan_factoextra,78676.5,72276.25,67716.5,65343.5,65373.75,65821.0,65580.5,65565.25,64641.5,64913.25,66158.0,65306.5,59818.75,64178.5,65798.75,67689.25,63104.75,61952.5,68257.75,67450.0,61945.25,63772.5,66534.5,63922.75,65632.5
results/GeneratedDense/1000_cells_100_features/dense_factoextra_spearman.csv,spearman,factoextra,dense,1000,100,1000_100,100000,3.0,2.0,5.048614996378224,5.15683298539319,4.889853326309489,5.2832712568261995,77598.5,191986.75,143493.75,111844.59375,27095.99776333564,spearman_factoextra,143493.75,101361.75,100380.25,191986.75,99406.75,97045.75,100239.25,97407.75,100526.25,97445.25,124125.75,82620.0,157477.5,132722.75,77598.5,93557.75,152215.75,113859.0,99918.0,91638.25,80023.5,115662.5,137104.5,141093.5,98853.25
results/GeneratedDense/1000_cells_100_features/dense_pandas_cosine.csv,cosine,pandas,dense,1000,100,1000_100,100000,3.0,2.0,7.363143364442908,7.363370817150889,7.35930251027362,7.365541014408924,22871914.04730929,23202833.00844117,23087176.183215417,23075087.9203265,69496.31012534945,cosine_pandas,23074776.41105652,23099575.95537432,23202833.00844117,23001882.25321573,23088372.2987057,23066896.81319936,23062578.53180432,23045987.45958403,23144182.36144258,23056915.67631472,23034037.24533072,22871914.04730929,23074873.57362917,23085749.21970557,23131822.35225709,23011168.80632778,23069871.28735682,23051313.66674617,22995920.17434534,23127511.31155632,23156863.4838276,23142661.1918033,23108698.12010705,22999494.82084205,23170986.42860986
results/GeneratedDense/1000_cells_100_features/dense_pandas_euclidean.csv,euclidean,pandas,dense,1000,100,1000_100,100000,3.0,2.0,6.612089028907177,6.617173328476589,6.600174575065506,6.6173171569936,3982672.3143075313,4143021.2132403776,4141649.36542511,4093445.6538778883,35007.09378709719,euclidean_pandas,4159371.6144561768,4123927.116394043,4070040.225982666,4121003.271260947,4064700.40889474,4114060.594801276,4089841.198453436,4086746.322641156,4136005.15993392,4143021.2132403776,4099572.4554757066,4118910.462324353,4107483.333668272,4097815.6206830614,4119360.318160212,4062711.0010760655,4058664.687131116,4077342.054002673,4053385.004794573,3982672.3143075313,4085348.131957308,4121593.2511793775,4062368.61383638,4131909.604782104,4114213.3280880274
results/GeneratedDense/1000_cells_100_features/dense_pandas_kendall.csv,kendall,pandas,dense,1000,100,1000_100,100000,3.0,2.0,8.444564269981894,8.45750673472878,8.440078314618406,8.452445911869274,275472540.7367116,283430062.05558777,286752184.27181244,278332723.99092346,1951950.3057725495,kendall_pandas,297735370.8744049,275768997.66922,276379276.2756348,279175670.3853607,279258355.14068604,276295069.69451904,283430062.05558777,276956994.29512024,276280297.75619507,278858359.09843445,279084296.13716406,275782700.84731007,277242546.05016947,279280960.2271005,279234086.73634166,280397531.5825478,279787438.39470303,276180486.3933825,275472540.7367116,278181054.6236965,279766400.91161275,280804456.364365,277058386.4073506,279153054.71570534,280156353.2832452
results/GeneratedDense/1000_cells_100_features/dense_pandas_manhattan.csv,manhattan,pandas,dense,1000,100,1000_100,100000,3.0,2.0,6.626098554543489,6.626687710280786,6.623316991055867,6.629959356186968,4200654.774442373,4265395.988678477,4233384.450543666,4227645.414323349,15024.049753311465,manhattan_pandas,4226974.248886108,4239794.652201225,4228534.790666379,4265395.988678477,4233131.841424322,4211374.572943448,4252252.818311864,4231233.505196113,4238230.140859036,4205251.471999424,4200654.774442373,4207862.556814101,4238948.916356323,4219837.739163686,4211997.995064016,4243012.415088939,4228410.58957577,4221343.267380311,4231698.113132558,4217335.508971357,4232028.028595691,4215939.207645505,4231249.536446177,4238774.679452299,4219196.833350977
results/GeneratedDense/1000_cells_100_features/dense_pandas_pearson.csv,pearson,pandas,dense,1000,100,1000_100,100000,3.0,2.0,5.1902991791029365,5.270430484150902,5.184961334640571,5.194846832826514,153095.11546040684,156619.8605062607,186393.3801651001,154988.39435695056,934.7664132946084,pearson_pandas,217117.0711517334,155669.6891784668,154324.53155517578,156284.31828159266,156077.34391592935,156081.8331911475,156537.05499333722,153782.28513881037,154617.56830169755,154392.61808115226,155440.03798249725,153635.03311075873,153095.11546040684,154314.21673958044,155575.90430616692,155331.5554663321,154124.58621414145,155723.6036901985,156619.8605062607,154438.33122024444,155031.46232230883,154125.07868206056,154676.24439064742,154997.69182799294,154825.50000990718
results/GeneratedDense/1000_cells_100_features/dense_pandas_spearman.csv,spearman,pandas,dense,1000,100,1000_100,100000,3.0,2.0,4.948163319065207,5.073673763900605,4.938139795245417,4.958988161847389,86724.0987424228,90988.84702324412,118487.83493041992,88748.9695156945,1093.2941759961477,spearman_pandas,148737.66899108887,88238.00086975098,89656.82983398438,89637.5721012997,87686.19491859348,88074.17188795969,90495.19809770206,88266.31576962711,86875.47102882827,89146.73340627158,88361.3705467258,88740.6039920877,90988.84702324412,86724.0987424228,88510.6759168964,89856.2238028457,87302.88429952614,88495.04007525068,88066.34307209824,87462.55828601013,89946.78082142158,89032.06539269147,88986.0658692942,89816.83851359166,89608.38410854414
results/GeneratedDense/1000_cells_100_features/dense_pythonic_cosine.csv,cosine,pythonic,dense,1000,100,1000_100,100000,3.0,2.0,6.318535707819201,6.328856857259913,6.318460329932515,6.318630113137651,2081902.2278694152,2082716.2864172205,2132341.980934143,2082263.602503904,164.84394959002992,cosine_pythonic,2182570.9342956543,2082113.027572632,2082343.339920044,2082343.993176342,2082212.2241023649,2082404.82186088,2082344.8271124137,2082294.3237149625,2082171.053302428,2082328.511979456,2082716.2864172205,2082213.2519422409,2082219.2747386815,2082293.7053227911,2082175.6903622367,2082261.0285765068,2081902.2278694152,2081943.8619309128,2082390.8945726347,2082333.894460434,2082229.7952474467,2082202.465765288,2082123.9438348508,2082539.026627558,2082224.9896839447
results/GeneratedDense/1000_cells_100_features/dense_pythonic_euclidean.csv,euclidean,pythonic,dense,1000,100,1000_100,100000,3.0,2.0,6.21081130214896,6.201655785833455,6.153949123447593,6.267320284652215,1425440.5968884896,1850632.925543195,1590947.2703933716,1624842.6198409554,96378.89391136625,euclidean_pythonic,1502054.9297332764,1679839.6110534668,1505579.4715881348,1626987.4475592813,1474771.4381770105,1425440.5968884896,1670807.4227784283,1636741.326243847,1850632.925543195,1701371.1762426351,1746188.635138848,1641808.2251908472,1688275.556731821,1577984.6212265256,1555742.9638742225,1712828.196000508,1577663.9229886655,1625613.8019927286,1582544.3684056527,1671105.2098712728,1639156.4860161464,1580547.7399096389,1598953.2653952618,1469161.219122475,1756477.248243828
results/GeneratedDense/1000_cells_100_features/dense_pythonic_kendall.csv,kendall,pythonic,dense,1000,100,1000_100,100000,3.0,2.0,6.936334195021189,6.937595027265576,6.936119899800301,6.936532833030493,8632168.31337847,8640379.802180283,8661538.243293762,8636428.76095908,2381.7491051279076,kendall_pythonic,8689562.559127808,8633513.927459717,8637187.242507935,8636276.874424579,8636297.642690036,8637340.169921184,8635375.30845577,8636073.568455376,8635031.783926891,8638957.849688353,8637555.440506876,8633872.780142888,8638958.415232385,8638768.940024948,8640123.496846054,8640379.802180283,8633351.85393944,8637177.891900964,8638766.8328598,8634129.182184242,8633676.294093613,8632168.31337847,8634524.689368267,8634589.953610083,8640192.00921978
results/GeneratedDense/1000_cells_100_features/dense_pythonic_manhattan.csv,manhattan,pythonic,dense,1000,100,1000_100,100000,3.0,2.0,5.943065786907867,5.959125625626612,5.924396747181663,5.960764399926333,840227.2206738157,913617.4793781016,910176.5155792236,877133.6792495408,17392.464264076796,manhattan_pythonic,952893.4955596924,867459.5355987549,890883.9225769043,870440.0276506264,871202.2882428505,893483.8377346754,891931.9723061703,848115.8325732914,873277.04836742,881062.5304001136,891107.0830229119,878193.0921197062,868148.2914078339,897890.794134334,864668.0233019429,874769.671212995,878883.4060474345,843546.1241001198,864267.8706879744,874747.4032824946,897879.0851630318,913617.4793781016,890891.558132767,840227.2206738157,884514.2038727056
results/GeneratedDense/1000_cells_100_features/dense_pythonic_pearson.csv,pearson,pythonic,dense,1000,100,1000_100,100000,3.0,2.0,3.93678755284488,4.015769445528292,3.7962307724978603,4.034505635497389,6255.049811376872,10826.93764300266,10369.77767944336,8645.448992740397,1294.1268667079773,pearson_pythonic,10869.026184082031,9870.529174804688,7964.372634887695,10252.773865849143,9553.007554561033,8293.649610572036,7716.635968825186,6301.804825350621,9171.940278939972,10709.885117727852,6925.908717239103,9090.819911844948,7411.546147061432,7643.695796124822,9286.1050105063,8991.247751128847,10826.93764300266,9700.083950520886,10402.109848536866,8332.732654504396,6255.049811376872,7972.065751080726,9388.383444733405,7506.837830177843,7922.652526412181
results/GeneratedDense/1000_cells_100_features/dense_pythonic_spearman.csv,spearman,pythonic,dense,1000,100,1000_100,100000,3.0,2.0,6.974435214325411,6.975845367379244,6.960187961781924,6.983758146813287,9124056.41249097,9632924.286730813,9459003.09085846,9428339.541583074,115125.86563495842,spearman_pythonic,9403381.34765625,9514624.834060667,9365628.004074097,9362080.41637353,9529346.552065829,9327414.870557811,9420744.882823031,9288024.963439658,9348681.5660861,9296577.569153247,9472611.054383447,9608425.230090143,9446792.921648638,9124056.41249097,9415109.270915076,9401068.033957958,9505639.668671504,9444576.110272411,9453001.348756293,9557147.284767462,9406156.170591652,9416328.493745573,9329158.351380762,9614030.700957123,9632924.286730813
results/GeneratedDense/1000_cells_100_features/dense_raft_cosine.csv,cosine,raft,dense,1000,100,1000_100,100000,3.0,2.0,3.253017858262231,5.666176071777247,2.7584023797620767,3.458687403196546,573.3269802504392,2875.328063964844,463634.8485946655,1790.6794855634096,647.9114260264614,cosine_raft,924394.3691253662,2875.328063964844,2681.970596313477,2429.962158203125,1629.8294067382812,1567.363739013672,1585.0067138671875,1561.880111694336,1584.2914581298828,1565.2179718017578,2766.566523814117,1519.091686208012,906.6822385620604,2570.8917509914945,2427.3648705535143,2180.202536650238,1316.3567160893144,770.0511549856576,1568.6014261941775,2325.8361897309887,573.3269802504392,805.5842671748799,2211.738004527345,1440.60753893649,2112.5555491265363
results/GeneratedDense/1000_cells_100_features/dense_raft_euclidean.csv,euclidean,raft,dense,1000,100,1000_100,100000,3.0,2.0,3.2691133541727764,5.61088989561113,3.071288665192109,3.437206315803353,1178.388960334467,2736.5684509277344,408215.88039398193,1858.289419513625,490.39208522331614,euclidean_raft,813695.1923370361,2736.5684509277344,2571.344375610352,2358.9134216308594,1522.541046142578,1479.1488647460938,1492.7387237548828,1470.5657958984375,1493.215560913086,1475.3341674804688,1681.512968875979,1945.9591113398449,1381.2158432692722,2235.2152204793915,2681.025290320149,1423.330538324941,1393.11602976722,2296.8061613513155,1728.7248145043577,1178.388960334467,2586.881794477076,1528.0435316590087,1419.1482532016516,2032.0867172564112,2487.1204260614254
results/GeneratedDense/1000_cells_100_features/dense_raft_manhattan.csv,manhattan,raft,dense,1000,100,1000_100,100000,3.0,2.0,3.2413670626480893,5.660180320202645,2.9119173131432436,3.471881096849253,816.4269141629652,2964.019775390625,457278.0132293701,1743.2796586426603,588.2337934661575,manhattan_raft,911592.0066833496,2964.019775390625,2567.5296783447266,2336.740493774414,1532.5546264648438,1479.6257019042969,1521.8257904052734,1471.7578887939453,1560.211181640625,1504.1828155517578,816.4269141629652,1512.076381572368,1024.3845596980575,983.6179864709376,1060.316100339883,1761.5457240801768,1812.388880150144,2658.1178430559976,1640.976529340306,2036.7908462516784,910.5385497167056,1583.1552108075848,2083.047400364253,2646.8573786037587,2370.023550538521
results/GeneratedDense/1000_cells_100_features/dense_raft_pearson.csv,pearson,raft,dense,1000,100,1000_100,100000,3.0,2.0,3.31846210799372,5.667879197442034,3.0977860016325964,3.5000629068554128,1252.5238424234235,3162.73574416391,465456.60495758057,2081.9107514802704,509.92357591488815,pearson_raft,927961.1110687256,2952.098846435547,2612.590789794922,2526.283264160156,1676.5594482421875,1663.9232635498047,1699.209213256836,1664.6385192871094,1672.2679138183594,1654.3865203857422,2609.416177495856,2337.6289087017103,1631.396158839941,1686.3782127346449,2746.2325309449784,1920.4475077493712,2556.2585383915725,1252.5238424234235,2344.7062375614055,1470.3024968623258,1901.1114932564428,3162.73574416391,1905.5761613162977,2493.901467291345,1825.2847788626004
results/GeneratedDense/1000_cells_10_features/dense_CPU_cosine.csv,cosine,CPU,dense,1000,10,1000_10,10000,3.0,1.0,3.970090090752905,4.623357850448936,3.715690037514271,4.2282142292844975,5196.25,16912.75,42010.5,9334.479166666666,2369.614990392104,cosine_CPU,42010.5,16912.75,8714.5,8640.5,8645.75,8610.25,8578.0,9137.75,8597.5,8661.0,7981.75,9388.0,9695.5,5196.25,13925.5,12060.0,9180.25,5841.0,10585.75,9511.0,7559.75,8609.75,11675.0,8674.0,7646.0
results/GeneratedDense/1000_cells_10_features/dense_CPU_euclidean.csv,euclidean,CPU,dense,1000,10,1000_10,10000,3.0,1.0,4.051423067963314,4.262047459261425,3.016406500871118,4.432921211333212,1038.5,27097.0,18283.0,11257.010416666666,5314.76998781029,euclidean_CPU,18283.0,9067.25,8978.0,8910.75,8922.25,8896.25,8908.0,8993.0,27097.0,9347.0,8512.5,8483.75,20524.0,18179.0,15782.0,9994.25,5286.75,8021.0,7805.0,13969.5,13332.25,1038.5,17434.0,10151.75,12534.5
results/GeneratedDense/1000_cells_10_features/dense_CPU_kendall.csv,kendall,CPU,dense,1000,10,1000_10,10000,3.0,1.0,4.065901675315115,4.299327485792554,3.959589879508391,4.141998174550873,9111.5,13867.5,19921.75,11638.625,1310.4462205199418,kendall_CPU,19921.75,13826.25,10380.5,10243.75,10160.5,10994.0,13283.25,10383.5,12676.5,12397.75,12931.75,12000.75,11338.5,13223.0,10958.25,10661.25,12534.75,13867.5,12414.25,12208.5,11735.25,9466.25,11740.5,10789.0,9111.5
results/GeneratedDense/1000_cells_10_features/dense_CPU_manhattan.csv,manhattan,CPU,dense,1000,10,1000_10,10000,3.0,1.0,4.040263533446866,4.30152372488186,3.938382110077876,4.123631172403386,8677.25,13293.25,20022.75,10971.4375,971.6992264681237,manhattan_CPU,20022.75,10813.75,10564.75,13293.25,10792.25,10525.0,10792.25,10399.5,10719.0,10755.5,12797.5,9617.25,10768.75,11711.0,11414.25,11770.25,11608.75,9201.75,8677.25,11168.5,11770.5,11034.75,11446.0,10688.25,10984.5
results/GeneratedDense/1000_cells_10_features/dense_CPU_pearson.csv,pearson,CPU,dense,1000,10,1000_10,10000,3.0,1.0,4.081789855719535,4.257486579073881,3.812846536967071,4.439502430317764,6499.0,27510.75,18092.0,12072.295454545454,4977.555774901178,pearson_CPU,18092.0,9030.0,8939.25,8858.0,8847.5,8820.5,27510.75,8813.0,8862.5,9404.75,11360.0,11495.75,20308.75,6499.0,,17073.75,11361.75,8453.75,13053.75,17942.5,9129.25,16456.25,8055.0,,15314.75
results/GeneratedDense/1000_cells_10_features/dense_CPU_spearman.csv,spearman,CPU,dense,1000,10,1000_10,10000,3.0,1.0,4.274165068194406,4.436866016014613,4.185577565550461,4.367844925882914,15331.25,23326.25,27344.25,18800.3125,2397.4873514286614,spearman_CPU,27344.25,17417.0,17311.25,22373.75,17293.75,17341.5,17506.25,17468.75,17316.75,22480.75,16185.75,15331.25,23326.25,16609.75,22360.5,19878.25,15917.75,20256.25,19650.25,23280.5,20204.5,16686.5,19172.25,18157.0,17681.0
results/GeneratedDense/1000_cells_10_features/dense_GPU_cosine.csv,cosine,GPU,dense,1000,10,1000_10,10000,3.0,1.0,3.9387041861011767,5.941810714415942,3.919966701483387,3.9492557937935184,8317.0,8897.25,874602.5,8683.6875,131.0784046938447,cosine_GPU,874602.5,8704.0,8615.25,8759.5,8874.5,8523.25,8539.5,8897.25,8523.5,8559.0,8845.5,8317.0,8700.75,8808.25,8563.75,8752.5,8804.75,8733.25,8717.5,8709.5,8677.75,8733.5,8723.75,8740.75,8584.25
results/GeneratedDense/1000_cells_10_features/dense_GPU_euclidean.csv,euclidean,GPU,dense,1000,10,1000_10,10000,3.0,1.0,3.929514715403003,5.948049923872199,3.9202668494267567,3.9459361108947624,8322.75,8829.5,887258.0,8501.875,103.5959699988373,euclidean_GPU,887258.0,8614.0,8524.0,8418.75,8460.5,8411.75,8829.5,8469.5,8460.75,8402.75,8524.0,8583.25,8562.5,8587.0,8493.5,8628.0,8529.5,8327.0,8505.5,8477.0,8540.75,8483.25,8471.25,8418.25,8322.75
results/GeneratedDense/1000_cells_10_features/dense_GPU_kendall.csv,kendall,GPU,dense,1000,10,1000_10,10000,3.0,1.0,4.821819585591433,4.872588894317046,4.820941625715835,4.822784091901021,66212.75,66494.25,74574.25,66346.73958333333,81.42783356440879,kendall_GPU,74574.25,66454.0,66417.75,66263.5,66310.5,66320.0,66370.5,66354.75,66482.75,66369.75,66270.0,66273.25,66494.0,66377.75,66212.75,66304.5,66221.0,66305.0,66292.5,66494.25,66282.0,66370.25,66273.75,66431.0,66376.25
results/GeneratedDense/1000_cells_10_features/dense_GPU_manhattan.csv,manhattan,GPU,dense,1000,10,1000_10,10000,3.0,1.0,3.2496874278053016,5.521542103533924,2.733598460961339,3.4883038881437556,541.5,3078.25,332309.0,1777.0,647.0259889948645,manhattan_GPU,332309.0,2277.75,1223.5,,1330.75,1404.25,1158.5,541.5,1974.0,1540.75,1183.75,1322.0,2283.25,2944.0,2210.25,1015.5,1507.5,1673.25,2611.75,1429.0,1375.75,1837.5,3078.25,2638.5,2309.75
results/GeneratedDense/1000_cells_10_features/dense_GPU_pearson.csv,pearson,GPU,dense,1000,10,1000_10,10000,3.0,1.0,3.921184493007426,5.933511709899492,3.912806392661292,3.930031614950973,8181.0,8512.0,858048.25,8340.354166666666,84.45366446147983,pearson_GPU,858048.25,8414.25,8347.75,8419.0,8465.75,8323.0,8286.25,8244.25,8221.75,8261.5,8314.25,8351.0,8181.0,8220.0,8291.75,8405.75,8323.75,8310.25,8419.0,8512.0,8453.75,8446.0,8325.25,8342.0,8289.25
results/GeneratedDense/1000_cells_10_features/dense_GPU_spearman.csv,spearman,GPU,dense,1000,10,1000_10,10000,3.0,1.0,4.7365531089161435,4.799504240727129,4.731385267876493,4.741584888924543,53874.75,55155.0,63023.75,54519.65625,307.6730526984299,spearman_GPU,63023.75,54791.25,54372.0,54302.25,54460.5,54519.75,54240.75,54197.25,54338.0,55155.0,54822.25,54719.25,53874.75,54360.75,54667.25,54211.5,55044.25,54694.5,54651.25,54818.75,54394.75,54295.25,54973.25,54178.25,54389.0
results/GeneratedDense/1000_cells_10_features/dense_amap_cosine.csv,cosine,amap,dense,1000,10,1000_10,10000,3.0,1.0,4.444304598397094,4.579271856340428,4.319772091426363,4.547442398370025,20882.0,35273.0,37955.25,27816.635416666668,3305.6777883690497,cosine_amap,37955.25,35273.0,31312.0,25011.25,25375.0,25734.5,25419.0,26426.0,25438.25,30725.5,26439.75,28424.5,26486.75,27504.75,30383.25,20882.0,32133.5,28343.75,26558.75,28629.0,30102.75,32441.5,31150.5,22493.0,24911.0
results/GeneratedDense/1000_cells_10_features/dense_amap_euclidean.csv,euclidean,amap,dense,1000,10,1000_10,10000,3.0,1.0,4.287819282480421,4.4924984765763005,3.2426035369122768,4.681193733818731,1748.25,47994.75,31081.25,19400.784090909092,11081.736581711888,euclidean_amap,31081.25,47994.75,19198.5,17584.5,17286.5,17343.5,17473.25,16984.5,16864.25,17740.5,2619.25,1748.25,,46624.75,24504.75,22790.0,12189.5,28350.75,14268.0,13168.25,13200.25,7639.0,,21755.5,29488.75
results/GeneratedDense/1000_cells_10_features/dense_amap_kendall.csv,kendall,amap,dense,1000,10,1000_10,10000,3.0,1.0,4.6319464976510645,4.658948175341467,4.351632063072449,4.783414007842106,22471.5,60731.5,45598.25,42849.572916666664,10732.312506000466,kendall_amap,45598.25,60731.5,33522.5,31993.5,32888.5,22471.5,56597.5,41091.25,51343.5,26063.5,49497.25,41452.25,44537.75,56312.0,47357.0,34536.0,52188.25,32895.0,31635.0,53924.25,33428.25,38067.5,49636.25,58431.75,47788.0
results/GeneratedDense/1000_cells_10_features/dense_amap_manhattan.csv,manhattan,amap,dense,1000,10,1000_10,10000,3.0,1.0,4.2670041894920505,4.49270452762321,4.116599443173411,4.395963822379222,13079.75,24886.5,31096.0,18492.864583333332,2657.3029236457955,manhattan_amap,31096.0,24886.5,19767.25,18776.75,17182.0,17071.25,17289.75,17258.25,17654.25,16957.5,15878.5,13079.75,19724.75,19728.0,17140.75,15942.5,23628.25,19078.0,13844.5,18339.5,18761.75,22139.75,20092.0,20776.25,18831.0
results/GeneratedDense/1000_cells_10_features/dense_amap_pearson.csv,pearson,amap,dense,1000,10,1000_10,10000,3.0,1.0,4.461064650018536,4.581152891966289,3.1008872548535935,4.789677642079325,1261.5,61613.75,38120.0,28911.102272727272,12677.437120382214,pearson_amap,38120.0,30389.75,61613.75,22265.0,22585.75,26238.5,26379.5,22518.25,27004.75,24262.5,38221.5,30560.75,24991.5,35534.25,26927.0,45215.5,,1360.0,24995.25,41851.0,34352.75,40791.75,26723.75,,1261.5
results/GeneratedDense/1000_cells_10_features/dense_amap_spearman.csv,spearman,amap,dense,1000,10,1000_10,10000,3.0,1.0,4.441204510300617,4.637742327368024,4.296544536147155,4.555360508529328,19794.5,35922.0,43425.25,27618.78125,3402.371650096092,spearman_amap,43425.25,35922.0,30813.5,25636.25,29497.5,24182.5,27512.75,26329.0,25565.0,29563.5,29486.5,32543.25,22628.0,28026.0,25704.25,19794.5,27540.5,23574.0,26876.5,30203.75,26412.0,26053.5,31197.5,26836.25,30952.25
results/GeneratedDense/1000_cells_10_features/dense_armadillo_cosine.csv,cosine,armadillo,dense,1000,10,1000_10,10000,3.0,1.0,3.6474814251201684,3.6289720258445928,3.5975767258215177,3.7159014395132863,3958.92,5198.78,4255.71,4441.006666666667,319.52786456044106,cosine_armadillo,4255.71,3958.92,4826.09,4133.01,4076.27,4441.65,4556.41,5198.78,4164.24,4493.0,5034.02,4020.94,3971.53,4444.06,4589.29,4703.05,4292.54,4669.58,4523.33,4390.83,4394.37,4252.11,4144.05,4787.55,4518.54
results/GeneratedDense/1000_cells_10_features/dense_armadillo_euclidean.csv,euclidean,armadillo,dense,1000,10,1000_10,10000,3.0,1.0,3.98773543972786,3.988697160029578,3.979793677243859,3.9940948883941783,9545.39,9864.95,9743.1,9721.548333333334,79.74513677265156,euclidean_armadillo,9743.1,9770.7,9743.91,9689.51,9794.96,9746.13,9545.39,9723.29,9770.4,9598.0,9860.5,9627.76,9724.07,9675.0,9754.0,9738.53,9685.27,9750.04,9661.85,9864.95,9616.63,9827.21,9743.37,9622.91,9782.78
results/GeneratedDense/1000_cells_10_features/dense_armadillo_manhattan.csv,manhattan,armadillo,dense,1000,10,1000_10,10000,3.0,1.0,4.50865499542008,4.596022787659449,4.50246808922949,4.5143338730568985,31803.0,32683.9,39447.8,32259.30416666667,242.51359322583485,manhattan_armadillo,39447.8,32458.0,32261.6,32348.5,32231.8,32683.9,32312.9,32045.3,31901.6,32154.0,32252.1,32592.7,32655.1,32175.7,32155.0,32434.1,32265.3,32018.4,32441.7,32349.4,32165.0,31860.1,32640.0,31803.0,32018.1
results/GeneratedDense/1000_cells_10_features/dense_armadillo_pearson.csv,pearson,armadillo,dense,1000,10,1000_10,10000,3.0,1.0,3.6303175498756626,3.635450570274813,3.623124154199296,3.6395751320768857,4198.79,4360.89,4319.67,4268.915416666667,32.360188629853845,pearson_armadillo,4319.67,4254.6,4300.34,4281.2,4219.1,4244.08,4360.89,4246.53,4261.7,4279.29,4276.58,4296.59,4292.23,4233.18,4273.99,4268.91,4266.44,4265.49,4275.34,4323.24,4198.79,4246.8,4278.47,4257.25,4252.94
results/GeneratedDense/1000_cells_10_features/dense_armadillo_spearman.csv,spearman,armadillo,dense,1000,10,1000_10,10000,3.0,1.0,3.743212620829076,3.679031581122523,3.478945796517197,3.9391676812564618,3012.63,8692.96,4775.64,5536.2108333333335,1336.7975382604895,spearman_armadillo,4775.64,4640.58,4663.25,4714.77,8692.96,4607.14,5865.52,4803.41,4800.2,8001.62,6195.01,7234.23,5841.66,3277.38,6809.63,5750.84,6539.94,5618.89,3012.63,5406.96,5856.88,3777.65,4847.15,6646.19,5264.57
results/GeneratedDense/1000_cells_10_features/dense_arrayfirecuda_cosine.csv,cosine,arrayfirecuda,dense,1000,10,1000_10,10000,3.0,1.0,2.9213416769985447,3.1049136848482157,1.4879722120935852,3.185453190447848,30.759,1532.686,1273.25,834.3373333333334,390.3808959527719,cosine_arrayfirecuda,1273.25,1092.35,646.913,787.046,463.472,709.87,727.43,186.914,1229.808,960.753,1291.093,1077.558,288.926,1122.087,593.544,1000.21,832.591,1213.543,897.732,30.759,1042.128,1532.686,1318.464,123.813,854.406
results/GeneratedDense/1000_cells_10_features/dense_arrayfirecuda_euclidean.csv,euclidean,arrayfirecuda,dense,1000,10,1000_10,10000,3.0,1.0,2.949551537543248,3.270431928356854,0.9728043223365777,3.1720474497044138,9.393,1486.098,1863.94,890.3310869565216,353.76159913556046,euclidean_arrayfirecuda,1863.94,1110.29,648.927,446.283,982.824,767.147,653.796,876.924,,780.36,1324.171,774.031,375.635,1313.615,1394.947,1038.292,1486.098,735.22,1169.18,535.614,1081.036,982.745,736.153,1254.934,9.393
results/GeneratedDense/1000_cells_10_features/dense_arrayfirecuda_manhattan.csv,manhattan,arrayfirecuda,dense,1000,10,1000_10,10000,3.0,1.0,2.9237001423655946,3.132163596050864,2.7600702303237914,3.056033484002055,575.533,1137.715,1355.7,838.8805833333334,145.09553267155763,manhattan_arrayfirecuda,1355.7,960.661,730.841,754.895,931.814,921.411,740.187,768.683,1083.005,1005.525,954.085,611.107,1055.83,774.136,1137.715,575.533,655.581,814.952,855.022,753.589,769.963,705.224,852.715,777.481,943.179
results/GeneratedDense/1000_cells_10_features/dense_arrayfirecuda_pearson.csv,pearson,arrayfirecuda,dense,1000,10,1000_10,10000,3.0,1.0,2.929344727402348,3.104749930161463,2.2337573629655103,3.1608063510351863,171.3,1448.126,1272.77,849.8547916666666,300.1943866176519,pearson_arrayfirecuda,1272.77,1111.57,678.061,171.3,705.816,1274.247,1013.016,729.405,1116.457,732.441,338.968,878.791,696.562,877.98,1022.492,491.928,965.383,1030.626,522.569,1176.942,667.118,1448.126,1250.103,772.688,723.926
results/GeneratedDense/1000_cells_10_features/dense_arrayfirecuda_spearman.csv,spearman,arrayfirecuda,dense,1000,10,1000_10,10000,3.0,1.0,3.17200480519882,3.272101640876089,2.98166913705282,3.314147523902713,958.67,2061.33,1871.12,1485.9520833333333,268.46638087134806,spearman_arrayfirecuda,1871.12,1671.55,1237.12,1708.14,1028.51,1329.55,1608.98,1484.24,1608.92,1829.33,1602.04,1480.91,1082.1,1421.23,1620.67,2061.33,1373.53,1807.26,1826.11,1381.81,1267.33,1583.26,1179.62,1510.64,958.67
results/GeneratedDense/1000_cells_10_features/dense_factoextra_cosine.csv,cosine,factoextra,dense,1000,10,1000_10,10000,3.0,1.0,4.416470957961549,4.836178482354551,4.372898201019378,4.46193725167329,23599.25,28969.25,68577.0,26089.8125,1460.691203837673,cosine_factoextra,68577.0,26482.75,28969.25,25193.75,27051.5,25239.75,27355.75,24679.75,26955.75,25283.0,23599.25,26448.25,24613.0,25387.0,24526.5,24741.0,26419.5,27874.5,27886.5,26784.75,27702.75,28635.25,24786.25,25394.5,24145.25
results/GeneratedDense/1000_cells_10_features/dense_factoextra_euclidean.csv,euclidean,factoextra,dense,1000,10,1000_10,10000,3.0,1.0,4.197366431943329,4.430042788790016,4.0910687315000125,4.3301397160787785,12333.0,21386.5,26918.0,15753.114583333334,2166.3164732770447,euclidean_factoextra,26918.0,21386.5,17551.75,15001.5,14444.25,15110.5,15026.25,14843.5,14961.5,14469.75,15351.75,16044.75,12720.5,18832.25,12714.75,18445.25,17179.25,13217.5,12333.0,13837.25,16205.5,18908.5,16319.25,16931.5,16238.25
results/GeneratedDense/1000_cells_10_features/dense_factoextra_kendall.csv,kendall,factoextra,dense,1000,10,1000_10,10000,3.0,1.0,6.064563219570605,6.088525803879236,6.051341254767329,6.079428723377969,1125489.0,1200684.0,1226099.75,1160281.1041666667,20176.45170542732,kendall_factoextra,1226099.75,1158388.25,1185566.0,1142008.25,1162282.75,1173054.0,1165495.5,1182747.5,1200684.0,1133523.25,1163533.75,1145547.0,1154330.5,1156856.75,1164456.25,1125489.0,1143012.5,1166334.75,1199741.5,1165056.0,1126484.0,1148773.75,1171586.25,1176962.5,1134832.5
results/GeneratedDense/1000_cells_10_features/dense_factoextra_manhattan.csv,manhattan,factoextra,dense,1000,10,1000_10,10000,3.0,1.0,4.147737497239515,4.404880734146603,4.010374170546845,4.3004269936408805,10241.75,19972.25,25402.75,14051.979166666666,2186.2080934099054,manhattan_factoextra,25402.75,19972.25,15627.5,13054.0,13048.5,12934.25,12974.25,12961.25,12950.25,12926.25,19145.0,14466.25,16295.5,10241.75,13576.75,14088.75,13739.0,10317.75,12930.25,13428.0,13986.75,14288.5,16735.0,13549.75,14010.0
results/GeneratedDense/1000_cells_10_features/dense_factoextra_spearman.csv,spearman,factoextra,dense,1000,10,1000_10,10000,3.0,1.0,4.523198241325468,4.88594045837824,4.4875272273448426,4.567987458401327,30727.5,36981.75,76902.5,33357.864583333336,1785.0152805998123,spearman_factoextra,76902.5,34187.0,36304.5,32397.5,31282.75,34390.25,35783.25,31073.75,31068.25,34334.25,35277.5,30727.5,31403.25,35473.25,31990.75,33663.75,32180.75,34534.75,36981.75,30883.75,33378.0,33721.0,33291.0,32691.75,33568.5
results/GeneratedDense/1000_cells_10_features/dense_pandas_cosine.csv,cosine,pandas,dense,1000,10,1000_10,10000,3.0,1.0,7.29120982861708,7.3037357758490735,7.259615508844971,7.316648361980838,18180905.47419782,20732341.887693036,20124994.75479126,19552839.19594742,707179.4778477683,cosine_pandas,20046710.25276184,20203279.25682068,20520346.879959103,20505243.53981018,19972390.4132843,20020728.34968567,19119427.919387817,18740316.62940979,19110497.95150757,18799844.98023987,19294701.99738996,19747681.956017695,18899152.985633947,19531550.21772653,19840694.23618832,19627245.508132912,20420471.941000216,20732341.887693036,18286469.25804242,19169967.875086877,19757365.965552203,18180905.47419782,19221245.57830923,20516446.515295222,19049823.386366688
results/GeneratedDense/1000_cells_10_features/dense_pandas_euclidean.csv,euclidean,pandas,dense,1000,10,1000_10,10000,3.0,1.0,6.570844177937125,6.574753747827328,6.565931725021973,6.576211033462771,3680711.0502321296,3768868.923187256,3756243.586540222,3722581.184755391,18483.055853174043,euclidean_pandas,3773987.054824829,3738500.1182556152,3724733.591079712,3709030.6282043457,3713021.278381348,3719004.392623901,3699527.502059937,3712876.081466675,3723632.335662842,3768868.923187256,3714430.7100247,3735246.878720975,3751248.4075812297,3701116.613530843,3741698.9900210416,3733713.279596388,3699475.7151991697,3718279.238574438,3729044.020387609,3722037.779356432,3731839.6406491697,3740111.183875439,3710580.308517984,3723219.766940205,3680711.0502321296
results/GeneratedDense/1000_cells_10_features/dense_pandas_kendall.csv,kendall,pandas,dense,1000,10,1000_10,10000,3.0,1.0,8.44836024418736,8.455902178853822,8.445043942841226,8.45416028703439,278640308.8569641,284551111.9365692,285694696.7840195,280776169.0641714,1147544.2034628894,kendall_pandas,292749084.7110748,278640308.8569641,280354735.3744507,280897028.20777893,280719799.7570038,281037334.4421387,280796667.098999,284551111.9365692,280404213.9053345,280255690.574646,281409349.5336012,279286443.52709985,280154337.5738612,279888137.4878919,280589941.7141447,279744502.1892991,280335666.2067443,281504369.5673244,282470994.043572,279601390.4745034,281161231.0788917,280638404.4798812,282163179.1160388,281163210.26110053,280860010.13227427
results/GeneratedDense/1000_cells_10_features/dense_pandas_pearson.csv,pearson,pandas,dense,1000,10,1000_10,10000,3.0,1.0,4.445903571472923,4.761037898815357,4.434153819919262,4.4581865595123755,27174.01557082675,28720.14045715332,57681.67972564697,27919.238679059566,432.64378883437246,pearson_pandas,86643.21899414062,28720.14045715332,28671.0262298584,28190.37437438965,27589.082717895508,27560.949325561523,27405.500411987305,27724.266052246094,27724.742889404297,27582.883834838867,27649.63374467819,27174.01557082675,28181.81247038184,27876.977842467368,27743.168970660103,28249.524518040984,28155.151867171684,28371.326860272897,28478.399810455576,28615.51525387998,27527.83629414998,27937.27087001076,27261.49939090848,27722.797732582683,27947.83080760731
results/GeneratedDense/1000_cells_10_features/dense_pandas_spearman.csv,spearman,pandas,dense,1000,10,1000_10,10000,3.0,1.0,4.494996251128459,4.784683403339244,4.488269701661932,4.502881537325838,30780.07698059082,31833.290853811675,60909.271240234375,31260.52382624074,272.9120496376508,spearman_pandas,90176.34391784668,31642.19856262207,31275.98762512207,31422.853469848636,30958.175659179688,30827.52227783203,30948.162078857426,30780.07698059082,31617.64144897461,31154.394149780277,31153.248040781844,31363.013953031816,31267.87119050049,31155.37064156709,31642.574576347142,31200.343967108507,31833.290853811675,31161.464269473323,31100.851947593743,31002.35123640437,31310.66354743031,31536.93427136999,31552.18639799965,30976.437266030596,31368.9574175196
results/GeneratedDense/1000_cells_10_features/dense_pythonic_cosine.csv,cosine,pythonic,dense,1000,10,1000_10,10000,3.0,1.0,6.29694346306735,6.302953741471455,6.2872941685906305,6.305628128855687,1937734.040216908,2021287.6796722407,2008878.8270950317,1981269.085230381,21875.862582939055,cosine_pythonic,2060169.9352264404,1957587.718963623,1997299.9095916748,2004189.2528533936,1966791.8682098389,1988560.1997375488,1984535.4557037356,1997010.4694366453,1964356.6608428955,2021287.6796722407,1998814.8334812592,1967059.1526117031,1999502.4153226316,1972812.8889625664,2003162.0497453904,1967059.268954503,1937734.040216908,1970762.841735116,1966057.2876065352,1988244.1794224596,2010582.313277556,1968685.240602674,2013305.328678327,1943675.4895391872,1961381.5003607264
results/GeneratedDense/1000_cells_10_features/dense_pythonic_euclidean.csv,euclidean,pythonic,dense,1000,10,1000_10,10000,3.0,1.0,6.190346515379585,6.183320587400751,6.173176796981598,6.210234350521314,1489967.50527946,1622685.4817393408,1525178.1940460205,1550052.8836242538,34790.63742766603,euclidean_pythonic,1518758.773803711,1531597.61428833,1531676.5308380127,1559933.6624145508,1543768.4059143066,1546089.4107818604,1509942.0547485352,1613413.0954742432,1583406.686782837,1504397.15385437,1545645.1376710827,1557611.2547778606,1545283.4903151833,1489967.50527946,1552574.4767532728,1622321.8602010875,1622685.4817393408,1496758.8573453226,1543220.2312969936,1528413.5628858411,1541971.8327735988,1568346.3448445904,1584408.273363005,1539278.6447617726,1538557.6378766329
results/GeneratedDense/1000_cells_10_features/dense_pythonic_kendall.csv,kendall,pythonic,dense,1000,10,1000_10,10000,3.0,1.0,6.927120551691306,6.922998266931513,6.922872068378196,6.931697003447862,8372826.045748294,8544703.619753255,8375259.3994140625,8455135.106756588,45221.511922161095,kendall_pythonic,8376369.476318359,8374149.322509766,8469798.803329468,8475460.052490234,8449417.352676392,8405213.634901218,8532952.772264192,8449649.938295353,8442305.518500946,8447791.243586782,8544703.619753255,8489847.582676277,8490125.07860096,8495803.779920708,8466464.428528115,8439248.582297787,8378699.768070933,8454096.728341155,8404219.47039129,8372826.045748294,8481513.786419638,8422447.93873563,8467127.568695728,8513944.113102837,8455435.432321172
results/GeneratedDense/1000_cells_10_features/dense_pythonic_manhattan.csv,manhattan,pythonic,dense,1000,10,1000_10,10000,3.0,1.0,5.949694085973194,5.964848959850651,5.931881809413998,5.96716329751531,854834.0433717588,927178.3828735352,922250.6284713745,890623.3681961949,19688.26458380952,manhattan_pythonic,982145.0710296632,862356.1859130859,878683.5670471191,898475.170135498,905539.2742156982,927178.3828735352,869896.411895752,906298.3989715576,907464.0274047852,887632.6084136963,907593.9081974432,906502.8551871808,901706.500716622,890597.7487980967,855295.8654023658,926018.1485911228,854834.0433717588,871501.3283980542,908672.0063631518,894645.933079582,880969.8374353697,872024.8813863703,879091.8020863598,886062.3345730454,895919.6162514241
results/GeneratedDense/1000_cells_10_features/dense_pythonic_pearson.csv,pearson,pythonic,dense,1000,10,1000_10,10000,3.0,1.0,3.762095486554756,3.8427155102278143,3.6954802421201896,3.8399466625338783,4959.98361834242,6917.460095697763,6961.703300476074,5782.23164997521,511.08586180215934,pearson_pythonic,7025.480270385742,6897.926330566406,6246.328353881836,5979.061126708984,5705.118179321289,5637.645721435547,5630.731582641602,5627.870559692383,5635.261535644531,5732.059478759766,5687.929138500303,6053.380005127502,5187.811830626815,6917.460095697763,5504.559330503566,5339.305055676945,5605.599454589801,6321.129541736833,5952.928954504738,5294.178417245625,4959.98361834242,5224.460004487655,5126.616747506827,6588.634817600555,5917.579718605324
results/GeneratedDense/1000_cells_10_features/dense_pythonic_spearman.csv,spearman,pythonic,dense,1000,10,1000_10,10000,3.0,1.0,6.95943010567671,6.957364481536431,6.951808083267152,6.965864740122993,8949691.871441176,9244102.239608765,9064930.55820465,9108148.560883334,69942.90145535971,spearman_pythonic,9134845.01838684,8995016.098022461,9109900.23612976,8997467.517852783,9081764.221191406,9133893.013000488,9244102.239608765,9103901.386260986,9163966.417312622,9151147.12715149,9056120.233084826,9190583.325013986,9204338.827343898,9173886.43081792,9134003.836269047,9163306.243700778,9160187.6724638,9047642.890911791,8949691.871441176,9106616.583265124,9153300.677790849,9052900.166380145,9090453.130356211,9076951.638423637,9054423.67740603
results/GeneratedDense/1000_cells_10_features/dense_raft_cosine.csv,cosine,raft,dense,1000,10,1000_10,10000,3.0,1.0,3.2924043646033097,5.663509597961991,3.155889391403934,3.4293969484733773,1431.8231879348527,2687.7999930146866,460796.9522476196,1960.6693716009006,396.99148207359053,cosine_raft,919002.0561218262,2591.848373413086,2468.585968017578,2331.972122192383,1502.5138854980469,1473.9036560058594,1492.2618865966797,1497.2686767578125,1491.546630859375,1478.433609008789,1952.6571433697727,1785.6917690948185,2199.77524928437,2028.417336432817,2174.532667255144,1431.8231879348527,1967.3120117863657,2049.674640661629,2566.8245018609928,1999.7083336294008,1649.1517063724689,1750.8975088773996,2368.360649670644,2115.103410826642,2687.7999930146866
results/GeneratedDense/1000_cells_10_features/dense_raft_euclidean.csv,euclidean,raft,dense,1000,10,1000_10,10000,3.0,1.0,3.2281674957363715,5.658317296318822,2.743920525190086,3.433669781384762,554.5242271181394,2714.374591735204,455320.59669494635,1691.093015120098,533.9521105032687,euclidean_raft,908166.6469573976,2474.546432495117,2349.376678466797,2225.160598754883,1394.9871063232422,1386.6424560546875,1400.9475708007812,1379.9667358398438,1392.841339111328,1389.7418975830078,1302.773245768956,2196.7930264346232,1406.4552425791585,554.5242271181394,1986.2475268413923,1717.851563425831,2714.374591735204,609.9310806358333,2149.5823144208666,1964.4352192570288,1467.2166080117313,2033.3173389026683,1689.0036728548766,1234.1772408718837,2165.3386485944766
results/GeneratedDense/1000_cells_10_features/dense_raft_manhattan.csv,manhattan,raft,dense,1000,10,1000_10,10000,3.0,1.0,3.218027375691018,5.650871924820194,2.869383214004326,3.391566524781643,740.2581780843753,2463.5791778564453,447581.29119873047,1652.065932688484,445.84123164111475,manhattan_raft,892699.0032196045,2463.5791778564453,2342.462539672852,2219.4385528564453,1400.470733642578,1396.17919921875,1393.0797576904297,1538.7535095214844,1408.3385467529297,1382.3509216308594,1263.403277696145,1444.9174786390154,1624.5166113020014,1093.1126929814686,2359.0161989997696,1965.775882068162,1773.8705647862373,1434.8636894290055,1233.4267328168728,1844.80503822024,740.2581780843753,1430.2162135820215,1953.0036096343244,2428.5643877726343,1515.1788896685698
results/GeneratedDense/1000_cells_10_features/dense_raft_pearson.csv,pearson,raft,dense,1000,10,1000_10,10000,3.0,1.0,3.3287358230214346,5.673167254373897,3.180728920376027,3.455067337427547,1516.103744506836,2851.460352605321,471158.742904663,2131.747797865575,414.71145542901724,pearson_raft,939706.802368164,2610.6834411621094,2487.1826171875,2339.8399353027344,1516.103744506836,1545.1908111572266,2301.454544067383,1845.121383666992,2282.6194763183594,1542.0913696289062,1588.5572937375855,2665.984332740682,2248.39375624412,2618.40789513799,1665.5489953664753,1895.2801560607195,2065.4964824349304,2159.5371689642348,2806.927317760183,2061.4295753374136,1706.0338299502664,2521.622270534493,1841.5458386126215,2851.460352605321,1995.4345602887208
results/GeneratedDense/100_cells_100000_features/dense_CPU_cosine.csv,cosine,CPU,dense,100,100000,100_100000,10000000,2.0,5.0,4.749718203488684,5.150456320032379,4.725533909439875,4.771996964887907,53153.75,59155.75,141402.25,56197.65625,1553.9526631245146,cosine_CPU,141402.25,57669.0,55443.5,55513.0,58255.75,55243.5,57876.0,56773.25,54365.0,58384.0,56598.0,57658.0,53990.75,56754.5,53550.5,56207.25,59155.75,54939.5,55314.5,55645.0,55712.25,57738.0,55920.5,53153.75,56882.5
results/GeneratedDense/100_cells_100000_features/dense_CPU_euclidean.csv,euclidean,CPU,dense,100,100000,100_100000,10000000,2.0,5.0,4.724248981433193,5.166985578436698,4.717123130189113,4.731298601459889,52134.25,53864.0,146887.75,52996.71875,420.9125212985918,euclidean_CPU,146887.75,53335.25,52692.75,52727.25,53438.75,53091.0,53375.0,52819.25,52557.0,52134.25,52977.25,52617.75,52676.5,52803.5,53214.25,53864.0,52637.25,53133.0,52531.5,52642.0,52748.5,53410.0,53691.25,53542.75,53261.25
results/GeneratedDense/100_cells_100000_features/dense_CPU_kendall.csv,kendall,CPU,dense,100,100000,100_100000,10000000,2.0,5.0,6.412947574496023,6.412231159213699,6.408597135881697,6.416413525006191,2562106.25,2608636.25,2583635.0,2587900.5,13348.161500863143,kendall_CPU,2583635.0,2597391.75,2573389.0,2565094.75,2597151.75,2608636.25,2580430.75,2601111.25,2563291.25,2588967.5,2597144.5,2571074.0,2585057.25,2589284.0,2586217.75,2562106.25,2598416.0,2576956.75,2600953.25,2588330.0,2599362.0,2595544.0,2595282.0,2581341.25,2607078.75
results/GeneratedDense/100_cells_100000_features/dense_CPU_manhattan.csv,manhattan,CPU,dense,100,100000,100_100000,10000000,2.0,5.0,4.511354368926916,4.550148827066369,4.491851749721416,4.533610025392652,31035.0,34167.25,35493.5,32460.4375,743.4801129723758,manhattan_CPU,35493.5,32712.5,31815.25,32181.25,33122.0,34167.25,32674.75,31035.0,31859.75,34044.5,32845.0,32759.25,32305.5,31221.0,32526.75,33492.0,32160.0,32638.0,32502.25,32496.75,31809.0,32117.0,31821.75,31896.0,32848.0
results/GeneratedDense/100_cells_100000_features/dense_CPU_pearson.csv,pearson,CPU,dense,100,100000,100_100000,10000000,2.0,5.0,4.7539661050140385,5.121582001503998,4.700647480154849,4.80452276490936,50193.5,63756.25,132306.75,56750.03125,3293.0650191542836,pearson_CPU,132306.75,59108.0,54787.25,57837.25,61122.25,56846.0,56879.5,50193.5,53912.75,56492.5,63756.25,59203.5,51875.0,53743.75,60857.5,55429.0,61100.0,53680.5,51712.5,56258.75,58833.75,56452.5,55730.0,55875.5,60313.25
results/GeneratedDense/100_cells_100000_features/dense_CPU_spearman.csv,spearman,CPU,dense,100,100000,100_100000,10000000,2.0,5.0,5.834372845724575,5.836098679895376,5.833521139185555,5.835763317650242,681586.75,685114.75,685644.0,682924.7395833334,858.9738017419351,spearman_CPU,685644.0,683672.25,682494.5,684445.25,682099.0,682784.0,682217.75,683847.5,683006.75,682122.0,681586.75,682871.5,682431.0,681921.25,683272.25,685114.75,683263.25,681782.5,683690.75,683197.0,683362.0,683721.0,682895.25,682088.0,682307.5
results/GeneratedDense/100_cells_100000_features/dense_GPU_cosine.csv,cosine,GPU,dense,100,100000,100_100000,10000000,2.0,5.0,3.990673161700063,6.051678857818884,3.3007584767542912,4.258230090449129,1998.75,18123.0,1126364.25,9787.53125,4674.581338379685,cosine_GPU,1126364.25,13557.25,8236.0,7538.75,2410.25,8546.75,14781.5,13762.75,11567.75,3114.0,1998.75,4817.25,14684.5,10161.75,10631.5,3930.5,17206.75,9097.5,11105.0,18123.0,15937.0,12122.25,9283.5,3225.25,9061.25
results/GeneratedDense/100_cells_100000_features/dense_GPU_euclidean.csv,euclidean,GPU,dense,100,100000,100_100000,10000000,2.0,5.0,3.937539309495579,6.055378713676312,3.840059022417197,4.005962996325319,6919.25,10138.25,1136001.0,8660.427083333334,811.5605353241739,euclidean_GPU,1136001.0,9547.75,8123.75,6919.25,8699.0,9278.25,9094.25,7283.25,8644.0,8722.75,9754.75,9725.5,7830.75,8108.25,8653.0,8355.0,9831.75,7997.0,8499.25,8723.5,10138.25,7958.0,9100.75,9135.0,7727.25
results/GeneratedDense/100_cells_100000_features/dense_GPU_kendall.csv,kendall,GPU,dense,100,100000,100_100000,10000000,2.0,5.0,7.044094209001246,7.045159794259578,7.044081471261556,7.044107377138421,11068314.0,11068974.25,11095830.0,11068638.635416666,172.01162719855031,kendall_GPU,11095830.0,11068579.0,11068773.75,11068573.75,11068935.75,11068685.0,11068459.75,11068664.0,11068670.0,11068762.25,11068420.75,11068620.0,11068780.0,11068314.0,11068654.75,11068562.75,11068639.25,11068362.25,11068628.25,11068703.5,11068347.0,11068667.25,11068618.25,11068931.75,11068974.25
results/GeneratedDense/100_cells_100000_features/dense_GPU_manhattan.csv,manhattan,GPU,dense,100,100000,100_100000,10000000,2.0,5.0,4.396407324055438,5.616723573796818,4.3863384163575105,4.404940567274163,24341.0,25406.25,413736.25,24911.927083333332,281.1918780607406,manhattan_GPU,413736.25,25014.5,24565.5,24678.5,25083.5,24685.5,25406.25,25216.0,25184.75,24642.25,24798.75,24939.0,24951.75,24341.0,25214.5,25047.75,25062.0,24820.25,25351.5,24540.25,25087.25,24985.75,24391.75,24824.25,25053.75
results/GeneratedDense/100_cells_100000_features/dense_GPU_pearson.csv,pearson,GPU,dense,100,100000,100_100000,10000000,2.0,5.0,3.9738030260336004,6.038713725841501,3.9682143501054314,3.9807303765359454,9294.25,9566.0,1093235.5,9414.625,62.49216617571624,pearson_GPU,1093235.5,9478.25,9385.25,9295.75,9294.25,9440.0,9335.0,9482.75,9483.25,9380.75,9409.0,9433.5,9386.75,9435.0,9457.5,9514.0,9410.5,9383.0,9393.5,9566.0,9386.5,9444.25,9369.25,9379.0,9408.0
results/GeneratedDense/100_cells_100000_features/dense_GPU_spearman.csv,spearman,GPU,dense,100,100000,100_100000,10000000,2.0,5.0,4.896559341743975,6.0666624197908305,4.687002494924579,4.993287398513374,48641.0,98466.25,1165903.0,78806.01041666667,11341.143474296541,spearman_GPU,1165903.0,89524.5,73928.0,80515.5,69747.5,95660.75,73115.0,81023.0,94741.25,88631.25,71927.75,63559.5,76882.5,70844.5,80896.75,85965.75,98466.25,77941.25,78440.75,48641.0,70584.0,81765.0,95679.5,68134.0,74729.0
results/GeneratedDense/100_cells_100000_features/dense_amap_cosine.csv,cosine,amap,dense,100,100000,100_100000,10000000,2.0,5.0,6.275042587683163,6.272410113598695,6.265139353308199,6.2873974688776295,1841362.75,1938195.0,1872449.5,1883833.8125,21434.15201653587,cosine_amap,1872449.5,1938195.0,1906330.25,1880958.0,1850289.25,1853234.25,1878871.75,1889909.0,1897846.5,1869094.5,1877781.75,1904778.0,1881505.25,1886926.0,1898747.0,1841362.75,1892669.75,1862728.75,1890379.0,1865994.0,1870303.5,1870392.5,1887336.0,1902874.5,1913504.25
results/GeneratedDense/100_cells_100000_features/dense_amap_euclidean.csv,euclidean,amap,dense,100,100000,100_100000,10000000,2.0,5.0,6.145653526328091,6.153193607670552,6.121962684546354,6.163333224348146,1324227.75,1456576.25,1422963.0,1398471.1979166667,27932.0985118543,euclidean_amap,1422963.0,1379649.0,1401614.25,1425433.75,1324227.75,1398102.0,1395183.75,1399197.75,1410106.5,1428595.5,1400636.5,1396370.0,1357784.0,1365172.0,1406725.5,1403775.5,1407318.0,1456576.25,1361589.0,1411626.75,1415911.5,1426748.75,1364917.5,1429706.5,1396340.75
results/GeneratedDense/100_cells_100000_features/dense_amap_kendall.csv,kendall,amap,dense,100,100000,100_100000,10000000,2.0,5.0,10.023577523797817,10.018574766265216,10.002933089978962,10.04478288958153,10067765468.5,11086204604.75,10436977957.75,10557899503.302084,235728984.18102908,kendall_amap,10436977957.75,10423046799.75,10358328786.0,10451209868.5,10454308233.5,11086204604.75,10288214803.5,10411223434.75,10882482695.75,10595680844.75,10700631084.0,10482988979.75,10499589000.75,10067765468.5,10554501588.5,10496800972.75,10659608092.5,10875785652.5,10779081413.0,10804653395.5,10168770808.75,10635878235.25,10352585993.0,10523154855.5,10837092467.75
results/GeneratedDense/100_cells_100000_features/dense_amap_manhattan.csv,manhattan,amap,dense,100,100000,100_100000,10000000,2.0,5.0,6.1463992202452715,6.147087541289429,6.13328049015228,6.165015170144621,1359191.0,1462228.25,1403096.5,1400874.46875,27054.97422728633,manhattan_amap,1403096.5,1427946.5,1408489.75,1397458.25,1408905.5,1418089.75,1389727.5,1426119.5,1359191.0,1371366.5,1374753.0,1413899.0,1384004.5,1462228.25,1449485.0,1379295.25,1388017.25,1421964.0,1370673.0,1372993.5,1402812.25,1443187.0,1395217.25,1384432.0,1370731.75
results/GeneratedDense/100_cells_100000_features/dense_amap_pearson.csv,pearson,amap,dense,100,100000,100_100000,10000000,2.0,5.0,6.162715405130508,6.1656967896532455,6.15550273810434,6.168534458853636,1430549.0,1474125.5,1464525.0,1454505.625,10947.554031894522,pearson_amap,1464525.0,1430549.0,1457346.5,1467475.75,1457741.5,1443112.5,1462145.0,1456365.25,1454975.0,1456684.5,1470313.25,1453460.5,1436005.25,1457079.0,1460396.25,1464901.25,1458876.75,1464174.25,1446599.75,1463104.25,1440877.0,1474125.5,1440761.0,1443684.5,1447381.5
results/GeneratedDense/100_cells_100000_features/dense_amap_spearman.csv,spearman,amap,dense,100,100000,100_100000,10000000,2.0,5.0,6.681735658528156,6.686214884144161,6.6490123045197445,6.70989152406535,4456688.75,5127333.0,4855286.75,4805467.65625,179113.1981756581,spearman_amap,4855286.75,4747303.75,4789393.25,4753211.0,4856986.25,4829761.5,5040135.0,5127333.0,4745680.25,4925203.5,4503619.5,4725994.0,4817876.0,4602576.5,5058427.25,4990631.25,4643579.25,4754602.25,4705997.5,4456688.75,4911376.75,4536713.25,4908323.0,5109053.5,4790757.5
results/GeneratedDense/100_cells_100000_features/dense_armadillo_cosine.csv,cosine,armadillo,dense,100,100000,100_100000,10000000,2.0,5.0,4.243284905948946,4.241172786770047,4.242285447085778,4.244613537759901,17469.7,17563.6,17425.0,17509.95,22.72610466695336,cosine_armadillo,17425.0,17531.4,17502.8,17493.4,17469.7,17527.9,17490.7,17537.6,17480.3,17506.0,17508.8,17485.7,17499.3,17526.5,17517.7,17541.1,17520.1,17487.5,17563.6,17509.9,17488.1,17546.1,17496.5,17496.6,17511.5
results/GeneratedDense/100_cells_100000_features/dense_armadillo_euclidean.csv,euclidean,armadillo,dense,100,100000,100_100000,10000000,2.0,5.0,4.240913295676684,4.23905911135179,4.2408960461776495,4.240935947592634,17413.9,17415.5,17340.4,17414.591666666664,0.44806683529220354,euclidean_armadillo,17340.4,17414.2,17415.0,17414.1,17415.1,17415.0,17414.2,17414.5,17414.9,17414.8,17414.0,17414.0,17414.6,17414.4,17415.5,17414.0,17414.6,17415.5,17414.9,17414.4,17414.5,17414.9,17414.4,17414.8,17413.9
results/GeneratedDense/100_cells_100000_features/dense_armadillo_manhattan.csv,manhattan,armadillo,dense,100,100000,100_100000,10000000,2.0,5.0,5.835559523703794,5.839070587371365,5.8260806364681175,5.8457074857331115,670009.0,700983.0,690352.0,684793.3333333334,6850.164582369941,manhattan_armadillo,690352.0,682041.0,686934.0,679955.0,689066.0,678601.0,687697.0,690665.0,693188.0,681315.0,670009.0,686988.0,695003.0,678048.0,684142.0,672535.0,700983.0,685966.0,678344.0,687537.0,681072.0,691527.0,683748.0,682405.0,687271.0
results/GeneratedDense/100_cells_100000_features/dense_armadillo_pearson.csv,pearson,armadillo,dense,100,100000,100_100000,10000000,2.0,5.0,4.6764008574496545,4.67865219760129,4.676313092438331,4.676491501382354,47458.4,47477.9,47714.7,47467.99166666666,5.689677544075432,pearson_armadillo,47714.7,47473.1,47463.9,47474.5,47471.3,47466.6,47472.8,47461.8,47474.2,47459.5,47466.9,47462.1,47461.8,47466.3,47472.9,47464.4,47477.9,47458.4,47473.4,47473.9,47461.1,47462.2,47468.5,47468.8,47475.5
results/GeneratedDense/100_cells_100000_features/dense_armadillo_spearman.csv,spearman,armadillo,dense,100,100000,100_100000,10000000,2.0,5.0,5.60393575121702,5.605512983537263,5.599504263234219,5.609259222251161,397653.0,406686.0,403193.0,401731.375,1988.7259701565222,spearman_armadillo,403193.0,401043.0,402089.0,401540.0,406686.0,401150.0,402103.0,401874.0,402150.0,400696.0,399651.0,400346.0,402996.0,406683.0,403975.0,401147.0,399132.0,399517.0,401263.0,401712.0,402559.0,397653.0,401715.0,402632.0,401241.0
results/GeneratedDense/100_cells_100000_features/dense_arrayfirecpu_cosine.csv,cosine,arrayfirecpu,dense,100,100000,100_100000,10000000,2.0,5.0,4.811011722258904,4.847760154916532,4.810885485446709,4.811129089013814,64697.2,64733.5,70430.4,64716.00833333333,8.96934207298593,cosine_arrayfirecpu,70430.4,64705.6,64720.8,64702.1,64733.5,64719.8,64724.6,64719.7,64713.9,64715.8,64697.2,64721.1,64707.0,64721.4,64716.9,64715.4,64710.2,64710.5,64723.2,64711.7,64704.0,64729.3,64726.8,64724.9,64708.8
results/GeneratedDense/100_cells_100000_features/dense_arrayfirecpu_euclidean.csv,euclidean,arrayfirecpu,dense,100,100000,100_100000,10000000,2.0,5.0,4.953274603677328,4.8649890165498375,4.654079272132999,5.136386634362545,45089.9,136894.7,73280.6,89799.64166666666,24002.268818331126,euclidean_arrayfirecpu,73280.6,107914.0,68955.8,65728.4,100357.4,72446.4,108896.7,54325.0,45089.9,120786.4,63690.8,119069.3,89409.9,63378.1,83083.3,67148.7,107302.6,96321.9,119041.6,74962.7,98614.8,74464.8,104847.2,136894.7,112461.0
results/GeneratedDense/100_cells_100000_features/dense_arrayfirecpu_pearson.csv,pearson,arrayfirecpu,dense,100,100000,100_100000,10000000,2.0,5.0,5.1230311219052185,5.120758138278222,5.100115408350535,5.156488576050017,125926.0,143380.0,132056.0,132748.95833333334,4399.879993431324,pearson_arrayfirecpu,132056.0,136913.0,131807.0,138668.0,132132.0,133408.0,135898.0,131423.0,130424.0,133114.0,128020.0,136183.0,126261.0,143380.0,133845.0,127174.0,137202.0,139041.0,136647.0,128669.0,128984.0,129534.0,130056.0,131266.0,125926.0
results/GeneratedDense/100_cells_100000_features/dense_arrayfirecpu_spearman.csv,spearman,arrayfirecpu,dense,100,100000,100_100000,10000000,2.0,5.0,6.350989209213462,6.339356025172791,6.337519494050686,6.364373241414892,2175301.673964652,2314052.679264017,2184520.0,2243826.1714049275,38220.56469414037,spearman_arrayfirecpu,2184520.0,2195500.0,2277650.0,2216750.282630195,2314052.679264017,2213272.917030969,2180804.2145033064,2220474.661818365,2207369.496705489,2278284.0007326533,2240785.348274112,2257754.1428395705,2214250.679695366,2204746.1114644776,2289086.862620244,2267706.354828438,2283458.7951000803,2272284.3727699155,2226870.8901749654,2175301.673964652,2275350.661138916,2261495.746076978,2286161.681811943,2212661.246523777,2279755.2937498298
results/GeneratedDense/100_cells_100000_features/dense_arrayfirecuda_cosine.csv,cosine,arrayfirecuda,dense,100,100000,100_100000,10000000,2.0,5.0,3.579272857538506,3.603874802356719,3.5782287854243098,3.580652458745557,3786.42,3807.61,4016.75,3795.53375,4.854762964090068,cosine_arrayfirecuda,4016.75,3790.94,3799.28,3786.42,3795.0,3798.67,3793.28,3786.89,3800.59,3797.97,3800.65,3797.57,3797.94,3788.49,3796.31,3794.81,3792.74,3793.97,3799.23,3789.49,3793.15,3800.54,3794.6,3796.67,3807.61
results/GeneratedDense/100_cells_100000_features/dense_arrayfirecuda_euclidean.csv,euclidean,arrayfirecuda,dense,100,100000,100_100000,10000000,2.0,5.0,3.5801313215394535,3.606438335649849,3.577369996474893,3.58315795063656,3778.94,3829.64,4040.53,3803.0437499999994,12.026811302426141,euclidean_arrayfirecuda,4040.53,3796.96,3814.77,3809.87,3793.3,3796.89,3800.25,3822.91,3784.59,3778.94,3799.31,3799.91,3816.99,3792.37,3794.4,3794.27,3829.64,3808.16,3820.47,3803.81,3797.8,3792.75,3802.79,3808.37,3813.53
results/GeneratedDense/100_cells_100000_features/dense_arrayfirecuda_manhattan.csv,manhattan,arrayfirecuda,dense,100,100000,100_100000,10000000,2.0,5.0,6.074310566602378,6.07262115076389,6.0716253495239885,6.076010859637416,1179302.8538866185,1191271.795691186,1182010.0,1186617.0018074939,2960.94812906505,manhattan_arrayfirecuda,1182010.0,1188420.0,1184790.0,1183640.7593811918,1189104.6072832425,1191233.8467272911,1184575.2940980676,1183321.9916822452,1186496.0312768857,1186963.2804339027,1185159.0000030114,1187068.2478623558,1188027.9748839175,1185565.9575939863,1189856.4224740178,1179302.8538866185,1189557.6571166867,1183679.9983305554,1187937.3368685434,1191271.795691186,1183226.723487944,1187486.721477516,1190530.4451336388,1188373.1788290609,1183217.918857987
results/GeneratedDense/100_cells_100000_features/dense_arrayfirecuda_pearson.csv,pearson,arrayfirecuda,dense,100,100000,100_100000,10000000,2.0,5.0,3.594521226505718,3.6153744668166246,3.5896983300424856,3.5987226771393086,3887.75,3969.38,4124.53,3931.1645833333337,22.942062893872247,pearson_arrayfirecuda,4124.53,3919.34,3965.63,3969.38,3928.71,3968.95,3925.7,3947.82,3943.95,3904.47,3933.14,3944.57,3887.75,3948.69,3936.55,3936.67,3948.97,3928.92,3899.04,3946.2,3893.64,3912.87,3938.07,3924.94,3893.98
results/GeneratedDense/100_cells_100000_features/dense_arrayfirecuda_spearman.csv,spearman,arrayfirecuda,dense,100,100000,100_100000,10000000,2.0,5.0,4.269067330346335,4.269316766924655,4.265522978758629,4.271901985529123,18429.9,18702.6,18591.6,18580.925,65.58562628350816,spearman_arrayfirecuda,18591.6,18539.1,18622.8,18581.9,18533.9,18508.1,18642.4,18650.5,18563.1,18429.9,18529.8,18583.4,18553.4,18702.6,18560.0,18617.0,18675.6,18574.0,18552.7,18447.1,18663.9,18629.8,18638.9,18572.9,18569.4
results/GeneratedDense/100_cells_100000_features/dense_factoextra_cosine.csv,cosine,factoextra,dense,100,100000,100_100000,10000000,2.0,5.0,5.83277996278071,5.833914420650093,5.831057511299846,5.834747414383693,677731.25,683514.0,682204.25,680424.53125,1376.5177935655624,cosine_factoextra,682204.25,680421.5,679298.0,681920.0,683514.0,680032.75,679224.0,679298.25,680158.25,680573.5,680244.0,677731.25,683306.25,679322.25,679374.25,679446.5,682346.75,680800.0,681322.75,678792.0,681034.5,679917.75,681944.75,679836.0,680329.5
results/GeneratedDense/100_cells_100000_features/dense_factoextra_euclidean.csv,euclidean,factoextra,dense,100,100000,100_100000,10000000,2.0,5.0,6.455344032317085,6.4555833324402405,6.4547483902046965,6.4560097959593765,2849367.0,2857655.0,2854850.25,2853277.6354166665,2400.200242274901,euclidean_factoextra,2854850.25,2849367.0,2854439.75,2851137.25,2849921.5,2854969.0,2853914.0,2855901.25,2852199.25,2852537.0,2852298.75,2852754.0,2852003.0,2850136.75,2855178.0,2851234.0,2857172.0,2852918.75,2856638.25,2853072.0,2850131.0,2857396.5,2852414.25,2857655.0,2853275.0
results/GeneratedDense/100_cells_100000_features/dense_factoextra_manhattan.csv,manhattan,factoextra,dense,100,100000,100_100000,10000000,2.0,5.0,6.453688848728619,6.442848253455197,6.438608714037623,6.464506872666126,2745419.5,2914116.25,2772351.25,2842423.9166666665,45037.099711692936,manhattan_factoextra,2772351.25,2792020.25,2771994.75,2794619.25,2806841.25,2893804.0,2878928.25,2880763.5,2856052.0,2846812.75,2845804.25,2810443.75,2802458.5,2893281.75,2914116.25,2858885.75,2874949.25,2745419.5,2864510.0,2842127.5,2908910.5,2833938.25,2801558.25,2804580.25,2895354.25
results/GeneratedDense/100_cells_100000_features/dense_factoextra_spearman.csv,spearman,factoextra,dense,100,100000,100_100000,10000000,2.0,5.0,6.33102907188849,6.321238129354632,6.31247376918619,6.346380165911539,2053401.0,2220139.0,2095261.0,2143034.0520833335,38435.04881940299,spearman_factoextra,2095261.0,2053401.0,2166144.5,2163981.0,2170235.25,2150830.75,2156756.25,2171158.75,2163748.0,2166678.25,2167395.25,2084554.0,2115276.75,2152693.5,2155105.25,2134673.5,2151142.75,2069518.5,2173715.75,2121599.75,2173366.5,2155852.0,2220139.0,2113632.75,2081218.25
results/GeneratedDense/100_cells_100000_features/dense_pandas_cosine.csv,cosine,pandas,dense,100,100000,100_100000,10000000,2.0,5.0,7.132202038345532,7.131968649055773,7.128427200264255,7.134623889379883,13440864.418204824,13634018.82720974,13550915.871748492,13558200.073399423,42317.955497874864,cosine_pandas,13558610.200881958,13543221.542615026,13620419.075646602,13570443.34672254,13530508.841840943,13531847.442821708,13547549.954767613,13544968.201238705,13569207.16998604,13552255.451894753,13621237.453725873,13517420.960426169,13556610.434691649,13634018.82720974,13553682.144677388,13591587.346440658,13596570.30253622,13539455.543145062,13440864.418204824,13572531.297282446,13520799.583162772,13534212.247146783,13627236.4951768,13516506.688105203,13563646.992120652
results/GeneratedDense/100_cells_100000_features/dense_pandas_euclidean.csv,euclidean,pandas,dense,100,100000,100_100000,10000000,2.0,5.0,6.884054305111424,6.942274499117916,6.848701096595075,6.909517904933195,7058315.980848102,8119287.221444425,8755369.901657104,7656923.44734897,255380.77219684477,euclidean_pandas,9667202.472686768,7843537.330627441,7532774.209976196,7877156.895235213,7838140.606839052,7058315.980848102,7711525.686544674,7345432.981174681,8019513.78878128,8119287.221444425,7764973.686590834,7748688.522251681,7286060.543947291,7580073.053223106,7522490.527202826,7190640.490307387,7933734.149132701,7658963.822768558,7673911.8537632,7406840.555010873,7775734.210990727,7518856.764673293,7794276.853028616,7845704.110542847,7719528.891470252
results/GeneratedDense/100_cells_100000_features/dense_pandas_kendall.csv,kendall,pandas,dense,100,100000,100_100000,10000000,2.0,5.0,7.912550882227367,7.913664601078158,7.909299267424133,7.915805444435018,81152007.45466818,82376899.96917908,81971824.40757751,81761882.509203,321267.0012093489,kendall_pandas,81663149.59526062,82280499.21989441,81946269.7505951,81885711.19308472,81379621.26731873,81871873.37875366,81221179.24690247,81815239.90631104,81427397.48954773,81806891.6797638,81871811.00294954,82231045.5359727,81957045.66764662,81796302.39235589,81173440.87121756,81625896.48697595,81687877.53350392,81818285.42366262,81152007.45466818,81983353.20634817,82014838.33651766,81832536.43670526,81580457.01816654,82376899.96917908,81548699.75283085
results/GeneratedDense/100_cells_100000_features/dense_pandas_manhattan.csv,manhattan,pandas,dense,100,100000,100_100000,10000000,2.0,5.0,6.994889299540937,6.994357260969681,6.991414503174119,6.998282478248774,9804252.851567227,9960530.697044086,9870911.563969368,9883011.47326242,34557.748936322634,manhattan_pandas,9868154.525756836,9873668.6021819,9891667.416689362,9874564.636128508,9804252.851567227,9881821.269763265,9914840.865910033,9867491.005563367,9818937.418130891,9854809.925567076,9900836.227300243,9912375.300121762,9917328.193742393,9840903.889347078,9896241.651945164,9903140.86941706,9868457.992849251,9902635.971575346,9906976.96616723,9853230.89640788,9908099.482545272,9898035.114279697,9903372.738485051,9838055.375568936,9960530.697044086
results/GeneratedDense/100_cells_100000_features/dense_pandas_pearson.csv,pearson,pandas,dense,100,100000,100_100000,10000000,2.0,5.0,6.853686265242429,6.928664105294278,6.842146873964116,6.862271007440158,6952594.074742408,7282340.937380962,8485239.505767822,7139803.596220258,77897.38621543667,pearson_pandas,9869998.216629028,7100480.794906616,7204913.377761841,7144513.331113412,7083694.312076224,7143080.755379532,7202464.496573948,7035381.55345263,7001610.9182484,7206937.785087715,7156732.196792831,7147699.033156506,7282340.937380962,6952594.074742408,7135157.788706691,7053888.160637854,7266083.450500893,7181337.642381568,7179948.664602896,7196298.256390874,7092807.789829534,7100594.864065642,7124846.186747113,7129532.324615618,7232347.614134472
results/GeneratedDense/100_cells_100000_features/dense_pandas_spearman.csv,spearman,pandas,dense,100,100000,100_100000,10000000,2.0,5.0,6.553631745038877,6.585098163894489,6.45674562166704,6.614635376745703,2862500.83258821,4117516.770824845,3846787.214279175,3577929.220876794,283152.5610827735,spearman_pandas,3786813.0207061768,3906761.407852173,3365652.7996063232,3823067.1345375855,3638315.578959548,3651414.698560409,3336742.5278004566,3751609.1252595577,3257563.848579303,3828593.6042729705,2862500.83258821,3698810.0061699287,3962521.9227499766,3169526.9835988423,3333416.0784133226,3661099.8703481457,3707483.632802815,3525170.66010298,3584911.8583831885,3793730.221962395,4117516.770824845,3248462.8765855534,3629161.5275625503,3684145.836039367,3332121.4974826025
results/GeneratedDense/100_cells_100000_features/dense_pythonic_cosine.csv,cosine,pythonic,dense,100,100000,100_100000,10000000,2.0,5.0,6.749590420692648,6.753604193016314,6.739302620542437,6.760294714584681,5486591.426830664,5758305.665179511,5670275.926589966,5618112.360314461,76023.25928899832,cosine_pythonic,5784990.549087524,5555561.304092407,5666060.924530029,5567209.821445255,5530645.3988272,5596360.021457348,5711288.258350414,5510547.959934351,5692964.788933514,5563941.955502969,5649121.405639937,5593745.226770785,5650216.123597772,5577714.423759853,5758305.665179511,5744068.422080103,5486591.426830664,5572441.96761738,5600987.135598889,5628846.159292987,5606376.089605434,5612934.329156331,5512752.281662487,5713189.052782695,5732826.504898737
results/GeneratedDense/100_cells_100000_features/dense_pythonic_euclidean.csv,euclidean,pythonic,dense,100,100000,100_100000,10000000,2.0,5.0,6.259233050450545,6.261842509052605,6.230997761146209,6.27454933560313,1702149.73353281,1881695.453597613,1827437.400817871,1816490.163496901,39711.581006273846,euclidean_pythonic,1880217.3137664795,1774657.4878692627,1833074.5697021484,1881695.453597613,1826872.5739841568,1835340.5212421224,1750796.179770385,1813798.9002159256,1853782.74199998,1799224.6754761592,1702149.73353281,1808756.8853339308,1852206.5572797789,1783323.8824130709,1804850.4135643253,1880236.2847189903,1817320.0775724675,1790371.7013060192,1824790.9386569136,1862212.167821115,1852448.1987271467,1809564.7490021435,1811286.5110182827,1789416.3502613727,1837586.3688595048
results/GeneratedDense/100_cells_100000_features/dense_pythonic_kendall.csv,kendall,pythonic,dense,100,100000,100_100000,10000000,2.0,5.0,7.535733066362344,7.5299436277558875,7.522099824191793,7.547231118289419,33273602.51101482,35255844.1987932,33880017.63820648,34334684.92121356,556312.7755485086,kendall_pythonic,33736840.96336365,34023194.31304932,34864944.45800781,33558582.45977278,33273602.51101482,34123259.22441389,34225582.68170539,33888792.94824754,35179073.74734895,34925469.03144683,34566879.64967368,34951167.70942769,34714788.82314704,33690357.46742647,34378762.15019138,35255844.1987932,33482176.9650569,34833371.5440985,34301400.87286879,33764188.76565415,34631576.01555058,34601262.05038949,34089277.45323946,33789899.86689661,34918983.20170414
results/GeneratedDense/100_cells_100000_features/dense_pythonic_manhattan.csv,manhattan,pythonic,dense,100,100000,100_100000,10000000,2.0,5.0,6.479862051629137,6.4691152438930395,6.388831466793085,6.5318062519930855,2448113.037723739,3402563.602359311,2945203.0658721924,3018992.621724235,208797.53795393044,manhattan_pythonic,3036631.3457489014,2853774.7859954834,3103979.3491363525,3090941.8673509904,3233876.953220544,2782531.3468419537,2797047.582400985,3064317.6348942127,3278515.04013926,3115159.628668597,2846823.000539003,3122315.4373354698,3195149.364346787,3273108.949882748,2448113.037723739,2862037.1258096755,3081148.541864536,3033580.7666893094,2939591.864409076,3052840.343773782,2699257.706131896,3182053.7199980803,3028905.500158416,2968189.7717114296,3402563.602359311
results/GeneratedDense/100_cells_100000_features/dense_pythonic_pearson.csv,pearson,pythonic,dense,100,100000,100_100000,10000000,2.0,5.0,4.840348605003718,4.841090534790221,4.8397231142352615,4.841152014484757,69139.00325599007,69366.8565760093,69357.03754425049,69238.65215168544,53.708900337109824,pearson_pythonic,69416.52297973633,69297.55210876465,69213.6287689209,69209.49496552821,69366.8565760093,69296.17203050655,69233.27070406472,69139.00325599007,69178.58718032442,69258.37449794526,69233.33005189068,69191.40472909727,69243.25248991139,69233.82165976072,69248.19352115614,69291.15141064722,69304.58342448158,69234.25656482228,69312.03024856857,69166.1936190952,69155.98877912952,69263.52098086875,69235.82885215485,69184.15573158668,69236.99948922568
results/GeneratedDense/100_cells_100000_features/dense_pythonic_spearman.csv,spearman,pythonic,dense,100,100000,100_100000,10000000,2.0,5.0,7.649038882416789,7.653226578257059,7.637015741347524,7.655344394628314,43352659.161749035,45221440.73181544,45001457.33356476,44569614.98202413,380459.50754616887,spearman_pythonic,45745463.13285828,44257451.53427124,44815510.51139832,44451951.48243714,44260000.25587238,44710656.41155248,44749940.053684354,44322902.35139084,44759452.38638265,44893639.48832207,44096743.415139005,44865210.1232402,43352659.161749035,44729690.31537337,44953971.35294782,44587066.61254984,44889802.77115774,44936887.42022318,45221440.73181544,44422664.84387513,44654631.41093552,44509611.89284097,44162607.26524858,44284725.704748,44781542.0714239
results/GeneratedDense/100_cells_100000_features/dense_raft_cosine.csv,cosine,raft,dense,100,100000,100_100000,10000000,2.0,5.0,4.749547672011016,5.683575385962097,4.723092031194296,4.773487114699437,52855.7246292681,59359.073638916016,482586.74144744873,56175.59382814289,1655.1825794347674,cosine_raft,905814.4092559814,59359.073638916016,55170.05920410156,55071.83074951172,55082.082748413086,55327.415466308594,55071.35391235352,55098.7720489502,55129.051208496094,55350.30364990234,58310.4948775448,53838.56318375326,56632.36933843263,58249.750562792855,57740.08865807601,58282.87440227058,58059.444527268235,56040.61927323209,54814.02241741537,54062.12964316736,56315.8336186552,52855.7246292681,57591.22981990917,57555.58507656634,57205.579220124106
results/GeneratedDense/100_cells_100000_features/dense_raft_euclidean.csv,euclidean,raft,dense,100,100000,100_100000,10000000,2.0,5.0,4.432380331826316,5.682990100843502,4.431089902600576,4.433941835895503,26982.979449422128,27160.75486464905,481936.8124008179,27063.27383073338,54.40848704868898,euclidean_raft,936838.8652801514,27034.75952148437,27080.297470092773,27059.555053710938,27043.581008911133,27157.06825256348,27031.18324279785,27010.67924499512,27132.511138916016,27019.500732421875,27129.929116565287,27029.861711222584,26990.905577458663,27160.75486464905,26990.34126481633,27123.27283144162,27009.93170648112,27020.92864476356,27029.242426536504,27075.494174536107,27134.34814979065,27106.25993546752,26982.979449422128,27104.751353405423,27060.435065150992
results/GeneratedDense/100_cells_100000_features/dense_raft_manhattan.csv,manhattan,raft,dense,100,100000,100_100000,10000000,2.0,5.0,4.427345182081156,5.66317476922867,4.425840163524696,4.4297443627818,26658.77342224121,26899.509615475235,460441.82777404785,26751.31788391712,61.95629534868612,manhattan_raft,894173.3837127686,26710.27183532715,26810.884475708008,26863.33656311035,26747.465133666992,26805.16242980957,26718.616485595703,26658.77342224121,26719.093322753903,26702.4040222168,26736.54824612005,26670.328346288297,26899.509615475235,26857.30257966708,26684.461131127373,26789.44477854909,26706.43690891283,26716.138708875453,26692.57562737882,26692.83376015473,26778.65294178888,26768.634422757303,26784.82989818893,26753.416231345327,26764.50832695187
results/GeneratedDense/100_cells_100000_features/dense_raft_pearson.csv,pearson,raft,dense,100,100000,100_100000,10000000,2.0,5.0,4.872686051666959,5.728768119786762,4.87121076452068,4.8744757769991285,74337.98150060742,74898.95820617676,535510.6592178345,74590.93510034891,127.00644575630972,pearson_raft,996122.3602294922,74898.95820617676,74540.37666320801,74648.85711669922,74539.6614074707,74558.49647521973,74478.6262512207,74522.01843261719,74503.66020202637,74456.69174194336,74406.75014857254,74553.95894612424,74698.68092466197,74603.89049903805,74660.53066950027,74804.57429477593,74738.61977459163,74431.33102739175,74606.34740744795,74603.41328521591,74636.59123302363,74553.05259545728,74740.14485474976,74337.98150060742,74659.22875063377
results/GeneratedDense/100_cells_10000_features/dense_CPU_cosine.csv,cosine,CPU,dense,100,10000,100_10000,1000000,2.0,4.0,4.285095766597066,5.048265019820268,4.270638082739714,4.304199608158789,18648.25,20146.5,111754.5,19279.5,421.44343358075156,cosine_CPU,111754.5,19042.0,19592.0,19019.0,19751.0,18824.5,19186.5,19623.75,18648.25,19112.5,19588.5,19004.75,18994.5,18749.25,19322.75,18734.0,19756.75,19512.75,19294.0,19485.25,20146.5,18955.75,18679.0,19684.75,20000.0
results/GeneratedDense/100_cells_10000_features/dense_CPU_euclidean.csv,euclidean,CPU,dense,100,10000,100_10000,1000000,2.0,4.0,4.232705001682498,5.049447711456987,4.160881019972819,4.303876135417853,14483.75,20131.5,112059.25,17088.541666666668,1367.6689598292987,euclidean_CPU,112059.25,16279.25,18177.5,19298.5,17672.0,16637.75,15740.0,18473.5,17238.75,17845.75,14875.75,15797.75,20131.5,14834.25,18027.5,17002.0,16458.0,18682.25,14483.75,17348.0,17774.25,16251.0,17390.5,17261.75,16443.75
results/GeneratedDense/100_cells_10000_features/dense_CPU_kendall.csv,kendall,CPU,dense,100,10000,100_10000,1000000,2.0,4.0,5.362192919276873,5.368213411312497,5.356658184744209,5.3670412697568,227330.75,232831.25,233460.5,230246.4375,1371.8972535211046,kendall_CPU,233460.5,228722.5,231052.75,230482.25,230458.0,230246.5,232141.0,231464.25,229565.0,230553.25,230298.25,231874.5,232831.25,227330.75,230038.75,229147.5,227514.5,228914.0,232063.25,231183.75,230596.25,229922.25,231180.5,229681.75,228651.75
results/GeneratedDense/100_cells_10000_features/dense_CPU_manhattan.csv,manhattan,CPU,dense,100,10000,100_10000,1000000,2.0,4.0,3.592405784558379,4.338566049493799,3.5834255004065065,3.605278103960394,3832.0,4029.75,21805.5,3912.0625,42.4999540440928,manhattan_CPU,21805.5,3959.5,3892.25,3943.75,3891.75,3873.25,3922.25,3853.5,3909.75,3882.25,3937.75,3911.75,3931.75,3882.0,3954.5,3853.25,3910.75,4029.75,3895.5,3911.25,3936.25,3940.5,3871.5,3962.75,3832.0
results/GeneratedDense/100_cells_10000_features/dense_CPU_pearson.csv,pearson,CPU,dense,100,10000,100_10000,1000000,2.0,4.0,4.321320046932213,5.037551986929831,4.2417892092666465,4.397092307654957,17449.75,24951.25,109031.5,20956.5625,1938.203047512158,pearson_CPU,109031.5,22873.0,19691.75,21653.5,20721.0,20521.25,18250.0,21326.25,22033.0,22516.25,22176.25,18053.0,19718.25,17515.75,23834.75,20642.5,24951.25,21242.75,20449.5,21557.75,21808.0,23056.25,17449.75,22307.5,18608.25
results/GeneratedDense/100_cells_10000_features/dense_CPU_spearman.csv,spearman,CPU,dense,100,10000,100_10000,1000000,2.0,4.0,4.7854299425894125,4.8111039296839255,4.777675075061818,4.7915011739133115,59934.25,61873.0,64729.75,61014.0625,442.44886857362775,spearman_CPU,64729.75,60809.75,61360.25,60874.75,60666.5,60746.0,61278.75,61873.0,61234.5,61675.75,61698.25,60518.5,60532.75,59934.25,60588.75,61624.0,61001.0,61129.25,61057.5,61336.75,60987.0,60974.75,61090.75,60722.25,60622.5
results/GeneratedDense/100_cells_10000_features/dense_GPU_cosine.csv,cosine,GPU,dense,100,10000,100_10000,1000000,2.0,4.0,3.6306500287423575,6.08138691826389,1.3710678622717363,4.0405430062138645,23.5,10978.5,1206110.0,4272.184782608696,2503.042177528342,cosine_GPU,1206110.0,1817.75,5312.5,6011.25,5611.0,5124.75,2752.25,10978.5,3644.0,,5084.0,1494.0,6395.0,5758.75,4035.75,536.0,7593.0,3841.0,6468.75,1281.75,1490.5,3247.25,3854.0,5905.0,23.5
results/GeneratedDense/100_cells_10000_features/dense_GPU_euclidean.csv,euclidean,GPU,dense,100,10000,100_10000,1000000,2.0,4.0,3.1608060511340508,6.069396855620696,2.9661417327390325,3.3040594662175993,925.0,2014.0,1173267.0,1448.125,247.79625577276184,euclidean_GPU,1173267.0,1621.75,1290.25,1521.75,1171.75,1421.75,1185.0,1675.75,1695.75,1384.75,1524.75,1260.75,1467.5,1525.75,1473.75,1181.5,1574.75,925.0,1659.25,1780.25,1079.5,1712.0,1207.25,1400.5,2014.0
results/GeneratedDense/100_cells_10000_features/dense_GPU_kendall.csv,kendall,GPU,dense,100,10000,100_10000,1000000,2.0,4.0,5.246441053688789,5.311894719103411,5.233755461496891,5.260175176735885,171299.25,182043.5,205066.5,176376.63541666666,2577.498066176092,kendall_GPU,205066.5,174998.75,177686.25,175679.25,175382.25,176174.75,175692.5,178303.0,174775.5,180895.75,174985.5,174315.0,177507.25,174056.25,175563.25,177362.0,175945.75,182043.5,171299.25,178794.5,176533.75,172393.5,180863.75,173418.75,178369.25
results/GeneratedDense/100_cells_10000_features/dense_GPU_manhattan.csv,manhattan,GPU,dense,100,10000,100_10000,1000000,2.0,4.0,3.8788262741312383,5.589150613458596,3.863055061794878,3.8971870765801535,7295.5,7892.0,388285.0,7565.302083333333,135.95267595684314,manhattan_GPU,388285.0,7697.0,7509.25,7655.5,7892.0,7845.0,7716.0,7295.5,7349.25,7685.0,7592.5,7484.75,7562.75,7556.75,7573.25,7571.5,7427.25,7516.5,7586.0,7456.5,7473.25,7564.5,7461.0,7469.25,7627.0
results/GeneratedDense/100_cells_10000_features/dense_GPU_pearson.csv,pearson,GPU,dense,100,10000,100_10000,1000000,2.0,4.0,3.1605185506390354,6.071479730612017,2.934119540809263,3.3044366684713906,859.25,2015.75,1178907.5,1447.1666666666667,279.63109688877995,pearson_GPU,1178907.5,1766.5,1262.75,1651.25,1371.0,1316.75,1177.25,1339.0,1785.0,1468.25,2015.75,1696.25,1112.75,1122.5,1566.75,1692.0,1378.0,859.25,1013.0,1305.75,1335.25,1694.25,1354.5,1777.75,1670.5
results/GeneratedDense/100_cells_10000_features/dense_GPU_spearman.csv,spearman,GPU,dense,100,10000,100_10000,1000000,2.0,4.0,4.009358814474257,6.078258839055386,3.9488040459328113,4.056771494838887,8888.0,11396.5,1197454.0,10217.833333333334,503.2202739330186,spearman_GPU,1197454.0,10392.0,9534.75,10385.75,9825.5,10850.0,9825.75,9797.75,10410.0,10260.25,10294.5,10170.0,9958.75,10181.0,10728.25,10058.25,10279.5,9774.75,10823.5,11396.5,10787.5,10537.0,8888.0,10190.75,9878.0
results/GeneratedDense/100_cells_10000_features/dense_amap_cosine.csv,cosine,amap,dense,100,10000,100_10000,1000000,2.0,4.0,5.023884231113868,5.042406171517359,5.008238108813141,5.04680721355374,101915.0,111380.0,110257.0,105653.58333333333,2108.6278475125846,cosine_amap,110257.0,104136.25,103160.0,104271.25,105217.0,101915.0,105649.0,104298.25,109594.25,107536.5,106331.5,103589.5,104799.75,104336.5,104196.5,105677.75,108128.5,105828.0,104276.0,106247.75,104361.0,105242.25,107825.0,107688.5,111380.0
results/GeneratedDense/100_cells_10000_features/dense_amap_euclidean.csv,euclidean,amap,dense,100,10000,100_10000,1000000,2.0,4.0,4.726031346102197,4.799879636053728,4.703862894639258,4.745264168293575,50566.5,55624.25,63078.25,53214.666666666664,1280.7600296199996,euclidean_amap,63078.25,52533.0,54761.75,52982.75,55145.25,52107.5,52124.5,51196.5,52324.0,52002.0,54090.5,53748.25,53503.0,53583.75,52607.5,53651.0,55624.25,51273.5,53487.0,50566.5,53430.5,54455.5,53718.0,53113.75,55121.75
results/GeneratedDense/100_cells_10000_features/dense_amap_kendall.csv,kendall,amap,dense,100,10000,100_10000,1000000,2.0,4.0,7.748337272072604,7.748074490691297,7.747482153621965,7.749166494524056,55909055.25,56126310.5,55985362.0,56019247.677083336,59246.724969282724,kendall_amap,55985362.0,55994777.25,55978731.75,56077286.25,56097479.25,56043373.0,55973145.0,56008366.0,55978432.0,56036032.75,56126310.5,55959566.0,56016503.0,56057402.25,55970294.25,56103806.5,56001346.25,56067969.0,56080847.5,55945572.5,55944629.0,56117315.0,55973360.0,55909055.25,56000344.0
results/GeneratedDense/100_cells_10000_features/dense_amap_manhattan.csv,manhattan,amap,dense,100,10000,100_10000,1000000,2.0,4.0,4.701808773292525,4.777004285461858,4.690309070525679,4.709895081527589,49012.75,51273.75,59841.75,50327.895833333336,553.5318744429318,manhattan_amap,59841.75,50508.25,50144.0,50155.5,49619.75,51011.5,49517.25,50888.5,50970.5,50418.5,50759.25,50237.25,50695.75,49776.25,51217.75,50813.25,49012.75,49795.0,50418.75,50333.75,50102.5,51273.75,50160.0,50177.25,49862.5
results/GeneratedDense/100_cells_10000_features/dense_amap_pearson.csv,pearson,amap,dense,100,10000,100_10000,1000000,2.0,4.0,4.938688765251146,4.995436645932783,4.923547089792459,4.955466458660042,83858.5,90254.0,98954.75,86833.79166666667,1583.16941421227,pearson_amap,98954.75,87272.75,85025.75,85449.5,88080.75,89155.0,85571.25,85149.5,90254.0,87415.25,89381.0,85951.75,85325.5,88117.25,87117.5,85781.25,83858.5,87119.75,84704.75,86838.75,87852.25,87992.5,88132.0,86838.0,85626.5
results/GeneratedDense/100_cells_10000_features/dense_amap_spearman.csv,spearman,amap,dense,100,10000,100_10000,1000000,2.0,4.0,5.555926112525061,5.564308245205811,5.545008204171865,5.56697192881847,350758.5,368953.75,366697.75,359688.1354166667,4937.6529427679325,spearman_amap,366697.75,354915.25,358903.0,354899.5,362125.5,366220.5,350758.5,352417.5,361144.5,359512.25,368953.75,355575.75,367493.25,354158.5,359469.75,361204.75,359440.5,360523.5,363984.25,359952.0,367778.75,364648.0,353427.0,356893.25,358115.75
results/GeneratedDense/100_cells_10000_features/dense_armadillo_cosine.csv,cosine,armadillo,dense,100,10000,100_10000,1000000,2.0,4.0,3.2494573276468652,3.246193187074793,3.246899699358271,3.2524355194568124,1765.63,1788.28,1762.76,1776.05875,6.931839770520271,cosine_armadillo,1762.76,1780.88,1770.74,1783.07,1776.87,1788.28,1772.96,1787.29,1774.45,1782.5,1770.61,1767.46,1766.93,1765.63,1786.97,1781.65,1771.11,1774.95,1773.64,1780.92,1769.74,1767.01,1771.88,1785.04,1774.83
results/GeneratedDense/100_cells_10000_features/dense_armadillo_euclidean.csv,euclidean,armadillo,dense,100,10000,100_10000,1000000,2.0,4.0,3.2530543610773486,3.250798015527548,3.2518692960821705,3.254006381803282,1785.95,1794.76,1781.55,1790.8300000000002,2.446563917006879,euclidean_armadillo,1781.55,1789.53,1794.16,1793.06,1790.22,1789.67,1790.9,1791.72,1793.57,1794.76,1788.07,1794.02,1791.11,1786.85,1792.35,1792.79,1791.75,1789.98,1793.28,1786.31,1788.12,1791.41,1790.49,1789.85,1785.95
results/GeneratedDense/100_cells_10000_features/dense_armadillo_manhattan.csv,manhattan,armadillo,dense,100,10000,100_10000,1000000,2.0,4.0,4.853820783320504,4.855331344786106,4.847818114202966,4.860639811223291,70439.8,72550.4,71669.0,71420.15416666667,547.6053079691361,manhattan_armadillo,71669.0,71857.8,71439.8,71338.1,71696.8,71084.8,72550.4,70439.8,71175.8,70904.6,72331.6,72098.7,71117.8,72208.1,71153.0,71729.6,71021.3,71101.4,72263.3,70854.1,71110.4,70992.0,70712.9,71476.3,71425.3
results/GeneratedDense/100_cells_10000_features/dense_armadillo_pearson.csv,pearson,armadillo,dense,100,10000,100_10000,1000000,2.0,4.0,3.678617153868112,3.684715233267027,3.566896882378651,3.764103619340889,3688.9,5809.03,4838.55,4771.085,567.2663340089908,pearson_armadillo,4838.55,4343.76,5166.39,4359.43,5784.97,4428.7,3965.35,3908.04,4224.05,4549.69,5475.95,5809.03,4804.68,5067.28,5010.15,4847.92,4717.38,5478.51,5123.91,4429.39,3688.9,4735.75,5126.22,4203.67,5256.92
results/GeneratedDense/100_cells_10000_features/dense_armadillo_spearman.csv,spearman,armadillo,dense,100,10000,100_10000,1000000,2.0,4.0,4.5552546079777905,4.546683292897145,4.554237111279025,4.556247004037789,35829.2,35995.4,35211.4,35913.24166666667,38.825946185795154,spearman_armadillo,35211.4,35972.1,35995.4,35915.9,35924.2,35889.5,35908.6,35852.7,35864.5,35949.9,35959.1,35894.8,35930.2,35950.9,35897.0,35873.1,35890.4,35947.6,35902.1,35936.1,35933.9,35926.2,35829.2,35902.7,35871.7
results/GeneratedDense/100_cells_10000_features/dense_arrayfirecpu_cosine.csv,cosine,arrayfirecpu,dense,100,10000,100_10000,1000000,2.0,4.0,3.7273368709487937,3.9565914693251383,3.7235976770684625,3.7314235568310425,5291.73,5387.95,9048.81,5337.4875,22.717378122265828,cosine_arrayfirecpu,9048.81,5320.89,5353.91,5291.73,5334.35,5369.21,5348.81,5332.33,5331.45,5323.1,5387.95,5324.09,5311.41,5324.07,5321.39,5322.4,5334.71,5345.43,5347.1,5354.89,5368.63,5340.63,5299.98,5374.98,5336.26
results/GeneratedDense/100_cells_10000_features/dense_arrayfirecpu_euclidean.csv,euclidean,arrayfirecpu,dense,100,10000,100_10000,1000000,2.0,4.0,3.75686428740941,3.767078651310548,3.753457424682088,3.760864093139665,5668.36,5765.86,5848.96,5713.000833333334,24.28571337855976,euclidean_arrayfirecpu,5848.96,5704.65,5728.83,5698.94,5716.56,5722.72,5709.18,5703.69,5668.36,5681.84,5690.34,5703.78,5694.86,5745.29,5736.82,5707.41,5703.77,5714.31,5695.7,5712.54,5678.23,5765.86,5719.35,5757.86,5751.13
results/GeneratedDense/100_cells_10000_features/dense_arrayfirecpu_manhattan.csv,manhattan,arrayfirecpu,dense,100,10000,100_10000,1000000,2.0,4.0,6.023305472164973,6.018030236390588,6.016076985369647,6.030545730306142,1037712.3499729468,1072866.6125119957,1042390.0,1055128.7873468662,8377.290945969067,manhattan_arrayfirecpu,1042390.0,1050740.0,1064590.0,1065299.1618214743,1055848.984133984,1047795.9137344488,1057637.493404291,1045139.7129594364,1051257.293032906,1064612.9715943453,1047086.2680408894,1063969.745436093,1067100.107033595,1053159.3593374167,1057636.2784714687,1058520.1646105524,1042992.5235306312,1045623.65120671,1059161.7942880725,1053372.297469264,1050295.389343675,1054808.1745211557,1055864.6498694378,1037712.3499729468,1072866.6125119957
results/GeneratedDense/100_cells_10000_features/dense_arrayfirecpu_pearson.csv,pearson,arrayfirecpu,dense,100,10000,100_10000,1000000,2.0,4.0,4.134268771664357,4.129219258988712,4.133187498641167,4.1359368623850274,13589.0,13675.3,13465.4,13622.875,19.75213596044711,pearson_arrayfirecpu,13465.4,13597.7,13634.9,13611.3,13665.8,13614.7,13675.3,13589.0,13612.0,13629.5,13621.0,13605.7,13608.9,13620.5,13614.6,13627.9,13618.8,13627.7,13610.4,13655.3,13602.2,13627.4,13630.8,13631.9,13615.7
results/GeneratedDense/100_cells_10000_features/dense_arrayfirecpu_spearman.csv,spearman,arrayfirecpu,dense,100,10000,100_10000,1000000,2.0,4.0,5.239052432569736,5.241172786770047,5.2379758070035605,5.240084754148756,172972.0,173814.0,174250.0,173401.33333333334,205.01639500835591,spearman_arrayfirecpu,174250.0,173240.0,173582.0,173628.0,173365.0,173216.0,173452.0,173411.0,173650.0,173691.0,173178.0,173405.0,173231.0,173561.0,173143.0,173814.0,173467.0,173374.0,172972.0,173043.0,173480.0,173519.0,173537.0,173271.0,173402.0
results/GeneratedDense/100_cells_10000_features/dense_arrayfirecuda_cosine.csv,cosine,arrayfirecuda,dense,100,10000,100_10000,1000000,2.0,4.0,2.6523684792255624,2.7940458590206543,2.639715529162084,2.6602391874282794,436.23,457.34,622.366,449.12629166666665,5.194125571893425,cosine_arrayfirecuda,622.366,451.786,443.14,442.433,451.372,447.667,436.23,452.947,452.561,450.746,457.34,455.147,452.216,453.516,447.677,453.739,449.117,443.963,449.862,447.025,447.876,454.211,453.535,438.334,446.591
results/GeneratedDense/100_cells_10000_features/dense_arrayfirecuda_euclidean.csv,euclidean,arrayfirecuda,dense,100,10000,100_10000,1000000,2.0,4.0,2.647617171658092,2.7989674474642987,2.6425802507306173,2.6544229894279923,439.117,451.256,629.459,444.23949999999996,3.4787789764034502,euclidean_arrayfirecuda,629.459,445.875,440.545,441.992,450.163,443.356,441.773,442.938,443.411,448.62,441.138,451.256,446.184,439.117,439.859,443.146,444.2,450.325,446.644,441.237,441.056,447.474,443.218,440.735,447.486
results/GeneratedDense/100_cells_10000_features/dense_arrayfirecuda_manhattan.csv,manhattan,arrayfirecuda,dense,100,10000,100_10000,1000000,2.0,4.0,5.067686166662655,5.065814909435201,5.065975366050423,5.072080706776855,116406.0,118054.0,116363.0,116865.45833333333,381.6070163539391,manhattan_arrayfirecuda,116363.0,117105.0,116468.0,116406.0,116867.0,116901.0,117201.0,116617.0,116422.0,116902.0,117124.0,116467.0,116698.0,116662.0,117053.0,117369.0,118054.0,117084.0,117423.0,116689.0,116736.0,116801.0,116718.0,116471.0,116533.0
results/GeneratedDense/100_cells_10000_features/dense_arrayfirecuda_pearson.csv,pearson,arrayfirecuda,dense,100,10000,100_10000,1000000,2.0,4.0,2.6730266700216836,2.8137677417346487,2.670837500908842,2.6758030792628134,468.638,474.027,651.28,471.00624999999997,1.3405267699055237,pearson_arrayfirecuda,651.28,471.984,470.031,468.811,473.091,471.589,470.784,470.566,471.784,470.298,470.404,472.122,473.495,474.027,468.638,471.236,470.295,471.763,470.798,471.02,470.984,469.791,471.673,469.266,469.7
results/GeneratedDense/100_cells_10000_features/dense_arrayfirecuda_spearman.csv,spearman,arrayfirecuda,dense,100,10000,100_10000,1000000,2.0,4.0,3.2088214664653485,3.250878453296461,3.2075508929758563,3.210457643030476,1612.69,1623.52,1781.88,1617.415,2.5860184969691824,spearman_arrayfirecuda,1781.88,1615.11,1619.88,1613.85,1617.52,1620.11,1618.38,1613.53,1615.0,1617.92,1618.24,1620.55,1615.6,1619.64,1616.08,1619.94,1616.16,1614.32,1618.07,1612.69,1623.52,1616.79,1619.18,1616.38,1619.5
results/GeneratedDense/100_cells_10000_features/dense_factoextra_cosine.csv,cosine,factoextra,dense,100,10000,100_10000,1000000,2.0,4.0,4.820298428500527,4.842783920646808,4.813329078092589,4.8254277406888635,65062.25,66900.25,69628.0,66114.76041666667,513.1567665723536,cosine_factoextra,69628.0,65690.75,66900.25,65997.0,66709.25,65370.25,65926.25,65481.25,65808.25,66681.75,65372.5,66049.5,66518.5,66606.25,66754.5,66610.25,66622.75,66087.75,65518.25,65732.25,66281.5,66587.5,66157.0,65062.25,66228.5
results/GeneratedDense/100_cells_10000_features/dense_factoextra_euclidean.csv,euclidean,factoextra,dense,100,10000,100_10000,1000000,2.0,4.0,4.888790054506345,4.898985570532309,4.870551669029115,4.914499178873802,74225.25,82129.5,79247.5,77408.75,1992.0359115529686,euclidean_factoextra,79247.5,77823.75,82129.5,76683.75,76706.25,76966.25,77025.0,77190.5,76331.75,76393.0,80475.5,75150.25,79310.0,77020.5,75664.75,75978.75,76483.25,76667.75,80452.5,77257.0,81408.25,78576.0,74651.0,74225.25,77239.5
results/GeneratedDense/100_cells_10000_features/dense_factoextra_kendall.csv,kendall,factoextra,dense,100,10000,100_10000,1000000,2.0,4.0,10.00789003479958,10.007151968693636,10.006812943999597,10.008644869189334,10158110762.5,10201049834.25,10166043617.0,10183335090.541666,10151456.519409824,kendall_factoextra,10166043617.0,10177555326.75,10175978367.25,10199003923.75,10188090998.75,10184637818.5,10187176390.75,10179309440.25,10201049834.25,10170763348.25,10185487988.25,10187687155.0,10184468713.0,10158110762.5,10196567134.0,10199594143.25,10182119108.5,10169295837.0,10183320312.5,10173445570.25,10181506701.0,10187712848.5,10174699414.0,10179079664.25,10193381372.5
results/GeneratedDense/100_cells_10000_features/dense_factoextra_manhattan.csv,manhattan,factoextra,dense,100,10000,100_10000,1000000,2.0,4.0,4.886288336274156,4.89599818473152,4.865332023045026,4.913927707352905,73338.5,82021.5,78704.25,76964.125,2274.475949257323,manhattan_factoextra,78704.25,76399.0,75607.0,74879.75,74876.0,75282.25,74949.75,77939.0,78085.0,82021.5,75539.75,76105.0,79356.0,75586.25,73701.5,78441.5,80417.75,74492.75,78785.0,78108.75,81005.5,73338.5,76986.5,76518.75,78716.25
results/GeneratedDense/100_cells_10000_features/dense_factoextra_spearman.csv,spearman,factoextra,dense,100,10000,100_10000,1000000,2.0,4.0,5.275204039635703,5.46947038957606,5.272387614911312,5.280665425394601,187235.25,190838.25,294761.25,188453.42708333334,908.2403588096379,spearman_factoextra,294761.25,188387.5,189058.75,187697.0,188745.25,187876.5,188845.5,187812.25,190500.5,187273.25,188262.75,188269.75,187535.0,189051.25,187235.25,188878.5,187663.25,187570.5,187941.0,187983.0,190838.25,189351.5,188688.75,188081.75,189335.25
results/GeneratedDense/100_cells_10000_features/dense_pandas_cosine.csv,cosine,pandas,dense,100,10000,100_10000,1000000,2.0,4.0,5.790638003477279,5.790946791834783,5.789046237615777,5.793386169844507,615242.3716450172,621421.3496205943,617940.6876764938,617501.480919494,1627.1911179324934,cosine_pandas,617028.9516448975,618852.42370809,617170.8248268891,619999.915820297,616631.1819979853,615417.8579803786,616350.6882085623,617474.0188078376,615587.9683487354,616775.7189747661,615968.3532272293,616571.4359453889,618007.2707271038,615769.7890080075,616240.6444229062,617144.6092952169,617664.8591844338,618423.0039909293,615242.3716450172,619953.965477826,619871.0378344815,621421.3496205943,619306.027733814,617027.5514955011,617162.6737858665
results/GeneratedDense/100_cells_10000_features/dense_pandas_euclidean.csv,euclidean,pandas,dense,100,10000,100_10000,1000000,2.0,4.0,5.377906309772801,5.3628698537087365,5.343644260747636,5.403031878620566,220619.6852940282,252948.36619192985,230605.6022644043,238729.62166120415,7327.520850950549,euclidean_pandas,230434.17930603027,230777.02522277832,242843.6279296875,243228.58530628515,241189.01088142535,230115.73349669864,247831.65881052532,229617.89697531192,240721.0313523437,234129.51136519635,248158.97318618625,236663.12909218695,243009.8344848644,233256.24764482275,240052.8746827563,243820.4762452358,252948.36619192985,236831.79035531697,229714.43901660971,245406.5470829068,242721.9032588448,238156.27532706497,244845.80728981027,232850.48937608337,220619.6852940282
results/GeneratedDense/100_cells_10000_features/dense_pandas_kendall.csv,kendall,pandas,dense,100,10000,100_10000,1000000,2.0,4.0,7.080494432533198,7.127632176243167,6.903536046830945,7.198646649282007,8008220.946993489,15799620.273226352,13416281.938552856,12036339.596272483,2287467.8744086036,kendall_pandas,13543312.788009644,13289251.08909607,15382957.458496094,14626287.698745728,13284404.754638672,11751084.327697754,10307033.0619812,10089762.210845947,10104100.227355955,10044823.64654541,12010928.307160348,9865846.844796045,8669246.322394803,14074270.586558552,14734981.627583245,15799620.273226352,12179812.345031586,14906375.163446993,11242250.969672931,8008220.946993489,15331068.023362191,9307910.992186883,12746313.026372282,10403740.2193608,10711860.186990269
results/GeneratedDense/100_cells_10000_features/dense_pandas_manhattan.csv,manhattan,pandas,dense,100,10000,100_10000,1000000,2.0,4.0,5.371244905551205,5.370860018483608,5.3688892797756385,5.373146897626421,233824.10450905815,236127.6786497768,234887.5610756137,235095.81897510946,659.3573537455683,manhattan_pandas,235560.17875671387,234214.9433945135,235462.8583601306,234806.77897527156,235736.976929298,234221.85099958532,235306.19256919468,234947.27569980212,236127.6786497768,234325.00451536055,235533.7220829739,235478.05326065293,235892.72202343255,235502.23823018887,235523.61442946133,234611.33383573368,234023.5172707604,235739.17447565505,234645.9661571586,235598.52008883117,236073.2695896857,233824.10450905815,234483.50392104004,235017.76206130025,235202.59337376172
results/GeneratedDense/100_cells_10000_features/dense_pandas_pearson.csv,pearson,pandas,dense,100,10000,100_10000,1000000,2.0,4.0,5.192408681835784,5.192045058043209,5.164188806875129,5.215600385978155,145944.8608750158,164285.9358223846,155612.70713806152,155743.05228425257,5324.666476910926,pearson_pandas,152559.2803955078,158666.13388061523,151232.71942138672,149383.60050004694,153786.5915626586,158655.4025193877,160951.74412407252,157706.1425972795,161662.26123743036,147293.0417580426,159162.95142054322,146277.02962554092,151959.9471821752,158766.3912872808,162162.39545457505,145944.8608750158,152917.02661650025,164285.9358223846,154301.06718820625,164167.4764432622,159344.34969355343,158671.62652167302,154588.33395480583,151078.6483281234,154867.57680750135
results/GeneratedDense/100_cells_10000_features/dense_pandas_spearman.csv,spearman,pandas,dense,100,10000,100_10000,1000000,2.0,4.0,5.077428185471208,5.079261933743581,5.07666701513116,5.078502164250375,119307.29936111094,119812.50938765876,120022.29690551758,119516.58778225067,152.49097438605668,spearman_pandas,120644.33097839355,119400.2628326416,119595.52764892578,119492.44094844304,119341.40551719184,119360.5845845174,119332.01879640188,119348.29262291992,119676.11134098325,119771.69360564771,119812.50938765876,119335.18972922284,119604.17055411254,119475.53698477666,119505.90034873244,119698.88515122324,119403.07619975317,119596.5171729366,119550.11833339132,119688.90204202868,119307.29936111094,119749.80939449609,119393.08815570862,119466.84474460762,119491.9213165842
results/GeneratedDense/100_cells_10000_features/dense_pythonic_cosine.csv,cosine,pythonic,dense,100,10000,100_10000,1000000,2.0,4.0,5.8867679959477694,5.908642448614711,5.852906606029455,5.919377184354664,712699.7493005741,830571.8052011644,810293.6744689941,770491.7554178546,28478.900086079273,cosine_pythonic,859835.3862762451,760751.9626617432,805021.2860107422,754047.1317226577,771634.7485581815,771630.0471982572,712699.7493005741,771699.1596703051,768276.1594322568,803327.0550405094,805086.2232585145,785300.0318958609,830571.8052011644,760185.7070136473,744368.0127762486,767831.3308906645,765298.3780214702,799018.195836966,762001.7623653753,744855.2323991281,745084.0653006583,820382.5759996469,755091.2589638355,718379.0405820132,769261.209928091
results/GeneratedDense/100_cells_10000_features/dense_pythonic_euclidean.csv,euclidean,pythonic,dense,100,10000,100_10000,1000000,2.0,4.0,5.488138994367469,5.5799507278627045,5.485653844599539,5.490418816448201,305952.3861163184,309327.7028829753,380146.2650299072,307708.14658833994,844.9837621804853,euclidean_pythonic,453625.4405975342,306667.0894622803,308044.1951751709,309269.4234757934,308820.4003464724,307987.2922849701,305952.3861163184,307303.5014222428,307808.9617870022,307545.0451389398,308031.1248318456,306816.6037469088,308072.1844648623,308257.8370757586,307280.0095956553,306550.3201534497,307251.4371903773,308132.5099388454,307432.6064723476,309327.7028829753,309037.9195698843,307665.6230678927,306789.4637489529,307819.6064197571,307132.2737514554
results/GeneratedDense/100_cells_10000_features/dense_pythonic_kendall.csv,kendall,pythonic,dense,100,10000,100_10000,1000000,2.0,4.0,6.613154035934311,6.622002429071805,6.611050855709498,6.616071504793648,4083672.031685368,4131155.1415508287,4187959.07497406,4103496.2032952216,13729.876807557219,kendall_pythonic,4268594.50340271,4107323.64654541,4089558.124542236,4083672.031685368,4116772.687283753,4121396.817989532,4093478.178674327,4093003.795627567,4094650.7243107487,4122146.6979240337,4102354.05102421,4104748.493701764,4113764.0177778127,4086651.724420001,4084306.2419759543,4105307.935671244,4114539.5555937234,4117683.81158634,4122050.0117574655,4107908.5159097672,4086927.283070984,4096436.5971859246,4131155.1415508287,4088112.332925375,4099960.4603509502
results/GeneratedDense/100_cells_10000_features/dense_pythonic_manhattan.csv,manhattan,pythonic,dense,100,10000,100_10000,1000000,2.0,4.0,5.596041187613179,5.649041636792818,5.568964521147909,5.622255440021354,370650.4409711045,419039.9603824134,445698.97651672363,394494.7133846076,13000.862598394067,manhattan_pythonic,490397.9301452637,401000.0228881836,384250.4024505615,392253.1853969722,408672.5046817475,370650.4409711045,396582.4226112324,391630.8003408702,374971.5838495575,419039.9603824134,384999.4425993909,405361.9624821449,383945.3652916605,390546.6062220692,416002.4957459652,405404.2363211371,375298.7813349772,386455.0417208544,393498.6193743276,400716.4687125948,381154.26599152,399287.1067590893,417684.4456453478,391984.6747670773,396482.2846897822
results/GeneratedDense/100_cells_10000_features/dense_pythonic_pearson.csv,pearson,pythonic,dense,100,10000,100_10000,1000000,2.0,4.0,3.7048856356594393,3.779859397966663,3.5212036211902737,3.8408779425895165,3320.501044525228,6932.30947759633,6023.645401000977,5068.572181502658,912.0897977255257,pearson_pythonic,6390.810012817383,5656.48078918457,4468.202590942383,5860.886787286371,5146.710716213901,3320.501044525228,5114.880906329143,3838.76437732987,4763.887349659561,4639.700214681608,5833.887462637251,5899.300517195595,3851.425781117603,4238.764728055727,6196.387888038158,5359.130143797364,4150.226637334483,5159.962379608143,6051.27517202647,5417.749926168526,6089.911148664183,5370.556658564886,4739.823821442211,3545.005837664243,6932.30947759633
results/GeneratedDense/100_cells_10000_features/dense_pythonic_spearman.csv,spearman,pythonic,dense,100,10000,100_10000,1000000,2.0,4.0,6.713214372005725,6.718430787797728,6.702937369956239,6.72075865430508,5045885.250979745,5257250.298100021,5229146.242141724,5166713.403678785,60595.535597804395,spearman_pythonic,5333579.778671265,5124712.705612183,5199438.333511353,5098344.837559759,5154629.492873576,5161497.038448418,5257250.298100021,5208580.689268877,5045885.250979745,5216643.62054482,5189882.062112165,5184474.169600849,5231623.03459456,5257212.312532599,5048791.299722856,5170339.607262392,5203016.057565001,5215093.814141493,5117067.640460931,5151793.268662099,5166333.782283177,5106452.370153777,5246796.517650355,5177163.8993244,5068099.58532544
results/GeneratedDense/100_cells_10000_features/dense_raft_cosine.csv,cosine,raft,dense,100,10000,100_10000,1000000,2.0,4.0,3.7826818176862917,5.685438486179669,3.7592897425767084,3.8227886096584633,5744.996157858437,6649.494171142578,484661.45992279047,6062.919719574533,194.10287829151875,cosine_raft,962673.4256744384,6649.494171142578,6013.393402099609,5967.378616333008,5973.339080810547,5973.100662231445,5986.928939819336,5969.524383544922,6000.041961669922,5955.696105957031,6092.350308679313,6294.712413731206,5959.043663870486,6084.873013450187,6194.265309488639,6049.288955270001,5987.118559599058,6053.394712343907,5844.390700561584,6083.204178693632,6218.231947832778,6217.295827030052,5744.996157858437,6425.801360548521,5772.208837222595
results/GeneratedDense/100_cells_10000_features/dense_raft_euclidean.csv,euclidean,raft,dense,100,10000,100_10000,1000000,2.0,4.0,3.4426888543249565,5.613052573464315,3.3733151730915685,3.5285566742488697,2362.191884329844,3377.199172973633,410253.76319885254,2771.333900461599,231.87468446486798,euclidean_raft,817130.3272247314,3377.199172973633,2691.7457580566406,2661.9434356689453,2713.918685913086,2690.0768280029297,2665.996551513672,2650.4993438720703,2676.010131835937,2702.474594116211,2859.3093598220867,3357.310131396486,3185.127835482454,2362.191884329844,2491.9571477734307,2731.684114583047,2839.7736891306117,2907.1691492219325,2789.431582281885,2709.0446644706526,2788.648192228409,2718.628836409838,2711.990859672986,2573.893274416452,2655.988387905148
results/GeneratedDense/100_cells_10000_features/dense_raft_manhattan.csv,manhattan,raft,dense,100,10000,100_10000,1000000,2.0,4.0,3.4541813666882093,5.67733295273403,3.3696080147255634,3.552909888127405,2342.1139171414684,3571.9871520996094,475699.782371521,2845.649237273152,272.45021025087846,manhattan_raft,947827.5775909424,3571.9871520996094,2755.880355834961,2680.063247680664,2835.512161254883,2691.984176635742,2710.3424072265625,2678.871154785156,2728.22380065918,2679.8248291015625,2767.936649400387,2615.796263616516,3109.21505649878,2705.6694798477283,2342.1139171414684,2980.571385305097,2836.142162305084,2990.125935646952,2432.2730357158603,3392.048714577183,2984.7249759320566,2861.8220388539785,3178.515253820063,3061.9380930571942,2703.999447558971
results/GeneratedDense/100_cells_10000_features/dense_raft_pearson.csv,pearson,raft,dense,100,10000,100_10000,1000000,2.0,4.0,3.8528028443224973,5.699836629664857,3.8023107724752205,3.9163032127176822,6343.234581152323,8247.137069702148,500998.73542785645,7125.294913025228,486.70907079630643,pearson_raft,993750.3337860107,8247.137069702148,7690.668106079102,7297.277450561523,6667.375564575195,6665.229797363281,6679.058074951172,6702.423095703125,6762.981414794922,6701.469421386719,6343.234581152323,6969.786168723133,7553.412314694172,7287.553425488621,7929.708466058281,6753.926419797574,7327.679693382993,7594.836280648476,7125.098305338449,6475.330520285681,6854.804051462841,7288.042985735015,7524.329533701874,7697.876176077662,6867.838994941188
results/GeneratedDense/100_cells_1000_features/dense_CPU_cosine.csv,cosine,CPU,dense,100,1000,100_1000,100000,2.0,3.0,2.863744060267135,4.985140068670414,2.782830805202592,2.9556877503135057,606.5,903.0,96636.25,730.7083333333334,66.76414748118101,cosine_CPU,96636.25,769.0,682.75,732.75,736.25,773.75,759.75,725.5,783.75,671.25,647.5,759.25,616.5,683.5,722.5,727.0,903.0,738.75,727.5,783.25,773.0,673.5,606.5,684.0,856.5
results/GeneratedDense/100_cells_1000_features/dense_CPU_euclidean.csv,euclidean,CPU,dense,100,1000,100_1000,100000,2.0,3.0,2.9020142293001068,5.004693159874033,2.872010511887081,2.9271136119337604,744.75,845.5,101086.5,798.0208333333334,27.50898685227955,euclidean_CPU,101086.5,782.5,826.0,747.75,760.0,744.75,786.25,772.0,817.0,820.75,804.0,779.5,830.0,799.25,760.75,806.75,838.25,824.75,804.25,822.75,787.25,813.75,786.5,845.5,792.25
results/GeneratedDense/100_cells_1000_features/dense_CPU_kendall.csv,kendall,CPU,dense,100,1000,100_1000,100000,2.0,3.0,4.376091411833181,4.443032084876154,4.371815683016117,4.379269249473647,23540.5,23948.0,27735.25,23773.40625,108.17837826219018,kendall_CPU,27735.25,23684.5,23854.5,23821.25,23712.75,23563.75,23878.0,23870.5,23796.75,23738.25,23844.25,23722.75,23902.25,23729.25,23540.5,23733.5,23786.0,23948.0,23616.75,23696.5,23782.0,23901.25,23869.0,23672.0,23897.5
results/GeneratedDense/100_cells_1000_features/dense_CPU_manhattan.csv,manhattan,CPU,dense,100,1000,100_1000,100000,2.0,3.0,2.978061575813164,3.274504222655883,2.885785128783473,3.0430674079304287,768.75,1104.25,1881.5,950.7395833333334,70.23685668740016,manhattan_CPU,1881.5,1011.0,904.75,905.0,950.25,900.0,1015.5,896.5,768.75,1021.5,928.25,919.75,922.5,1104.25,875.25,1088.75,989.25,1005.0,932.75,941.5,941.0,935.25,995.5,979.25,886.25
results/GeneratedDense/100_cells_1000_features/dense_CPU_pearson.csv,pearson,CPU,dense,100,1000,100_1000,100000,2.0,3.0,2.9975228991823,4.992122544023045,2.858236335429513,3.0987302300463844,721.5,1255.25,98202.5,994.3125,155.11713064245998,pearson_CPU,98202.5,801.0,1058.75,873.5,859.0,979.25,1126.75,721.5,1255.25,820.0,1155.75,1118.25,1230.25,723.75,1069.5,831.75,1089.25,886.75,1134.25,1174.5,1090.75,960.5,912.0,895.25,1096.0
results/GeneratedDense/100_cells_1000_features/dense_CPU_spearman.csv,spearman,CPU,dense,100,1000,100_1000,100000,2.0,3.0,3.7635184621565156,3.8292716016778634,3.756350794878374,3.773695043427262,5706.25,5938.75,6749.5,5801.208333333333,57.879619446072915,spearman_CPU,6749.5,5817.25,5742.25,5768.75,5732.25,5831.0,5802.75,5843.0,5726.5,5785.25,5832.75,5938.75,5813.75,5817.75,5880.5,5791.5,5785.0,5706.25,5852.75,5751.25,5708.0,5855.0,5806.75,5753.25,5886.75
results/GeneratedDense/100_cells_1000_features/dense_GPU_cosine.csv,cosine,GPU,dense,100,1000,100_1000,100000,2.0,3.0,2.7790325163169958,6.0354447481031075,2.6893088591236203,2.8468008542794783,489.0,702.75,1085037.5,601.21875,49.64070451021856,cosine_GPU,1085037.5,640.5,566.75,527.75,621.75,599.0,552.75,679.5,641.25,554.25,587.25,622.5,558.0,654.0,562.25,609.0,553.25,605.0,624.5,638.0,621.5,652.75,489.0,566.0,702.75
results/GeneratedDense/100_cells_1000_features/dense_GPU_euclidean.csv,euclidean,GPU,dense,100,1000,100_1000,100000,2.0,3.0,3.8404204594099145,6.084118329508747,2.958085848521085,4.150157529392726,908.0,14130.5,1213719.5,6925.010869565217,3192.5529016404967,euclidean_GPU,1213719.5,8396.25,2020.0,4833.25,7418.0,5874.0,,10403.25,11684.75,8814.5,4915.0,8636.25,3443.25,4309.0,7018.75,14130.5,9072.25,11879.0,5747.5,6010.25,4003.75,908.0,4653.0,9006.5,6098.25
results/GeneratedDense/100_cells_1000_features/dense_GPU_kendall.csv,kendall,GPU,dense,100,1000,100_1000,100000,2.0,3.0,3.8465297540639356,3.9055260484350485,3.8250364412213536,3.861026341696571,6684.0,7261.5,8045.0,7023.114583333333,147.85847997266302,kendall_GPU,8045.0,7105.75,6940.25,6865.75,7151.75,7225.25,7155.5,7206.5,7261.5,7040.0,6684.0,7074.0,6805.5,6965.0,6975.75,6823.25,7223.75,6915.5,7118.0,7027.0,6914.25,7072.5,6916.5,6937.25,7150.25
results/GeneratedDense/100_cells_1000_features/dense_GPU_manhattan.csv,manhattan,GPU,dense,100,1000,100_1000,100000,2.0,3.0,3.6150157875376747,5.507651152062442,2.919862253555538,4.074816440645175,831.5,11880.0,321848.25,4121.125,3042.667686936087,manhattan_GPU,321848.25,831.5,5656.25,,,6942.25,,883.25,3938.5,,5307.0,8271.25,1021.25,2266.25,11880.0,2448.0,6910.25,7403.75,1533.25,1278.25,3669.25,1638.25,2163.0,1426.75,6954.25
results/GeneratedDense/100_cells_1000_features/dense_GPU_pearson.csv,pearson,GPU,dense,100,1000,100_1000,100000,2.0,3.0,3.485824479782213,6.050728347444924,1.7539658658651602,3.876607491240386,56.75,7526.75,1123901.75,3060.7261904761904,2105.386808291613,pearson_GPU,1123901.75,695.25,5189.25,1180.5,2348.5,2839.0,,891.25,56.75,3343.25,7526.75,,210.0,1071.25,6430.0,5817.75,2324.25,2892.5,2805.0,4905.0,5523.5,,3161.25,1227.75,3836.5
results/GeneratedDense/100_cells_1000_features/dense_GPU_spearman.csv,spearman,GPU,dense,100,1000,100_1000,100000,2.0,3.0,3.719311429713044,6.074638189793706,2.7855077880892263,4.061301656206044,610.25,11516.0,1187512.5,5239.760416666667,2339.298164736023,spearman_GPU,1187512.5,3167.0,6352.0,7816.5,3913.25,6516.75,4531.0,2680.75,4260.5,4157.25,5125.75,7070.25,7031.5,5851.0,3307.5,610.25,8808.5,4560.25,5017.0,6902.25,11516.0,4356.25,5957.25,5222.25,1023.25
results/GeneratedDense/100_cells_1000_features/dense_amap_cosine.csv,cosine,amap,dense,100,1000,100_1000,100000,2.0,3.0,4.284392190849062,4.283222053221885,3.8027395275296914,4.674261621102032,6349.5,47234.75,19196.5,19248.291666666668,7944.013471131195,cosine_amap,19196.5,15700.0,47234.75,15549.75,16846.0,16195.25,16632.0,16407.5,15199.5,17941.0,16387.75,16102.5,27077.75,12409.25,24555.0,24460.25,26030.0,10762.5,28189.0,20312.5,16645.75,11392.0,18007.0,6349.5,25572.5
results/GeneratedDense/100_cells_1000_features/dense_amap_euclidean.csv,euclidean,amap,dense,100,1000,100_1000,100000,2.0,3.0,3.9582731414687866,4.033956243900873,3.927036556993989,3.9976921179417264,8453.5,9947.0,10813.25,9083.916666666666,428.6102400167572,euclidean_amap,10813.25,9947.0,9565.5,9416.75,9666.25,8779.75,8781.75,8796.75,8530.75,8785.0,8616.5,8745.0,9670.25,8915.0,9382.75,9040.75,9345.25,8797.25,8723.0,8697.75,9901.0,8453.5,9236.75,9155.5,9064.25
results/GeneratedDense/100_cells_1000_features/dense_amap_kendall.csv,kendall,amap,dense,100,1000,100_1000,100000,2.0,3.0,5.784698143334491,5.783072768346712,5.7556810942588505,5.8183229060131865,569745.75,658147.0,606838.0,609113.3854166666,19786.709485680654,kendall_amap,606838.0,604240.5,605483.25,605542.0,643157.75,610471.5,658147.0,569745.75,606029.0,612896.0,628364.0,590975.75,597393.0,639581.5,619198.25,618786.5,610558.0,609204.0,588842.5,594119.5,617074.0,589287.75,594996.75,581560.75,623066.25
results/GeneratedDense/100_cells_1000_features/dense_amap_manhattan.csv,manhattan,amap,dense,100,1000,100_1000,100000,2.0,3.0,3.9616183210182703,3.9921557110426167,3.9210358469246054,3.98709621456513,8337.5,9707.25,9821.0,9154.15625,348.91555070451864,manhattan_amap,9821.0,8949.0,9519.25,9285.5,8783.75,9250.5,8337.5,8911.25,9530.25,9245.5,9707.25,9523.75,8702.5,9400.0,8512.0,8768.75,9395.75,9033.0,9288.5,9575.75,9333.75,9133.5,8909.75,9170.25,9432.75
results/GeneratedDense/100_cells_1000_features/dense_amap_pearson.csv,pearson,amap,dense,100,1000,100_1000,100000,2.0,3.0,4.174993883417847,4.241284928684545,4.116167582027179,4.240337041095809,13066.75,17391.5,17429.5,14962.145833333334,975.0294838401754,pearson_amap,17429.5,15342.0,13865.25,15332.25,14884.5,13601.0,15264.5,16037.25,16510.25,15837.75,14536.0,13066.75,14745.75,15575.75,15045.25,15033.25,15729.0,15270.75,14932.0,17391.5,15170.75,13753.0,14255.75,13611.75,14299.5
results/GeneratedDense/100_cells_1000_features/dense_amap_spearman.csv,spearman,amap,dense,100,1000,100_1000,100000,2.0,3.0,4.538289195113815,4.556462315855487,4.518336237602801,4.563786526673468,32986.5,36625.75,36013.25,34537.364583333336,896.9002580042888,spearman_amap,36013.25,33219.5,34184.25,34985.75,33792.75,34134.75,34139.5,34532.5,36253.75,33766.5,35719.0,35187.75,35308.5,34824.5,35738.5,34383.5,33644.5,36625.75,34581.75,33831.5,34242.75,33815.25,34807.75,34190.0,32986.5
results/GeneratedDense/100_cells_1000_features/dense_armadillo_cosine.csv,cosine,armadillo,dense,100,1000,100_1000,100000,2.0,3.0,2.463793545059072,2.527191519087101,2.455606112581867,2.4711038674219687,285.5,295.872,336.66,290.933375,3.232890487016482,cosine_armadillo,336.66,288.229,293.359,292.435,287.246,286.665,285.5,295.26,292.806,285.758,294.36,292.142,294.009,287.322,288.908,293.227,288.66,293.289,293.145,292.215,292.556,288.518,295.872,294.295,286.625
results/GeneratedDense/100_cells_1000_features/dense_armadillo_euclidean.csv,euclidean,armadillo,dense,100,1000,100_1000,100000,2.0,3.0,2.5870573015525613,2.601437418458279,2.569154951279627,2.6218749543731903,370.813,418.673,399.427,386.4179583333333,10.74095633342754,euclidean_armadillo,399.427,396.312,380.432,387.758,387.663,381.48,371.363,399.388,395.219,390.35,389.277,373.771,373.956,418.673,370.813,389.621,384.819,396.305,370.976,382.785,384.997,377.383,387.291,393.918,389.481
results/GeneratedDense/100_cells_1000_features/dense_armadillo_manhattan.csv,manhattan,armadillo,dense,100,1000,100_1000,100000,2.0,3.0,3.9506347236437556,4.0277938696562865,3.7046866167497496,4.109793784840846,5066.25,12876.38,10660.9,8925.544583333334,1951.0764131285307,manhattan_armadillo,10660.9,10716.7,10828.9,10856.0,9405.92,7060.58,6975.77,6958.01,6944.12,7075.02,9993.79,7410.46,12876.38,10214.02,6791.38,9184.17,9159.35,8683.47,9700.78,12564.06,8195.18,5066.25,11369.15,8118.63,8064.98
results/GeneratedDense/100_cells_1000_features/dense_armadillo_pearson.csv,pearson,armadillo,dense,100,1000,100_1000,100000,2.0,3.0,2.8609176772310385,2.784030706088597,2.8463767041239896,2.877650034323154,702.064,754.484,608.178,725.9683333333334,12.484178756418958,pearson_armadillo,608.178,721.419,738.902,737.378,715.542,718.997,718.202,722.865,727.93,748.536,718.082,720.965,732.149,702.419,728.048,740.158,719.287,741.945,722.599,726.783,702.064,716.369,724.489,754.484,723.628
results/GeneratedDense/100_cells_1000_features/dense_armadillo_spearman.csv,spearman,armadillo,dense,100,1000,100_1000,100000,2.0,3.0,3.750569041422442,3.6358475171140245,3.383535317280749,3.9853716785613997,2418.44,9668.78,4323.62,5630.78625,1780.457323853932,spearman_armadillo,4323.62,4356.44,4287.06,4299.15,4351.58,4308.7,4313.91,9668.78,7927.51,4307.87,5484.2,6917.11,5935.86,9143.17,4741.67,3955.68,5801.72,5034.81,5265.18,6939.41,5569.67,9088.61,5204.73,2418.44,5817.61
results/GeneratedDense/100_cells_1000_features/dense_arrayfirecpu_cosine.csv,cosine,arrayfirecpu,dense,100,1000,100_1000,100000,2.0,3.0,2.8318678554493912,3.3929324985247216,2.8265503216054917,2.8346756099531802,670.734,683.401,2471.34,678.997,2.989694020018318,cosine_arrayfirecpu,2471.34,675.584,681.024,676.632,677.875,683.401,675.706,678.589,675.293,670.734,679.477,681.223,679.899,682.814,678.725,676.992,677.867,681.961,681.853,680.827,681.223,683.354,679.947,676.095,678.833
results/GeneratedDense/100_cells_1000_features/dense_arrayfirecpu_euclidean.csv,euclidean,arrayfirecpu,dense,100,1000,100_1000,100000,2.0,3.0,3.1686883416014116,3.111040603756155,3.064274498490256,3.2460083688504304,1159.51,1762.01,1291.34,1474.6479166666668,129.90940121802728,euclidean_arrayfirecpu,1291.34,1376.72,1551.76,1452.63,1550.22,1513.99,1265.69,1377.55,1457.82,1403.01,1619.68,1492.28,1423.66,1573.07,1762.01,1480.15,1662.84,1407.43,1490.41,1159.51,1534.26,1242.62,1514.01,1541.26,1538.97
results/GeneratedDense/100_cells_1000_features/dense_arrayfirecpu_manhattan.csv,manhattan,arrayfirecpu,dense,100,1000,100_1000,100000,2.0,3.0,4.629407857503593,4.6172520330907965,4.562947976296452,4.668288981782445,36555.1,46589.6,41424.0,42599.82916666666,2273.6702044783533,manhattan_arrayfirecpu,41424.0,44635.8,41115.7,44018.7,43295.4,40369.3,39220.9,40727.5,36555.1,45837.2,42198.9,44052.1,40677.8,40405.2,46589.6,41267.8,43141.9,45417.9,44813.5,43628.6,44098.0,41523.9,43985.9,42759.5,42059.7
results/GeneratedDense/100_cells_1000_features/dense_arrayfirecpu_pearson.csv,pearson,arrayfirecpu,dense,100,1000,100_1000,100000,2.0,3.0,3.165505230126978,3.2667395665102665,3.1505906704038935,3.1780440824564633,1414.46,1506.76,1848.16,1463.8791666666666,19.828022450702345,pearson_arrayfirecpu,1848.16,1452.97,1480.45,1458.7,1460.93,1470.59,1423.86,1474.2,1414.46,1472.13,1453.99,1462.29,1455.36,1457.8,1487.96,1483.24,1475.26,1456.93,1506.76,1470.2,1450.29,1443.08,1457.26,1491.94,1472.45
results/GeneratedDense/100_cells_1000_features/dense_arrayfirecpu_spearman.csv,spearman,arrayfirecpu,dense,100,1000,100_1000,100000,2.0,3.0,4.271919884739101,4.258752185577354,4.266309326359727,4.276107790347948,18463.3,18884.6,18144.8,18703.370833333334,97.44562363683798,spearman_arrayfirecpu,18144.8,18604.1,18757.4,18776.2,18621.3,18771.5,18773.0,18762.7,18613.0,18792.4,18884.6,18849.8,18463.3,18641.2,18591.8,18665.2,18671.1,18624.3,18842.2,18687.9,18755.1,18585.1,18710.7,18706.1,18730.9
results/GeneratedDense/100_cells_1000_features/dense_arrayfirecuda_cosine.csv,cosine,arrayfirecuda,dense,100,1000,100_1000,100000,2.0,3.0,2.1178564528906687,2.2164509382360715,2.116136006099228,2.1189158448538548,130.658,131.497,164.608,131.176625,0.21351928337974682,cosine_arrayfirecuda,164.608,131.276,130.976,131.142,131.121,131.423,130.679,130.97,131.377,131.116,131.35,131.013,130.951,131.197,131.497,131.284,131.225,131.116,131.265,130.658,131.193,131.299,131.438,131.387,131.286
results/GeneratedDense/100_cells_1000_features/dense_arrayfirecuda_euclidean.csv,euclidean,arrayfirecuda,dense,100,1000,100_1000,100000,2.0,3.0,2.1700598046742825,2.235763205462942,2.03925941139737,2.3335943655810074,109.461,215.573,172.093,147.93120833333333,26.03584344703017,euclidean_arrayfirecuda,172.093,129.623,166.933,121.419,165.103,183.793,128.906,151.773,191.471,143.374,137.579,124.351,144.768,180.225,140.011,123.028,159.034,215.573,136.93,167.51,127.551,109.461,154.594,135.427,111.912
results/GeneratedDense/100_cells_1000_features/dense_arrayfirecuda_manhattan.csv,manhattan,arrayfirecuda,dense,100,1000,100_1000,100000,2.0,3.0,4.075561255163363,4.077440584471324,4.07107154998365,4.080774352724805,11778.0,12044.1,11952.0,11900.391666666668,63.582196909896865,manhattan_arrayfirecuda,11952.0,11925.5,11831.8,12044.1,11961.4,11803.7,11800.5,11900.4,11950.2,11865.0,12035.2,11778.0,11960.9,11904.7,11896.0,11877.9,11870.5,11874.2,11952.0,11902.3,11889.8,11863.9,11923.0,11917.8,11880.6
results/GeneratedDense/100_cells_1000_features/dense_arrayfirecuda_pearson.csv,pearson,arrayfirecuda,dense,100,1000,100_1000,100000,2.0,3.0,2.169946639817312,2.2752030554129803,2.157248184167808,2.182916568785958,143.631,152.376,188.453,147.89266666666666,1.9490319534465197,pearson_arrayfirecuda,188.453,148.929,146.194,149.406,149.792,147.375,143.631,148.144,148.261,145.254,150.464,149.337,144.157,149.711,148.102,145.8,147.766,148.052,148.721,147.665,147.992,145.887,148.545,147.863,152.376
results/GeneratedDense/100_cells_1000_features/dense_arrayfirecuda_spearman.csv,spearman,arrayfirecuda,dense,100,1000,100_1000,100000,2.0,3.0,2.8832885056515,2.918492184647962,2.8810044113498763,2.8856342646947706,760.334,768.483,828.881,764.343375,1.9090174133241964,spearman_arrayfirecuda,828.881,765.823,763.289,766.383,763.122,763.123,764.189,763.827,763.34,768.483,762.175,764.723,762.686,765.527,767.962,763.637,762.779,764.331,765.255,763.025,760.334,763.676,767.309,762.961,766.282
results/GeneratedDense/100_cells_1000_features/dense_factoextra_cosine.csv,cosine,factoextra,dense,100,1000,100_1000,100000,2.0,3.0,3.8310274724638296,3.947935860202689,3.8208579894397,3.8454701329816734,6620.0,7006.0,8870.25,6776.84375,89.01634951946093,cosine_factoextra,8870.25,6917.5,6803.5,6710.75,7006.0,6686.25,6782.5,6745.25,6738.75,6780.5,6786.0,6703.0,6822.25,6794.5,6701.75,6751.5,6772.0,6803.25,6777.0,6640.5,6620.0,6914.75,6708.25,6918.25,6760.25
results/GeneratedDense/100_cells_1000_features/dense_factoextra_euclidean.csv,euclidean,factoextra,dense,100,1000,100_1000,100000,2.0,3.0,3.7411745872132096,3.850247898240142,3.7284146601581742,3.758363003001286,5350.75,5732.75,7083.5,5510.291666666667,107.22213766548192,euclidean_factoextra,7083.5,5633.0,5560.5,5450.25,5579.0,5517.0,5437.75,5732.75,5421.75,5403.25,5603.25,5397.75,5545.25,5437.5,5687.25,5395.5,5436.5,5491.0,5350.75,5480.5,5669.25,5466.75,5386.75,5485.0,5678.75
results/GeneratedDense/100_cells_1000_features/dense_factoextra_kendall.csv,kendall,factoextra,dense,100,1000,100_1000,100000,2.0,3.0,8.02383268259688,8.015885737959891,8.014761079255388,8.07419031117547,103457285.5,118628847.5,103725548.0,105641043.54166667,4068296.992100304,kendall_factoextra,103725548.0,103643214.5,104083350.0,104690880.0,103860277.5,103686341.5,103707585.5,103674288.75,103658715.0,103743545.5,103817426.0,104683120.25,103932403.25,103457285.5,103549734.0,103804936.0,103707373.5,103765849.25,114112759.0,118628847.5,115143764.25,108180481.25,105113685.75,104115196.75,104623984.5
results/GeneratedDense/100_cells_1000_features/dense_factoextra_manhattan.csv,manhattan,factoextra,dense,100,1000,100_1000,100000,2.0,3.0,3.7528755735679873,3.8629508733894453,3.7434509663689877,3.7622282842864743,5539.25,5784.0,7293.75,5660.770833333333,79.3776875091833,manhattan_factoextra,7293.75,5779.75,5685.5,5568.75,5613.25,5581.0,5603.25,5768.75,5741.75,5600.5,5716.25,5767.5,5539.25,5546.5,5621.25,5706.0,5593.75,5738.5,5784.0,5573.5,5759.75,5633.25,5620.0,5695.25,5621.25
results/GeneratedDense/100_cells_1000_features/dense_factoextra_spearman.csv,spearman,factoextra,dense,100,1000,100_1000,100000,2.0,3.0,4.260004518588442,4.343182031926943,4.24845146301917,4.27401922251933,17719.5,18794.0,22038.5,18197.197916666668,250.74597017332047,spearman_factoextra,22038.5,18175.75,18008.75,18794.0,18367.0,18222.25,18050.0,17994.0,18056.75,18115.0,17967.0,18105.75,18275.25,18191.0,18350.5,18673.5,18196.0,18161.0,17719.5,18180.0,18428.0,18642.5,17926.0,17853.25,18280.0
results/GeneratedDense/100_cells_1000_features/dense_pandas_cosine.csv,cosine,pandas,dense,100,1000,100_1000,100000,2.0,3.0,5.389915682879518,5.39058522067194,5.386984295823092,5.39232169499171,243772.2668226886,246786.6683482105,245801.8915658869,245423.23867269364,701.0898613054147,cosine_pandas,245223.7606048584,246380.0225269154,245700.3697830587,246075.9149548066,244954.1559234474,245884.1001009275,244496.9502744561,243772.2668226886,245277.6190858647,245886.2226601371,245466.1942475487,245291.6497642172,245230.6797857189,244229.5671360449,244807.2409440074,245032.9715328971,245913.5988017552,246501.0907233029,245398.5863087134,245826.6010564465,245808.3248536013,244723.6632199153,246786.6683482105,245210.3043241448,245502.9649658218
results/GeneratedDense/100_cells_1000_features/dense_pandas_euclidean.csv,euclidean,pandas,dense,100,1000,100_1000,100000,2.0,3.0,4.801530881871446,4.80828947366341,4.796813960052428,4.806338730880699,62634.549781498856,64023.39955750496,64311.62357330322,63318.53847430251,320.67880494248993,euclidean_pandas,65077.30484008789,63545.94230651856,63106.77528381348,63086.398886978575,62841.02288640792,64023.39955750496,63093.4263338026,63137.989296791806,63738.48513280744,63735.508260745366,62976.183547941786,63044.639240108154,63452.6865277345,63636.49031154556,63745.19211507776,63288.38629694488,63332.59868491949,63370.7025733224,63489.37949521228,63321.39612467342,62936.93038842077,63450.82749998067,63298.578357613216,62634.549781498856,63357.43449289591
results/GeneratedDense/100_cells_1000_features/dense_pandas_kendall.csv,kendall,pandas,dense,100,1000,100_1000,100000,2.0,3.0,6.65718908596701,6.774873066307538,6.418065688513791,6.780637525492847,2618579.0472318907,6034447.66998291,5954880.714416504,4541392.997461704,834079.618078346,kendall_pandas,7114737.987518311,4795023.441314697,5608695.507049561,6034447.66998291,5113174.4384765625,3506697.654724121,3545296.9074249268,4473866.701126099,4421883.583068848,3505707.9792022705,4040574.2343278183,5163856.643420278,4218234.767033746,4161688.582324778,4217253.861592019,2618579.0472318907,5146952.254019769,5771160.920110341,4137564.8733450705,5114671.39292752,3474860.2807499235,4498479.660190908,4641888.461870053,5138325.600511848,5644547.477054939
results/GeneratedDense/100_cells_1000_features/dense_pandas_manhattan.csv,manhattan,pandas,dense,100,1000,100_1000,100000,2.0,3.0,4.80487967289416,4.803249986539558,4.801581375660822,4.8075933601125564,63325.90071109941,64208.62356965468,63569.67433168496,63808.66712344548,184.6883918144439,manhattan_pandas,63813.44795227051,63325.90071109941,63726.61988687229,63776.25740026254,63947.42459869172,64053.78531800928,63787.06899353971,63688.67895782594,63893.85362009676,63926.98100296551,64208.62356965468,63912.11721265019,63734.85088301741,63932.82635182557,64122.38835143467,63788.96611881983,63557.12364224128,63856.13281950704,63619.00215455533,63675.37852943415,63944.83279836553,63763.82560641092,63693.77429484315,63671.15958040186,63800.43856016662
results/GeneratedDense/100_cells_1000_features/dense_pandas_pearson.csv,pearson,pandas,dense,100,1000,100_1000,100000,2.0,3.0,4.216135194550566,4.256140416407517,4.070778533833216,4.401692092384839,11770.056126911248,25216.923003624688,18036.00788116455,16448.83690811039,2755.8606716484283,pearson_pandas,16298.770904541016,19773.24485778809,15805.24444580078,15584.800279532945,14463.352149692715,14103.107055673378,15139.00910965933,15786.504728000404,14568.570350369642,13560.61187985797,19447.198265962634,20680.12111619896,17066.172517941995,17434.627252084993,17192.91434876506,15504.094676795576,14898.247576647316,17667.09392088891,25216.923003624688,13917.23253344352,14791.753825304952,17693.37231650704,11770.056126911248,15028.746689949874,17679.08676724732
results/GeneratedDense/100_cells_1000_features/dense_pandas_spearman.csv,spearman,pandas,dense,100,1000,100_1000,100000,2.0,3.0,4.086317788723542,4.115367117761876,4.084777374349376,4.087497009714598,12155.627258258386,12231.986968250312,13042.688369750977,12198.81903408715,23.209871295588936,spearman_pandas,13915.538787841797,12169.837951660156,12206.315994262695,12204.624087420852,12158.910914870828,12184.288039833724,12213.084065585404,12218.6346409894,12209.60615170267,12225.220427809669,12206.781444819244,12198.128882991645,12230.276578821578,12155.627258258386,12210.730018507,12229.162351182264,12182.770433564576,12171.02518322112,12184.131562425178,12207.881079947543,12231.986968250312,12209.090138730857,12167.53278808731,12223.405364518778,12172.604490630389
results/GeneratedDense/100_cells_1000_features/dense_pythonic_cosine.csv,cosine,pythonic,dense,100,1000,100_1000,100000,2.0,3.0,5.689820254155573,5.762813558232798,5.6867193319768905,5.693108408110973,486092.96074815455,493296.9248235382,579180.0022125244,489576.1516037456,2064.0120125243366,cosine_pythonic,666825.532913208,491534.4715118408,488392.82989501953,489880.6776042892,492086.97380803205,489277.32036991103,491297.4450434194,489984.4703721333,487861.68906902784,493077.0496484344,487868.1826574629,490259.533685956,489591.03913448413,491050.0375059388,486583.2545365091,488066.4050417692,492298.0963897612,490034.81800611055,486444.5968703544,489800.7200425016,488754.3368448065,486092.96074815455,490042.837374975,486250.9675054665,493296.9248235382
results/GeneratedDense/100_cells_1000_features/dense_pythonic_euclidean.csv,euclidean,pythonic,dense,100,1000,100_1000,100000,2.0,3.0,5.443985658648398,5.528367156031288,5.4432953896928815,5.44487540767048,277520.7047425129,278532.19884583715,337572.5746154785,277962.1477076277,240.33013615605518,euclidean_pythonic,397383.9282989502,277761.22093200684,278131.24656677246,278532.19884583715,277920.76993432903,278082.11763829016,277810.1510377545,278121.335379935,277952.7956296632,277853.89099119214,277871.5355995343,277520.7047425129,278333.46217651066,278184.6802265368,277980.24405101646,277897.72957854945,277944.9507313556,278141.0291115888,277691.39496776933,277858.31414886,278437.2571528023,277870.92995220365,277736.19818254275,277656.2920897236,277801.0953157778
results/GeneratedDense/100_cells_1000_features/dense_pythonic_kendall.csv,kendall,pythonic,dense,100,1000,100_1000,100000,2.0,3.0,6.245791359129812,6.2525233494457435,6.226799549459455,6.260205132363454,1685774.7689919325,1820560.5695291643,1788641.6912078857,1761129.772880194,32133.420479320852,kendall_pythonic,1842785.120010376,1734498.2624053955,1778599.0238189695,1765099.8097910895,1714234.250530073,1788576.6661130097,1767315.6765920685,1776346.5093354876,1759664.9583151198,1768589.8943293968,1685774.7689919325,1798812.8385451022,1724431.157952116,1781894.3505442303,1763227.117819066,1818781.0478042304,1820560.5695291643,1727780.1736457974,1767068.3672233175,1753052.7380881624,1788705.4215300134,1727113.0074707111,1777226.0680726431,1754751.0976821112,1725010.7729954529
results/GeneratedDense/100_cells_1000_features/dense_pythonic_manhattan.csv,manhattan,pythonic,dense,100,1000,100_1000,100000,2.0,3.0,5.483538545883601,5.604448484594732,5.467391772348877,5.4958056885088835,293353.8365194032,313188.4147125179,402205.9440612793,304465.8207208786,5164.526479942174,manhattan_pythonic,496382.9517364502,308028.9363861084,300204.9922943115,297645.6340429145,306464.1823042336,306220.2061651377,308117.0733508052,307534.1094798978,299567.1416084969,310242.7646683229,313188.4147125179,304981.77919485,295206.3961789673,305296.0740184692,309450.5217322938,300741.7384314329,301154.2313945877,296415.5100129686,311216.3378471149,304585.5013485003,308093.5116058926,305891.2843745601,293353.8365194032,308067.1323345778,305512.3872947217
results/GeneratedDense/100_cells_1000_features/dense_pythonic_pearson.csv,pearson,pythonic,dense,100,1000,100_1000,100000,2.0,3.0,2.8255238300347965,2.8739238298815084,2.8141701051885075,2.8397263470150427,651.8836749504533,691.3951791139791,748.0382919311523,669.1505357853947,11.465652550382886,pearson_pythonic,815.8683776855469,680.2082061767578,662.0883941650391,666.6824928118411,668.1161978532035,676.7122954359219,678.6982281822579,664.1989193994352,652.5293950423909,659.3157470374663,655.9448747558125,664.5738344915392,691.3951791139791,682.7033301851304,676.2967551436664,676.2355205176142,663.6052621277144,652.9636539899567,651.9251758994805,679.3204271756723,674.900123805786,665.9211489199666,674.4357687073224,688.9582529610634,651.8836749504533
results/GeneratedDense/100_cells_1000_features/dense_pythonic_spearman.csv,spearman,pythonic,dense,100,1000,100_1000,100000,2.0,3.0,6.30270189758641,6.320451788623385,6.301600950805121,6.303646145357687,2002631.074715739,2012084.1750044837,2091470.718383789,2007714.2320858024,1976.288732022695,spearman_pythonic,2177500.2479553223,2005441.188812256,2008818.1495666504,2005230.697295204,2006478.6645982624,2009255.4427259697,2006215.381080757,2006682.5736935225,2010033.5651502053,2007920.0428454257,2008575.7345972247,2007382.8687723188,2007961.4424594485,2008575.0838642688,2006066.2689489787,2006272.620038328,2006261.9574120091,2002631.074715739,2009059.1323294495,2012084.1750044837,2006678.6243733936,2010212.066344708,2009405.8218528456,2008840.9234200125,2009058.070157794
results/GeneratedDense/100_cells_1000_features/dense_raft_cosine.csv,cosine,raft,dense,100,1000,100_1000,100000,2.0,3.0,3.156393682677913,5.665548841579917,3.1399145141418847,3.182500996991848,1380.112578626503,1522.3026275634766,462965.72685241693,1433.4867488321377,31.771616949614202,cosine_raft,924409.1510772704,1522.3026275634766,1443.8629150390625,1412.3916625976562,1422.882080078125,1426.2199401855469,1447.6776123046875,1418.5905456542969,1447.6776123046875,1413.106918334961,1460.6766131613322,1439.2398896346726,1380.112578626503,1399.0300645383834,1464.360395991495,1405.033582247944,1410.7147238608677,1464.3590206903102,1432.7078580290338,1390.7306358431715,1445.1639780346973,1414.835564985559,1407.0936402122918,1442.7566901117082,1492.1548219408303
results/GeneratedDense/100_cells_1000_features/dense_raft_euclidean.csv,euclidean,raft,dense,100,1000,100_1000,100000,2.0,3.0,3.015222413982883,5.670980156268723,3.008703822484204,3.024918649604869,1020.2434669524916,1059.0553283691406,468791.9616699218,1035.6724268261787,10.410835131339335,euclidean_raft,936539.6499633788,1044.2733764648438,1036.6439819335938,1020.9083557128906,1059.0553283691406,1036.1671447753906,1035.451889038086,1026.8688201904297,1045.7038879394531,1031.3987731933594,1035.790634456459,1028.0704569733184,1048.4990044769827,1045.9424125502196,1040.062441642001,1040.4225051046192,1028.830860046505,1056.851681004135,1024.5905870535375,1021.0840480734568,1025.9260516636773,1032.1382495446258,1038.6673648857516,1032.5469217833172,1020.2434669524916
results/GeneratedDense/100_cells_1000_features/dense_raft_manhattan.csv,manhattan,raft,dense,100,1000,100_1000,100000,2.0,3.0,3.0247899286468587,5.668798859472979,2.989634575455121,3.0725709530860024,976.4152987687924,1181.8733859494157,466443.30024719244,1058.7414804577968,51.64829511459221,manhattan_raft,931731.939315796,1154.6611785888672,1048.3264923095703,1044.2733764648438,1028.0609130859375,1046.4191436767578,1049.9954223632812,1015.4247283935548,1063.823699951172,1160.3832244873047,1042.564094268351,1024.6600705356088,1003.3046753743592,1134.4281440376994,1013.8822965614368,976.4152987687924,1086.064179744905,1181.8733859494157,1035.1463921819802,1040.200647985767,1030.5937510875076,1104.296490650726,1051.1237929231504,1063.3949588069186,1010.4791727892126
results/GeneratedDense/100_cells_1000_features/dense_raft_pearson.csv,pearson,raft,dense,100,1000,100_1000,100000,2.0,3.0,3.1873666100943496,5.678590439597246,3.1748488172685017,3.209529556460927,1495.714890495949,1620.0542449951172,477079.1530609131,1539.4536231773984,26.53540708795587,pearson_raft,952538.251876831,1620.0542449951172,1548.0518341064453,1540.6608581542969,1535.4156494140625,1526.1173248291016,1526.3557434082031,1514.911651611328,1539.468765258789,1516.3421630859375,1539.5471512284587,1553.467731395009,1547.847424186744,1555.531724971431,1537.2543361472708,1589.6137083221704,1516.9711491561989,1536.6672023075353,1505.9911379634607,1526.132795055854,1495.714890495949,1529.066832104186,1557.4685434041523,1516.015291730344,1572.2188029255185
results/GeneratedDense/100_cells_100_features/dense_CPU_cosine.csv,cosine,CPU,dense,100,100,100_100,10000,2.0,2.0,3.5540635775322236,4.023859224539767,3.076002913646383,3.9711250258569564,1191.25,9356.75,10564.75,3581.4886363636365,2235.3560176041424,cosine_CPU,10564.75,5297.5,9356.75,1445.5,1390.5,1372.75,1421.25,1361.0,1374.0,6608.25,5504.5,2513.5,,5019.5,4296.75,2578.0,1621.75,3179.25,4723.5,5753.5,1191.25,,2433.0,6787.25,3563.5
results/GeneratedDense/100_cells_100_features/dense_CPU_euclidean.csv,euclidean,CPU,dense,100,100,100_100,10000,2.0,2.0,3.674354704275173,4.025561859661751,2.6601537141484544,4.09865237701539,457.25,12550.25,10606.25,4724.4875,3660.1724809725497,euclidean_CPU,10606.25,1585.25,12550.25,5482.25,1341.0,1402.0,1353.25,1349.5,8851.75,3213.5,2060.75,,11251.25,4345.0,8559.75,457.25,,9923.5,6156.25,3303.75,3945.75,,,6422.75,935.0
results/GeneratedDense/100_cells_100_features/dense_CPU_kendall.csv,kendall,CPU,dense,100,100,100_100,10000,2.0,2.0,3.2739701149343645,4.0442358831454435,3.1960379407345236,3.3090443264760734,1570.5,2037.25,11072.25,1879.1875,125.17097161649208,kendall_CPU,11072.25,2017.25,1952.75,1760.75,1811.25,1915.75,1959.0,2036.5,1680.0,2018.5,1901.25,1965.5,2037.25,1749.5,1808.25,2017.75,1726.75,1950.5,1888.0,1969.75,1862.0,1778.25,1570.5,1751.25,1972.25
results/GeneratedDense/100_cells_100_features/dense_CPU_manhattan.csv,manhattan,CPU,dense,100,100,100_100,10000,2.0,2.0,3.1329563982954727,4.018419614007167,3.1113465408397287,3.172091867626748,1292.25,1486.25,10433.25,1358.1770833333333,47.73120698934527,manhattan_CPU,10433.25,1486.25,1414.75,1326.25,1312.5,1309.5,1315.25,1324.25,1332.0,1308.0,1292.25,1329.5,1349.5,1317.75,1419.75,1385.25,1378.0,1390.0,1381.0,1356.0,1368.0,1400.25,1337.5,1323.5,1439.25
results/GeneratedDense/100_cells_100_features/dense_CPU_pearson.csv,pearson,CPU,dense,100,100,100_100,10000,2.0,2.0,3.146031084124782,4.027053860619929,3.113525560565234,3.190611797813605,1298.75,1551.0,10642.75,1399.6875,64.13975017166291,pearson_CPU,10642.75,1523.5,1462.75,1368.5,1439.25,1354.75,1354.0,1376.75,1370.75,1358.25,1388.75,1423.5,1450.25,1551.0,1298.75,1316.0,1431.25,1407.0,1372.0,1420.5,1315.25,1358.75,1511.25,1393.25,1346.5
results/GeneratedDense/100_cells_100_features/dense_CPU_spearman.csv,spearman,CPU,dense,100,100,100_100,10000,2.0,2.0,3.271851283221962,4.0448825922538365,3.2502979923398647,3.308671106715418,1779.5,2035.5,11088.75,1870.0416666666667,65.53079216843194,spearman_CPU,11088.75,1999.0,1929.0,1836.75,1828.75,1822.75,1845.25,1822.75,1828.0,1813.75,1823.0,1876.5,1815.5,1779.5,1822.0,1974.75,1834.75,1913.0,1901.5,1847.75,1904.0,2035.5,1897.25,1934.0,1796.0
results/GeneratedDense/100_cells_100_features/dense_GPU_cosine.csv,cosine,GPU,dense,100,100,100_100,10000,2.0,2.0,3.127327560221872,5.9620086552148965,3.102862299895439,3.172529958936832,1267.25,1487.75,916238.75,1340.6875,47.38996300642152,cosine_GPU,916238.75,1487.75,1395.25,1294.0,1302.0,1296.0,1307.0,1372.5,1353.75,1314.25,1345.25,1340.0,1291.25,1356.5,1310.75,1356.75,1267.25,1307.5,1347.0,1346.5,1333.25,1305.0,1337.25,1422.0,1387.75
results/GeneratedDense/100_cells_100_features/dense_GPU_euclidean.csv,euclidean,GPU,dense,100,100,100_100,10000,2.0,2.0,3.148541603557598,5.949740472596922,3.1080573737838537,3.194514341882467,1282.5,1565.0,890718.5,1407.8020833333333,65.20248825640314,euclidean_GPU,890718.5,1516.25,1443.0,1356.0,1353.25,1403.75,1396.0,1344.25,1342.25,1350.75,1282.5,1390.0,1443.25,1300.0,1453.75,1419.0,1410.75,1338.0,1473.5,1445.0,1439.25,1420.5,1464.5,1436.75,1565.0
results/GeneratedDense/100_cells_100_features/dense_GPU_kendall.csv,kendall,GPU,dense,100,100,100_100,10000,2.0,2.0,3.433306365925022,4.040186832479929,3.4147645023395254,3.4518247990667295,2598.75,2830.25,10969.5,2712.1041666666665,70.82158909992694,kendall_GPU,10969.5,2795.5,2719.5,2618.75,2703.0,2687.0,2746.0,2598.75,2778.75,2681.75,2665.0,2765.5,2621.75,2774.0,2787.25,2615.25,2830.25,2701.75,2653.0,2701.0,2686.25,2825.25,2639.25,2666.0,2830.0
results/GeneratedDense/100_cells_100_features/dense_GPU_manhattan.csv,manhattan,GPU,dense,100,100,100_100,10000,2.0,2.0,2.834486934368362,5.4585540032150695,2.763240757310025,2.8980392005877604,579.75,790.75,287444.5,683.1041666666666,58.21949830287864,manhattan_GPU,287444.5,732.75,644.5,768.5,597.5,738.5,706.75,698.75,659.0,635.25,762.5,730.75,579.75,651.5,646.75,678.0,659.5,665.5,740.25,790.75,580.5,621.75,702.0,660.75,742.75
results/GeneratedDense/100_cells_100_features/dense_GPU_pearson.csv,pearson,GPU,dense,100,100,100_100,10000,2.0,2.0,3.1294616235715296,5.927551281384445,3.091139153825755,3.1699681739968923,1233.5,1479.0,846352.5,1347.2916666666667,58.37538662731827,pearson_GPU,846352.5,1479.0,1419.5,1333.25,1320.5,1292.25,1302.75,1409.5,1322.0,1302.0,1376.5,1340.25,1289.5,1363.25,1308.0,1393.5,1329.75,1379.0,1393.5,1261.75,1346.5,1233.5,1376.5,1457.75,1305.0
results/GeneratedDense/100_cells_100_features/dense_GPU_spearman.csv,spearman,GPU,dense,100,100,100_100,10000,2.0,2.0,3.5009722005101183,4.062440956630917,3.488973524726508,3.519270006608128,3083.0,3305.75,11546.25,3169.3645833333335,60.877608566913906,spearman_GPU,11546.25,3305.75,3225.5,3102.25,3114.5,3155.75,3149.25,3091.5,3083.0,3125.0,3099.25,3189.75,3136.0,3231.25,3206.5,3202.5,3168.5,3139.5,3230.5,3231.25,3223.25,3155.0,3122.25,3278.75,3098.0
results/GeneratedDense/100_cells_100_features/dense_amap_cosine.csv,cosine,amap,dense,100,100,100_100,10000,2.0,2.0,3.427903473324126,3.6103939697123133,3.385338107809055,3.471034873187784,2428.5,2958.25,4077.5,2678.5729166666665,153.28696330953824,cosine_amap,4077.5,2577.25,2889.0,2780.5,2446.75,2882.0,2428.5,2492.75,2767.0,2478.75,2815.25,2787.5,2676.25,2657.5,2777.75,2597.75,2650.5,2698.75,2958.25,2712.75,2461.5,2621.0,2655.0,2545.25,2928.25
results/GeneratedDense/100_cells_100_features/dense_amap_euclidean.csv,euclidean,amap,dense,100,100,100_100,10000,2.0,2.0,3.218177055632144,3.4742526966488954,3.170408411725318,3.278181784567518,1480.5,1897.5,2980.25,1652.6354166666667,101.53737456306285,euclidean_amap,2980.25,1746.0,1897.5,1590.25,1608.0,1600.5,1596.5,1567.75,1539.25,1536.5,1623.75,1668.75,1583.5,1721.25,1605.25,1499.75,1760.75,1749.75,1748.5,1772.75,1624.0,1745.75,1480.5,1766.25,1630.5
results/GeneratedDense/100_cells_100_features/dense_amap_kendall.csv,kendall,amap,dense,100,100,100_100,10000,2.0,2.0,4.166761801554353,4.228040864639632,4.136109906735925,4.1829992152764754,13680.75,15240.5,16906.0,14681.208333333334,401.13052262394035,kendall_amap,16906.0,14868.75,14290.75,14942.0,14434.0,14254.0,15050.0,13680.75,14396.75,14947.75,14853.0,14942.25,14157.0,13956.5,14409.75,14902.75,14593.25,14799.5,15036.75,15150.0,14656.0,15077.75,15132.5,14576.75,15240.5
results/GeneratedDense/100_cells_100_features/dense_amap_manhattan.csv,manhattan,amap,dense,100,100,100_100,10000,2.0,2.0,3.2286382528591187,3.466125870418199,3.201328833655651,3.2667019668840878,1589.75,1848.0,2925.0,1692.9270833333333,75.34692260245087,manhattan_amap,2925.0,1848.0,1691.0,1718.75,1741.0,1619.75,1635.5,1601.5,1643.25,1618.0,1647.25,1741.0,1798.25,1602.25,1613.5,1797.25,1616.5,1589.75,1763.25,1667.5,1762.25,1714.75,1667.5,1813.5,1719.0
results/GeneratedDense/100_cells_100_features/dense_amap_pearson.csv,pearson,amap,dense,100,100,100_100,10000,2.0,2.0,3.36444154810938,3.5795549604009986,3.298525595321999,3.4252080511386565,1988.5,2662.0,3798.0,2314.4166666666665,203.15199393284055,pearson_amap,3798.0,2216.0,2457.75,2572.75,2086.5,2639.75,2246.25,2076.0,2077.75,2393.0,2292.25,2341.0,2224.0,2553.5,2009.0,2508.75,2270.5,2114.25,2539.25,2492.25,2274.25,2090.0,2420.75,1988.5,2662.0
results/GeneratedDense/100_cells_100_features/dense_amap_spearman.csv,spearman,amap,dense,100,100,100_100,10000,2.0,2.0,3.610250823325601,3.7794521834040617,3.5882156652289985,3.635634517336094,3874.5,4321.5,6018.0,4076.15625,117.59116172189204,spearman_amap,6018.0,4321.5,4241.75,4001.25,4009.75,4320.75,4006.75,4147.25,4016.0,4012.75,4244.75,3992.75,3942.0,4001.5,4154.5,3874.5,4100.0,4118.0,4050.75,4066.75,3982.0,4135.5,3934.0,3988.5,4164.5
results/GeneratedDense/100_cells_100_features/dense_armadillo_cosine.csv,cosine,armadillo,dense,100,100,100_100,10000,2.0,2.0,1.9233495994716552,1.9445517589587118,1.779704690689162,2.0264515457382397,60.215,106.28,88.014,83.820375,14.215456689851427,cosine_armadillo,88.014,104.025,95.619,102.051,72.526,71.824,68.909,67.386,69.11,72.716,90.877,106.28,94.802,68.555,85.297,84.357,68.692,84.011,94.309,60.215,79.927,89.668,71.47,104.176,104.887
results/GeneratedDense/100_cells_100_features/dense_armadillo_euclidean.csv,euclidean,armadillo,dense,100,100,100_100,10000,2.0,2.0,2.0121559093690133,2.0960892900197,1.9220192203981437,2.106897708256615,83.564,127.908,124.764,102.83854166666667,10.15891659241266,euclidean_armadillo,124.764,127.459,102.252,98.304,99.236,98.374,103.294,98.685,98.975,99.206,90.951,110.639,83.564,99.659,105.648,100.649,119.174,87.898,107.818,104.707,99.119,99.135,127.908,102.26,103.211
results/GeneratedDense/100_cells_100_features/dense_armadillo_manhattan.csv,manhattan,armadillo,dense,100,100,100_100,10000,2.0,2.0,3.0185817517023255,3.0099435532465524,3.011553528195539,3.0233594763670677,1026.96,1055.26,1023.16,1043.7145833333334,6.69742486530374,manhattan_armadillo,1023.16,1036.93,1026.96,1045.88,1048.76,1051.48,1047.32,1044.51,1047.68,1044.66,1036.6,1030.95,1040.32,1045.41,1038.11,1043.75,1044.05,1046.33,1052.16,1055.26,1043.55,1054.09,1041.24,1045.77,1037.38
results/GeneratedDense/100_cells_100_features/dense_armadillo_pearson.csv,pearson,armadillo,dense,100,100,100_100,10000,2.0,2.0,2.0603581396011323,2.2524768030102145,1.9878628146529815,2.193911739326106,97.244,156.283,178.845,114.91008333333333,16.95559611386131,pearson_armadillo,178.845,156.283,146.815,101.971,103.403,103.113,103.174,101.26,101.34,102.151,101.435,124.06,97.244,109.607,112.652,100.988,129.31,135.459,134.213,144.395,99.649,120.645,104.908,111.876,111.891
results/GeneratedDense/100_cells_100_features/dense_armadillo_spearman.csv,spearman,armadillo,dense,100,100,100_100,10000,2.0,2.0,2.587653401287378,2.624301695381896,2.5727891480950564,2.6147939006887677,373.929,411.902,421.019,386.94870833333334,8.478635309210867,spearman_armadillo,421.019,411.902,383.669,384.33,381.746,386.043,388.257,383.889,385.843,391.453,389.383,373.929,401.232,394.472,384.479,390.461,391.012,388.178,380.152,375.166,374.243,381.798,377.901,391.58,395.651
results/GeneratedDense/100_cells_100_features/dense_arrayfirecuda_cosine.csv,cosine,arrayfirecuda,dense,100,100,100_100,10000,2.0,2.0,1.8911519129559735,2.021176890478903,1.889217637374215,1.8931123309523117,77.485,78.183,104.997,77.830875,0.18590752909713099,cosine_arrayfirecuda,104.997,77.655,77.956,77.614,77.902,77.868,77.706,77.958,77.625,77.726,77.947,77.485,78.183,78.019,77.52,78.123,77.965,77.941,77.765,77.603,77.997,77.922,77.814,77.67,77.977
results/GeneratedDense/100_cells_100_features/dense_arrayfirecuda_euclidean.csv,euclidean,arrayfirecuda,dense,100,100,100_100,10000,2.0,2.0,1.8645921576145865,1.9667188434074503,1.7754283920481704,1.9362422235692032,59.625,86.346,92.623,73.21366666666667,6.5692747232011,euclidean_arrayfirecuda,92.623,76.624,67.847,76.121,86.346,74.823,65.972,71.507,59.625,64.634,67.073,81.301,81.734,81.569,73.058,76.741,63.359,68.526,73.418,73.497,70.184,71.549,70.858,80.99,79.772
results/GeneratedDense/100_cells_100_features/dense_arrayfirecuda_manhattan.csv,manhattan,arrayfirecuda,dense,100,100,100_100,10000,2.0,2.0,3.0952197836390516,3.0977534619139075,3.0936912843284654,3.098366796439331,1240.77,1254.2,1252.43,1245.1445833333335,3.101165075643187,manhattan_arrayfirecuda,1252.43,1247.88,1242.45,1246.67,1245.96,1241.89,1242.6,1243.18,1243.82,1246.17,1247.31,1251.72,1243.03,1242.26,1242.3,1245.18,1240.77,1248.19,1246.13,1243.29,1243.6,1243.75,1254.2,1244.84,1246.28
results/GeneratedDense/100_cells_100_features/dense_arrayfirecuda_pearson.csv,pearson,arrayfirecuda,dense,100,100,100_100,10000,2.0,2.0,1.9458004162233506,2.0762871854969243,1.9419683442829692,1.9484814302325206,87.492,88.814,119.203,88.26741666666668,0.3366499067610473,pearson_arrayfirecuda,119.203,88.235,88.235,88.731,88.396,87.893,88.346,87.693,87.972,88.28,88.354,88.526,87.492,88.625,88.663,88.814,88.786,87.955,87.981,88.128,88.174,88.169,88.584,88.375,88.011
results/GeneratedDense/100_cells_100_features/dense_arrayfirecuda_spearman.csv,spearman,arrayfirecuda,dense,100,100,100_100,10000,2.0,2.0,2.8125936427944644,2.8529963262248477,2.8118222420636068,2.813900421075296,648.369,651.479,712.847,649.5216666666666,0.7563791854765914,spearman_arrayfirecuda,712.847,649.056,650.159,648.675,650.524,649.186,648.369,649.106,649.92,650.16,650.489,648.8,649.995,649.667,648.49,648.678,650.092,648.956,649.666,649.463,649.188,648.727,651.479,649.46,650.215
results/GeneratedDense/100_cells_100_features/dense_factoextra_cosine.csv,cosine,factoextra,dense,100,100,100_100,10000,2.0,2.0,3.0255405325577662,3.416848452988365,2.9925535178321354,3.070499636435313,983.0,1176.25,2611.25,1060.5729166666667,48.97317926504659,cosine_factoextra,2611.25,1176.25,1105.0,1004.0,1046.25,1041.75,1026.5,1030.5,1038.25,1028.25,983.0,1063.75,1133.25,1099.0,1042.0,1044.0,1063.0,1008.0,1162.75,1085.75,995.75,1051.0,1095.25,1033.25,1097.25
results/GeneratedDense/100_cells_100_features/dense_factoextra_euclidean.csv,euclidean,factoextra,dense,100,100,100_100,10000,2.0,2.0,2.968220190968889,3.324848110377473,2.813747736307581,3.088579020388005,651.25,1226.25,2112.75,929.4375,152.8534369161627,euclidean_factoextra,2112.75,977.75,1226.25,807.5,803.5,804.75,798.25,792.0,791.0,827.5,763.75,980.75,843.0,1029.25,869.5,1143.5,990.25,1063.5,921.25,1156.75,904.5,1107.5,1199.0,854.25,651.25
results/GeneratedDense/100_cells_100_features/dense_factoextra_kendall.csv,kendall,factoextra,dense,100,100,100_100,10000,2.0,2.0,6.0222785152844995,6.045332857895617,6.013477337099057,6.035585415858246,1031519.25,1085389.0,1110025.25,1052636.71875,14224.035984527303,kendall_factoextra,1110025.25,1041723.75,1037445.75,1085389.0,1037533.5,1043007.25,1055336.25,1047545.5,1068046.5,1031519.25,1062171.0,1056167.0,1036447.25,1067484.75,1047697.0,1066259.25,1045807.0,1071224.25,1033330.5,1053568.5,1046821.75,1044455.25,1043320.0,1068366.0,1072615.0
results/GeneratedDense/100_cells_100_features/dense_factoextra_manhattan.csv,manhattan,factoextra,dense,100,100,100_100,10000,2.0,2.0,2.92687812333701,3.3315285188686907,2.8830933585756897,2.9868836514120525,764.0,970.25,2145.5,845.0416666666666,49.9011348958006,manhattan_factoextra,2145.5,970.25,911.5,819.25,810.5,820.5,838.5,814.25,827.0,814.25,795.25,964.75,890.75,861.25,847.5,833.75,860.5,846.0,814.5,808.0,845.75,906.75,764.0,807.0,809.25
results/GeneratedDense/100_cells_100_features/dense_factoextra_spearman.csv,spearman,factoextra,dense,100,100,100_100,10000,2.0,2.0,3.488397934536003,3.6851368871382673,3.4792152882013716,3.4982760846057337,3014.5,3149.75,4843.25,3078.9166666666665,36.68983642948306,spearman_factoextra,4843.25,3124.25,3149.75,3064.25,3082.25,3094.75,3071.5,3042.25,3030.25,3036.25,3120.5,3088.0,3044.5,3037.75,3094.25,3014.5,3026.5,3105.5,3120.25,3118.5,3042.0,3117.75,3084.75,3084.0,3099.75
results/GeneratedDense/100_cells_100_features/dense_pandas_cosine.csv,cosine,pandas,dense,100,100,100_100,10000,2.0,2.0,5.284174908062697,5.3004262778630835,5.271782365327092,5.3060359578773335,186974.4934575864,202318.6683654785,199722.17082977292,192386.63921987615,3397.837204185423,cosine_pandas,197125.67329406735,202318.6683654785,190316.67709350583,196985.96000671387,192365.8847808838,191572.1893310547,191119.4324493408,189629.79316711423,192416.6679382324,191549.77798461917,193999.8248043249,193893.93340832976,188362.98765845815,195306.55288522365,186974.4934575864,197786.8886046545,192850.07172001016,188631.02793971763,192796.37578655264,192980.78614908864,187285.4638247513,194953.1013551992,192073.55717713345,190300.85361654297,190808.3717725112
results/GeneratedDense/100_cells_100_features/dense_pandas_euclidean.csv,euclidean,pandas,dense,100,100,100_100,10000,2.0,2.0,4.604596107794658,4.6123594630100655,4.595318520272921,4.613458983246636,39383.881883695496,41063.78555297852,40959.954261779785,40234.26831250341,378.16998581968454,euclidean_pandas,41476.01127624512,40443.89724731445,40518.52226257324,40102.481842041016,40253.1623840332,40007.11441040039,39819.955825805664,39935.35041809082,41063.78555297852,40105.581283569336,40357.93955787523,40455.63502605172,40386.63447284069,40128.39330239176,40340.1257746533,39697.033017553,40341.21589366389,40574.263628892055,39697.964014304765,40118.52381610327,40375.154885174394,39383.881883695496,39954.78660115942,40898.98504807705,40662.05135083917
results/GeneratedDense/100_cells_100_features/dense_pandas_kendall.csv,kendall,pandas,dense,100,100,100_100,10000,2.0,2.0,6.600584418734367,6.674788907516232,6.442917345502019,6.712231921146104,2772792.339324951,5155038.595199585,4729213.356971741,3986432.5358427167,616260.2545579423,kendall_pandas,5549958.944320679,3908467.7696228023,4726516.246795654,5155038.595199585,4843634.128570557,3609232.664108277,3836387.1574401855,4089524.745941162,3541272.4018096924,2772792.339324951,4504706.878076626,3010039.798029714,4142431.372777339,4563994.726719809,4058488.0646641217,4719234.453259816,4804244.818889161,3482784.809263019,3672259.413535249,3910524.085452857,3710187.864650938,4221621.043188893,3043813.066099975,4026436.149901519,3320748.2669033087
results/GeneratedDense/100_cells_100_features/dense_pandas_pearson.csv,pearson,pandas,dense,100,100,100_100,10000,2.0,2.0,3.512570998485319,3.5320530961769223,3.5053942027685636,3.5236542174043866,3201.8000183099643,3339.2906188964844,3404.4981002807617,3255.149943572999,35.237151028545334,pearson_pandas,3469.705581665039,3339.2906188964844,3297.567367553711,3242.969512939453,3252.744674682617,3269.9108123779297,3227.472305297852,3227.23388671875,3206.968307495117,3237.247467041016,3221.3231637833146,3246.297906727905,3243.2534898189388,3299.293876178372,3246.823142718737,3213.362851884287,3259.709448007821,3309.3976990301544,3268.203234693599,3207.660670288888,3252.774623049492,3287.3187534397657,3267.2787699733467,3201.8000183099643,3297.6960448444647
results/GeneratedDense/100_cells_100_features/dense_pandas_spearman.csv,spearman,pandas,dense,100,100,100_100,10000,2.0,2.0,3.579463769340984,3.6022355662418963,3.5707662901770973,3.588460636650463,3721.913625014389,3876.6860961914062,4001.617431640625,3797.202598004055,39.724555506353475,spearman_pandas,4126.548767089844,3876.6860961914062,3767.728805541992,3819.4656372070312,3816.604614257813,3778.4576416015625,3787.0407104492183,3760.576248168945,3733.6349487304688,3738.6417388916016,3826.084541275232,3827.441859897544,3826.6207790731055,3721.913625014389,3854.57594326166,3853.848934068003,3793.658109074079,3767.776414687484,3774.5374950697847,3787.13418867836,3786.069650118317,3851.2879871126206,3816.672726788064,3798.2254334305526,3768.178223508084
results/GeneratedDense/100_cells_100_features/dense_pythonic_cosine.csv,cosine,pythonic,dense,100,100,100_100,10000,2.0,2.0,5.648758848718169,5.7269033665030875,5.617756501852528,5.686945354038136,414721.4534012352,486346.0063934326,533216.2380218506,445408.8569433393,14370.668291024585,cosine_pythonic,623939.037322998,442493.4387207031,445953.6075592041,439080.47676086426,456318.1400299072,446022.27210998535,446135.0440979004,444512.6056671143,486346.0063934326,449944.73457336426,456142.4037765651,449965.95272847294,430889.69858922146,440680.02681583696,414721.4534012352,420280.9700654273,469840.28003245353,447303.28353891085,441778.73993005976,442326.8838245224,449642.8206484006,443228.70044795616,459557.592618068,435559.7388347659,431087.69547577045
results/GeneratedDense/100_cells_100_features/dense_pythonic_euclidean.csv,euclidean,pythonic,dense,100,100,100_100,10000,2.0,2.0,5.4348629816893235,5.56357351138108,5.426066835663298,5.444472723294727,266726.9111789632,278274.0592956543,366077.8999328613,272184.24413275305,2679.415680810054,euclidean_pythonic,458455.56259155273,273700.2372741699,274583.5781097412,273222.4464416504,270164.72816467285,270512.34245300293,270385.0269317627,271876.57356262207,278274.0592956543,271078.34815979004,273521.9659638368,266726.9111789632,267031.5192698254,272213.5276207362,274527.7959987658,268105.5758930931,273336.86620805645,271231.77957682504,272788.27442811755,271279.10780296585,276294.93429779,272033.0800800057,271586.142794908,275884.37578261725,272062.66189650085
results/GeneratedDense/100_cells_100_features/dense_pythonic_kendall.csv,kendall,pythonic,dense,100,100,100_100,10000,2.0,2.0,6.155480062444175,6.170386550374319,6.134595691858588,6.169229742032291,1363313.3637385736,1476487.38940458,1480425.477027893,1430474.309214174,26797.06795582965,kendall_pythonic,1569580.5549621582,1391270.399093628,1436369.1806793213,1445242.6433563232,1441635.8470916748,1419399.9181712386,1431116.8435383977,1463162.169336082,1410496.4981036545,1363313.3637385736,1476487.38940458,1440722.384414817,1436895.7439369303,1431953.992764183,1404902.3143613385,1368698.5937801923,1419054.3250214492,1439098.585270519,1437886.2240112992,1441507.0156984206,1468552.5614456595,1443405.5026568498,1435379.2349693703,1433072.0389277202,1451760.651367953
results/GeneratedDense/100_cells_100_features/dense_pythonic_manhattan.csv,manhattan,pythonic,dense,100,100,100_100,10000,2.0,2.0,5.481826522215827,5.58665064851561,5.462714214750233,5.5221281287123976,290211.2305911683,332757.71141052246,386056.3039779663,303267.95463796885,9443.415093872667,manhattan_pythonic,472962.8562927246,299149.751663208,296589.3745422363,299590.1107788086,298156.0230255127,300637.72201538086,297017.33589172363,332757.71141052246,300698.51875305176,296700.95443725586,290211.2305911683,302694.7698860191,315357.85239692806,308433.5810534899,308283.21900578093,301531.6594783616,292542.3820741442,306994.18032581033,297467.1894991368,307631.59844574245,296800.7395277892,302890.68240036705,310162.1354728402,321935.3671301553,294196.8215058182
results/GeneratedDense/100_cells_100_features/dense_pythonic_pearson.csv,pearson,pythonic,dense,100,100,100_100,10000,2.0,2.0,2.4627267390067873,2.501518150867089,2.420055127022566,2.513108609960236,263.0601885260516,325.91819763183594,317.3351287841797,290.2195998716166,14.10320109168159,pearson_pythonic,308.75205993652344,325.91819763183594,280.8570861816406,289.2017364501953,292.5395965576172,287.77122497558594,278.472900390625,286.102294921875,282.04917907714844,288.9633178710937,300.88730757146186,277.67828709254195,282.8855693987126,299.9493371751305,298.83613994320257,275.61310847645734,263.0601885260516,304.4449753660666,271.6387103078988,282.18627934732854,279.9170402492615,311.11249446586123,299.6891950821352,312.04075670241514,293.455473156656
results/GeneratedDense/100_cells_100_features/dense_pythonic_spearman.csv,spearman,pythonic,dense,100,100,100_100,10000,2.0,2.0,6.198426319202323,6.214351258087943,6.186001572649878,6.217950485794401,1534622.5399032442,1651773.4676908215,1638140.9168243408,1579160.670444059,27519.65907812341,spearman_pythonic,1695576.1909484863,1580705.6427001953,1569491.8632507324,1571853.6376953125,1566853.0464172363,1594425.916671753,1588425.1594543457,1639991.283416748,1570263.6241912842,1553732.6335906982,1585107.485512433,1579337.0374636063,1539033.6198701826,1541213.0207104264,1598541.4904279895,1534622.5399032442,1614648.3936108756,1575375.2237876705,1651773.4676908215,1572072.2715257702,1562914.1446036354,1565020.7035434588,1568303.089515966,1601268.1708490418,1574882.6242539887
results/GeneratedDense/100_cells_100_features/dense_raft_cosine.csv,cosine,raft,dense,100,100,100_100,10000,2.0,2.0,3.0065111786401943,5.667035601988897,2.997580285238245,3.0203977791438668,994.4438934326172,1048.0880737304688,464553.35617065424,1015.1054948186605,11.426821841809724,cosine_raft,928058.624267578,1048.0880737304688,1015.4247283935548,995.159149169922,1013.5173797607422,1013.9942169189452,1012.0868682861328,1009.225845336914,1018.7625885009766,994.4438934326172,1019.8665879889032,1014.9679300994412,1018.0091344198624,1019.110721398666,1029.4644209854855,1013.9225855978603,1005.4183791064507,1019.3872650963232,1031.917206486823,1005.063036831569,1029.9564711893177,1007.2245143897538,1008.8521512557644,1012.608171523058,1006.0605557482992
results/GeneratedDense/100_cells_100_features/dense_raft_euclidean.csv,euclidean,raft,dense,100,100,100_100,10000,2.0,2.0,2.959860198688462,5.654532347322339,2.9434238795604095,2.973937191018874,877.8572082519531,941.753387451172,451369.6432113648,911.7173062866768,15.163978029378617,euclidean_raft,901797.5330352784,941.753387451172,928.4019470214844,877.8572082519531,920.5341339111328,894.0696716308594,918.1499481201172,904.7985076904296,916.4810180664062,900.5069732666016,926.0051047217154,927.8973822433314,896.8140742341568,919.0339826775178,915.293609536436,909.3736290180468,918.0415063246966,896.4566509945586,883.4776697396211,917.3349280668812,922.6192778154089,914.358583326519,894.9360357836292,928.593985987782,908.4261349997852
results/GeneratedDense/100_cells_100_features/dense_raft_manhattan.csv,manhattan,raft,dense,100,100,100_100,10000,2.0,2.0,2.964448287420365,5.648865504074036,2.9529191569155504,2.975035281317926,897.2617554001919,944.1375732421876,445518.25523376465,921.4001686752252,11.631384643015092,manhattan_raft,890107.3932647705,929.1172027587892,921.2493896484376,944.1375732421876,927.2098541259766,912.9047393798828,922.2030639648438,904.560089111328,929.8324584960938,906.4674377441406,937.5636696027634,916.878205716803,897.2617554001919,923.9696363230876,929.0551919981468,918.5045717984798,938.1198697489616,919.365092195889,910.113450526005,902.3732471784646,933.2705009433904,916.4771484351076,918.5258078218344,923.106523990988,931.3375680536104
results/GeneratedDense/100_cells_100_features/dense_raft_pearson.csv,pearson,raft,dense,100,100,100_100,10000,2.0,2.0,3.023855302656731,5.655462482265555,3.0128672205945652,3.044606214774688,1030.071142587214,1108.1695556640625,452337.38422393805,1056.4654595779007,20.36329766519582,pearson_raft,903566.598892212,1108.1695556640625,1065.7310485839844,1032.114028930664,1058.5784912109375,1052.1411895751953,1039.743423461914,1062.8700256347656,1064.0621185302734,1034.7366333007812,1093.5274713948104,1075.296122264435,1062.9774285326828,1044.5392833063013,1057.8129617798286,1030.071142587214,1064.5856214247513,1032.6450994439538,1068.024823559413,1037.366581914099,1087.342079084964,1032.4149137789102,1036.011110536232,1053.2166126839384,1061.193262685503
results/GeneratedDense/100_cells_10_features/dense_CPU_cosine.csv,cosine,CPU,dense,100,10,100_10,1000,2.0,1.0,3.05995765049665,3.957870561119627,3.0139952036486237,3.101231386790699,1032.75,1262.5,9075.5,1148.0416666666667,60.58962312603996,cosine_CPU,9075.5,1262.5,1238.25,1106.5,1111.25,1107.5,1164.75,1122.5,1097.25,1098.75,1105.0,1111.25,1032.75,1238.75,1165.5,1170.5,1242.5,1161.25,1212.25,1207.5,1194.5,1088.0,1109.75,1137.25,1067.0
results/GeneratedDense/100_cells_10_features/dense_CPU_euclidean.csv,euclidean,CPU,dense,100,10,100_10,1000,2.0,1.0,3.650948290373242,3.942541287323183,2.88408700547861,4.223625716693796,765.75,16735.0,8760.75,4476.6,4068.786627638515,euclidean_CPU,8760.75,6257.0,1196.5,1061.5,16735.0,6338.25,1089.75,1068.0,1072.25,1086.0,4986.5,7039.0,10667.5,5073.0,3066.5,,2918.25,,817.0,765.75,,,7566.5,2415.25,8312.5
results/GeneratedDense/100_cells_10_features/dense_CPU_kendall.csv,kendall,CPU,dense,100,10,100_10,1000,2.0,1.0,3.244206813621637,3.9502309424968036,2.7876375568784235,3.5744074932711714,613.25,3753.25,8917.25,1754.715909090909,851.6757055126894,kendall_CPU,8917.25,3753.25,1149.5,1057.75,1084.5,958.0,1944.5,1780.75,2198.25,1588.5,,2675.0,905.0,613.25,1052.5,,2074.5,1669.25,2111.25,1825.25,2059.0,2767.25,3611.5,828.25,896.75
results/GeneratedDense/100_cells_10_features/dense_CPU_manhattan.csv,manhattan,CPU,dense,100,10,100_10,1000,2.0,1.0,3.323915391633503,3.9469432706978256,2.2187979981117376,3.7670259294935455,165.5,5848.25,8850.0,2108.217391304348,1469.7558365406715,manhattan_CPU,8850.0,2664.25,1145.0,5848.25,2790.5,1051.5,1062.75,1071.75,1043.75,1062.5,4694.75,1651.25,2119.5,2180.75,601.0,2913.75,2797.0,5211.5,,165.5,1936.75,1496.5,2922.0,1861.5,197.0
results/GeneratedDense/100_cells_10_features/dense_CPU_pearson.csv,pearson,CPU,dense,100,10,100_10,1000,2.0,1.0,3.0658985657264495,3.9540253078934606,3.0385208151616903,3.111766433052562,1092.75,1293.5,8995.5,1163.8541666666667,61.085702972454115,pearson_CPU,8995.5,1283.75,1210.5,1096.25,1104.0,1125.75,1097.25,1101.25,1134.75,1235.25,1122.0,1186.0,1175.75,1179.0,1156.25,1107.75,1293.5,1097.75,1256.5,1092.75,1107.75,1184.5,1213.75,1158.0,1212.5
results/GeneratedDense/100_cells_10_features/dense_CPU_spearman.csv,spearman,CPU,dense,100,10,100_10,1000,2.0,1.0,3.595746784792643,3.971635292069726,1.3710678622717363,4.029150332406121,23.5,10694.25,9367.75,3942.2738095238096,2724.5325286061657,spearman_CPU,9367.75,6227.25,8078.5,10694.25,3211.25,1206.75,1266.5,1209.5,1226.0,1205.0,5870.0,5696.75,6179.5,7610.5,2039.25,,2766.25,2344.25,3927.75,,5195.5,23.5,,3149.0,3660.5
results/GeneratedDense/100_cells_10_features/dense_GPU_cosine.csv,cosine,GPU,dense,100,10,100_10,1000,2.0,1.0,3.0567540284553236,5.906680427179796,3.0274515428724906,3.092808336654494,1065.25,1238.25,806641.25,1139.6041666666667,42.374810512522906,cosine_GPU,806641.25,1238.25,1218.5,1112.5,1103.0,1108.0,1100.0,1106.25,1117.25,1101.5,1145.25,1187.5,1098.25,1132.25,1150.25,1160.5,1065.25,1161.5,1166.25,1097.75,1148.5,1147.25,1154.25,1117.0,1213.5
results/GeneratedDense/100_cells_10_features/dense_GPU_euclidean.csv,euclidean,GPU,dense,100,10,100_10,1000,2.0,1.0,3.066973932187536,5.923138023331936,2.9634336385409,3.154119525515847,919.25,1426.0,837795.5,1166.7395833333333,110.09927998853152,euclidean_GPU,837795.5,1285.75,1216.25,1115.75,1107.0,1100.5,1118.5,1104.5,1426.0,1111.5,1161.0,1187.75,972.25,1301.0,1322.75,1196.75,1144.25,919.25,1118.0,1137.5,1239.0,1040.75,1187.25,1304.25,1184.25
results/GeneratedDense/100_cells_10_features/dense_GPU_kendall.csv,kendall,GPU,dense,100,10,100_10,1000,2.0,1.0,3.1484933991404853,3.9464399827556336,3.1049136848482157,3.200097761858999,1273.25,1585.25,8839.75,1407.6458333333333,85.57270047142501,kendall_GPU,8839.75,1501.0,1475.0,1341.75,1349.25,1302.25,1391.25,1450.25,1322.25,1512.75,1411.75,1390.25,1499.25,1353.25,1319.5,1331.75,1279.25,1437.25,1562.25,1273.25,1446.0,1454.25,1585.25,1437.75,1356.75
results/GeneratedDense/100_cells_10_features/dense_GPU_manhattan.csv,manhattan,GPU,dense,100,10,100_10,1000,2.0,1.0,3.57405518473626,5.463639576619002,2.3354579006893843,3.9540253078934606,216.5,8995.5,290830.25,3750.2065217391305,2501.3160390997114,manhattan_GPU,290830.25,5414.0,606.5,2618.0,8579.0,,3132.25,6924.25,3700.25,6901.25,1592.75,1197.5,3488.5,3744.0,2927.0,4594.25,6925.0,2543.0,2691.75,8995.5,3981.25,738.5,216.5,365.25,4378.5
results/GeneratedDense/100_cells_10_features/dense_GPU_pearson.csv,pearson,GPU,dense,100,10,100_10,1000,2.0,1.0,3.0758737757674264,5.897612110621145,3.0284695800988617,3.1265372520554693,1067.75,1338.25,789972.75,1190.8958333333333,62.353073829380875,pearson_GPU,789972.75,1338.25,1254.25,1151.25,1151.25,1145.5,1140.5,1146.75,1147.0,1145.0,1167.25,1175.25,1157.0,1243.0,1215.5,1245.5,1155.25,1174.0,1245.25,1135.5,1067.75,1173.75,1218.0,1308.75,1280.0
results/GeneratedDense/100_cells_10_features/dense_GPU_spearman.csv,spearman,GPU,dense,100,10,100_10,1000,2.0,1.0,3.2574160593071717,3.9490360832583584,3.2170230844157404,3.287409792641545,1648.25,1938.25,8892.75,1808.90625,58.915140796777926,spearman_GPU,8892.75,1938.25,1886.0,1788.0,1764.0,1774.5,1805.0,1767.75,1777.5,1779.75,1780.5,1817.75,1791.75,1876.75,1808.25,1783.0,1873.0,1857.25,1784.0,1844.5,1648.25,1783.5,1808.5,1765.5,1910.5
results/GeneratedDense/100_cells_10_features/dense_amap_cosine.csv,cosine,amap,dense,100,10,100_10,1000,2.0,1.0,3.0880289790651028,3.400840077283425,3.060697840353612,3.121395680707223,1150.0,1322.5,2516.75,1224.6979166666667,52.71938187067816,cosine_amap,2516.75,1322.5,1317.25,1207.75,1185.5,1176.5,1168.0,1178.25,1173.5,1195.5,1254.0,1288.5,1150.0,1270.75,1247.75,1287.25,1176.75,1189.0,1161.75,1293.75,1266.75,1186.0,1189.5,1259.5,1246.75
results/GeneratedDense/100_cells_10_features/dense_amap_euclidean.csv,euclidean,amap,dense,100,10,100_10,1000,2.0,1.0,3.696514481927965,3.4004084588003702,2.0354297381845483,4.247770793777625,108.5,17691.75,2514.25,4971.809523809524,5670.263113228753,euclidean_amap,2514.25,1306.0,1300.75,1177.75,1180.0,1194.5,1317.0,17691.75,1226.25,1204.75,870.75,11369.25,14614.0,108.5,6104.0,657.25,14804.0,,14158.75,,3665.75,3443.5,6522.25,,491.25
results/GeneratedDense/100_cells_10_features/dense_amap_kendall.csv,kendall,amap,dense,100,10,100_10,1000,2.0,1.0,3.129790560817054,3.442597341906904,3.0519239160461065,3.17666993266815,1127.0,1502.0,2770.75,1348.3125,100.41829830970383,kendall_amap,2770.75,1475.0,1396.25,1243.0,1263.0,1337.25,1427.0,1489.25,1397.75,1172.25,1247.75,1387.5,1425.25,1284.75,1328.25,1483.5,1127.0,1348.25,1340.75,1313.5,1502.0,1475.5,1301.25,1359.25,1234.25
results/GeneratedDense/100_cells_10_features/dense_amap_manhattan.csv,manhattan,amap,dense,100,10,100_10,1000,2.0,1.0,3.0885199889237436,3.3991543339582164,3.0457140589408676,3.130333768495006,1111.0,1350.0,2507.0,1226.0833333333333,60.12437918367409,manhattan_amap,2507.0,1341.75,1304.25,1177.75,1162.5,1169.5,1209.5,1237.5,1188.0,1211.0,1218.75,1294.25,1230.25,1250.25,1195.75,1177.0,1338.25,1111.0,1350.0,1196.5,1174.0,1182.5,1241.25,1231.75,1232.75
results/GeneratedDense/100_cells_10_features/dense_amap_pearson.csv,pearson,amap,dense,100,10,100_10,1000,2.0,1.0,3.4778423509812924,3.4104819814478735,2.3064250275506875,4.266707842040261,202.5,18480.25,2573.25,3004.985294117647,4232.720727949477,pearson_amap,2573.25,18480.25,1361.0,1233.0,1197.0,1177.0,1823.0,1228.5,1221.75,1191.25,8300.0,2466.75,202.5,1794.75,,,3070.75,,,1106.0,2777.25,2454.0,,,
results/GeneratedDense/100_cells_10_features/dense_amap_spearman.csv,spearman,amap,dense,100,10,100_10,1000,2.0,1.0,3.1160436194768177,3.6328367544036255,3.037526095345464,3.2142476081039772,1090.25,1637.75,4293.75,1306.3020833333333,114.62186426024076,spearman_amap,4293.75,1362.5,1320.25,1212.75,1233.5,1637.75,1301.25,1364.75,1221.75,1236.75,1226.75,1287.0,1376.25,1223.5,1438.25,1339.25,1255.5,1191.0,1213.25,1320.5,1526.75,1419.25,1252.75,1090.25,1299.75
results/GeneratedDense/100_cells_10_features/dense_armadillo_cosine.csv,cosine,armadillo,dense,100,10,100_10,1000,2.0,1.0,1.6561301577526575,1.8126593871628132,1.5866323069495947,1.7857141223516644,38.604,61.054,64.962,45.30333333333334,5.102566263383772,cosine_armadillo,64.962,61.054,40.306,43.352,44.634,42.37,47.479,44.673,42.42,40.105,38.679,51.383,46.452,46.678,53.013,42.133,45.81,44.057,41.201,47.463,38.604,50.693,44.751,49.843,40.127
results/GeneratedDense/100_cells_10_features/dense_armadillo_euclidean.csv,euclidean,armadillo,dense,100,10,100_10,1000,2.0,1.0,2.107847795184032,2.12972855170842,1.9671827907251263,2.2102997882986033,92.722,162.293,134.812,128.188125,17.494227660651624,euclidean_armadillo,134.812,102.913,160.28,142.727,122.809,124.674,121.848,121.387,123.2,123.722,139.49,138.285,107.611,141.57,92.722,151.203,162.293,144.653,129.712,123.979,116.132,141.09,130.308,106.511,107.396
results/GeneratedDense/100_cells_10_features/dense_armadillo_manhattan.csv,manhattan,armadillo,dense,100,10,100_10,1000,2.0,1.0,2.039587108433629,2.0789785279848423,2.035041301256032,2.0460969761239616,108.403,111.198,119.944,109.543625,0.7305734512753206,manhattan_armadillo,119.944,109.475,109.775,108.403,108.653,108.744,109.545,110.837,111.198,110.146,110.18,109.478,108.779,109.421,110.501,109.696,109.632,109.107,109.249,109.023,109.294,110.557,108.88,108.522,109.952
results/GeneratedDense/100_cells_10_features/dense_armadillo_pearson.csv,pearson,armadillo,dense,100,10,100_10,1000,2.0,1.0,1.7507667347870273,1.9980238137071837,1.7055045014038346,1.8115146830033662,50.758,64.791,99.546,56.333499999999994,3.767947285990078,pearson_armadillo,99.546,58.239,55.293,56.115,54.171,56.716,54.903,64.791,53.991,56.726,58.194,51.796,63.495,54.538,55.152,50.758,55.714,52.638,57.647,54.875,58.703,50.99,62.086,52.035,62.438
results/GeneratedDense/100_cells_10_features/dense_armadillo_spearman.csv,spearman,armadillo,dense,100,10,100_10,1000,2.0,1.0,1.8079001689504806,1.9015618422461393,1.7689117611054466,1.8901134942909172,58.737,77.645,79.719,64.254,5.286485686792944,spearman_armadillo,79.719,61.465,77.645,74.549,62.968,59.18,59.932,60.483,59.421,59.211,63.235,66.594,66.066,58.737,63.047,69.422,59.109,64.363,66.345,59.294,70.674,65.46,72.839,62.967,59.09
results/GeneratedDense/100_cells_10_features/dense_arrayfirecuda_cosine.csv,cosine,arrayfirecuda,dense,100,10,100_10,1000,2.0,1.0,1.8616274924332006,1.994778922497195,1.8598705140873206,1.8633942451270933,72.422,73.012,98.805,72.71558333333333,0.14683009360784616,cosine_arrayfirecuda,98.805,72.637,72.877,72.674,72.602,72.817,72.807,72.595,72.813,72.507,73.012,72.761,72.828,72.69,72.622,72.422,72.833,72.491,72.896,72.769,72.735,72.903,72.764,72.557,72.562
results/GeneratedDense/100_cells_10_features/dense_arrayfirecuda_euclidean.csv,euclidean,arrayfirecuda,dense,100,10,100_10,1000,2.0,1.0,1.800625731690864,1.94903364140571,1.7980149643514869,1.8024453155603493,62.808,63.452,88.927,63.186708333333335,0.14911390477491382,euclidean_arrayfirecuda,88.927,63.299,63.088,63.247,63.058,63.452,63.183,62.808,63.309,63.113,63.284,63.419,63.273,63.171,63.105,63.306,63.125,63.342,63.226,63.217,63.009,63.051,63.08,62.969,63.347
results/GeneratedDense/100_cells_10_features/dense_arrayfirecuda_manhattan.csv,manhattan,arrayfirecuda,dense,100,10,100_10,1000,2.0,1.0,2.1630191719573686,2.180051287144229,2.1527132556961823,2.170839412168053,142.139,148.197,151.374,145.55233333333334,1.5472503747688084,manhattan_arrayfirecuda,151.374,144.27,146.194,142.139,144.255,143.521,145.785,146.267,146.013,144.051,146.921,145.772,146.482,147.924,147.17,144.739,145.995,147.043,146.813,146.764,142.711,144.845,144.102,148.197,145.283
results/GeneratedDense/100_cells_10_features/dense_arrayfirecuda_pearson.csv,pearson,arrayfirecuda,dense,100,10,100_10,1000,2.0,1.0,1.9258140510095012,2.0585968234863707,1.9233010225179425,1.9283139021702544,83.811,84.784,114.445,84.297375,0.2492625477450087,pearson_arrayfirecuda,114.445,84.118,84.418,84.188,84.331,84.784,84.473,84.505,84.243,84.312,84.058,84.494,84.527,84.767,84.333,84.493,84.032,84.181,83.95,83.811,84.159,83.914,84.246,84.203,84.597
results/GeneratedDense/100_cells_10_features/dense_arrayfirecuda_spearman.csv,spearman,arrayfirecuda,dense,100,10,100_10,1000,2.0,1.0,2.580272759484017,2.638625015157998,2.580257633104475,2.580287314559399,380.415,380.441,435.136,380.42824999999993,0.00619979838381327,spearman_arrayfirecuda,435.136,380.423,380.433,380.425,380.426,380.431,380.426,380.427,380.427,380.428,380.428,380.419,380.422,380.428,380.43,380.436,380.437,380.431,380.415,380.42,380.441,380.437,380.422,380.432,380.434
results/GeneratedDense/100_cells_10_features/dense_factoextra_cosine.csv,cosine,factoextra,dense,100,10,100_10,1000,2.0,1.0,2.6859002793814244,3.3192622522558595,2.6114577656683426,2.781216659079688,408.75,604.25,2085.75,485.1770833333333,52.27917243663793,cosine_factoextra,2085.75,604.25,568.0,457.5,461.25,458.0,462.5,461.75,460.0,454.25,412.25,490.0,476.25,411.75,408.75,497.25,504.0,464.75,540.75,416.75,562.75,483.75,490.5,562.5,534.75
results/GeneratedDense/100_cells_10_features/dense_factoextra_euclidean.csv,euclidean,factoextra,dense,100,10,100_10,1000,2.0,1.0,2.5840837530454923,3.206623517801007,2.380211241711606,2.686859614333764,240.0,486.25,1609.25,383.78125,60.038282600388946,euclidean_factoextra,1609.25,480.75,451.25,349.5,345.0,345.0,344.25,338.5,341.25,346.0,486.25,412.75,360.75,389.75,330.75,369.75,380.0,438.75,364.75,433.25,306.5,449.75,461.75,240.0,444.5
results/GeneratedDense/100_cells_10_features/dense_factoextra_kendall.csv,kendall,factoextra,dense,100,10,100_10,1000,2.0,1.0,4.2129163675503545,4.301095134950942,4.065486348183554,4.327844051292421,11627.5,21273.75,20003.0,16327.375,2119.504509215145,kendall_factoextra,20003.0,15021.0,19243.75,14975.0,14925.5,16008.25,16185.5,15854.0,14690.25,21273.75,19535.75,15892.5,17859.5,15825.75,17695.0,14625.5,17933.75,16828.75,11627.5,17865.25,16035.0,17295.5,12238.75,17517.5,14904.0
results/GeneratedDense/100_cells_10_features/dense_factoextra_manhattan.csv,manhattan,factoextra,dense,100,10,100_10,1000,2.0,1.0,2.562268075251188,3.208911408494245,2.3944516808262164,2.6926266329514807,248.0,492.75,1617.75,364.9791666666667,58.59722674870279,manhattan_factoextra,1617.75,492.75,433.0,331.75,340.5,391.0,337.5,339.0,330.5,337.5,389.5,321.75,329.5,380.75,287.5,382.25,359.5,443.0,411.25,315.0,248.0,421.0,455.75,275.75,405.5
results/GeneratedDense/100_cells_10_features/dense_factoextra_spearman.csv,spearman,factoextra,dense,100,10,100_10,1000,2.0,1.0,3.1960177764294393,3.5315427791821987,3.177031212517537,3.224597800547907,1503.25,1677.25,3400.5,1570.4270833333333,49.40349806096449,spearman_factoextra,3400.5,1677.25,1618.25,1534.25,1556.0,1530.5,1572.75,1556.25,1533.5,1531.0,1626.5,1514.75,1566.25,1612.75,1601.25,1532.0,1526.0,1677.25,1564.0,1651.25,1589.5,1534.75,1529.0,1503.25,1552.0
results/GeneratedDense/100_cells_10_features/dense_pandas_cosine.csv,cosine,pandas,dense,100,10,100_10,1000,2.0,1.0,5.266313980045351,5.267342827530796,5.264019725775427,5.2711013027954925,183662.17613220212,186681.50901794437,185072.8988647461,184634.97844683062,696.7149342440074,cosine_pandas,185246.46759033203,184899.33013916016,186681.50901794437,184348.10638427731,183662.17613220212,184333.32443237305,184455.63316345212,183699.369430542,184759.14001464844,183917.0455932617,184971.08681862836,184029.9084083528,185333.6595639528,184189.6436983964,185758.1069940282,184715.1528430236,184349.26461293636,185505.68736102208,184776.59598217712,185287.14054950216,184513.05650393496,183920.0537002489,183943.60754864372,184362.9966533482,184827.8871778768
results/GeneratedDense/100_cells_10_features/dense_pandas_euclidean.csv,euclidean,pandas,dense,100,10,100_10,1000,2.0,1.0,4.605171694842222,4.6177445547148785,4.600150808323077,4.6122033464989975,39824.54368740493,40945.23296958741,41471.004486083984,40287.627675243304,266.3944529352608,euclidean_pandas,42500.972747802734,40441.036224365234,40201.90238952637,40235.75782775879,40179.96788024902,40104.15077209473,39829.96940612793,40374.755859375,40690.89889526367,40236.23466491699,40370.832733784635,40623.76322488888,40057.49778296893,39959.587728990075,39824.54368740493,40440.54630751436,40583.77114834936,40191.392307835165,40945.23296958741,40077.386730495935,40126.20285090939,40267.736973331674,40424.63314277385,40575.6915614098,40139.57113591719
results/GeneratedDense/100_cells_10_features/dense_pandas_kendall.csv,kendall,pandas,dense,100,10,100_10,1000,2.0,1.0,6.577247552381146,6.630214876945123,6.535386523269774,6.611771346669634,3430729.866027832,4090452.4326324463,4267906.308174133,3777874.723600147,199089.772633701,kendall_pandas,4610947.608947754,3924865.0074005127,3751958.6086273193,3848232.746124268,3751041.412353516,3430729.866027832,3495594.7399139404,3433140.993118286,4090452.4326324463,3835221.290588379,3918408.68496644,3697640.391608752,3849905.94042262,4053039.489703052,3921487.56980722,3446899.5409359047,3969753.899687616,3869694.3703894583,3809517.599825128,3715277.8335158406,3895433.4390113335,3597212.9552736552,4042812.4399338583,3471131.030952421,3849541.083583724
results/GeneratedDense/100_cells_10_features/dense_pandas_pearson.csv,pearson,pandas,dense,100,10,100_10,1000,2.0,1.0,3.317079383720766,3.3547435762658484,3.2985853019543807,3.3317755817208963,1988.7733969807543,2146.7208862304688,2263.307571411133,2075.2928209389506,41.99960066668569,pearson_pandas,2379.894256591797,2146.7208862304688,2104.7592163085938,2058.744430541992,2054.2144775390625,2130.5084228515625,2023.6968994140625,2072.09587097168,2030.611038208008,2036.5715026855469,2084.2979180349794,2108.9488901565146,2062.7013324147333,2076.551911335999,2128.3776144668063,2077.7378563568686,2142.9119088220714,2058.411112921308,2112.109211328408,2065.332556651216,2028.7970347288776,2028.4052964727657,2134.44269875957,2051.3062183529746,1988.7733969807543
results/GeneratedDense/100_cells_10_features/dense_pandas_spearman.csv,spearman,pandas,dense,100,10,100_10,1000,2.0,1.0,3.4781011595855817,3.5105595521249082,3.470576745560539,3.494876528102752,2955.1310529577786,3125.190734863281,3240.1084899902344,3006.7765851886725,36.777122512130035,spearman_pandas,3355.0262451171875,3125.190734863281,2999.7825622558594,3030.061721801758,3021.240234375,2992.1531677246094,2985.715866088867,2966.642379760742,2966.165542602539,2995.729446411133,3029.8731687355066,2966.7092732788647,3043.5206743596505,3064.246005524556,2997.4817386293084,2955.1310529577786,2989.7630208098008,3008.307687563367,3023.7087407767945,3019.3567403936,3015.5398141764,2975.2072831935807,2973.9689358195037,2984.473715086683,3032.668537338957
results/GeneratedDense/100_cells_10_features/dense_pythonic_cosine.csv,cosine,pythonic,dense,100,10,100_10,1000,2.0,1.0,5.6516647918353895,5.696002364435823,5.622740446521408,5.692051682069398,419508.1925145741,492098.0930328369,496595.02506256104,448399.1615373202,16847.1739435331,cosine_pythonic,551163.911819458,442026.13830566406,438151.1211395264,441335.4396820069,441063.88092041016,444298.50578308105,448879.2419433594,492098.0930328369,445501.0890960693,489778.2802581787,474468.8414309424,436230.3373307072,455304.4616928226,439511.8852570992,432597.2692728477,455640.0869517162,438803.8618483692,453031.7340322402,419508.1925145741,456539.17735861393,446381.8089422236,453083.1511703221,436334.88023783354,453699.0534815893,427313.3452126507
results/GeneratedDense/100_cells_10_features/dense_pythonic_euclidean.csv,euclidean,pythonic,dense,100,10,100_10,1000,2.0,1.0,5.44316833802018,5.504302752491186,5.422917141537046,5.4765727472218355,264799.4883009991,299621.3436126709,319376.3494491577,277439.5286875829,8411.300183765268,euclidean_pythonic,367425.20332336426,271327.4955749512,299621.3436126709,277743.5779571533,275789.737701416,269901.99089050293,273140.90728759766,277013.06343078613,270204.5440673828,272946.1193084717,268097.4523346448,292279.6619355728,272807.2480973665,284473.1442621622,275028.30145015777,283090.9048929968,288601.96199091594,284248.9043179233,264799.4883009991,273036.86537706625,274210.07280637085,277687.2302397069,264835.4219551983,283381.32416467846,284281.92654529656
results/GeneratedDense/100_cells_10_features/dense_pythonic_kendall.csv,kendall,pythonic,dense,100,10,100_10,1000,2.0,1.0,6.143568136686574,6.169008117010413,6.12562755912594,6.156932823969681,1335449.774585361,1435267.4111354663,1475734.1146469116,1391772.133568663,23411.595722364833,kendall_pythonic,1594679.1172027588,1356789.1120910645,1410140.9912109375,1384222.0306396484,1414092.5407409668,1384209.523375112,1435267.4111354663,1335449.774585361,1411203.2130140057,1401690.0382632928,1397528.7023417617,1368928.2945872943,1393991.2761141795,1415712.9989392918,1396189.2855617811,1404725.4626789198,1391508.9942309062,1359259.908573958,1398640.3438398722,1375703.5711237434,1362047.8676061523,1431026.600534178,1399288.7320607898,1376506.6982165156,1398407.8341827092
results/GeneratedDense/100_cells_10_features/dense_pythonic_manhattan.csv,manhattan,pythonic,dense,100,10,100_10,1000,2.0,1.0,5.469925847691011,5.574043692814772,5.452136063761313,5.482324037373019,283227.92053222656,303615.56867759064,375010.72883605957,295070.5374312401,4320.402151260457,manhattan_pythonic,462261.1999511719,287760.25772094727,298494.5774078369,290975.57067871094,294828.1764984131,283227.92053222656,299354.07638549805,295697.2122192383,296114.2063140869,294377.08854675293,294254.81091702246,293543.7338999312,296546.502692557,293582.1344537217,293272.7619537367,292014.3622317054,300602.96069447964,292885.4295793882,292153.8892084467,300112.7111383124,297016.30269955075,298270.6932948297,303615.56867759064,300034.79745003744,292957.1531547411
results/GeneratedDense/100_cells_10_features/dense_pythonic_pearson.csv,pearson,pythonic,dense,100,10,100_10,1000,2.0,1.0,2.3791205701209996,2.4121690110482503,2.317338149919019,2.4296961640788277,207.652971358445,268.9652443010976,258.32653045654297,239.39802880580865,13.762280728055,pearson_pythonic,253.6773681640625,262.97569274902344,229.1202545166016,263.9293670654297,244.3790435791016,237.94174194335935,226.9744873046875,236.03439331054688,223.1597900390625,248.43215942382807,268.9652443010976,249.7470780897748,243.96297841747807,225.7035596098048,241.27402943351703,242.80529347963457,234.33347262501084,207.652971358445,236.97399125607927,235.5144118510671,228.7884072995585,245.62708637451513,250.93707782912625,226.2859617769213,234.03419770573677
results/GeneratedDense/100_cells_10_features/dense_pythonic_spearman.csv,spearman,pythonic,dense,100,10,100_10,1000,2.0,1.0,6.183200489624006,6.201355290580875,6.172883456177283,6.193376166318363,1488961.4582061768,1560903.90213433,1589846.8494415283,1524756.4866708387,18499.182305024093,spearman_pythonic,1661953.2108306885,1517740.4880523682,1532114.5057678225,1535074.9492645264,1543270.5879211426,1518904.209136963,1491114.616394043,1541835.069656372,1524890.8996582031,1488961.4582061768,1526994.8601285894,1532584.480618294,1528669.58009977,1560903.90213433,1511252.7393602352,1514156.6432840235,1493352.0681738656,1530091.93831116,1548935.664792279,1502705.7461001964,1533827.8163156866,1510953.6921463206,1517332.4292973103,1538511.1864923013,1549976.1487881504
results/GeneratedDense/100_cells_10_features/dense_raft_cosine.csv,cosine,raft,dense,100,10,100_10,1000,2.0,1.0,2.988387503457389,5.65503169178544,2.9751449377967067,3.0038877585281316,944.3759918212892,1008.9920828727704,451888.91887664795,973.6155542384428,16.160312295562534,cosine_raft,902778.8639068604,998.9738464355468,998.2585906982422,952.7206420898438,982.2845458984376,957.7274322509766,967.0257568359376,944.3759918212892,972.747802734375,960.8268737792968,983.2492286232776,998.487952359263,992.1800313198128,974.7514187127996,973.9018123731258,972.7884695114484,956.0322983557668,971.3885913230192,967.9914046606536,968.2291830560464,952.1658458260448,1008.9920828727704,973.3567043070389,970.926165111679,967.3906307659372
results/GeneratedDense/100_cells_10_features/dense_raft_euclidean.csv,euclidean,raft,dense,100,10,100_10,1000,2.0,1.0,2.9518561124763956,5.667720556946806,2.940029294365331,2.9699203066334103,871.0223408432839,933.0830636370172,465286.61251068115,895.0681684600237,16.946450012537962,euclidean_raft,929642.4388885498,930.7861328125,924.1104125976562,879.0493011474609,896.9306945800781,877.6187896728516,914.5736694335938,881.9103240966797,901.6990661621094,893.8312530517578,875.0264423074037,895.0064221417397,900.5164101529656,891.3999323025376,933.0830636370172,880.8139228165621,871.0223408432839,884.0941379791208,881.2982128338068,890.683659802758,916.8598299284548,893.3631997080927,890.4825770745999,884.8680761151638,892.6081718423784
results/GeneratedDense/100_cells_10_features/dense_raft_manhattan.csv,manhattan,raft,dense,100,10,100_10,1000,2.0,1.0,2.945916385362406,5.6472436122193725,2.9317341404601622,2.963927400064169,854.5434318264147,920.2957153320312,443857.5506210327,882.9098975718185,14.665755233876395,manhattan_raft,886794.8055267334,920.2957153320312,900.7453918457032,868.3204650878906,898.8380432128906,861.6447448730469,878.8108825683594,874.5193481445312,880.9566497802734,867.1283721923828,891.5745623197312,890.1456701962989,900.2500576625636,888.705971417512,868.3449660572965,891.4154883342254,886.7710698903776,863.4678304210677,884.0113234475355,878.8884027937381,854.5434318264147,873.4922940566033,884.7927551392061,890.7140140201693,891.4600911038
results/GeneratedDense/100_cells_10_features/dense_raft_pearson.csv,pearson,raft,dense,100,10,100_10,1000,2.0,1.0,3.0021392605459596,5.669552513528048,2.985490872535584,3.016965452197058,967.143400212308,1039.8374442437794,467253.4465789795,1004.9379812854494,18.112227021032776,pearson_raft,933484.7927093506,1022.1004486083984,1027.1072387695312,990.3907775878906,1024.7230529785156,991.5828704833984,1003.742218017578,989.9139404296876,1003.0269622802734,990.3907775878906,1032.581357087997,993.8563963014248,1002.1421599577554,975.9221831707068,967.143400212308,1005.0457868773505,999.1051941793696,1039.8374442437794,1021.6189251221303,1001.9686707622806,1026.353873597474,1002.6697960199874,1020.3326589123062,983.5849893045764,1003.3704283581712
results/GeneratedDense/10_cells_100000_features/dense_CPU_cosine.csv,cosine,CPU,dense,10,100000,10_100000,1000000,1.0,5.0,3.5012504512682527,4.957454035951133,3.4674971132547325,3.5262746454257536,2934.25,3359.5,90668.0,3171.3958333333335,112.07440136343455,cosine_CPU,90668.0,3292.25,3096.0,3332.25,3258.5,3137.0,3339.5,3329.25,3085.75,3122.0,2934.25,3251.5,3045.75,3214.25,2967.25,3077.75,3138.5,3222.75,3231.75,3103.5,3359.5,3126.75,3123.75,3139.0,3184.75
results/GeneratedDense/10_cells_100000_features/dense_CPU_euclidean.csv,euclidean,CPU,dense,10,100000,10_100000,1000000,1.0,5.0,3.9804853376692773,4.9662379711225135,3.805687720898211,4.097855744505407,6392.75,12527.25,92520.5,9560.604166666666,1531.8107526250228,euclidean_CPU,92520.5,10541.25,8449.25,6951.5,11737.25,7849.0,6392.75,10914.0,9327.25,9320.75,10459.75,11023.0,11983.5,8860.0,9183.75,10650.0,8495.5,9469.25,11016.0,7971.25,9831.25,12527.25,8326.0,8643.75,9531.25
results/GeneratedDense/10_cells_100000_features/dense_CPU_kendall.csv,kendall,CPU,dense,10,100000,10_100000,1000000,1.0,5.0,5.025935894725632,5.024024652248661,4.9775304155699445,5.076841526785453,94957.75,119355.25,105687.75,106153.88541666667,7263.537626311977,kendall_CPU,105687.75,113545.25,101257.5,107300.0,104845.0,105151.0,108681.75,110353.0,95902.5,95108.5,112191.0,102413.0,104871.0,99147.5,110751.5,108926.5,96087.25,114672.0,101631.0,119355.25,94957.75,108621.75,98104.5,118675.0,115143.75
results/GeneratedDense/10_cells_100000_features/dense_CPU_manhattan.csv,manhattan,CPU,dense,10,100000,10_100000,1000000,1.0,5.0,3.914778090189885,3.587598729721245,3.426307892369099,4.266378710834997,2668.75,18466.25,3869.0,8218.22619047619,4336.47809281139,manhattan_CPU,3869.0,11075.25,2668.75,12318.0,,8334.75,5837.5,2756.5,11125.5,9855.5,4312.25,14424.75,,18466.25,2850.5,14905.0,5174.25,5684.0,2818.75,,9813.25,6871.5,9780.5,8212.0,5298.0
results/GeneratedDense/10_cells_100000_features/dense_CPU_pearson.csv,pearson,CPU,dense,10,100000,10_100000,1000000,1.0,5.0,3.6005588578321914,4.979214786758372,3.4993777438108866,3.7314477375894928,3157.75,5388.25,95326.75,3986.1979166666665,565.5757666379984,pearson_CPU,95326.75,4058.25,3216.0,3157.75,3331.0,4497.25,4112.25,3801.25,4331.5,3732.75,5388.25,3500.5,3800.0,4737.25,5051.0,4158.25,3606.0,3507.75,3654.0,3934.0,3497.0,3867.5,4663.0,3644.5,4421.75
results/GeneratedDense/10_cells_100000_features/dense_CPU_spearman.csv,spearman,CPU,dense,10,100000,10_100000,1000000,1.0,5.0,4.8413487798371095,4.831673049977364,4.7829399916549775,4.886212857036557,60665.25,76950.75,67869.25,69398.29166666667,3899.9274049511346,spearman_CPU,67869.25,72269.5,67500.0,71745.25,63745.25,71386.75,73514.5,65237.25,67142.0,64397.25,69676.5,60665.25,67606.5,70244.0,71768.75,70253.75,76535.5,70418.25,76950.75,72295.75,68352.25,65537.5,69353.0,65783.75,73179.75
results/GeneratedDense/10_cells_100000_features/dense_GPU_cosine.csv,cosine,GPU,dense,10,100000,10_100000,1000000,1.0,5.0,3.5020127572101307,6.053738127468947,2.782293422809544,3.88280904139244,605.75,7635.0,1131717.75,3176.967391304348,1850.2802289294202,cosine_GPU,1131717.75,4408.5,1307.25,7635.0,853.25,605.75,2028.0,4700.25,807.0,5146.0,4726.75,4979.25,2503.25,,4206.25,4169.75,3546.5,6186.25,1829.75,3230.5,3381.25,2034.25,992.5,1621.0,2172.0
results/GeneratedDense/10_cells_100000_features/dense_GPU_euclidean.csv,euclidean,GPU,dense,10,100000,10_100000,1000000,1.0,5.0,3.218398727306144,6.030730233547009,3.2137832993353044,3.2208922492195193,1636.0,1663.0,1073322.5,1653.4791666666667,6.661032775695439,euclidean_GPU,1073322.5,1648.5,1657.75,1655.25,1636.0,1659.75,1645.75,1658.0,1643.0,1653.0,1657.25,1648.5,1659.5,1662.25,1661.0,1656.0,1657.25,1663.0,1650.5,1660.75,1652.0,1653.0,1652.5,1647.25,1645.75
results/GeneratedDense/10_cells_100000_features/dense_GPU_kendall.csv,kendall,GPU,dense,10,100000,10_100000,1000000,1.0,5.0,6.147634621854657,6.153302170544022,6.147575853042651,6.147697729331296,1404675.0,1405069.25,1423318.75,1404865.09375,96.15059294376452,kendall_GPU,1423318.75,1404897.0,1404740.25,1405069.25,1404902.5,1404952.5,1404948.5,1404823.0,1404900.25,1404935.25,1404977.0,1404675.0,1404809.25,1404962.25,1404715.0,1404783.5,1404859.75,1404756.0,1404810.5,1404837.25,1404775.0,1404945.75,1404855.25,1404998.75,1404833.5
results/GeneratedDense/10_cells_100000_features/dense_GPU_manhattan.csv,manhattan,GPU,dense,10,100000,10_100000,1000000,1.0,5.0,4.138606269170145,5.594090760063192,4.133937892763831,4.143779609508994,13612.5,13924.5,392727.0,13759.614583333334,84.60520999418253,manhattan_GPU,392727.0,13821.75,13669.75,13655.5,13815.75,13794.25,13897.0,13716.25,13673.25,13612.5,13746.75,13824.75,13698.5,13703.0,13716.0,13787.25,13751.75,13669.5,13924.5,13686.25,13880.0,13768.5,13817.5,13897.25,13703.25
results/GeneratedDense/10_cells_100000_features/dense_GPU_pearson.csv,pearson,GPU,dense,10,100000,10_100000,1000000,1.0,5.0,3.395542897448726,6.047755052266669,2.9661417327390325,3.65667304588485,925.0,4536.0,1116233.5,2486.2391304347825,933.5070662917528,pearson_GPU,1116233.5,1882.5,3222.0,2947.0,,4536.0,1835.75,2658.5,3338.75,2067.5,1251.5,1973.5,1636.0,3061.0,3694.25,4031.75,1942.25,925.0,2811.25,2934.0,1443.0,2137.75,2153.5,3418.75,1282.0
results/GeneratedDense/10_cells_100000_features/dense_GPU_spearman.csv,spearman,GPU,dense,10,100000,10_100000,1000000,1.0,5.0,4.240772525982791,6.05129649133008,4.203393288929044,4.294587458967469,15973.25,19705.5,1125373.0,17408.947916666668,1070.1783850990262,spearman_GPU,1125373.0,18271.75,16650.75,18234.75,15994.0,17172.25,17909.75,17502.5,16103.5,17426.5,19375.0,18896.75,17424.25,15973.25,17796.5,17665.0,17958.5,16662.0,18849.5,16323.75,16148.5,16871.75,16422.75,19705.5,16476.0
results/GeneratedDense/10_cells_100000_features/dense_amap_cosine.csv,cosine,amap,dense,10,100000,10_100000,1000000,1.0,5.0,4.406081338770148,4.421501098768983,4.376503960252927,4.432921211333212,23796.0,27097.0,26393.75,25473.072916666668,805.5679203957042,cosine_amap,26393.75,25443.75,26099.75,26141.0,25125.0,25421.25,23796.0,24312.5,26037.75,24849.25,26017.25,25344.25,25514.75,25415.0,27097.0,24771.5,24368.25,25472.75,25281.75,26051.25,25721.5,24043.5,26808.5,26156.75,26063.5
results/GeneratedDense/10_cells_100000_features/dense_amap_euclidean.csv,euclidean,amap,dense,10,100000,10_100000,1000000,1.0,5.0,4.178732707820442,4.207876621591972,4.133546891651289,4.234472991315736,13600.25,17158.25,16139.0,15091.510416666666,916.5849986702415,euclidean_amap,16139.0,15699.25,16015.0,13684.5,14312.5,15027.0,15067.75,15941.75,13600.25,15313.25,14571.25,15980.75,15304.5,15096.0,14261.0,15600.0,14125.25,13919.0,16589.75,14427.5,17158.25,15476.0,15312.0,13927.75,15786.0
results/GeneratedDense/10_cells_100000_features/dense_amap_kendall.csv,kendall,amap,dense,10,100000,10_100000,1000000,1.0,5.0,8.192248823604068,8.190986911282316,8.189249832008477,8.194525693747854,154614361.75,156504090.75,155234022.5,155685735.8125,531117.0423913231,kendall_amap,155234022.5,156131618.5,155697860.25,155487339.75,154634826.75,155692908.75,155975759.0,155808417.0,155999478.5,156145794.5,155606830.0,156037064.5,154831984.5,155048397.75,155671003.25,156120311.0,156432789.0,155236520.25,155584259.25,155663850.25,156504090.75,155069133.0,156232710.0,154614361.75,156230351.25
results/GeneratedDense/10_cells_100000_features/dense_amap_manhattan.csv,manhattan,amap,dense,10,100000,10_100000,1000000,1.0,5.0,4.188315494687534,4.2389238459924155,4.149465450995452,4.228194969963351,14108.0,16912.0,17335.0,15428.208333333334,737.1120825371283,manhattan_amap,17335.0,15575.0,15065.0,15236.5,14429.0,16688.5,15662.75,15662.0,15324.25,14679.0,15654.75,16446.0,15356.5,15933.75,14245.5,14807.5,15906.75,15581.5,14108.0,15746.5,16371.0,15414.0,16912.0,15124.5,14346.75
results/GeneratedDense/10_cells_100000_features/dense_amap_pearson.csv,pearson,amap,dense,10,100000,10_100000,1000000,1.0,5.0,4.3320700792363445,4.351129284267515,4.308799103911129,4.3570816112343715,20361.0,22755.25,22445.5,21481.770833333332,686.2749498980994,pearson_amap,22445.5,21068.25,22267.5,21183.25,22025.75,20429.75,21578.0,20468.5,21577.75,22557.25,20361.0,21401.75,20710.0,21255.25,20965.75,22056.25,21330.0,21689.25,22190.5,22755.25,22502.25,21671.0,21516.5,20460.25,21541.5
results/GeneratedDense/10_cells_100000_features/dense_amap_spearman.csv,spearman,amap,dense,10,100000,10_100000,1000000,1.0,5.0,5.086056363749162,5.163558650219367,5.064714371914568,5.114375761088253,116068.5,130129.5,145733.25,121914.78125,4335.479959680851,spearman_amap,145733.25,116068.5,120788.75,127745.5,118381.25,119431.0,130129.5,117943.75,116326.25,122238.5,116458.25,129964.75,120095.5,124512.75,128925.5,121742.75,128059.0,123183.0,123146.25,119596.5,117371.25,123038.0,123701.0,117974.5,119132.75
results/GeneratedDense/10_cells_100000_features/dense_armadillo_cosine.csv,cosine,armadillo,dense,10,100000,10_100000,1000000,1.0,5.0,3.191436458555418,3.1902784588093853,3.189167350298488,3.19483612781615,1545.85,1566.16,1549.81,1553.9479166666667,5.223312310503349,cosine_armadillo,1549.81,1557.63,1549.8,1551.32,1548.72,1551.72,1556.93,1555.69,1549.19,1557.81,1560.9,1548.74,1547.64,1552.07,1556.14,1555.21,1551.41,1549.58,1557.79,1545.85,1548.59,1558.95,1566.16,1563.97,1552.94
results/GeneratedDense/10_cells_100000_features/dense_armadillo_euclidean.csv,euclidean,armadillo,dense,10,100000,10_100000,1000000,1.0,5.0,3.178703989420547,3.1768029186045483,3.149702419755297,3.1959715678337863,1411.57,1570.26,1502.46,1509.0512499999998,39.59204089970821,euclidean_armadillo,1502.46,1545.46,1475.69,1550.87,1551.17,1411.57,1476.76,1570.26,1487.81,1550.67,1496.04,1464.53,1508.91,1527.08,1502.48,1466.41,1457.6,1497.47,1549.3,1463.27,1534.96,1514.38,1525.7,1565.28,1523.56
results/GeneratedDense/10_cells_100000_features/dense_armadillo_manhattan.csv,manhattan,armadillo,dense,10,100000,10_100000,1000000,1.0,5.0,4.190924478988966,4.135905103640322,4.183204338591583,4.20067543228929,15247.7,15873.6,13674.3,15521.170833333332,153.31795252341516,manhattan_armadillo,13674.3,15550.7,15626.3,15380.1,15543.5,15873.6,15402.5,15499.3,15324.5,15382.8,15682.1,15432.3,15546.7,15493.4,15247.7,15663.8,15333.7,15402.8,15713.3,15434.7,15561.3,15383.1,15578.5,15768.8,15682.6
results/GeneratedDense/10_cells_100000_features/dense_armadillo_pearson.csv,pearson,armadillo,dense,10,100000,10_100000,1000000,1.0,5.0,3.606724463729165,3.5012441747551217,3.6060641283029633,3.607673723878157,4037.05,4052.04,3171.35,4043.192916666667,3.1989874428828213,pearson_armadillo,3171.35,4041.34,4046.22,4041.72,4040.52,4042.67,4044.06,4042.13,4040.4,4043.51,4044.75,4044.15,4045.64,4040.36,4045.32,4046.88,4052.04,4042.69,4044.31,4041.8,4047.17,4039.1,4044.54,4038.26,4037.05
results/GeneratedDense/10_cells_100000_features/dense_armadillo_spearman.csv,spearman,armadillo,dense,10,100000,10_100000,1000000,1.0,5.0,4.567543964554268,4.559031172276451,4.564076348926926,4.5720905636993185,36650.2,37332.8,36226.9,36944.004166666666,196.09561970113572,spearman_armadillo,36226.9,36650.2,37295.0,37234.8,37259.7,37087.8,36914.5,36966.2,36917.3,36873.7,37045.5,36800.3,36999.9,36758.4,36792.4,37020.8,36720.6,36756.8,36736.2,36871.7,36857.3,37332.8,36998.2,37108.4,36657.6
results/GeneratedDense/10_cells_100000_features/dense_arrayfirecpu_cosine.csv,cosine,arrayfirecpu,dense,10,100000,10_100000,1000000,1.0,5.0,3.7651526012967573,3.828362747786426,3.7190875495592373,3.808190709878491,5237.06,6429.7,6735.39,5823.077916666666,294.5547206091929,cosine_arrayfirecpu,6735.39,6029.0,5577.66,6330.31,5849.05,5715.24,5457.83,5733.94,6119.9,6367.0,5237.06,6429.7,5459.75,5759.93,5878.31,5538.56,5928.94,6040.29,5829.31,5453.37,5654.06,5835.07,5965.09,5837.23,5727.27
results/GeneratedDense/10_cells_100000_features/dense_arrayfirecpu_euclidean.csv,euclidean,arrayfirecpu,dense,10,100000,10_100000,1000000,1.0,5.0,3.718785036535367,3.820547574467152,3.7158162226290226,3.722165652065835,5197.76,5274.31,6615.27,5233.413333333333,23.093687930303005,euclidean_arrayfirecpu,6615.27,5251.52,5222.1,5210.49,5205.56,5226.21,5274.31,5246.41,5228.6,5263.57,5220.82,5270.61,5207.83,5202.21,5259.47,5247.35,5197.76,5250.33,5249.61,5267.55,5214.01,5222.53,5223.19,5209.32,5230.56
results/GeneratedDense/10_cells_100000_features/dense_arrayfirecpu_pearson.csv,pearson,arrayfirecpu,dense,10,100000,10_100000,1000000,1.0,5.0,4.075584367499555,4.120462053066496,3.970802321051623,4.172270078078213,9349.8,14868.6,13196.6,11901.025000000001,1502.413765758843,pearson_arrayfirecpu,13196.6,13197.0,11072.9,11358.9,14868.6,10026.9,11501.2,12314.4,14286.7,10965.3,12782.9,10858.9,13265.1,10898.5,9349.8,13088.7,12763.0,9536.1,12094.5,13628.4,11548.3,14214.0,10937.8,10806.3,10260.4
results/GeneratedDense/10_cells_100000_features/dense_arrayfirecpu_spearman.csv,spearman,arrayfirecpu,dense,10,100000,10_100000,1000000,1.0,5.0,5.202187376248281,5.201022759592849,5.199107639841027,5.203910928128727,158164.0,159923.0,158863.0,159289.58333333334,436.11962394380845,spearman_arrayfirecpu,158863.0,158989.0,159696.0,159727.0,158164.0,159156.0,159521.0,159843.0,159372.0,159031.0,159923.0,159442.0,159055.0,158603.0,159227.0,159292.0,159634.0,158707.0,159571.0,158940.0,159918.0,159658.0,158810.0,159234.0,159437.0
results/GeneratedDense/10_cells_100000_features/dense_arrayfirecuda_cosine.csv,cosine,arrayfirecuda,dense,10,100000,10_100000,1000000,1.0,5.0,2.6467088342571774,2.7794428017336634,2.6361768582331497,2.6538191370875657,432.69,450.629,601.787,443.3113333333333,4.604426309421068,cosine_arrayfirecuda,601.787,445.414,438.141,440.682,448.396,435.604,442.169,438.274,441.705,439.834,443.749,445.44,444.468,446.409,449.195,445.51,447.694,440.391,449.122,447.569,440.383,450.629,438.862,447.142,432.69
results/GeneratedDense/10_cells_100000_features/dense_arrayfirecuda_euclidean.csv,euclidean,arrayfirecuda,dense,10,100000,10_100000,1000000,1.0,5.0,2.63537880476993,2.7771882211571866,2.621427642667108,2.6424704558892387,418.242,439.006,598.671,431.89562500000005,4.910152355176124,euclidean_arrayfirecuda,598.671,434.834,426.99,432.935,427.049,431.588,424.008,433.071,438.428,418.242,429.926,439.006,435.238,430.176,427.384,427.356,432.501,434.512,432.975,434.405,434.89,436.858,435.892,428.671,438.56
results/GeneratedDense/10_cells_100000_features/dense_arrayfirecuda_manhattan.csv,manhattan,arrayfirecuda,dense,10,100000,10_100000,1000000,1.0,5.0,6.087096234130614,6.086961019025129,6.086777673717431,6.087553030003608,1221174.350218611,1223356.489214899,1221690.0,1222070.4254196214,415.89706947273885,manhattan_arrayfirecuda,1221690.0,1222440.0,1221770.0,1222418.7015591194,1222178.0424286202,1222198.4267401376,1221910.085726627,1222047.0801666083,1221764.3822186796,1221836.0203582917,1222322.3110556423,1222277.281607614,1222170.533357467,1222430.0047956193,1221954.1205224926,1221755.6130079203,1221174.350218611,1222424.2929942994,1221882.12580306,1221442.2038834435,1223356.489214899,1221956.2046619595,1221644.9491640965,1222259.5218453298,1222077.4687403804
results/GeneratedDense/10_cells_100000_features/dense_arrayfirecuda_pearson.csv,pearson,arrayfirecuda,dense,10,100000,10_100000,1000000,1.0,5.0,2.6723870987450966,2.804448850648015,2.670321940740818,2.6757004548782,468.082,473.915,637.454,470.31312499999996,1.6554093983186338,pearson_arrayfirecuda,637.454,469.019,471.182,469.957,468.276,468.962,468.082,470.885,471.354,469.991,469.731,469.557,470.259,470.356,470.217,470.806,472.697,468.348,473.655,473.363,473.915,468.573,468.85,470.358,469.122
results/GeneratedDense/10_cells_100000_features/dense_arrayfirecuda_spearman.csv,spearman,arrayfirecuda,dense,10,100000,10_100000,1000000,1.0,5.0,3.2896955808928396,3.3244203373426378,3.285014664591152,3.294574235214898,1927.59,1970.49,2110.67,1948.4783333333332,9.257301922746649,spearman_arrayfirecuda,2110.67,1955.19,1941.89,1946.78,1952.66,1948.58,1949.86,1960.51,1940.64,1954.81,1950.21,1938.68,1958.24,1952.22,1941.22,1941.89,1938.42,1959.65,1950.07,1939.49,1927.59,1945.51,1958.23,1940.65,1970.49
results/GeneratedDense/10_cells_100000_features/dense_factoextra_cosine.csv,cosine,factoextra,dense,10,100000,10_100000,1000000,1.0,5.0,4.077003569020352,4.1397610555588455,4.069510849405701,4.086929024048365,11735.75,12216.0,13796.25,11939.979166666666,111.83614121847592,cosine_factoextra,13796.25,12216.0,11878.0,11943.25,11851.5,11933.75,11887.5,11842.25,11937.0,11847.5,11745.75,11975.75,11999.75,12106.0,11990.0,11894.25,11908.0,12181.5,12035.25,11891.25,11979.5,11735.75,11957.25,11929.5,11893.25
results/GeneratedDense/10_cells_100000_features/dense_factoextra_euclidean.csv,euclidean,factoextra,dense,10,100000,10_100000,1000000,1.0,5.0,3.7902573011893193,3.8794113025307375,3.770041554319669,3.8041223874764656,5889.0,6369.75,7575.5,6169.604166666667,121.63084339908286,euclidean_factoextra,7575.5,6369.75,6188.0,6150.25,6140.25,6101.75,6127.5,6118.25,6135.0,6338.5,5889.0,6101.75,6254.0,6300.0,5988.25,6319.25,6302.25,6131.0,6310.25,6105.5,6292.0,6240.25,6116.25,6074.5,5977.0
results/GeneratedDense/10_cells_100000_features/dense_factoextra_kendall.csv,kendall,factoextra,dense,10,100000,10_100000,1000000,1.0,5.0,10.025843066758457,10.025571398496197,10.025641086583892,10.026107130622192,10608185040.0,10619574857.75,10606482958.0,10613119805.416666,2755395.4195699207,kendall_factoextra,10606482958.0,10614369235.25,10609055300.25,10614634400.25,10615191225.75,10611088348.25,10608185040.0,10612544741.75,10612998989.0,10619574857.75,10613243051.0,10616561301.25,10611910275.75,10611809335.25,10610859856.5,10615385704.75,10614935393.0,10612770596.25,10617186838.75,10613237090.0,10616797758.25,10610119821.25,10610208098.0,10609948763.0,10612259308.75
results/GeneratedDense/10_cells_100000_features/dense_factoextra_manhattan.csv,manhattan,factoextra,dense,10,100000,10_100000,1000000,1.0,5.0,3.793572862966037,3.8848944420002627,3.784260582566084,3.8097280132159064,6085.0,6452.5,7671.75,6216.885416666667,82.96243436937621,manhattan_factoextra,7671.75,6452.5,6134.5,6214.75,6109.75,6194.25,6234.5,6105.75,6145.5,6148.25,6288.75,6227.0,6174.5,6118.75,6281.5,6292.75,6275.75,6085.0,6205.0,6227.25,6345.0,6225.5,6234.0,6278.5,6206.25
results/GeneratedDense/10_cells_100000_features/dense_factoextra_spearman.csv,spearman,factoextra,dense,10,100000,10_100000,1000000,1.0,5.0,5.184451923289714,5.188618463964708,5.168431185207443,5.201584868297789,147377.5,159068.75,154389.75,152915.64583333334,2952.8914245517008,spearman_factoextra,154389.75,153179.75,150133.25,153064.75,149567.0,150579.0,151668.5,156442.25,154917.0,157130.5,147377.5,154139.75,149706.75,153894.5,155459.0,152017.25,152060.5,159068.75,156348.0,152367.5,150009.75,153692.5,147511.0,155848.0,153792.75
results/GeneratedDense/10_cells_100000_features/dense_pandas_cosine.csv,cosine,pandas,dense,10,100000,10_100000,1000000,1.0,5.0,4.64789964821789,4.647556767462613,4.645828179201701,4.6508353986858575,44241.33048692202,44754.36491664651,44417.771689039866,44452.85390503908,127.78043048629634,cosine_pandas,44430.97114562988,44404.57223244985,44379.31864352128,44286.96003059294,44475.08236103976,44574.74974812805,44665.86143315714,44754.36491664651,44398.47296707476,44390.75154709646,44395.39451728291,44518.04298157845,44647.69151739313,44541.54275006666,44509.15403580402,44255.11970517984,44601.31110308028,44370.48673086592,44313.87414474836,44241.33048692202,44454.70415388836,44426.58155302874,44470.42779290045,44362.84999716469,44429.84837132729
results/GeneratedDense/10_cells_100000_features/dense_pandas_euclidean.csv,euclidean,pandas,dense,10,100000,10_100000,1000000,1.0,5.0,4.372933082202686,4.392571975011092,4.348297716392918,4.407990113988787,22299.633039084583,25585.276455004856,24692.893028259277,23601.145494549386,891.5774253678611,euclidean_pandas,25412.559509277344,23973.22654724121,22556.781768798828,24134.61328270481,24328.46526629164,22730.263512541707,23135.878201247164,23659.39341558188,23555.443974014564,24043.571436042137,22867.76181485703,25173.680762453427,22299.633039084583,22568.544278423968,24404.8511354068,23436.25484054656,22301.21300076307,25585.276455004856,23077.48969698013,23441.138011164257,24940.651722108545,24384.83068263101,23415.047664704645,22600.79358512154,23812.68777547088
results/GeneratedDense/10_cells_100000_features/dense_pandas_kendall.csv,kendall,pandas,dense,10,100000,10_100000,1000000,1.0,5.0,5.899669519213772,5.927036693394816,5.885049738989344,5.952475045000509,767449.3789672852,896344.6795997211,845350.2655029297,793724.0125296791,33017.22393706852,kendall_pandas,915220.4990386964,775480.0319671631,806515.2168273926,883409.9769592285,784895.4200744629,771141.0522460938,772659.7785949707,767449.3789672852,770721.9123840332,772185.8024597168,769243.1780650956,792983.8534710836,800791.3148184649,788900.388452696,767537.5363533888,770920.5115037657,896344.6795997211,798898.8764278919,775172.661464356,796544.4333337012,781319.8467951671,827921.3138801206,773080.5469306336,792345.7036411273,812912.8854947388
results/GeneratedDense/10_cells_100000_features/dense_pandas_manhattan.csv,manhattan,pandas,dense,10,100000,10_100000,1000000,1.0,5.0,4.4221424876727875,4.421683520854142,4.419163478266712,4.424301308216021,26252.06544545212,26564.47933979504,26404.838822131205,26432.758474221482,76.80265304635358,manhattan_pandas,26420.59326171875,26389.08438254366,26378.72376711975,26370.53489725122,26473.23500827017,26457.48193530752,26373.33369038054,26290.95247206288,26413.62302523687,26497.72434268044,26477.34017098924,26490.83494666127,26499.25412288823,26252.06544545212,26334.29050120593,26486.46454714545,26507.79419770931,26355.19946242311,26496.06751091019,26403.21079571024,26533.86089443161,26412.65632210473,26442.48880693879,26564.47933979504,26485.50279609733
results/GeneratedDense/10_cells_100000_features/dense_pandas_pearson.csv,pearson,pandas,dense,10,100000,10_100000,1000000,1.0,5.0,4.378686933412227,4.414284218825052,4.345720630905621,4.40970707548976,22167.69976966186,25686.62677481761,25958.776473999023,23915.911266112817,911.4503950986635,pearson_pandas,26942.49153137207,24975.061416625977,23350.71563720703,24510.084508359465,25049.74386497988,24774.065346284035,23012.056594964703,22743.305124025435,23808.376664506904,23401.04116942241,22167.69976966186,25686.62677481761,25078.358593532674,24267.348174731935,25090.339128581123,24004.340009195395,24121.726097757968,23421.31227823015,23684.527632780617,24100.306420279296,23698.912274911392,23156.43641732456,22282.543896957905,24471.315232277007,23125.627359292208
results/GeneratedDense/10_cells_100000_features/dense_pandas_spearman.csv,spearman,pandas,dense,10,100000,10_100000,1000000,1.0,5.0,4.799876538528855,4.80580453639781,4.79824714767283,4.801727374193716,62841.58750694932,63347.19281404823,63944.69738006592,63077.80010768111,120.37406864011594,spearman_pandas,64920.66383361816,62968.73092651367,63174.96299743652,63062.94617022473,63102.16696766784,62935.215265199615,62973.04712119793,63189.930517746834,62876.64076389836,63046.11117250436,63262.03137233716,62984.6959982658,63113.62400498055,62989.547231975695,62988.60829211113,63068.40299788256,63076.16673596946,63106.53005536887,63176.68718682791,62841.58750694932,63347.19281404823,63271.994609927606,63068.50253191628,63125.42755210016,63116.451791296255
results/GeneratedDense/10_cells_100000_features/dense_pythonic_cosine.csv,cosine,pythonic,dense,10,100000,10_100000,1000000,1.0,5.0,5.51166415006256,5.527947806130342,5.509432089990623,5.5146168317011774,323170.78263361246,327052.01687772543,337246.77562713623,324835.99706272903,1164.3277394355468,cosine_pythonic,350799.0837097168,323694.46754455566,325721.9791412353,323586.22914635803,323286.915151613,325370.5255152968,323736.5058691812,326944.38571574405,323170.78263361246,327052.01687772543,324270.1410313152,325378.0785893177,324604.79314036446,325726.20429719915,325040.07286116004,325225.66876060044,324250.44224872,326357.91747299925,323480.4625513763,326337.43659139227,323561.88996452204,324001.816750786,325179.69939654646,324059.03134958766,326026.4669042878
results/GeneratedDense/10_cells_100000_features/dense_pythonic_euclidean.csv,euclidean,pythonic,dense,10,100000,10_100000,1000000,1.0,5.0,5.501703309325812,5.49820230901311,5.439748775942946,5.527274629424664,275263.5939791354,336724.4323260387,314921.498298645,317470.4512737689,16834.659365170846,euclidean_pythonic,327670.5741882324,302172.4224090576,326932.1918487549,335845.1129920327,335236.0593625536,330518.9713536774,334234.881983121,310536.3815098169,321039.1716753114,319748.9149906141,316321.9501937245,323306.4716902266,311876.4449102439,284004.6345680414,324113.6338221827,328433.7132474332,336724.4323260387,323697.6987364871,321076.2944619666,311292.4471303164,284938.0746545818,324645.5775672717,275263.5939791354,301318.1928341159,336013.5623237495
results/GeneratedDense/10_cells_100000_features/dense_pythonic_kendall.csv,kendall,pythonic,dense,10,100000,10_100000,1000000,1.0,5.0,5.756427621208868,5.7600510040401245,5.724151418710465,5.777701285510161,529848.1456132617,599378.6724828058,575507.5216293335,570725.9520139829,15778.32923871695,kendall_pythonic,595195.7702636719,555819.2729949951,582942.008972168,555772.6948061306,549683.4346374202,557886.7552573112,565272.5837439537,574825.5295271493,571804.4700807808,585124.1664760566,576571.6920225102,599378.6724828058,571262.6891709603,592830.9343509927,577212.4423877709,572484.2848564317,560077.4173627445,590901.1793229686,555065.1121466478,529848.1456132617,573254.1372683337,583808.4867802451,575888.5528248926,585436.2007172283,554271.9845318317
results/GeneratedDense/10_cells_100000_features/dense_pythonic_manhattan.csv,manhattan,pythonic,dense,10,100000,10_100000,1000000,1.0,5.0,5.482487311783368,5.4967380311753775,5.478375401730866,5.4865245924309285,300867.5861598789,306566.4271321244,313861.4892959595,303729.73538861756,1546.118640118973,manhattan_pythonic,322985.4106903076,304737.5679016113,302725.31509399414,305383.5192751756,301246.0266490075,303025.9053137969,304230.06574261014,306566.4271321244,304465.46721620805,304538.82225224754,304084.8065249633,305873.65578647,301750.0644500922,302276.85335538577,300928.3398160496,304259.1240154209,304058.09260605363,302909.9509956519,302054.2865964016,300867.5861598789,305373.8032948873,304307.08445220825,304481.1145665069,304254.8483716128,305114.92175846273
results/GeneratedDense/10_cells_100000_features/dense_pythonic_pearson.csv,pearson,pythonic,dense,10,100000,10_100000,1000000,1.0,5.0,3.691128498334075,3.789859440802743,3.455928700913792,3.8127812373253867,2857.121444918978,6498.022896937556,6163.954734802246,4910.531466544105,843.4708751247903,pearson_pythonic,6600.856781005859,5727.052688598633,4220.485687255859,4092.119942753145,6385.610590649127,4802.724280200729,5699.756747130883,2857.121444918978,5172.695280346584,4820.903558983929,4604.125172015233,4574.141322786301,3318.933697178964,5585.444027800316,5014.701892650553,5574.699186519019,4658.179163798411,5645.493674953624,6498.022896937556,5343.532755384836,4842.515412891383,4967.60816442235,4188.407909282039,5134.998584739446,4123.48111486061
results/GeneratedDense/10_cells_100000_features/dense_pythonic_spearman.csv,spearman,pythonic,dense,10,100000,10_100000,1000000,1.0,5.0,5.859502948399409,5.869959490383859,5.849787667880889,5.876709487094674,707599.7452464774,752851.7895941,741241.0974502563,723607.314790601,12167.370896239352,spearman_pythonic,761963.8442993164,720518.3506011963,734463.4532928467,710958.5008600509,728432.9805890872,707599.7452464774,735282.7308927028,716851.5143183671,752851.7895941,721631.076534989,730339.7068747454,718958.387358758,718468.133638229,710415.3850889602,714513.5059993891,720202.4022651038,716823.0677872434,718596.2820098335,738052.6129684376,743621.8844846702,709604.9086665701,744828.6450219958,722876.3521901241,707614.5256605122,723069.6130300361
results/GeneratedDense/10_cells_100000_features/dense_raft_cosine.csv,cosine,raft,dense,10,100000,10_100000,1000000,1.0,5.0,4.577407967518828,5.694927220195936,4.5727789032926305,4.585703508327331,37392.017929491936,38521.52824401856,495367.169380188,37792.704130623824,210.41086725425163,cosine_raft,952212.8105163574,38521.52824401856,37759.54246520996,37785.76850891113,37786.00692749024,37756.68144226074,37798.64311218262,37757.39669799805,37754.77409362793,37781.0001373291,37724.84451454041,37709.2395283324,37853.752551389465,37734.275975897486,37529.392327668,37738.12409464943,38019.39192961844,37956.537308759966,37744.46444719302,37651.74303846471,37723.95991565776,37392.017929491936,38140.117401945114,37575.482745917136,37830.21379641815
results/GeneratedDense/10_cells_100000_features/dense_raft_euclidean.csv,euclidean,raft,dense,10,100000,10_100000,1000000,1.0,5.0,4.0299789107832025,5.692620056526126,4.011770676551798,4.053741029085454,10274.736110300428,11317.253112792969,492742.5384521485,10714.672738275434,236.2709200820395,euclidean_raft,974167.823791504,11317.253112792969,10627.031326293943,10614.15672302246,10642.051696777344,10614.15672302246,10680.198669433594,10702.61001586914,10635.3759765625,10627.031326293943,10580.946816107937,10451.521073151493,10908.132028063384,10274.736110300428,10619.584272469256,10436.63702766648,10832.377092312969,10940.163325894657,10816.239160342097,11143.483722739506,10556.057944981798,10535.962767371604,10602.657810562112,11130.91880973361,10862.86218684477
results/GeneratedDense/10_cells_100000_features/dense_raft_manhattan.csv,manhattan,raft,dense,10,100000,10_100000,1000000,1.0,5.0,4.032971611071674,5.692181487536496,4.013650327517116,4.057920340486393,10319.302119108856,11426.687240600586,492245.1972961426,10788.761960284863,259.2811542799649,manhattan_raft,973063.7073516846,11426.687240600586,10711.669921875,10693.073272705078,10704.278945922852,10765.314102172852,10704.04052734375,10725.021362304688,10719.776153564451,10700.225830078123,10524.07669589634,10938.84785932653,10319.302119108856,10706.861099106867,10977.37110784432,11200.746545542705,10735.635355186752,10728.196176692025,11076.943516596346,11264.518890037754,10483.09229355786,10898.691938541568,10925.62350566337,10381.514588043374,10618.777999124632
results/GeneratedDense/10_cells_100000_features/dense_raft_pearson.csv,pearson,raft,dense,10,100000,10_100000,1000000,1.0,5.0,4.60249809647545,5.690371760556742,4.598216682935091,4.6086031939415335,39647.57989415863,40607.21397399902,490198.2545852661,40040.371334631236,227.41109182227066,pearson_raft,939789.2951965332,40607.21397399902,39927.48260498047,40026.66473388672,39991.61720275879,40065.28854370117,39897.44186401367,39941.31088256836,40043.35403442383,39833.78410339356,40128.94151488583,39687.09752750289,40226.30641613726,39861.90579636254,39913.80796075134,40112.0820529785,40603.070186782235,40167.28715324729,40165.07415746916,40190.63057823415,40107.050380525216,39755.69075076297,39647.57989415863,40028.5555907059,40039.67412692014
results/GeneratedDense/10_cells_10000_features/dense_CPU_cosine.csv,cosine,CPU,dense,10,10000,10_10000,100000,1.0,4.0,2.7819497467234235,4.970683858413322,2.519827993775719,3.023869501388332,331.0,1056.5,93472.5,605.2708333333334,207.37526266643334,cosine_CPU,93472.5,744.5,494.25,643.25,459.0,343.75,779.75,520.0,392.0,347.75,410.75,607.0,701.25,1056.5,778.25,541.5,950.5,471.5,547.75,611.75,946.75,331.0,497.25,429.0,921.5
results/GeneratedDense/10_cells_10000_features/dense_CPU_euclidean.csv,euclidean,CPU,dense,10,10000,10_10000,100000,1.0,4.0,2.7522405710173974,4.9693518352116275,2.5185139398778875,2.921686475483602,330.0,835.0,93186.25,565.25,142.24275025462634,euclidean_CPU,93186.25,737.75,492.25,421.0,718.25,775.25,503.75,835.0,758.25,540.5,364.0,589.25,604.0,577.0,464.5,681.5,449.75,530.25,604.5,686.25,399.0,414.5,396.25,693.25,330.0
results/GeneratedDense/10_cells_10000_features/dense_CPU_kendall.csv,kendall,CPU,dense,10,10000,10_10000,100000,1.0,4.0,4.062534196672349,4.100120581530363,3.770520643702951,4.232545073509171,5895.5,17082.25,12592.75,11548.729166666666,2486.8061719937023,kendall_CPU,12592.75,13716.75,9771.5,13654.75,16512.0,12199.5,11118.75,12556.25,12879.25,13555.0,11729.5,12766.25,17082.25,8032.5,12819.0,10485.5,10879.75,10635.75,10743.5,11451.0,10820.25,8230.5,5895.5,8174.75,11459.75
results/GeneratedDense/10_cells_10000_features/dense_CPU_manhattan.csv,manhattan,CPU,dense,10,10000,10_10000,100000,1.0,4.0,2.9572430276597643,3.158513262616432,2.794662287175811,3.0595634179012676,623.25,1147.0,1440.5,906.2395833333334,132.06490037979958,manhattan_CPU,1440.5,981.5,811.5,1147.0,623.25,875.0,878.75,850.0,1116.5,1004.75,753.75,963.25,648.5,871.5,1032.0,1094.25,928.5,928.25,853.75,735.75,823.0,1018.75,997.5,929.5,883.25
results/GeneratedDense/10_cells_10000_features/dense_CPU_pearson.csv,pearson,CPU,dense,10,10000,10_10000,100000,1.0,4.0,2.9885058717821806,4.977271932812194,1.6258267132857112,3.287241711178348,42.25,1937.5,94901.25,973.8809523809524,506.3731250570525,pearson_CPU,94901.25,1307.25,482.5,1003.25,1686.0,815.25,793.75,406.75,,1937.5,,1256.0,1933.75,975.25,947.0,1170.75,1377.5,,256.25,1136.5,483.25,510.75,42.25,1237.25,692.75
results/GeneratedDense/10_cells_10000_features/dense_CPU_spearman.csv,spearman,CPU,dense,10,10000,10_10000,100000,1.0,4.0,3.826066024894047,3.850309204632381,3.7244602007755776,3.898944466866509,5302.25,7924.0,7084.5,6699.864583333333,671.0405437451797,spearman_CPU,7084.5,7438.25,6040.5,7924.0,5993.0,7347.0,6631.5,6698.5,6331.75,7872.75,6967.5,6808.75,5302.25,7213.5,6142.75,7311.5,7000.5,5815.0,7219.75,6646.0,5474.25,6883.5,6893.5,6549.0,6291.75
results/GeneratedDense/10_cells_10000_features/dense_GPU_cosine.csv,cosine,GPU,dense,10,10000,10_10000,100000,1.0,4.0,3.4876705041230815,6.074390528227485,2.0394141191761372,4.019095510309654,109.5,10449.5,1186835.5,3073.7638888888887,2643.4114972052876,cosine_GPU,1186835.5,4683.75,587.5,3834.25,4927.25,,5994.25,451.0,3483.25,,6287.5,3345.75,,10449.5,109.5,1971.25,123.75,2865.75,,1641.25,219.0,,,1164.0,3189.25
results/GeneratedDense/10_cells_10000_features/dense_GPU_euclidean.csv,euclidean,GPU,dense,10,10000,10_10000,100000,1.0,4.0,3.768360567220551,6.06799419165662,3.119420863442087,4.162601741101327,1316.5,14541.25,1169483.75,5866.25,3069.1276864415104,euclidean_GPU,1169483.75,8284.5,1316.5,3575.0,2171.5,6563.5,,7904.25,5083.0,1875.25,10609.0,5600.25,4872.5,3734.75,5856.25,9538.25,14541.25,6994.75,3712.25,2288.25,6252.75,6441.0,7432.0,4410.75,
results/GeneratedDense/10_cells_10000_features/dense_GPU_kendall.csv,kendall,GPU,dense,10,10000,10_10000,100000,1.0,4.0,4.988174301457992,5.022844731297986,4.9715077817112565,5.000843882357486,93650.0,100194.5,105401.0,97313.77083333333,1602.7196123514468,kendall_GPU,105401.0,98580.25,96022.0,99764.5,95683.0,93650.0,95407.0,97831.25,98868.5,96393.25,98965.75,99700.25,97246.25,96609.0,97453.25,97792.0,97545.25,95839.0,98362.75,96507.0,98580.0,97367.75,95780.25,100194.5,95387.75
results/GeneratedDense/10_cells_10000_features/dense_GPU_manhattan.csv,manhattan,GPU,dense,10,10000,10_10000,100000,1.0,4.0,3.8271901650503715,5.589798297588635,3.8098626051382367,3.839980557678343,6454.5,6918.0,388864.5,6717.229166666667,137.48531960772718,manhattan_GPU,388864.5,6817.25,6605.0,6494.0,6716.0,6846.0,6566.25,6847.75,6751.0,6553.0,6890.0,6649.0,6789.5,6635.25,6454.5,6706.0,6892.5,6473.5,6666.0,6808.0,6918.0,6903.75,6731.25,6786.5,6713.5
results/GeneratedDense/10_cells_10000_features/dense_GPU_pearson.csv,pearson,GPU,dense,10,10000,10_10000,100000,1.0,4.0,4.043169406484944,6.072216432481816,4.003460532109506,4.103085001841614,10080.0,12679.0,1180909.0,11045.09375,620.8507595953348,pearson_GPU,1180909.0,11346.0,10312.75,11874.5,10460.25,10470.0,11797.0,10416.0,11293.0,10575.5,11078.25,12679.0,11842.5,10992.75,10080.0,11352.25,11645.0,10955.5,10687.25,10448.75,10469.75,11587.25,10606.75,10966.0,11146.25
results/GeneratedDense/10_cells_10000_features/dense_GPU_spearman.csv,spearman,GPU,dense,10,10000,10_10000,100000,1.0,4.0,3.576803094529127,6.0844324722718985,3.4867137759824853,3.644069134335474,3067.0,4406.25,1214597.75,3774.0104166666665,280.04027313762043,spearman_GPU,1214597.75,3485.75,3925.5,3067.0,3818.5,3459.25,3912.75,3831.75,3911.25,3473.75,4406.25,3461.5,3925.5,3688.75,4203.5,4040.75,3739.5,3694.25,3977.5,3649.0,3950.25,3775.5,3848.75,3925.0,3404.75
results/GeneratedDense/10_cells_10000_features/dense_amap_cosine.csv,cosine,amap,dense,10,10000,10_10000,100000,1.0,4.0,3.605704492338984,3.7198282862543346,3.552333546629035,3.6558344774028377,3567.25,4527.25,5246.0,4033.7083333333335,255.87346997859876,cosine_amap,5246.0,4445.75,4527.25,3943.0,4094.75,3950.25,3939.25,3678.0,3951.0,3676.75,3567.25,4216.25,3908.0,3920.0,4155.75,4260.25,3655.75,4077.5,4488.75,4246.5,4111.75,4217.5,4077.5,3757.5,3942.75
results/GeneratedDense/10_cells_10000_features/dense_amap_euclidean.csv,euclidean,amap,dense,10,10000,10_10000,100000,1.0,4.0,3.359552893556221,3.5563025007672873,3.3225810560892004,3.4013574538742315,2101.75,2519.75,3600.0,2288.5104166666665,95.09163560653685,euclidean_amap,3600.0,2519.75,2210.25,2230.25,2257.5,2238.75,2237.5,2223.0,2220.0,2264.0,2368.75,2345.75,2457.75,2335.0,2447.0,2158.0,2249.75,2361.75,2213.5,2101.75,2259.25,2364.5,2312.75,2292.75,2255.0
results/GeneratedDense/10_cells_10000_features/dense_amap_kendall.csv,kendall,amap,dense,10,10000,10_10000,100000,1.0,4.0,6.2005638679638055,6.199035349346438,6.198216934669834,6.202986284934259,1578399.5,1595828.75,1581376.75,1586952.28125,3897.5030510414745,kendall_amap,1581376.75,1586356.5,1582522.25,1590642.75,1591597.5,1584145.0,1586977.25,1586505.25,1585605.25,1587891.25,1580707.25,1586721.0,1579715.0,1578399.5,1588828.75,1588440.75,1589472.0,1587178.25,1588850.75,1595828.75,1588864.5,1584320.75,1591122.5,1590200.25,1585961.75
results/GeneratedDense/10_cells_10000_features/dense_amap_manhattan.csv,manhattan,amap,dense,10,10000,10_10000,100000,1.0,4.0,3.3614976461549153,3.5494937132150133,3.308030554266106,3.4273643727300542,2032.5,2675.25,3544.0,2298.78125,157.54710460453038,manhattan_amap,3544.0,2675.25,2244.5,2276.5,2215.5,2204.75,2208.75,2203.25,2336.0,2385.5,2304.5,2363.0,2397.5,2081.0,2116.5,2390.75,2501.75,2180.25,2350.0,2457.75,2114.0,2032.5,2336.75,2177.5,2617.0
results/GeneratedDense/10_cells_10000_features/dense_amap_pearson.csv,pearson,amap,dense,10,10000,10_10000,100000,1.0,4.0,3.547596532238433,3.6703618350435416,3.488938306425236,3.5845008375241108,3082.75,3841.5,4681.25,3528.5520833333335,170.09909763574015,pearson_amap,4681.25,3649.0,3522.25,3082.75,3572.0,3841.5,3581.0,3426.25,3353.25,3435.25,3449.5,3265.0,3634.75,3747.0,3294.0,3709.0,3480.75,3606.75,3467.0,3425.75,3548.25,3719.5,3733.5,3595.25,3546.0
results/GeneratedDense/10_cells_10000_features/dense_amap_spearman.csv,spearman,amap,dense,10,10000,10_10000,100000,1.0,4.0,4.175814911607086,4.233402277811895,4.094994900944612,4.247451554382143,12445.0,17678.75,17116.0,14990.458333333334,1050.7163693827601,spearman_amap,17116.0,15962.75,15146.5,13664.25,14844.5,14311.5,14437.5,15723.5,13208.0,15762.75,14970.5,15953.0,15746.75,14549.0,15058.0,12445.0,15533.25,14581.5,14733.25,14290.75,14213.25,15396.75,17678.75,15440.5,16119.5
results/GeneratedDense/10_cells_10000_features/dense_armadillo_cosine.csv,cosine,armadillo,dense,10,10000,10_10000,100000,1.0,4.0,2.3152835684857007,2.289800697505186,2.266431623746848,2.3513710774980656,184.685,224.58,194.895,206.67291666666668,9.941678395843878,cosine_armadillo,194.895,210.183,194.994,211.604,220.928,184.685,209.786,218.335,220.426,196.394,197.385,199.541,194.75,224.58,202.166,213.654,208.183,204.69,203.084,207.824,194.156,205.685,205.623,221.18,210.314
results/GeneratedDense/10_cells_10000_features/dense_armadillo_euclidean.csv,euclidean,armadillo,dense,10,10000,10_10000,100000,1.0,4.0,2.305376183005791,2.3099727842619653,2.2985015703210454,2.312325482315131,198.839,205.27,204.161,202.01154166666666,1.5240286518294928,euclidean_armadillo,204.161,203.41,200.204,202.7,198.839,202.493,201.831,202.875,203.131,202.64,199.25,200.657,203.005,202.923,201.679,205.27,200.98,201.156,202.521,203.235,199.357,204.088,202.36,201.502,202.171
results/GeneratedDense/10_cells_10000_features/dense_armadillo_manhattan.csv,manhattan,armadillo,dense,10,10000,10_10000,100000,1.0,4.0,3.340117444868035,3.315163949529464,3.3239200490180574,3.347868401811422,2108.24,2227.76,2066.16,2188.353333333333,27.716472639128504,manhattan_armadillo,2066.16,2108.24,2184.23,2225.67,2204.76,2200.03,2171.12,2195.14,2189.7,2141.38,2197.61,2182.33,2188.2,2217.23,2227.76,2218.97,2175.44,2161.91,2166.87,2207.09,2163.48,2223.78,2199.55,2200.9,2169.09
results/GeneratedDense/10_cells_10000_features/dense_armadillo_pearson.csv,pearson,armadillo,dense,10,10000,10_10000,100000,1.0,4.0,2.7180216999310227,2.7017328647796375,2.7123693397129576,2.7234515671530084,515.667,528.995,503.191,522.4222916666666,2.8525050610408895,pearson_armadillo,503.191,520.784,523.94,518.944,526.65,520.62,521.173,524.363,522.668,523.108,520.087,528.995,524.669,524.321,520.565,526.96,515.667,520.071,520.904,523.59,524.883,520.671,522.831,521.433,520.238
results/GeneratedDense/10_cells_10000_features/dense_armadillo_spearman.csv,spearman,armadillo,dense,10,10000,10_10000,100000,1.0,4.0,3.900370432351554,3.631647677190028,3.408234875893569,4.300996553701342,2559.97,19998.46,4282.01,7950.060476190476,5001.166660821183,spearman_armadillo,4282.01,19322.7,8861.69,5415.7,4380.34,4362.32,4586.29,4298.41,3438.61,3417.89,2559.97,,4322.51,13170.23,10840.16,4911.72,12311.11,6080.03,,19998.46,10406.97,11041.82,,10046.88,3177.46
results/GeneratedDense/10_cells_10000_features/dense_arrayfirecpu_cosine.csv,cosine,arrayfirecpu,dense,10,10000,10_10000,100000,1.0,4.0,2.99432609954249,2.9921592487085413,2.9931040997280216,2.995459247762231,984.247,989.599,982.108,987.0203333333334,1.299308876116669,cosine_arrayfirecpu,982.108,985.834,987.718,987.202,986.627,985.683,984.7,985.574,987.61,986.941,988.641,988.39,987.339,988.867,988.574,989.599,985.992,987.097,987.595,987.186,985.503,987.563,986.882,984.247,987.124
results/GeneratedDense/10_cells_10000_features/dense_arrayfirecpu_euclidean.csv,euclidean,arrayfirecpu,dense,10,10000,10_10000,100000,1.0,4.0,2.993321744642574,3.0020277569165494,2.9915149183964918,2.9961126559720053,980.652,991.089,1004.68,984.740375,2.535056012078434,euclidean_arrayfirecpu,1004.68,982.508,987.207,987.389,986.905,987.662,983.194,982.287,982.552,983.459,982.338,985.846,985.857,985.044,983.639,986.913,982.667,991.089,982.008,985.032,984.621,983.458,988.99,980.652,982.452
results/GeneratedDense/10_cells_10000_features/dense_arrayfirecpu_manhattan.csv,manhattan,arrayfirecpu,dense,10,10000,10_10000,100000,1.0,4.0,5.344763361551732,5.458658996763784,5.324041571186765,5.3706999422074215,210883.0,234801.0,287514.0,221188.91666666666,6206.327738127882,manhattan_arrayfirecpu,287514.0,226558.0,216218.0,210883.0,229692.0,219029.0,215989.0,218077.0,215895.0,216891.0,228484.0,213713.0,223218.0,234801.0,217213.0,225172.0,215560.0,218236.0,233097.0,223873.0,224393.0,218301.0,223143.0,225521.0,214577.0
results/GeneratedDense/10_cells_10000_features/dense_arrayfirecpu_pearson.csv,pearson,arrayfirecpu,dense,10,10000,10_10000,100000,1.0,4.0,3.100311084064578,3.104784050813411,3.0901839590066347,3.1151243623265503,1230.79,1303.54,1272.87,1259.8274999999999,20.290563539488,pearson_arrayfirecpu,1272.87,1252.82,1277.73,1269.98,1301.22,1259.31,1285.11,1283.74,1272.58,1258.75,1239.37,1245.36,1248.0,1275.55,1260.55,1257.14,1230.79,1235.88,1231.22,1238.43,1238.36,1250.52,1251.41,1268.5,1303.54
results/GeneratedDense/10_cells_10000_features/dense_arrayfirecpu_spearman.csv,spearman,arrayfirecpu,dense,10,10000,10_10000,100000,1.0,4.0,4.2205091673360045,4.2594505237165,3.842640437806179,4.41220174170372,6960.5,25834.6,18174.0,16615.337499999998,4718.81622689177,spearman_arrayfirecpu,18174.0,20282.3,14825.3,21842.0,19341.7,18510.8,20059.3,13785.0,7911.8,18302.5,16270.5,17595.2,17852.9,16214.6,22474.1,13705.6,16455.9,11726.6,13204.8,20112.1,25834.6,18075.7,6989.0,6960.5,20435.3
results/GeneratedDense/10_cells_10000_features/dense_arrayfirecuda_cosine.csv,cosine,arrayfirecuda,dense,10,10000,10_10000,100000,1.0,4.0,2.213941772861484,2.2710722009336326,2.2094158124985688,2.226184742967171,161.963,168.339,186.669,163.65970833333333,1.3452468633168753,cosine_arrayfirecuda,186.669,165.34,163.376,163.454,162.909,162.974,163.109,163.847,162.787,163.326,168.339,165.258,163.28,163.603,164.679,165.761,163.099,162.231,161.963,162.897,163.024,163.884,162.745,163.24,162.708
results/GeneratedDense/10_cells_10000_features/dense_arrayfirecuda_euclidean.csv,euclidean,arrayfirecuda,dense,10,10000,10_10000,100000,1.0,4.0,2.193878622864959,2.269580651520308,2.1808996867662302,2.212049034366709,151.67,162.948,186.029,156.27108333333334,2.347181748336124,euclidean_arrayfirecuda,186.029,155.121,158.107,157.907,154.055,154.102,157.632,159.476,159.025,157.707,156.838,157.258,154.938,154.605,162.948,155.151,155.358,156.572,152.973,157.135,156.352,153.937,151.67,154.77,156.869
results/GeneratedDense/10_cells_10000_features/dense_arrayfirecuda_manhattan.csv,manhattan,arrayfirecuda,dense,10,10000,10_10000,100000,1.0,4.0,5.0794602810708,5.081476928602559,5.077346099156037,5.081505727971396,119494.0,120644.0,120636.0,120077.125,280.7103062619302,manhattan_arrayfirecuda,120636.0,119861.0,120161.0,119494.0,119840.0,120279.0,120640.0,119770.0,120083.0,120020.0,119863.0,120644.0,120110.0,119902.0,120165.0,119975.0,120585.0,120208.0,120213.0,119700.0,120260.0,120059.0,120019.0,120205.0,119795.0
results/GeneratedDense/10_cells_10000_features/dense_arrayfirecuda_pearson.csv,pearson,arrayfirecuda,dense,10,10000,10_10000,100000,1.0,4.0,2.2662014055931667,2.3238603053158284,2.205591374196207,2.3119974213582446,160.543,205.115,210.795,184.58712500000001,11.035391139845247,pearson_arrayfirecuda,210.795,178.594,196.569,175.735,177.646,160.543,188.634,183.516,181.494,183.552,198.266,192.492,184.387,183.493,171.699,182.371,195.216,179.469,167.431,197.937,199.632,205.115,188.133,190.396,167.771
results/GeneratedDense/10_cells_10000_features/dense_arrayfirecuda_spearman.csv,spearman,arrayfirecuda,dense,10,10000,10_10000,100000,1.0,4.0,2.892909346502875,2.9249741181192634,2.891360135668248,2.8942434895584164,778.682,783.869,841.345,781.4646666666667,1.510610628925346,spearman_arrayfirecuda,841.345,780.561,782.955,783.818,781.67,783.621,783.721,781.549,783.869,781.718,780.38,779.251,779.259,778.682,780.661,781.428,781.095,781.256,780.911,779.522,780.289,781.423,783.652,782.355,781.506
results/GeneratedDense/10_cells_10000_features/dense_factoextra_cosine.csv,cosine,factoextra,dense,10,10000,10_10000,100000,1.0,4.0,3.1510760325466745,3.4796112959629615,3.0629578340845103,3.2273724422896364,1156.0,1688.0,3017.25,1416.0416666666667,97.63571395185724,cosine_factoextra,3017.25,1688.0,1394.25,1396.25,1400.75,1398.75,1408.0,1401.75,1400.5,1397.0,1391.25,1499.0,1480.5,1210.0,1462.75,1476.0,1409.0,1406.75,1156.0,1392.0,1469.5,1327.0,1463.25,1520.5,1436.25
results/GeneratedDense/10_cells_10000_features/dense_factoextra_euclidean.csv,euclidean,factoextra,dense,10,10000,10_10000,100000,1.0,4.0,2.9012028189774886,3.3105340064241435,2.779055089381888,3.0126263509540503,601.25,1029.5,2044.25,796.53125,102.7665566673849,euclidean_factoextra,2044.25,1029.5,766.75,756.25,769.0,745.75,744.25,747.25,744.5,763.25,715.75,966.0,843.5,796.5,753.0,861.5,601.25,898.75,909.5,874.0,788.5,913.25,866.75,627.0,635.0
results/GeneratedDense/10_cells_10000_features/dense_factoextra_kendall.csv,kendall,factoextra,dense,10,10000,10_10000,100000,1.0,4.0,8.028820907068654,8.029899212629184,8.026171278583304,8.031267375418777,106211435.5,107465082.25,107127066.5,106861411.67708333,280307.1492693558,kendall_factoextra,107127066.5,106719115.75,106677597.5,107328486.25,106941727.0,106758394.5,106891710.75,107014871.75,107042348.5,106931398.5,106548106.75,107011789.75,106211435.5,106686008.75,106699872.5,107465082.25,106817494.25,107214311.25,106757313.25,107186748.25,106823593.5,107127583.5,106740803.0,106665600.0,106412487.25
results/GeneratedDense/10_cells_10000_features/dense_factoextra_manhattan.csv,manhattan,factoextra,dense,10,10000,10_10000,100000,1.0,4.0,2.904016397881875,3.3144992279731516,2.8380616118598416,3.0113589537066106,688.75,1026.5,2063.0,801.7083333333334,76.39056942595874,manhattan_factoextra,2063.0,1026.5,759.5,749.5,753.25,758.0,759.75,754.25,760.5,751.75,860.5,812.75,809.0,943.75,688.75,759.25,792.0,775.5,890.75,831.75,730.0,897.75,744.5,873.0,758.75
results/GeneratedDense/10_cells_10000_features/dense_factoextra_spearman.csv,spearman,factoextra,dense,10,10000,10_10000,100000,1.0,4.0,4.1124028450323005,4.193507221365951,4.107116654168289,4.120730183305286,12797.25,13204.75,15613.75,12953.96875,109.76085065239563,spearman_factoextra,15613.75,13204.75,12952.75,12852.75,12803.75,12872.0,12937.0,13003.75,12989.5,12829.5,13108.25,12984.75,12823.25,12984.25,12832.75,13022.0,12914.25,12807.75,13086.25,13090.5,13066.5,12959.5,12797.25,13044.0,12928.25
results/GeneratedDense/10_cells_10000_features/dense_pandas_cosine.csv,cosine,pandas,dense,10,10000,10_10000,100000,1.0,4.0,3.8530027743690853,3.8541367877956487,3.8490965169279465,3.8569225177338504,7064.745426177979,7193.206329126716,7147.214032400015,7128.575840036899,29.679518836727315,cosine_pandas,7136.106491088867,7158.321573711162,7095.958260666898,7106.76659468961,7129.242193852217,7104.221717294167,7104.14118958845,7121.296577816797,7133.548532651335,7158.290192963839,7146.47848383277,7082.261618828017,7117.435452290374,7090.671128511966,7134.913303398188,7193.206329126716,7130.28766414754,7144.267897197864,7135.389653200552,7064.745426177979,7169.144980686209,7120.137717897968,7165.371182115341,7157.554318969924,7122.168171269698
results/GeneratedDense/10_cells_10000_features/dense_pandas_euclidean.csv,euclidean,pandas,dense,10,10000,10_10000,100000,1.0,4.0,3.5393114387765605,3.549855458403186,3.4946685959635,3.59091309913047,3123.694809669047,3898.639683984414,3546.9532012939453,3461.875448668889,203.55745142391538,euclidean_pandas,3777.503967285156,3316.4024353027344,3593.921661376953,3898.639683984414,3670.7782734008424,3441.636961288376,3234.629011474173,3269.3659506776244,3171.881806914132,3123.694809669047,3259.42374762921,3448.6575917697314,3496.725744033811,3636.313896170231,3370.2363520591825,3444.197276451046,3324.93548549411,3521.9422334521723,3362.7016406752464,3581.574368357921,3170.0668903030164,3621.296594378005,3754.8422074162536,3617.149925363751,3753.9962204113535
results/GeneratedDense/10_cells_10000_features/dense_pandas_kendall.csv,kendall,pandas,dense,10,10000,10_10000,100000,1.0,4.0,5.450244102019819,5.304466291667569,4.9608344108326765,5.689267238131921,91376.4771932697,488953.13850264647,201588.74988555908,281996.7492832798,118886.72001972127,kendall_pandas,202468.8720703125,200708.6277008057,332378.625869751,475624.32289123535,437809.2288970947,275131.4640045166,144306.42127990723,225376.84440612796,142665.62461853027,144428.49159240723,488953.13850264647,91376.4771932697,372907.7016893077,149179.41587742657,312056.60413187474,351790.00020950194,161619.60399840056,280198.29098154826,360716.30818629113,338782.92503774504,136232.8012139121,361008.36974267,429363.3185970904,168691.9147469292,386615.46142972546
results/GeneratedDense/10_cells_10000_features/dense_pandas_manhattan.csv,manhattan,pandas,dense,10,10000,10_10000,100000,1.0,4.0,3.578043930476361,3.57801381671699,3.576358802980535,3.580208980134357,3770.1515061452815,3803.723854061797,3784.546247440433,3784.808675058257,8.933129119013442,manhattan_pandas,3784.8949432373047,3784.197551643561,3778.5603575085206,3776.5482141169914,3797.8036788035793,3776.886872052981,3794.200190622909,3777.5065523051794,3786.8286491217664,3786.049423237728,3803.723854061797,3800.801165453564,3780.250323059703,3770.1515061452815,3797.3893019783354,3774.3110759991905,3784.334702467044,3794.6205356931705,3773.690816910143,3788.0884031688097,3780.779543944167,3783.4142824169753,3779.457991351189,3779.282281877348,3786.530927458239
results/GeneratedDense/10_cells_10000_features/dense_pandas_pearson.csv,pearson,pandas,dense,10,10000,10_10000,100000,1.0,4.0,3.483291055431514,3.5170775409329385,3.4722681803825157,3.494801297770969,2966.662762459418,3124.649422957328,3289.1035079956055,3042.9236487379235,43.81198699133843,pearson_pandas,3503.3226013183594,3074.884414672852,3009.5577239990234,3115.7224049552046,2996.604072253745,2966.662762459418,3027.55023525859,3124.649422957328,3008.061862038651,2971.4976748487784,3067.427400500156,3043.4225320703167,3004.7490408921067,3122.2456838076346,2992.4917365285046,3056.0493601275302,3057.16662428896,2996.486692545226,3078.7194601547967,3022.1758817229174,3031.3257375048856,3071.1661898231146,3060.8001657076093,3060.734028872313,3070.016461720499
results/GeneratedDense/10_cells_10000_features/dense_pandas_spearman.csv,spearman,pandas,dense,10,10000,10_10000,100000,1.0,4.0,3.7616388848313687,3.785495229278678,3.7546033811289936,3.769345764525907,5683.336637903396,5879.572697375062,6102.323532104492,5776.155612542757,51.18241800737068,spearman_pandas,6389.856338500977,5814.790725708008,5733.251571655273,5792.043887684013,5683.336637903396,5814.919154132094,5761.25875192011,5731.04945964444,5719.478405891537,5742.366867044678,5769.811073943923,5783.551245064745,5837.829099120984,5791.120197523575,5693.64056399904,5757.289812956848,5804.919436656281,5872.760421952725,5820.286913007669,5879.572697375062,5714.818971799434,5718.124206775959,5794.8599221738,5799.832615329755,5796.822061762851
results/GeneratedDense/10_cells_10000_features/dense_pythonic_cosine.csv,cosine,pythonic,dense,10,10000,10_10000,100000,1.0,4.0,5.446740300238839,5.460040034094493,5.441496861439221,5.454548580307311,276373.7946107787,284805.63667711226,288429.73709106445,279730.8082880876,1881.8187635846484,cosine_pythonic,298565.149307251,278294.324874878,280866.8613433838,279748.8890354279,278952.7572329976,284805.63667711226,281636.7163765552,276373.7946107787,282085.0153782211,278970.6718023468,278955.9807184136,280959.8482630749,280183.99416595045,276715.17066389526,279436.2174141315,277452.03905103204,278078.8745438768,279614.9038353642,282480.5168225828,278784.9951695101,280471.5772274993,278733.7124688608,278724.3227535604,279539.1849456417,281673.3935390067
results/GeneratedDense/10_cells_10000_features/dense_pythonic_euclidean.csv,euclidean,pythonic,dense,10,10000,10_10000,100000,1.0,4.0,5.429143424623708,5.455412294687561,5.419907457729819,5.445124406510881,262970.7577132244,278691.9385685836,285372.61486053467,268623.14201336255,4013.843363719455,euclidean_pythonic,299348.1159210205,271397.1138000488,265971.6606140137,263356.717308537,262970.7577132244,269238.8350410265,264280.3467609194,266566.1274287277,273458.4502644807,263798.1738032664,268830.715314038,263502.6892081463,271175.1284132145,278691.9385685836,272229.0491683224,272780.0708183334,271027.279495765,269730.0515353965,268912.4170502741,270148.6983476146,263565.6692589903,268140.3669555823,273679.7123671944,268974.6870476553,264528.7520373453
results/GeneratedDense/10_cells_10000_features/dense_pythonic_kendall.csv,kendall,pythonic,dense,10,10000,10_10000,100000,1.0,4.0,5.491588751890996,5.508866213723617,5.489940269741377,5.49380468820326,308987.04410380346,311748.72660839406,322749.9723434448,310162.11672924453,859.6509858871622,kendall_pythonic,334571.12312316895,310928.8215637207,309447.5269317627,309844.5015612005,309309.1829857382,309180.4804682154,308987.04410380346,310168.8368024103,309022.84857989964,311682.0185925765,309398.26139208867,309959.9169713872,310916.31740447204,310450.55849186773,309490.20817996206,309157.6812064991,310201.62268437265,310389.4999614297,310657.0206889728,311748.72660839406,311092.9866965667,309009.6719322984,311231.2435780608,311065.42353675945,310550.40057941043
results/GeneratedDense/10_cells_10000_features/dense_pythonic_manhattan.csv,manhattan,pythonic,dense,10,10000,10_10000,100000,1.0,4.0,5.416908274584361,5.4403046917951015,5.4163636452277,5.41742635991402,260833.66589809465,261472.70507237915,275616.1689758301,261160.970961642,148.74566304702174,manhattan_pythonic,290229.32052612305,261003.0174255371,261247.8733062744,261222.3805240564,261107.97276715317,261132.74071808133,261205.7920899827,261427.8623885725,260887.66069454805,260833.66589809465,261133.6424367967,261127.8617522964,260995.26471526173,261472.70507237915,261197.87920466647,261129.76581397245,261376.09877507383,261176.1332246693,261279.24212280643,260958.5379546362,261172.56070928523,261196.71261264713,261162.83883020072,261210.23724964392,261204.85679277233
results/GeneratedDense/10_cells_10000_features/dense_pythonic_pearson.csv,pearson,pythonic,dense,10,10000,10_10000,100000,1.0,4.0,2.7703136605134713,2.8233332771800606,2.742169314123723,2.7947092189735985,552.292714249971,623.3173548126967,665.7838821411133,589.2690895342677,18.459134444436536,pearson_pythonic,732.421875,599.1458892822266,574.3503570556641,607.7348413700312,571.3157161394549,611.7856736260089,591.2800405864457,615.8259998038762,571.0621765434004,577.2611809718292,552.292714249971,595.4006976304821,581.0022123194882,587.8956016921088,586.9855979328721,587.3688114794604,614.7582638450007,623.3173548126967,581.6551851986869,574.7361674594077,599.9920232619008,579.097462754974,578.0597643511952,561.828010902155,618.306405553087
results/GeneratedDense/10_cells_10000_features/dense_pythonic_spearman.csv,spearman,pythonic,dense,10,10000,10_10000,100000,1.0,4.0,5.514453137635263,5.521170540376677,5.510061901950046,5.517135132432766,323639.7834793518,328953.9702725869,332024.81269836426,326928.7678187681,1170.4676349837505,spearman_pythonic,338458.776473999,325590.8489227295,327242.8512573242,328083.2188789519,327653.7520425554,325760.1723741695,326769.7109855927,326501.252386719,328953.9702725869,327852.0517110305,326437.1760933189,326714.6320678865,327972.7285962526,325775.233019968,326328.8702402403,327429.9285037412,327543.6217884446,325926.2680480356,323639.7834793518,328137.1959528438,325977.2999579413,328508.3710118036,326586.5352569382,328335.4629464243,326569.4918555835
results/GeneratedDense/10_cells_10000_features/dense_raft_cosine.csv,cosine,raft,dense,10,10000,10_10000,100000,1.0,4.0,3.664065969381025,5.681793784125134,3.6426613253216473,3.682605457415862,4391.989825162857,4815.101623535156,480611.0858917236,4613.876540746505,76.47061476228666,cosine_raft,956407.070159912,4815.101623535156,4591.226577758789,4575.490951538086,4602.4322509765625,4580.259323120117,4590.034484863281,4614.830017089844,4602.670669555664,4565.000534057617,4686.563603970304,4391.989825162857,4648.615951498594,4580.005878041562,4595.2560855401,4720.542489854981,4610.657612532692,4648.028579512725,4633.971278145983,4543.553380517825,4670.014536588848,4688.0764597923835,4667.846175312093,4554.712866610184,4556.155822339883
results/GeneratedDense/10_cells_10000_features/dense_raft_euclidean.csv,euclidean,raft,dense,10,10000,10_10000,100000,1.0,4.0,3.263241266559642,5.65233304261673,3.2549607372016034,3.2812436220825774,1798.7082938740984,1910.9249114990237,449089.6463394165,1833.3326232299169,26.958563202039976,euclidean_raft,896268.367767334,1910.9249114990237,1828.6705017089844,1811.0275268554688,1837.4919891357424,1817.7032470703125,1830.1010131835935,1801.0139465332031,1822.2332000732424,1816.5111541748047,1844.1600935658932,1810.0954650250987,1856.60179041932,1831.9747344557131,1804.40390607382,1806.9765556620016,1847.6075235032947,1824.8951868323893,1869.9593229451343,1864.184706567976,1817.0097768767296,1823.0612813290804,1880.034186150016,1798.7082938740984,1844.6326440030648
results/GeneratedDense/10_cells_10000_features/dense_raft_manhattan.csv,manhattan,raft,dense,10,10000,10_10000,100000,1.0,4.0,3.2607640542038547,5.656463717572243,3.2390207746933077,3.2814603088686134,1733.8869371174571,1911.8785858154297,453381.41918182373,1822.9050757659295,36.32329006016855,manhattan_raft,904850.959777832,1911.8785858154297,1816.5111541748047,1802.4444580078125,1881.122589111328,1800.7755279541016,1823.42529296875,1794.576644897461,1830.8162689208984,1808.643341064453,1862.3056471484388,1777.3714679860211,1793.0572170890196,1816.8814782435104,1845.298144793676,1858.4111732575996,1846.8548224549736,1816.031494248912,1829.7665091718752,1864.4511838295489,1787.1292581989164,1813.6594647392928,1829.0040997440096,1805.4190574440192,1733.8869371174571
results/GeneratedDense/10_cells_10000_features/dense_raft_pearson.csv,pearson,raft,dense,10,10000,10_10000,100000,1.0,4.0,3.685409695452845,5.655538244371226,3.6692570721114066,3.704964634579192,4669.356919638976,5069.494247436523,452416.3007736206,4846.2933127790175,78.89919039784269,pearson_raft,899887.8002166748,4944.801330566406,4870.891571044922,4826.30729675293,4847.049713134766,4809.856414794922,4832.50617980957,4880.666732788086,4822.969436645508,5069.494247436523,4804.631600535558,4808.301671123696,4968.955285227521,4858.810938808487,4767.942167201927,4843.513950739377,4669.356919638976,4833.783566781214,4804.634250172085,4824.768632779537,4873.820134698954,4773.006532124081,4759.390256065379,4852.128711870546,4963.451965955459
results/GeneratedDense/10_cells_1000_features/dense_CPU_cosine.csv,cosine,CPU,dense,10,1000,10_1000,10000,1.0,3.0,3.358249931781365,4.380622721695673,3.010617926988539,3.787672964687493,1024.75,6133.0,24022.75,2281.654761904762,1368.2799844804078,cosine_CPU,24022.75,6133.0,1252.75,1156.5,1172.0,1237.5,1172.5,1153.5,1909.75,1145.75,3122.75,3471.25,3843.5,3159.75,2020.5,1074.0,2268.5,2140.5,1511.0,,1024.75,3219.5,,4725.5,
results/GeneratedDense/10_cells_1000_features/dense_CPU_euclidean.csv,euclidean,CPU,dense,10,1000,10_1000,10000,1.0,3.0,3.649547550798934,4.446070935701005,2.891398059667226,4.0846656297465795,778.75,12152.5,27930.0,4462.184782608696,3614.429790119489,euclidean_CPU,27930.0,10814.0,1230.75,1129.25,1158.75,1146.75,1142.5,12152.5,1749.25,1227.5,5872.25,778.75,2769.0,2422.75,5025.0,11619.75,4798.0,6540.25,6161.75,2572.75,3117.75,1895.5,8376.5,8929.0,
results/GeneratedDense/10_cells_1000_features/dense_CPU_kendall.csv,kendall,CPU,dense,10,1000,10_1000,10000,1.0,3.0,3.548184610545108,4.0795158857516025,2.761927838420529,3.8087172420492474,578.0,6437.5,12009.25,3533.3333333333335,1398.8869192494517,kendall_CPU,12009.25,6437.5,2541.5,3599.75,3548.25,3037.75,3182.5,3618.25,5380.75,4259.75,4483.75,2902.25,2120.75,1653.5,578.0,3348.25,4472.75,2710.0,1406.5,5060.75,2452.0,5733.25,3162.0,3856.75,5253.5
results/GeneratedDense/10_cells_1000_features/dense_CPU_manhattan.csv,manhattan,CPU,dense,10,1000,10_1000,10000,1.0,3.0,3.2104104932832707,3.9790815076640764,2.8790958795000727,3.5095385335524316,757.0,3232.5,9529.75,1623.34375,720.8338336191665,manhattan_CPU,9529.75,2408.25,1202.0,1103.25,1109.75,3232.5,2198.0,1106.75,1110.5,1115.25,2921.0,942.25,883.5,1418.5,943.0,1920.5,814.0,2157.75,757.0,2102.25,1747.5,2340.25,908.5,2693.5,1824.5
results/GeneratedDense/10_cells_1000_features/dense_CPU_pearson.csv,pearson,CPU,dense,10,1000,10_1000,10000,1.0,3.0,3.9536503126155016,3.99337008924583,2.542514216281654,4.4467662140884805,348.75,27974.75,9848.5,8987.736111111111,9890.520618624989,pearson_CPU,9848.5,1327.75,1260.5,1163.25,21639.25,2031.5,1181.25,1160.25,23058.5,1171.75,,348.75,6765.5,,27974.75,19937.25,,10268.5,,,27571.25,2108.75,9858.0,2952.5,
results/GeneratedDense/10_cells_1000_features/dense_CPU_spearman.csv,spearman,CPU,dense,10,1000,10_1000,10000,1.0,3.0,3.567494219106524,4.00299712368255,2.734199560686231,4.056580914494464,542.25,11391.5,10069.25,3693.9772727272725,3094.2170289445994,spearman_CPU,10069.25,1812.0,11391.5,9365.25,11000.25,1689.0,1672.75,1701.75,1640.5,1638.0,542.25,2347.75,1988.75,3296.25,5895.5,,3244.75,5258.5,4840.25,,2512.5,624.0,4473.0,1151.75,3181.25
results/GeneratedDense/10_cells_1000_features/dense_GPU_cosine.csv,cosine,GPU,dense,10,1000,10_1000,10000,1.0,3.0,3.0799195219843436,5.948129579333367,2.977494969073036,3.146050476167021,949.5,1399.75,887420.75,1202.0416666666667,111.37959835874591,cosine_GPU,887420.75,1399.75,1282.75,1150.0,1141.5,1171.0,1163.5,1162.75,1167.5,1165.75,1104.0,1194.5,1376.0,1112.75,1387.5,1285.5,949.5,1263.75,1384.25,1175.0,1316.0,1063.5,1080.5,1167.25,1184.5
results/GeneratedDense/10_cells_1000_features/dense_GPU_euclidean.csv,euclidean,GPU,dense,10,1000,10_1000,10000,1.0,3.0,3.063458461784792,5.926249171355254,3.0126263509540503,3.126293790693266,1029.5,1337.5,843818.75,1157.3333333333333,65.2797931130981,euclidean_GPU,843818.75,1337.5,1219.0,1118.5,1121.75,1128.0,1112.75,1098.75,1113.75,1140.25,1139.25,1118.0,1105.5,1134.5,1210.75,1203.0,1131.5,1227.0,1086.0,1172.0,1227.5,1263.0,1193.75,1144.5,1029.5
results/GeneratedDense/10_cells_1000_features/dense_GPU_kendall.csv,kendall,GPU,dense,10,1000,10_1000,10000,1.0,3.0,3.2544977247093043,3.977231888535506,3.214578953570499,3.2849943867229947,1639.0,1927.5,9489.25,1796.7916666666667,70.59183095247086,kendall_GPU,9489.25,1873.75,1845.5,1743.75,1731.5,1927.5,1721.0,1859.5,1888.75,1848.0,1799.0,1883.25,1808.75,1819.0,1746.75,1762.25,1639.0,1726.0,1776.75,1899.75,1699.0,1822.25,1761.25,1790.25,1750.5
results/GeneratedDense/10_cells_1000_features/dense_GPU_manhattan.csv,manhattan,GPU,dense,10,1000,10_1000,10000,1.0,3.0,3.5689253895555018,5.477119445155552,2.6987528027901546,3.9250541203118425,499.75,8415.0,299998.75,3706.1704545454545,1952.2454545203193,manhattan_GPU,299998.75,4417.0,766.5,,8415.0,3010.0,,6700.5,6962.0,4555.0,4251.25,4306.75,4324.25,2731.0,1434.0,3564.25,2917.5,2287.25,2896.0,849.5,4988.0,3645.75,3292.75,4721.75,499.75
results/GeneratedDense/10_cells_1000_features/dense_GPU_pearson.csv,pearson,GPU,dense,10,1000,10_1000,10000,1.0,3.0,3.084427317383427,5.946478916317071,3.0369281680157196,3.1329797137057582,1088.75,1358.25,884054.25,1214.5833333333333,82.29452526680551,pearson_GPU,884054.25,1345.0,1358.25,1171.25,1171.75,1172.5,1157.75,1162.75,1188.25,1178.25,1088.75,1095.25,1327.5,1333.25,1209.25,1159.5,1206.25,1150.5,1115.0,1338.25,1224.5,1240.25,1311.25,1299.5,1145.25
results/GeneratedDense/10_cells_1000_features/dense_GPU_spearman.csv,spearman,GPU,dense,10,1000,10_1000,10000,1.0,3.0,3.2886892792056654,4.012267630422889,3.2477278329097232,3.3216502030686006,1769.0,2097.25,10286.5,1943.96875,68.12168617704766,spearman_GPU,10286.5,2097.25,2022.0,1960.75,1903.75,1918.0,1911.0,1941.75,1915.5,1969.5,1991.5,1852.75,1863.5,2013.5,1886.5,1939.5,1882.75,2018.5,1975.75,1941.5,1976.0,1897.75,2014.5,1769.0,1992.75
results/GeneratedDense/10_cells_1000_features/dense_amap_cosine.csv,cosine,amap,dense,10,1000,10_1000,10000,1.0,3.0,3.0670010730482082,3.4056877866727775,3.0169289290369714,3.12434117077496,1039.75,1331.5,2545.0,1166.8125,59.58341710367072,cosine_amap,2545.0,1331.5,1271.0,1176.25,1207.5,1169.5,1107.75,1132.0,1113.75,1131.5,1039.75,1157.0,1135.5,1155.25,1229.75,1187.5,1146.0,1143.0,1110.25,1115.0,1129.5,1176.5,1204.5,1206.25,1227.0
results/GeneratedDense/10_cells_1000_features/dense_amap_euclidean.csv,euclidean,amap,dense,10,1000,10_1000,10000,1.0,3.0,3.282143006445636,3.4092143375767625,1.4065401804339552,3.848158314872027,25.5,7049.5,2565.75,1914.8863636363637,1666.8481121962586,euclidean_amap,2565.75,1243.0,1201.0,1098.5,7049.5,1209.25,1152.25,1138.5,1125.0,1113.5,888.5,629.25,3036.5,969.5,,2567.75,1298.75,1129.75,25.5,,2548.0,6178.25,3180.75,1807.75,1536.75
results/GeneratedDense/10_cells_1000_features/dense_amap_kendall.csv,kendall,amap,dense,10,1000,10_1000,10000,1.0,3.0,4.355293244558483,4.391349783877689,4.324812136087034,4.380211241711606,21125.75,24000.0,24623.5,22661.739583333332,819.233821676689,kendall_amap,24623.5,23395.0,22699.0,21655.5,22740.25,22040.75,22435.75,23716.25,23729.25,23670.25,23474.25,23596.25,21761.0,22952.75,21459.25,21680.25,23311.5,22192.5,21681.75,22269.25,24000.0,22677.0,22643.5,22974.75,21125.75
results/GeneratedDense/10_cells_1000_features/dense_amap_manhattan.csv,manhattan,amap,dense,10,1000,10_1000,10000,1.0,3.0,3.059425351903469,3.3916407034923877,3.028977705208778,3.1072099696478683,1069.0,1280.0,2464.0,1146.6354166666667,58.51806964371252,manhattan_amap,2464.0,1280.0,1215.5,1122.0,1100.75,1124.25,1164.25,1109.25,1097.5,1115.75,1206.0,1185.25,1258.5,1072.25,1192.75,1071.5,1120.0,1100.25,1203.75,1194.25,1077.5,1116.5,1161.0,1069.0,1161.5
results/GeneratedDense/10_cells_1000_features/dense_amap_pearson.csv,pearson,amap,dense,10,1000,10_1000,10000,1.0,3.0,3.0575551709831257,3.3941013020400446,3.000108560051035,3.1152775913959014,1000.25,1304.0,2478.0,1141.7083333333333,75.65050075107824,pearson_amap,2478.0,1274.5,1209.0,1069.0,1136.5,1173.75,1093.25,1085.25,1076.5,1095.5,1000.25,1123.5,1106.0,1125.0,1088.5,1304.0,1195.25,1276.75,1168.5,1069.5,1163.5,1156.0,1153.5,1034.75,1222.75
results/GeneratedDense/10_cells_1000_features/dense_amap_spearman.csv,spearman,amap,dense,10,1000,10_1000,10000,1.0,3.0,3.291509910338376,3.6256982047829527,3.2742733377584177,3.324539662579065,1880.5,2111.25,4223.75,1956.6354166666667,59.65831438137008,spearman_amap,4223.75,2111.25,2007.5,1942.0,2016.5,1938.75,1908.25,1909.25,1935.5,1910.5,2010.75,1981.0,1880.5,1914.0,1892.25,2014.75,1981.0,1926.0,1894.0,1967.5,2075.75,1901.5,1929.75,1903.25,2007.75
results/GeneratedDense/10_cells_1000_features/dense_armadillo_cosine.csv,cosine,armadillo,dense,10,1000,10_1000,10000,1.0,3.0,1.3631370044234692,1.3568477513592396,1.0911743607068818,1.5388877800146998,12.336,34.585,22.743,23.074749999999998,4.044068436714856,cosine_armadillo,22.743,23.264,34.585,21.701,21.58,22.202,21.791,21.631,21.81,22.041,12.336,21.881,25.492,21.998,23.003,24.211,28.325,21.479,30.237,23.145,19.942,18.386,22.756,26.211,23.787
results/GeneratedDense/10_cells_1000_features/dense_armadillo_euclidean.csv,euclidean,armadillo,dense,10,1000,10_1000,10000,1.0,3.0,1.3444725092201906,1.3279716236230106,1.3086284325990527,1.3987557157733679,20.353,25.047,21.28,22.104083333333335,1.0081576809816124,euclidean_armadillo,21.28,21.861,21.871,21.49,21.52,21.55,25.047,22.271,22.002,22.081,21.478,20.353,22.853,21.414,23.311,22.593,23.222,20.816,20.602,21.42,23.28,21.714,22.359,22.23,23.16
results/GeneratedDense/10_cells_1000_features/dense_armadillo_manhattan.csv,manhattan,armadillo,dense,10,1000,10_1000,10000,1.0,3.0,2.390012428837045,2.471664222870312,2.125848715277235,2.591533169493724,133.613,390.421,296.254,245.4779166666667,63.05392215656683,manhattan_armadillo,296.254,323.797,314.86,316.182,289.732,201.147,196.929,193.974,207.138,195.706,152.002,250.441,133.613,210.987,284.189,285.47,165.555,261.82,221.076,225.137,183.987,390.421,291.056,319.962,276.289
results/GeneratedDense/10_cells_1000_features/dense_armadillo_pearson.csv,pearson,armadillo,dense,10,1000,10_1000,10000,1.0,3.0,1.6590553112580135,1.714983224819396,1.4329532649520842,1.8028079203616287,27.099,63.505,51.878,45.6095,10.518500926938211,pearson_armadillo,51.878,61.285,54.983,41.728,43.842,47.659,50.815,32.48,31.98,33.012,27.099,59.405,52.221,46.081,44.856,29.64,32.99,37.898,51.75,42.971,53.916,41.446,63.505,53.857,59.209
results/GeneratedDense/10_cells_1000_features/dense_armadillo_spearman.csv,spearman,armadillo,dense,10,1000,10_1000,10000,1.0,3.0,2.5991523136613064,2.609061618303882,2.5653542364135498,2.6419012540825197,367.582,438.431,406.501,397.33087499999993,14.96449952752764,spearman_armadillo,406.501,438.431,392.254,389.549,390.04,390.692,389.029,389.49,388.718,395.58,402.473,416.085,410.511,411.5,400.933,367.582,422.038,399.967,404.077,386.733,382.522,402.443,372.435,397.25,395.609
results/GeneratedDense/10_cells_1000_features/dense_arrayfirecuda_cosine.csv,cosine,arrayfirecuda,dense,10,1000,10_1000,10000,1.0,3.0,1.8365110985219957,1.9479040345205818,1.8339117150713784,1.8407708342379852,68.22,69.306,88.696,68.62954166666667,0.28164960192389527,cosine_arrayfirecuda,88.696,68.449,68.949,68.875,68.299,69.293,68.584,68.611,68.22,68.651,68.746,68.621,68.485,68.769,68.361,68.582,68.503,68.477,69.306,68.901,68.578,68.255,68.707,68.254,68.633
results/GeneratedDense/10_cells_1000_features/dense_arrayfirecuda_euclidean.csv,euclidean,arrayfirecuda,dense,10,1000,10_1000,10000,1.0,3.0,1.8016689168602693,1.909887506868992,1.7858990283843834,1.8137677417346487,61.08,65.128,81.262,63.338666666666676,0.927952974143746,euclidean_arrayfirecuda,81.262,62.698,63.809,63.38,64.799,62.3,63.942,63.729,63.332,61.991,64.075,63.496,62.209,62.433,64.391,63.857,63.342,62.578,62.722,61.08,65.128,63.081,64.147,63.934,63.675
results/GeneratedDense/10_cells_1000_features/dense_arrayfirecuda_manhattan.csv,manhattan,arrayfirecuda,dense,10,1000,10_1000,10000,1.0,3.0,4.0800399377427565,4.081941085698,4.075338888148585,4.082548417787937,11894.3,12093.4,12076.5,12023.75,51.58730463980453,manhattan_arrayfirecuda,12076.5,12077.3,12007.5,12075.9,11995.7,12093.4,12005.5,12056.5,12015.5,12048.0,12093.3,12046.7,12017.5,11937.6,12007.0,12055.8,12004.9,12087.5,11980.7,12081.2,11894.3,12018.5,12014.1,11925.3,12030.3
results/GeneratedDense/10_cells_1000_features/dense_arrayfirecuda_pearson.csv,pearson,arrayfirecuda,dense,10,1000,10_1000,10000,1.0,3.0,1.9221809515139947,2.0389577711393665,1.9168170248513101,1.9277141717177046,82.569,84.667,109.385,83.595125,0.4835614673527376,pearson_arrayfirecuda,109.385,82.965,83.747,83.558,83.365,83.751,83.36,83.833,84.233,82.895,83.951,83.75,84.667,83.021,82.569,83.302,83.453,84.205,83.596,84.187,83.13,83.815,83.308,84.088,83.534
results/GeneratedDense/10_cells_1000_features/dense_arrayfirecuda_spearman.csv,spearman,arrayfirecuda,dense,10,1000,10_1000,10000,1.0,3.0,2.807820771295672,2.8419366858452038,2.792982488340418,2.8189440634545164,620.844,659.089,694.923,642.4225416666667,8.738366704649712,spearman_arrayfirecuda,694.923,634.54,645.139,646.094,636.549,652.014,635.249,641.366,651.637,639.344,636.5,655.125,652.818,659.089,634.646,630.56,653.681,646.164,640.458,620.844,635.163,638.603,643.883,646.027,642.648
results/GeneratedDense/10_cells_1000_features/dense_factoextra_cosine.csv,cosine,factoextra,dense,10,1000,10_1000,10000,1.0,3.0,2.6172079101478585,3.314709692955174,2.500373714353374,2.7415455167762093,316.5,551.5,2064.0,414.1979166666667,60.55175898760544,cosine_factoextra,2064.0,551.5,516.25,381.5,374.75,378.25,371.5,379.75,376.25,380.25,455.75,526.25,514.25,430.25,364.75,316.5,381.25,363.5,391.75,440.25,401.75,342.25,408.25,434.5,459.5
results/GeneratedDense/10_cells_1000_features/dense_factoextra_euclidean.csv,euclidean,factoextra,dense,10,1000,10_1000,10000,1.0,3.0,2.4744590901837293,3.2070281400183838,2.312811826212088,2.6216954623292787,205.5,418.5,1610.75,298.1666666666667,47.68755005822333,euclidean_factoextra,1610.75,418.5,365.25,261.25,264.75,273.75,259.0,259.75,251.75,258.5,337.0,277.25,273.0,265.25,335.5,283.25,322.25,205.5,316.5,355.75,301.5,345.75,307.5,359.25,258.25
results/GeneratedDense/10_cells_1000_features/dense_factoextra_kendall.csv,kendall,factoextra,dense,10,1000,10_1000,10000,1.0,3.0,6.03486005367435,6.040915488782286,6.033764924632149,6.036539672211671,1080848.75,1087776.5,1098792.0,1083577.6875,2069.4526491145148,kendall_factoextra,1098792.0,1081320.75,1080848.75,1086503.25,1085098.5,1087357.0,1081864.25,1086489.5,1084197.5,1082270.25,1082472.5,1085204.0,1084476.25,1081551.5,1081979.5,1086165.0,1082880.0,1083580.0,1081472.75,1082257.5,1087776.5,1083009.0,1084080.0,1081287.75,1081722.5
results/GeneratedDense/10_cells_1000_features/dense_factoextra_manhattan.csv,manhattan,factoextra,dense,10,1000,10_1000,10000,1.0,3.0,2.456919304788002,3.212786677276501,2.2570783059665684,2.6268534146667255,180.75,423.5,1632.25,286.3645833333333,63.252510620736544,manhattan_factoextra,1632.25,423.5,389.0,254.25,258.25,260.0,258.75,262.75,255.75,255.0,388.0,310.75,180.75,229.25,304.75,343.0,278.0,222.75,323.75,215.0,267.75,240.0,215.25,353.0,383.5
results/GeneratedDense/10_cells_1000_features/dense_factoextra_spearman.csv,spearman,factoextra,dense,10,1000,10_1000,10000,1.0,3.0,3.203044224964088,3.529654887137106,3.1528232369242053,3.229681842317676,1421.75,1697.0,3385.75,1596.0416666666667,63.22573096102216,spearman_factoextra,3385.75,1697.0,1667.25,1525.5,1563.25,1586.0,1523.25,1553.25,1572.75,1548.5,1692.25,1638.0,1613.5,1550.75,1584.0,1607.25,1631.75,1421.75,1695.0,1663.5,1588.5,1574.0,1610.5,1553.0,1644.5
results/GeneratedDense/10_cells_1000_features/dense_pandas_cosine.csv,cosine,pandas,dense,10,1000,10_1000,10000,1.0,3.0,3.4789141363248652,3.5018280175752965,3.4715316203019455,3.490012112509546,2961.6355895996094,3090.381622314453,3175.6162643432617,3012.4103864137055,36.51054297464932,cosine_pandas,3273.7255096435547,3077.5070190429688,3020.5249786376958,3016.4718627929688,2969.7418212890625,2985.715866088867,3003.835678100586,3090.381622314453,3026.4854431152344,2961.6355895996094,3018.326010546539,3086.144459771044,2980.6953935627544,2963.736800205997,3007.946865292313,3014.63177653362,3013.7614077287944,3029.619402018888,2994.324033976861,2992.8006378729,2981.757464479404,3026.5431901208494,3068.9496150943305,2971.2959254018388,2995.0164103413595
results/GeneratedDense/10_cells_1000_features/dense_pandas_euclidean.csv,euclidean,pandas,dense,10,1000,10_1000,10000,1.0,3.0,3.1243687768208472,3.1621712735168828,3.106391514867117,3.1502482903636855,1277.5900325044447,1413.3453369140625,1452.6844024658203,1331.584639846703,29.678352763472212,euclidean_pandas,1492.023468017578,1413.3453369140625,1355.6480407714844,1327.5146484375,1314.6400451660156,1348.9723205566406,1305.1033020019531,1336.3361358642578,1307.4874877929688,1338.0050659179688,1361.7106921920426,1344.7661223982118,1369.3772969419715,1328.5356090026892,1350.8502266417904,1364.592149609909,1277.5900325044447,1323.0750122706447,1301.405657499061,1323.3244108639562,1290.2674804485034,1335.1099633041783,1297.8213116746183,1342.5519170266016,1300.0010905194033
results/GeneratedDense/10_cells_1000_features/dense_pandas_kendall.csv,kendall,pandas,dense,10,1000,10_1000,10000,1.0,3.0,4.889681168584495,4.744724906292147,4.371678702647075,5.197212259818643,23533.076286290656,157475.23307800293,55555.22441864014,77567.74544453729,28341.15667341384,kendall_pandas,55634.97543334961,55475.47340393066,77461.24267578125,86888.07487487793,53550.004959106445,54405.45082092285,157475.23307800293,65830.23071289062,52874.32670593262,105188.60816955566,68360.74149796933,103874.14067927789,72684.6198824539,45822.52146283436,100170.22967487284,72009.94362516729,55248.85012037342,82648.88158211627,88789.35560175123,73557.40068274306,23533.076286290656,127894.09627269609,93975.1632863621,50829.158236333365,93079.0663766522
results/GeneratedDense/10_cells_1000_features/dense_pandas_pearson.csv,pearson,pandas,dense,10,1000,10_1000,10000,1.0,3.0,2.9738130730657595,3.0208421207204137,2.9489260643490227,2.9986202629428282,889.0497503634216,996.8280792236328,1049.1609573364258,941.4842801833111,23.430985404866703,pearson_pandas,1101.4938354492188,996.8280792236328,936.5081787109376,976.3240814208984,920.5341339111328,937.7002716064452,915.7657623291016,942.230224609375,958.2042694091796,951.0517120361328,926.574034261202,952.9163732846235,981.2867061727204,932.233631939274,897.6671407174588,889.0497503634216,942.21658989661,954.9119668286796,938.0562869812144,943.308727075987,945.078444693009,921.7064717330064,946.8921680502684,939.2230839542062,949.35463519095
results/GeneratedDense/10_cells_1000_features/dense_pandas_spearman.csv,spearman,pandas,dense,10,1000,10_1000,10000,1.0,3.0,3.1168924665462083,3.1539686488125636,3.097370098732691,3.1369324040383884,1251.3249348489564,1370.6684112548828,1425.5046844482422,1308.8578032324992,32.522048379198225,spearman_pandas,1480.3409576416016,1370.6684112548828,1297.9507446289062,1363.2774353027344,1289.6060943603516,1303.1959533691406,1276.7314910888672,1312.4942779541016,1263.3800506591797,1300.334930419922,1308.5305590972143,1272.8408823293871,1335.1615626734535,1304.1962994458493,1347.1063949484633,1298.1834112346114,1292.9695405101268,1345.7653793871414,1365.573449730144,1330.4003686763183,1251.3249348489564,1284.9173367463602,1325.5952720877335,1265.937074143828,1306.445422682306
results/GeneratedDense/10_cells_1000_features/dense_pythonic_cosine.csv,cosine,pythonic,dense,10,1000,10_1000,10000,1.0,3.0,5.434801281874145,5.437739113891432,5.395676038154397,5.4783163685939,248700.1448150652,300826.6923629491,273992.77687072754,272145.57791575097,13824.616279377773,cosine_pythonic,281268.3582305908,266717.19551086426,261003.7326812744,297459.1255187988,261806.0111999512,261710.16693115237,295728.9218902588,261664.39056396484,258746.86241149905,265896.5587615967,257063.6660991084,276130.75452824426,248700.1448150652,259151.95016432813,281038.94506730867,260687.03503423676,279877.8626184274,273984.7612652895,281555.4764129407,270128.53203620296,266147.7186236617,269685.89948127314,300826.6923629491,289230.9611152853,286550.50488434185
results/GeneratedDense/10_cells_1000_features/dense_pythonic_euclidean.csv,euclidean,pythonic,dense,10,1000,10_1000,10000,1.0,3.0,5.421988618563058,5.463769336441457,5.414527079344472,5.4292900082155535,259732.9686339168,268713.82331941713,290917.15812683105,264233.9509344306,2241.4519976545885,euclidean_pythonic,320041.6564941406,261792.65975952148,261721.13418579104,263945.3411102295,265589.71405029297,267396.2116241455,265214.6816253662,265434.7419738769,262463.8080596924,265177.01148986816,262177.2900969539,260043.26825229332,266525.93744623964,266351.15869751404,266125.26641755126,264081.3197249306,268713.82331941713,263461.3993684653,264843.4320629425,259732.9686339168,265671.0934833604,262873.38718312833,266437.2929345984,263731.24801173154,262110.63291450575
results/GeneratedDense/10_cells_1000_features/dense_pythonic_kendall.csv,kendall,pythonic,dense,10,1000,10_1000,10000,1.0,3.0,5.438249114285335,5.460667815564637,5.429970654010955,5.447379658072278,269135.2938658939,280142.9244984692,288846.9696044922,274314.72087340994,2407.993873757443,kendall_pythonic,301593.0652618408,276100.87394714355,271761.417388916,275450.4680633545,274317.02613830566,274663.13854319527,277612.30039570853,277329.344923807,274975.6646397465,273286.4998990615,276941.9695494758,275358.20973014395,272686.345921597,275317.4707396235,273799.71710787446,271921.1563550534,280142.9244984692,271990.79945072473,270599.1300559133,275545.10359561053,269135.2938658939,272235.6606432003,275241.233152976,272815.7196384613,274325.83271758264
results/GeneratedDense/10_cells_1000_features/dense_pythonic_manhattan.csv,manhattan,pythonic,dense,10,1000,10_1000,10000,1.0,3.0,5.416808815343088,5.435186990936145,5.40730268180415,5.426803115116857,255448.1029510498,267179.4891357422,272387.38536834717,261101.16845657988,2579.966760478451,manhattan_pythonic,282980.20362854004,261794.5671081543,262932.3005676269,260390.5200958252,263054.8477172852,258955.2402496338,258080.00564575195,262110.94856262207,255448.1029510498,267179.4891357422,261262.91423289935,261871.81223028785,260673.0195740266,262877.05692667887,257886.26543672956,262588.5253420113,265557.9930167124,260443.38152141488,256034.783361094,259894.49752108223,261062.5127002913,262034.3056187959,262753.8000424266,260461.3336166132,261079.81978316113
results/GeneratedDense/10_cells_1000_features/dense_pythonic_pearson.csv,pearson,pythonic,dense,10,1000,10_1000,10000,1.0,3.0,2.37516136273937,2.4159602573421166,2.3413884288782767,2.401004013590207,219.4767036662871,251.77001953125,260.5915069580078,237.22549566774967,7.819855192368321,pearson_pythonic,269.4129943847656,251.77001953125,229.83551025390625,242.2332763671875,233.4117889404297,244.8558807373047,228.40499877929688,240.325927734375,231.0276031494141,238.1801605224609,244.8729867427004,230.37929579460123,228.7076601980688,246.26384441159493,236.50447752031187,219.4767036662871,231.24792800487864,235.42884543141537,245.1927521546844,230.42220422978,251.48884038548192,238.61443257390025,233.5884277548688,243.0155391337608,238.1627920080325
results/GeneratedDense/10_cells_1000_features/dense_pythonic_spearman.csv,spearman,pythonic,dense,10,1000,10_1000,10000,1.0,3.0,5.453534024440153,5.463023038587028,5.445212247814975,5.462162075030947,278748.3130800415,289842.5053630714,290417.6712036133,284141.07842292654,3216.8242817003943,spearman_pythonic,298879.62341308594,281955.7189941406,286103.9638519287,280192.8520202637,289626.5983581543,278857.4695587158,284657.0014953613,280261.754989624,281871.3188171387,280749.7978210449,285098.54732535104,289842.5053630714,285339.61304254166,284848.15199819766,280413.62005553435,286840.2573035078,286539.94110681966,285985.8106425381,284803.540983919,278748.3130800415,289150.02117746405,283013.66891753726,285820.5688316517,282131.6698028044,286533.1766128847
results/GeneratedDense/10_cells_1000_features/dense_raft_cosine.csv,cosine,raft,dense,10,1000,10_1000,10000,1.0,3.0,3.1262084002975334,5.65660437772001,3.114095588794316,3.1418151228268227,1300.4557785857514,1386.1656188964844,453528.28502655023,1337.2370484039923,23.50779946548705,cosine_raft,905670.404434204,1386.1656188964844,1332.7598571777344,1313.4479522705078,1341.8197631835938,1317.0242309570312,1335.3824615478516,1316.7858123779297,1349.4491577148438,1310.8253479003906,1338.3832611836897,1347.386713600578,1300.4557785857514,1359.3116969143016,1359.7287100728229,1325.0610134189671,1362.3077071947582,1330.641309772144,1310.682046574596,1320.211518990327,1376.021754433954,1303.2120345573403,1355.827399272648,1372.366500803477,1328.4315142940911
results/GeneratedDense/10_cells_1000_features/dense_raft_euclidean.csv,euclidean,raft,dense,10,1000,10_1000,10000,1.0,3.0,2.990939464321296,5.664961578099724,2.9708421962546554,3.005320085222394,935.0658501097844,1012.3252868652344,462340.1165008545,979.3534652334391,19.571441288279914,euclidean_raft,923667.9077148438,1012.3252868652344,986.0992431640624,966.3105010986328,980.1387786865234,966.0720825195312,976.3240814208984,995.8744049072266,981.8077087402344,950.5748748779296,975.297584837758,935.0658501097844,986.8394848489806,988.0440518164122,969.3646405978344,965.0141820127022,997.8294902202392,998.2823700500102,976.759060091489,953.42352046004,1010.3418690288366,1011.1174535545772,985.2980142887416,951.5981611341944,984.6804702706644
results/GeneratedDense/10_cells_1000_features/dense_raft_manhattan.csv,manhattan,raft,dense,10,1000,10_1000,10000,1.0,3.0,2.987180671239452,5.657826156992839,2.9715460633598014,3.001223964646285,936.5825530727816,1002.822257841148,454805.9701919556,970.9137939653729,19.204975429658337,manhattan_raft,908614.1586303712,997.7817535400392,968.4562683105468,948.9059448242188,984.4303131103516,953.4358978271484,984.4303131103516,1000.8811950683594,963.2110595703124,970.3636169433594,949.4074159504568,945.2054076107848,991.605813081256,968.6268046424416,936.5825530727816,961.0497495759954,962.3849613304152,989.306408436967,949.4073982053789,989.0884755711136,1002.822257841148,987.8204340419212,946.7925905323,980.2494858463896,969.6849371249124
results/GeneratedDense/10_cells_1000_features/dense_raft_pearson.csv,pearson,raft,dense,10,1000,10_1000,10000,1.0,3.0,3.1326248544838746,5.644966772986875,3.124421356565295,3.1411423194670065,1331.745863673989,1384.0198516845703,441536.66496276855,1357.1406359685286,14.387690088187657,pearson_raft,881689.3100738525,1384.0198516845703,1363.0390167236328,1338.0050659179688,1383.5430145263672,1345.1576232910156,1360.4164123535156,1372.0989227294922,1356.6017150878906,1335.6208801269531,1340.1144100986176,1343.9266314102588,1383.9630379689354,1331.745863673989,1350.089818025205,1353.9365249995917,1359.758122238536,1357.20459615187,1355.148813322083,1363.8887708601237,1362.5559113095085,1369.1506732843154,1360.110953328881,1357.4960888987464,1343.7825452326188
results/GeneratedDense/10_cells_100_features/dense_CPU_cosine.csv,cosine,CPU,dense,10,100,10_100,1000,1.0,2.0,3.3996815862139167,3.963350952906355,2.0791812460476247,3.9811161034854865,120.0,9574.5,9190.75,2510.0454545454545,2085.060465708646,cosine_CPU,9190.75,1216.25,1163.5,9574.5,1048.75,1156.75,1055.0,1049.0,1056.5,1034.0,1900.75,4226.25,120.0,,4044.75,,3315.5,942.75,1529.25,3372.0,1963.0,2726.25,3048.75,3822.75,5854.75
results/GeneratedDense/10_cells_100_features/dense_CPU_euclidean.csv,euclidean,CPU,dense,10,100,10_100,1000,1.0,2.0,3.845070895760871,3.958790765509154,3.0081741840064264,4.280048836626726,1019.0,19056.75,9094.75,6999.5625,4885.972957018771,euclidean_CPU,9094.75,1194.25,1120.25,12302.75,5523.75,1045.75,12942.25,1502.75,1019.0,5328.5,,8960.75,10102.0,,,8099.0,11571.25,2165.25,7929.25,12503.0,5926.5,5662.75,,19056.75,6035.5
results/GeneratedDense/10_cells_100_features/dense_CPU_kendall.csv,kendall,CPU,dense,10,100,10_100,1000,1.0,2.0,3.051208816231628,3.96887970308578,2.9777236052888476,3.115527305527498,950.0,1304.75,9308.5,1125.1458333333333,95.05623107388712,kendall_CPU,9308.5,1208.25,1239.75,1035.0,1057.25,1207.75,1304.75,1256.5,950.0,972.0,952.75,1136.75,1151.75,1095.5,1048.25,1126.0,1064.25,1199.25,1113.5,1125.5,1149.25,1228.0,1138.0,1210.0,1033.5
results/GeneratedDense/10_cells_100_features/dense_CPU_manhattan.csv,manhattan,CPU,dense,10,100,10_100,1000,1.0,2.0,3.502306861836655,3.9653663535246113,2.167317334748176,3.86851219057742,147.0,7387.75,9233.5,3179.1195652173915,2127.7129547402246,manhattan_CPU,9233.5,1704.5,1159.5,5804.25,1114.5,1044.5,6904.25,2387.75,1374.0,1053.0,4394.75,147.0,2317.75,4669.5,,3794.25,5506.5,7387.75,6559.5,3161.75,180.0,3370.25,2801.25,2109.0,4174.25
results/GeneratedDense/10_cells_100_features/dense_CPU_pearson.csv,pearson,CPU,dense,10,100,10_100,1000,1.0,2.0,3.0672723884077557,3.9506812093204755,2.8792392820048933,3.2978152046930482,757.25,1985.25,8926.5,1167.5416666666667,310.64753998256964,pearson_CPU,8926.5,1209.25,1127.25,1024.25,1024.75,1103.5,1985.25,1077.5,1047.5,1052.5,959.25,1367.75,1303.0,979.25,1610.75,1044.5,1028.0,990.25,1049.0,1870.0,914.0,757.25,1666.25,761.5,1068.5
results/GeneratedDense/10_cells_100_features/dense_CPU_spearman.csv,spearman,CPU,dense,10,100,10_100,1000,1.0,2.0,3.0320014267284314,3.954363130043323,3.0038911662369108,3.093684283869361,1009.0,1240.75,9002.5,1076.46875,56.08639691824421,spearman_CPU,9002.5,1240.75,1158.25,1039.75,1032.75,1050.75,1063.5,1037.5,1043.75,1055.5,1098.75,1054.25,1015.25,1015.25,1110.75,1021.75,1092.5,1051.75,1136.5,1110.25,1176.0,1109.0,1009.0,1061.75,1050.0
results/GeneratedDense/10_cells_100_features/dense_GPU_cosine.csv,cosine,GPU,dense,10,100,10_100,1000,1.0,2.0,3.027854801340455,5.917385234814398,2.9820449790714902,3.0855581382438073,959.5,1217.75,826771.0,1066.2395833333333,69.24595652931457,cosine_GPU,826771.0,1217.75,1137.75,1026.75,1038.25,1030.0,1009.75,1066.0,1030.75,1010.5,1116.5,1009.75,1049.75,1092.75,1012.0,959.5,1026.0,1196.25,1021.0,1061.75,1023.5,1172.25,1024.75,1051.75,1204.75
results/GeneratedDense/10_cells_100_features/dense_GPU_euclidean.csv,euclidean,GPU,dense,10,100,10_100,1000,1.0,2.0,3.038984239195499,5.9503928489141,2.9572480195790503,3.088756066652953,906.25,1226.75,892057.5,1093.9166666666667,76.62339131898446,euclidean_GPU,892057.5,1216.5,1146.0,1051.75,1039.75,1125.25,1054.25,1070.25,1040.5,1046.0,1144.25,1040.25,1187.75,1041.0,1188.5,1159.75,1042.0,1226.75,1075.25,1009.25,1053.0,1204.0,906.25,1131.75,1054.0
results/GeneratedDense/10_cells_100_features/dense_GPU_kendall.csv,kendall,GPU,dense,10,100,10_100,1000,1.0,2.0,3.1192868267076506,3.9386698010226793,3.0689276116820716,3.1551841596940076,1172.0,1429.5,8683.0,1316.09375,69.71029382454336,kendall_GPU,8683.0,1400.75,1330.25,1231.75,1286.0,1384.75,1292.0,1381.25,1429.5,1426.75,1325.0,1364.0,1337.5,1247.0,1256.0,1172.0,1258.75,1207.5,1242.75,1375.75,1249.5,1385.75,1327.75,1349.25,1324.75
results/GeneratedDense/10_cells_100_features/dense_GPU_manhattan.csv,manhattan,GPU,dense,10,100,10_100,1000,1.0,2.0,2.8235896887678558,5.4523860537011295,2.734399742520567,2.877515318847026,542.5,754.25,283391.0,666.1770833333334,46.876971023375525,manhattan_GPU,283391.0,701.5,630.5,734.0,589.25,688.5,662.5,636.5,646.75,673.75,689.75,659.0,619.75,647.0,655.25,677.5,700.0,642.0,705.75,624.0,666.5,734.75,707.0,754.25,542.5
results/GeneratedDense/10_cells_100_features/dense_GPU_pearson.csv,pearson,GPU,dense,10,100,10_100,1000,1.0,2.0,3.0271839121951056,5.930816635179659,2.9809119377768436,3.080987046910887,957.0,1205.0,852740.0,1064.59375,63.331790517118385,pearson_GPU,852740.0,1192.75,1165.5,1027.0,1035.5,1061.0,1023.75,1092.75,1026.0,1028.5,1098.25,1110.0,1023.25,1071.25,1030.0,999.5,1013.0,1030.5,1140.0,982.0,1205.0,1119.25,1082.5,957.0,1036.0
results/GeneratedDense/10_cells_100_features/dense_GPU_spearman.csv,spearman,GPU,dense,10,100,10_100,1000,1.0,2.0,3.136486053514385,3.9477889529769654,3.068649603895835,3.209313905725931,1171.25,1619.25,8867.25,1369.2604166666667,109.4888569093969,spearman_GPU,8867.25,1448.5,1419.75,1289.5,1372.75,1301.5,1619.25,1286.25,1295.0,1323.5,1443.0,1556.75,1400.0,1547.25,1263.25,1323.5,1171.25,1387.75,1369.5,1239.75,1260.25,1297.5,1303.0,1418.75,1524.75
results/GeneratedDense/10_cells_100_features/dense_amap_cosine.csv,cosine,amap,dense,10,100,10_100,1000,1.0,2.0,3.0641888117230165,3.385114509759579,3.0227375876327987,3.1212314551496214,1053.75,1322.0,2427.25,1159.28125,70.889413308835,cosine_amap,2427.25,1322.0,1230.75,1162.5,1124.0,1098.75,1119.75,1082.25,1109.5,1120.0,1220.5,1095.75,1195.0,1145.5,1251.0,1126.75,1061.5,1133.75,1257.75,1122.0,1172.0,1053.75,1258.5,1107.0,1252.5
results/GeneratedDense/10_cells_100_features/dense_amap_euclidean.csv,euclidean,amap,dense,10,100,10_100,1000,1.0,2.0,3.0595870819515065,3.3859189245475196,3.0332226466702497,3.111598524880394,1079.5,1293.0,2431.75,1147.0625,55.40016593311491,euclidean_amap,2431.75,1293.0,1241.75,1164.5,1144.5,1106.5,1120.25,1088.5,1107.5,1079.5,1190.25,1191.5,1087.5,1123.5,1082.5,1115.25,1181.5,1180.75,1247.75,1137.75,1181.25,1132.75,1105.0,1108.25,1118.0
results/GeneratedDense/10_cells_100_features/dense_amap_kendall.csv,kendall,amap,dense,10,100,10_100,1000,1.0,2.0,3.10283374010311,3.419873175149476,3.0536545582907473,3.150756439860309,1131.5,1415.0,2629.5,1267.1666666666667,78.37213134923806,kendall_amap,2629.5,1355.25,1231.5,1160.0,1338.0,1279.75,1147.75,1151.0,1342.0,1344.0,1268.5,1131.5,1301.0,1154.5,1297.0,1280.25,1415.0,1282.75,1286.75,1274.75,1265.5,1211.5,1326.5,1382.25,1185.0
results/GeneratedDense/10_cells_100_features/dense_amap_manhattan.csv,manhattan,amap,dense,10,100,10_100,1000,1.0,2.0,3.0716634248944925,3.39750549689802,3.040602340114073,3.1222158782728267,1098.0,1325.0,2497.5,1179.40625,45.6675493660889,manhattan_amap,2497.5,1325.0,1227.5,1155.75,1197.75,1175.0,1098.0,1169.0,1155.75,1121.0,1194.5,1176.25,1129.5,1187.0,1238.75,1189.0,1218.5,1139.25,1138.5,1150.75,1191.25,1200.0,1214.0,1149.5,1164.25
results/GeneratedDense/10_cells_100_features/dense_amap_pearson.csv,pearson,amap,dense,10,100,10_100,1000,1.0,2.0,3.067032089097921,3.3862313505795254,3.020154031638333,3.1108421337192604,1047.5,1290.75,2433.5,1166.8958333333333,70.23394377107759,pearson_amap,2433.5,1271.0,1290.75,1138.0,1114.75,1126.0,1115.75,1098.0,1106.0,1100.25,1278.0,1259.25,1047.5,1144.75,1104.75,1214.75,1123.0,1092.25,1172.5,1124.5,1166.5,1190.5,1262.0,1199.25,1265.5
results/GeneratedDense/10_cells_100_features/dense_amap_spearman.csv,spearman,amap,dense,10,100,10_100,1000,1.0,2.0,3.074877364329346,3.442793225939769,3.010617926988539,3.1168566946868985,1024.75,1308.75,2772.0,1188.1666666666667,76.66912360193567,spearman_amap,2772.0,1308.75,1208.5,1122.0,1130.25,1269.25,1145.0,1108.75,1159.5,1209.5,1192.25,1197.25,1086.25,1291.75,1065.25,1245.75,1258.5,1276.75,1139.0,1236.0,1181.0,1024.75,1123.25,1294.75,1242.0
results/GeneratedDense/10_cells_100_features/dense_armadillo_cosine.csv,cosine,armadillo,dense,10,100,10_100,1000,1.0,2.0,0.6681761745090498,0.6472851450253666,-2.5228787452803374,0.9968617684906734,0.003,9.928,4.439,4.65775,1.8345991217429491,cosine_armadillo,4.439,4.658,9.928,4.84,4.568,4.669,4.419,4.659,4.338,4.489,2.078,5.271,4.877,2.839,4.835,5.326,3.032,5.894,7.373,4.165,4.954,3.804,0.003,7.198,3.569
results/GeneratedDense/10_cells_100_features/dense_armadillo_euclidean.csv,euclidean,armadillo,dense,10,100,10_100,1000,1.0,2.0,1.0898801005356478,0.7023443583557687,0.07298474462793038,1.4978829424244315,1.183,31.469,5.039,12.299291666666667,8.220930951333749,euclidean_armadillo,5.039,5.16,31.469,9.899,9.298,9.007,9.427,8.827,9.067,7.945,21.757,20.209,23.737,18.593,5.168,1.183,8.713,5.585,3.235,25.592,3.891,11.954,3.612,24.041,17.814
results/GeneratedDense/10_cells_100_features/dense_armadillo_manhattan.csv,manhattan,armadillo,dense,10,100,10_100,1000,1.0,2.0,1.278734552531505,1.2731170684867414,1.2728854447575695,1.2844081725061989,18.745,19.249,18.755,18.999166666666667,0.10645408504243585,manhattan_armadillo,18.755,18.956,19.005,18.745,18.945,18.996,19.076,19.075,19.036,19.036,19.032,19.104,18.89,18.986,19.0,19.151,18.872,18.892,19.005,19.115,18.849,19.249,18.907,18.981,19.077
results/GeneratedDense/10_cells_100_features/dense_armadillo_pearson.csv,pearson,armadillo,dense,10,100,10_100,1000,1.0,2.0,0.8142448203237556,0.8605775512444155,0.7646243978509815,0.9082704994957239,5.816,8.096,7.254,6.519958333333334,0.48140328547267813,pearson_armadillo,7.254,8.096,6.392,6.442,6.172,6.081,6.272,6.432,6.041,6.222,6.801,7.043,6.46,6.241,5.816,6.148,6.641,6.385,6.182,7.244,6.967,6.105,6.574,6.923,6.799
results/GeneratedDense/10_cells_100_features/dense_armadillo_spearman.csv,spearman,armadillo,dense,10,100,10_100,1000,1.0,2.0,1.4015606429957708,1.549689738712317,1.334252642334231,1.485735618879807,21.59,30.601,35.456,25.20929166666666,2.443601977258958,spearman_armadillo,35.456,29.535,28.252,25.137,23.995,23.825,23.524,23.584,23.284,23.153,24.646,30.221,24.106,21.59,25.79,24.848,22.216,28.052,23.417,23.056,30.601,24.978,25.587,27.121,24.505
results/GeneratedDense/10_cells_100_features/dense_arrayfirecuda_cosine.csv,cosine,arrayfirecuda,dense,10,100,10_100,1000,1.0,2.0,1.8081476477669634,1.9207857463174445,1.803484428907874,1.8142409347225272,63.604,65.199,83.327,64.29062499999999,0.3907289994889891,cosine_arrayfirecuda,83.327,64.12,64.741,64.636,64.297,64.755,64.454,64.024,63.922,64.276,64.101,63.604,64.308,64.002,63.928,63.882,64.169,65.199,63.973,64.864,64.688,63.713,64.451,64.704,64.164
results/GeneratedDense/10_cells_100_features/dense_arrayfirecuda_euclidean.csv,euclidean,arrayfirecuda,dense,10,100,10_100,1000,1.0,2.0,1.7396372728180716,1.872505899345925,1.7303380672217918,1.7496281148540593,53.745,56.186,74.56,54.908208333333334,0.5631761846265837,euclidean_arrayfirecuda,74.56,54.562,55.474,53.882,54.714,55.318,54.586,54.951,54.465,53.745,55.623,55.218,55.352,54.53,55.639,55.216,56.186,55.297,54.361,55.181,54.257,55.014,54.693,54.805,54.728
results/GeneratedDense/10_cells_100_features/dense_arrayfirecuda_manhattan.csv,manhattan,arrayfirecuda,dense,10,100,10_100,1000,1.0,2.0,3.09409799223818,3.086889915875484,3.087511674084483,3.1040156869989897,1223.24,1270.62,1221.49,1241.9325000000001,13.200492493969055,manhattan_arrayfirecuda,1221.49,1225.99,1248.51,1247.87,1236.57,1251.93,1261.31,1248.27,1223.26,1227.12,1244.26,1231.41,1241.85,1244.93,1234.12,1234.45,1242.21,1223.24,1264.53,1259.13,1248.39,1228.45,1224.87,1270.62,1243.09
results/GeneratedDense/10_cells_100_features/dense_arrayfirecuda_pearson.csv,pearson,arrayfirecuda,dense,10,100,10_100,1000,1.0,2.0,1.8986641731869889,2.0427211715633753,1.8713043370973752,1.922901838090345,74.354,83.734,110.337,79.188875,2.2982890975770793,pearson_arrayfirecuda,110.337,77.916,81.954,79.294,78.314,79.08,80.161,82.883,78.234,77.777,77.952,80.617,78.777,82.206,76.782,83.734,79.351,79.908,80.358,76.193,76.104,74.354,82.333,79.54,76.711
results/GeneratedDense/10_cells_100_features/dense_arrayfirecuda_spearman.csv,spearman,arrayfirecuda,dense,10,100,10_100,1000,1.0,2.0,2.584458628885389,2.6432887981071946,2.5837698980604054,2.5851797572726327,383.504,384.751,439.834,384.11266666666666,0.339542788990659,spearman_arrayfirecuda,439.834,383.78,384.371,384.584,383.962,384.448,384.444,383.782,384.125,383.513,383.504,384.266,383.876,383.619,384.605,383.855,384.751,384.037,383.952,384.12,383.922,384.272,384.408,384.147,384.361
results/GeneratedDense/10_cells_100_features/dense_factoextra_cosine.csv,cosine,factoextra,dense,10,100,10_100,1000,1.0,2.0,2.485824902081495,3.2600713879850747,2.374289987675311,2.63823959067475,236.75,434.75,1820.0,306.0729166666667,51.255511856382064,cosine_factoextra,1820.0,434.75,373.75,269.25,268.5,272.0,270.0,276.5,268.0,271.5,332.5,311.25,236.75,246.0,269.75,332.5,350.75,304.25,273.0,283.75,394.75,352.0,247.5,337.0,369.75
results/GeneratedDense/10_cells_100_features/dense_factoextra_euclidean.csv,euclidean,factoextra,dense,10,100,10_100,1000,1.0,2.0,2.315576784503928,3.1712875506528606,2.2630439833131657,2.3900514964589874,183.25,245.5,1483.5,206.8125,14.302762335180804,euclidean_factoextra,1483.5,245.5,199.0,198.25,205.75,200.0,203.5,206.25,200.5,193.25,237.0,199.25,202.75,194.75,228.25,207.0,216.75,199.25,207.75,208.75,209.5,219.25,183.25,184.75,213.25
results/GeneratedDense/10_cells_100_features/dense_factoextra_kendall.csv,kendall,factoextra,dense,10,100,10_100,1000,1.0,2.0,4.086311251645449,4.22788028009157,4.068297205031453,4.112521217511569,11703.0,12957.5,16899.75,12198.635416666666,314.6398816104316,kendall_factoextra,16899.75,11997.25,12458.25,11703.0,12728.75,12296.75,12327.5,12377.0,12511.5,12270.25,12394.0,11797.75,12957.5,11894.25,11820.0,11955.75,12516.5,12273.5,12314.75,12109.75,12160.0,12251.25,12114.75,11742.5,11794.75
results/GeneratedDense/10_cells_100_features/dense_factoextra_manhattan.csv,manhattan,factoextra,dense,10,100,10_100,1000,1.0,2.0,2.3214862353142425,3.161891834705362,2.2810333672477277,2.3900514964589874,191.0,245.5,1451.75,209.64583333333334,13.910037717618007,manhattan_factoextra,1451.75,245.5,206.0,211.25,205.0,198.25,207.0,199.0,200.75,204.75,191.0,200.75,200.75,216.75,226.0,216.0,198.25,225.0,210.5,234.75,198.0,196.0,232.25,193.75,214.25
results/GeneratedDense/10_cells_100_features/dense_factoextra_spearman.csv,spearman,factoextra,dense,10,100,10_100,1000,1.0,2.0,2.7702688805587288,3.3469883009877015,2.711807229041191,2.8382192219076257,515.0,689.0,2223.25,589.2083333333334,46.59341348898528,spearman_factoextra,2223.25,689.0,656.75,577.0,568.5,548.25,552.0,556.25,552.25,592.25,630.25,560.75,526.25,642.75,603.0,614.0,536.25,559.25,664.0,602.5,564.5,561.5,613.0,515.0,655.75
results/GeneratedDense/10_cells_100_features/dense_pandas_cosine.csv,cosine,pandas,dense,10,100,10_100,1000,1.0,2.0,3.410104102295186,3.431570005255811,3.3936988907775776,3.4304838939218403,2475.7049828900726,2694.5354019936867,2701.282501220703,2571.011991780904,56.12387146483065,cosine_pandas,2775.6690979003906,2626.895904541016,2624.034881591797,2523.8990783691406,2536.773681640625,2603.0540466308594,2515.3160095214844,2576.589584350586,2503.1566619873047,2514.123916625977,2601.7460632078687,2686.9018467025926,2567.03728327831,2518.121443573836,2475.7049828900726,2543.3352254847405,2596.471655090484,2593.7197967123766,2551.1647306146583,2606.0654435299293,2694.5354019936867,2502.8136589309606,2633.8422591474,2559.1765133344247,2549.807732991556
results/GeneratedDense/10_cells_100_features/dense_pandas_euclidean.csv,euclidean,pandas,dense,10,100,10_100,1000,1.0,2.0,3.0556831774055637,3.0873304552446896,3.0364953763330433,3.0816622362146493,1087.665557861328,1206.8748474121094,1222.7296829223633,1136.7976768649946,24.80255120577061,euclidean_pandas,1238.5845184326172,1206.8748474121094,1137.4950408935547,1123.4283447265625,1094.1028594970703,1132.2498321533203,1105.3085327148438,1122.2362518310547,1087.665557861328,1125.335693359375,1160.0953918398077,1132.919405694012,1162.925169745895,1122.4830617316327,1158.9268447201507,1151.4325869070108,1128.739365252882,1160.1718591852557,1130.4801394873873,1155.506338201312,1148.6784545196747,1139.5683116147777,1140.5197960981814,1110.485387127439,1145.515172185232
results/GeneratedDense/10_cells_100_features/dense_pandas_kendall.csv,kendall,pandas,dense,10,100,10_100,1000,1.0,2.0,4.472779831357872,4.470798553933701,4.21665653099636,4.669855336618549,16468.594302282094,46757.93647766113,29566.407203674316,29701.5990654523,6546.949264360109,kendall_pandas,29107.57064819336,30025.243759155277,28126.001358032227,28295.040130615234,28028.488159179688,28117.17987060547,28056.38313293457,30724.763870239258,28351.545333862305,46757.93647766113,29563.547159348007,33407.05661945351,29183.1960387508,19789.568543703703,38432.74239670728,32672.076018181742,25553.16203908453,28084.487625463196,23728.503737299114,32151.330051213183,19498.628075948363,32876.1597427203,42641.16989103188,32305.573237382323,16468.594302282094
results/GeneratedDense/10_cells_100_features/dense_pandas_pearson.csv,pearson,pandas,dense,10,100,10_100,1000,1.0,2.0,2.8921082859653606,2.921656237139841,2.8480108699932862,2.9421244798964006,704.7107070102492,875.2346038818359,834.9418640136719,780.0245757728658,35.55942431854558,pearson_pandas,862.12158203125,807.7621459960938,756.0253143310547,752.2106170654297,768.4230804443359,799.6559143066406,763.4162902832031,875.2346038818359,742.1970367431641,753.1642913818359,744.0488359717378,758.9144397954522,801.2021382017934,760.9277423083082,814.0172390669056,749.683879631888,803.0353965318495,809.3044790839456,790.1457764758828,704.7107070102492,832.4738912636067,806.8995198407283,792.7623428914065,782.3465458165078,752.0275902249218
results/GeneratedDense/10_cells_100_features/dense_pandas_spearman.csv,spearman,pandas,dense,10,100,10_100,1000,1.0,2.0,2.9746412164818645,3.0199035324968015,2.95972241188536,3.0014158265380964,911.4280954115088,1003.265380859375,1046.895980834961,943.2812817376558,19.895760305625696,spearman_pandas,1090.5265808105469,1003.265380859375,947.4754333496094,939.1307830810548,951.7669677734376,933.8855743408204,937.2234344482422,930.3092956542968,927.6866912841796,926.2561798095704,926.208582384058,938.5609835417542,943.8516508221816,917.3674851442236,935.0800754500082,962.2922301581392,961.0231413606372,937.7978728020752,940.1905138877914,931.8687005093208,953.807596173732,963.5431065789552,936.8190985015236,981.9118883772464,911.4280954115088
results/GeneratedDense/10_cells_100_features/dense_pythonic_cosine.csv,cosine,pythonic,dense,10,100,10_100,1000,1.0,2.0,5.423648061888797,5.435388225584424,5.41984709178464,5.427111878095791,262934.20791625977,267369.50874328613,272513.62800598145,265245.5227437708,1177.2135026408869,cosine_pythonic,279953.9566040039,265073.299407959,266378.64112854004,265543.22242736816,267369.50874328613,265352.2491455078,264484.167098999,265748.7392425537,262934.20791625977,264830.1124572754,264939.8985921005,265390.6584663814,265129.82681121235,263872.85156339227,264971.6737898119,264600.06566540775,264197.73067319824,266410.8134517987,267027.78988771257,267309.4951521975,265617.48173035745,263754.7035878648,263638.7251070058,266944.40667318244,264372.2771311252
results/GeneratedDense/10_cells_100_features/dense_pythonic_euclidean.csv,euclidean,pythonic,dense,10,100,10_100,1000,1.0,2.0,5.419881110205712,5.432851638401219,5.40834179589155,5.447850808272625,256060.03227287225,280447.00622558594,270926.5947341919,262954.8044407328,5963.326824683902,euclidean_pythonic,284788.8469696045,257064.3424987793,265050.41122436523,261295.0801849365,257211.6851806641,261777.8778076172,258834.3620300293,262652.8739929199,280447.00622558594,257970.33309936523,270826.2764683518,269273.10802414484,259213.43163869568,263450.3068914188,263668.91497151135,261759.4134485288,264474.4752655018,274382.7813780611,257643.33694909408,258344.65886579888,257926.2523566964,258356.37754377068,268634.8949714076,256060.03227287225,264597.07328747096
results/GeneratedDense/10_cells_100_features/dense_pythonic_kendall.csv,kendall,pythonic,dense,10,100,10_100,1000,1.0,2.0,5.453274611444255,5.483820652418742,5.400139223890042,5.5179185824571615,251269.18082199825,329547.9257660435,304663.65814208984,283971.4058121725,19880.44652946201,kendall_pythonic,297900.4383087158,311426.87797546387,277020.4544067383,275162.935256958,274867.29621887207,329547.9257660435,299249.5590627271,306139.84420145024,275058.4136890188,261383.6585631321,278441.69265901705,273301.28379587573,264998.12368816714,251269.18082199825,303843.94674088206,279422.2848576961,290137.74088440445,296973.8623664218,258829.40055722007,279920.4629662967,296277.9837278756,275841.1268906124,253086.57002323997,285804.2822583907,317308.832113638
results/GeneratedDense/10_cells_100_features/dense_pythonic_manhattan.csv,manhattan,pythonic,dense,10,100,10_100,1000,1.0,2.0,5.4157320801193345,5.441856298641657,5.366401951746209,5.488999746362029,232488.75496663208,308318.6149597168,276602.6258468628,260454.62879996316,17087.00514173217,manhattan_pythonic,290048.36082458496,263156.8908691406,256363.1534576416,258941.4119720459,308318.6149597168,254381.8950653076,262576.5800476074,258032.79876708984,257473.70719909668,259236.33575439453,237498.99061317233,275755.34032893734,264190.93705450813,277092.50177759764,239828.71706927932,232488.75496663208,240731.84086659105,267765.63865477213,288858.67763329763,256682.7411853005,282994.08730463206,252699.42377215225,249064.0767429761,265872.5783010038,240905.39683622256
results/GeneratedDense/10_cells_100_features/dense_pythonic_pearson.csv,pearson,pythonic,dense,10,100,10_100,1000,1.0,2.0,2.283529157774861,2.281514463676577,2.2595217434023085,2.309570898639272,181.76980587502692,203.97216172899573,191.21170043945312,192.10079305481577,6.117579939620709,pearson_pythonic,180.95970153808597,201.4636993408203,185.2512359619141,196.4569091796875,188.3506774902344,197.88742065429688,185.7280731201172,195.7416534423828,185.96649169921875,198.12583923339844,192.99288646095988,181.76980587502692,196.63582659937776,196.2798347012105,192.9258190203747,187.70000938321712,200.31585930417887,190.5740172152653,188.620077212827,203.97216172899573,188.5049070014524,190.0895457193261,182.1456247327276,185.80683799151856,197.11382024704992
results/GeneratedDense/10_cells_100_features/dense_pythonic_spearman.csv,spearman,pythonic,dense,10,100,10_100,1000,1.0,2.0,5.458827349490768,5.487068611658443,5.4355372154993296,5.48963902447547,272607.13310263713,308772.7917631504,306950.6883621216,287625.47539503855,9808.130050193762,spearman_pythonic,306409.8358154297,307491.5409088135,281191.349029541,284336.0900878906,280600.30937194824,282348.8712310791,280149.4598388672,289689.302444458,287502.2888183594,283562.89863586426,278107.43307285773,293866.7531875855,288653.59366438055,275428.8107847039,299913.88004362,284243.1710301969,305500.352482256,308772.7917631504,272607.13310263713,294018.2139633294,283297.3543540503,278932.55447779625,278357.9098831353,289907.0742198847,294532.27308452106
results/GeneratedDense/10_cells_100_features/dense_raft_cosine.csv,cosine,raft,dense,10,100,10_100,1000,1.0,2.0,2.9946165046852036,5.656854074244069,2.9796171796926063,3.005065486931875,954.1511535644532,1011.732001050965,453789.1149520874,987.680557324769,14.438504092636466,cosine_raft,906576.39503479,1001.8348693847656,997.304916381836,987.7681732177734,993.0133819580078,984.19189453125,987.2913360595704,954.1511535644532,976.3240814208984,1002.788543701172,996.565960707368,982.553930514312,1011.732001050965,958.3209419745046,985.56472612098,971.7161444930528,995.8961330947888,992.3921129474584,967.8643562827228,996.4223875308368,987.813460557655,1004.174619735758,1008.1537738455526,976.8896682158596,983.6048085029151
results/GeneratedDense/10_cells_100_features/dense_raft_euclidean.csv,euclidean,raft,dense,10,100,10_100,1000,1.0,2.0,2.95813455873136,5.658245088048231,2.9340990161380303,2.9813895079350137,859.209392974663,958.0529399766727,455244.8987960816,908.1018464502949,23.31835519577563,euclidean_raft,909567.3561096193,922.4414825439452,912.189483642578,890.7318115234375,919.818878173828,896.453857421875,939.1307830810548,890.7318115234375,919.5804595947266,888.1092071533203,916.271316240371,923.811651858912,926.7208500025368,914.9280303225236,934.1962964090362,958.0529399766727,859.209392974663,896.2086406155755,869.3246850367195,895.9188553195654,882.1962399257153,873.9705499395691,918.3823629406296,924.1456837222756,921.9190448641089
results/GeneratedDense/10_cells_100_features/dense_raft_manhattan.csv,manhattan,raft,dense,10,100,10_100,1000,1.0,2.0,2.95298171041127,5.6780839052936525,2.9406779052103107,2.9628008249009143,872.3241686232093,917.9115295410156,476523.0417251587,897.3910015776545,13.38485616867834,manhattan_raft,952128.1719207764,917.9115295410156,892.4007415771484,880.9566497802734,905.752182006836,880.0029754638672,909.3284606933594,885.4866027832031,904.560089111328,911.235809326172,914.4395286702432,889.5314828380442,911.7244769998732,883.9435916879315,881.3248293759568,904.03634047582,897.8208333583154,890.6834348865159,914.649596154612,898.6059235851026,917.0744018365464,894.4999917886397,880.8467962604315,872.3241686232093,898.243601039263
results/GeneratedDense/10_cells_100_features/dense_raft_pearson.csv,pearson,raft,dense,10,100,10_100,1000,1.0,2.0,3.0003143671163297,5.646353079798011,2.989475600418421,3.012522144048681,976.0579438922329,1029.2530059814453,442948.3413696289,1000.7241190835165,13.771935414466377,pearson_raft,884867.4297332764,1029.2530059814453,997.304916381836,994.6823120117188,1007.5569152832032,982.2845458984376,1008.9874267578124,1001.8348693847656,1008.7490081787108,992.2981262207032,983.597363573566,997.1072828666936,1016.0761140063868,1006.1936811559332,1009.5001995708948,976.0579438922329,978.628679444549,1006.3978490074396,985.6314939516642,998.7656312656508,983.2566130652664,1021.2906660297016,1016.8130998818982,1005.491413033566,1009.6197011603184
results/GeneratedDense/10_cells_10_features/dense_CPU_cosine.csv,cosine,CPU,dense,10,10,10_10,100,1.0,1.0,3.261451651443544,3.9839193257396928,2.131137273778607,3.8153950937381977,135.25,6537.25,9636.5,1825.7934782608695,1526.6867465274872,cosine_CPU,9636.5,1280.0,1212.75,1103.75,1078.75,6537.25,1095.75,1110.25,1113.75,1111.25,146.5,646.0,713.0,4487.75,444.75,2330.5,2434.0,3409.75,,2316.0,4228.5,2410.75,936.75,1710.25,135.25
results/GeneratedDense/10_cells_10_features/dense_CPU_euclidean.csv,euclidean,CPU,dense,10,10,10_10,100,1.0,1.0,3.0770611560003123,3.9795711358729324,2.9155317393839453,3.2719577125342236,823.25,1870.5,9540.5,1194.15625,233.48848798910302,euclidean_CPU,9540.5,1870.5,1189.25,1106.5,1114.25,1111.25,1094.25,1107.25,1111.75,1091.5,868.5,823.25,949.25,1422.75,1579.75,1077.75,1478.75,1259.75,1049.0,1237.25,1368.0,918.0,1434.75,1151.25,1245.25
results/GeneratedDense/10_cells_10_features/dense_CPU_kendall.csv,kendall,CPU,dense,10,10,10_10,100,1.0,1.0,3.1390259197853774,4.013637612453532,2.9123549292524067,3.252428233716468,817.25,1788.25,10319.0,1377.2916666666667,238.37706111094013,kendall_CPU,10319.0,1697.0,1232.25,1119.0,1109.25,1621.5,1360.75,1771.75,1514.75,1343.25,1448.25,1474.0,1327.25,1341.0,1238.25,1236.25,1497.25,1447.0,1121.75,1617.0,1205.25,1085.5,817.25,1641.25,1788.25
results/GeneratedDense/10_cells_10_features/dense_CPU_manhattan.csv,manhattan,CPU,dense,10,10,10_10,100,1.0,1.0,3.1436522347950824,3.9988693638823443,2.3636119798921444,3.5602355114447897,231.0,3632.75,9974.0,1392.0416666666667,695.6937921460529,manhattan_CPU,9974.0,1331.75,1221.75,1112.75,1106.5,1109.5,1119.75,1121.0,1134.25,3632.75,1261.0,719.5,2055.75,865.5,2142.5,1809.25,2421.5,1479.25,2083.5,231.0,1362.75,1357.75,389.5,1474.5,865.75
results/GeneratedDense/10_cells_10_features/dense_CPU_pearson.csv,pearson,CPU,dense,10,10,10_10,100,1.0,1.0,3.183207542874785,3.9999782847330185,2.8615344108590377,3.4026911642630386,727.0,2527.5,9999.5,1524.78125,487.8190746006872,pearson_CPU,9999.5,1772.0,1255.0,1158.0,1123.5,1120.0,2527.5,1115.25,1133.5,1117.0,1771.5,1983.75,2176.5,727.0,1523.25,1293.5,1834.0,1798.0,1113.0,1691.75,1556.25,2473.0,2196.25,1294.0,841.25
results/GeneratedDense/10_cells_10_features/dense_CPU_spearman.csv,spearman,CPU,dense,10,10,10_10,100,1.0,1.0,3.5595759139651064,3.9885812506843186,2.940391956048014,4.031408464251625,871.75,10750.0,9740.5,3627.2368421052633,2545.950497815476,spearman_CPU,9740.5,5285.5,10750.0,2891.5,1146.75,1100.5,3040.25,1084.75,1088.75,1088.5,,,,5667.5,3994.5,2313.75,,7378.25,4089.25,4623.0,4683.25,,5744.25,2075.5,871.75
results/GeneratedDense/10_cells_10_features/dense_GPU_cosine.csv,cosine,GPU,dense,10,10,10_10,100,1.0,1.0,3.089014129814568,5.910453240998191,3.06126394230025,3.1359273350054684,1151.5,1367.5,813679.25,1227.4791666666667,58.701793904776785,cosine_GPU,813679.25,1359.75,1290.5,1194.25,1204.0,1190.0,1211.5,1218.0,1197.75,1184.0,1260.0,1151.5,1193.5,1171.25,1264.5,1209.5,1199.25,1367.5,1257.75,1175.0,1158.75,1321.5,1272.75,1229.75,1177.25
results/GeneratedDense/10_cells_10_features/dense_GPU_euclidean.csv,euclidean,GPU,dense,10,10,10_10,100,1.0,1.0,3.0774133312014516,5.9066329109081925,3.0474695746198566,3.1484484035233837,1115.5,1407.5,806553.0,1195.125,69.47204173862556,euclidean_GPU,806553.0,1332.75,1309.75,1161.75,1165.5,1168.25,1170.5,1157.75,1165.25,1164.0,1131.0,1282.25,1140.75,1227.0,1129.75,1174.5,1191.0,1153.75,1407.5,1182.0,1170.75,1115.5,1179.75,1165.25,1236.75
results/GeneratedDense/10_cells_10_features/dense_GPU_kendall.csv,kendall,GPU,dense,10,10,10_10,100,1.0,1.0,3.155253776932208,3.970927716870243,3.106020819140269,3.186037642052335,1276.5,1534.75,9352.5,1429.7291666666667,65.42564627859798,kendall_GPU,9352.5,1519.75,1440.5,1378.0,1389.5,1486.75,1458.25,1411.25,1276.5,1534.75,1372.0,1454.25,1324.25,1479.5,1372.25,1427.0,1470.0,1510.5,1414.0,1411.5,1391.25,1342.75,1533.0,1472.5,1443.5
results/GeneratedDense/10_cells_10_features/dense_GPU_manhattan.csv,manhattan,GPU,dense,10,10,10_10,100,1.0,1.0,2.820221991076799,5.593224297532622,2.746050077152275,2.9007766472930405,557.25,795.75,391944.25,661.03125,50.297878957309585,manhattan_GPU,391944.25,717.25,618.75,658.25,709.0,602.75,666.5,629.25,612.5,627.75,680.5,627.0,626.75,659.0,735.75,795.75,661.0,655.0,666.0,557.25,726.75,658.5,608.25,671.75,693.5
results/GeneratedDense/10_cells_10_features/dense_GPU_pearson.csv,pearson,GPU,dense,10,10,10_10,100,1.0,1.0,3.0972319953617657,5.916594084611981,3.0309031768392987,3.145972902802181,1073.75,1399.5,825266.25,1250.9270833333333,79.65254884387811,pearson_GPU,825266.25,1399.5,1353.25,1233.5,1238.0,1235.25,1231.0,1224.25,1218.25,1222.5,1282.25,1320.0,1305.25,1397.0,1163.25,1227.5,1211.0,1093.5,1275.5,1073.75,1286.25,1270.0,1356.0,1170.5,1235.0
results/GeneratedDense/10_cells_10_features/dense_GPU_spearman.csv,spearman,GPU,dense,10,10,10_10,100,1.0,1.0,3.1366677300638295,3.96030425813515,3.1007150865730817,3.17435059747938,1261.0,1494.0,9126.5,1369.8333333333333,57.27040514572562,spearman_GPU,9126.5,1494.0,1422.0,1327.25,1366.25,1430.75,1363.5,1331.25,1351.0,1329.5,1324.0,1271.0,1382.25,1372.25,1382.0,1350.0,1366.0,1408.25,1340.0,1375.0,1330.0,1492.5,1457.25,1349.0,1261.0
results/GeneratedDense/10_cells_10_features/dense_amap_cosine.csv,cosine,amap,dense,10,10,10_10,100,1.0,1.0,3.0241734148658623,3.3666097103924297,2.991447598003803,3.0806264869218056,980.5,1204.0,2326.0,1057.2395833333333,57.676517064224,cosine_amap,2326.0,1204.0,1110.75,1000.25,1008.75,1029.75,1025.75,1035.5,1044.25,1026.75,1003.5,1073.5,980.5,1146.5,994.75,1078.25,1063.75,1146.5,1029.25,1153.5,1037.5,1059.5,1002.25,1102.25,1016.5
results/GeneratedDense/10_cells_10_features/dense_amap_euclidean.csv,euclidean,amap,dense,10,10,10_10,100,1.0,1.0,3.015123889589391,3.361963801512071,2.9859875056581204,3.057856208741888,968.25,1142.5,2301.25,1035.4375,44.14649205108676,euclidean_amap,2301.25,1142.5,1101.0,1020.25,1001.5,997.75,1003.25,993.75,1019.75,1014.5,1036.75,1102.25,1030.5,976.75,1052.0,1013.25,1092.0,1035.0,1069.5,968.25,1087.25,1046.5,1036.75,1040.0,969.5
results/GeneratedDense/10_cells_10_features/dense_amap_kendall.csv,kendall,amap,dense,10,10,10_10,100,1.0,1.0,3.0242247595204854,3.36078268987328,2.924795995797912,3.0843081121450737,841.0,1214.25,2295.0,1057.3645833333333,81.83535869756864,kendall_amap,2295.0,1170.75,1162.0,1003.75,1041.5,1112.25,1043.25,990.5,1090.0,1070.0,1065.0,1104.5,1214.25,1001.75,993.25,841.0,1158.0,1053.75,1118.0,1107.5,1086.5,1011.25,936.5,1043.5,958.0
results/GeneratedDense/10_cells_10_features/dense_amap_manhattan.csv,manhattan,amap,dense,10,10,10_10,100,1.0,1.0,3.0140915626687543,3.3409891196804447,2.976808337338066,3.0573807905423553,948.0,1141.25,2192.75,1032.9791666666667,48.939477752003945,manhattan_amap,2192.75,1141.25,1070.0,989.0,1023.75,990.0,1019.75,1026.5,990.5,991.25,1007.0,989.25,1126.25,993.75,1004.25,1028.75,1026.0,1127.0,1099.75,1024.5,948.0,1043.0,1071.75,1050.5,1009.75
results/GeneratedDense/10_cells_10_features/dense_amap_pearson.csv,pearson,amap,dense,10,10,10_10,100,1.0,1.0,3.020145394032909,3.383994789441733,2.8927900303521317,3.186532564592397,781.25,1536.5,2421.0,1047.4791666666667,165.88614501409964,pearson_amap,2421.0,1169.5,1536.5,1024.25,1019.25,1008.5,1020.75,1043.25,1039.5,1028.75,1120.75,1100.25,1201.75,1257.5,799.25,1164.25,781.25,822.0,1113.0,1198.75,862.25,940.5,810.25,1036.5,1041.0
results/GeneratedDense/10_cells_10_features/dense_amap_spearman.csv,spearman,amap,dense,10,10,10_10,100,1.0,1.0,3.0229264449147744,3.3733718171813005,2.9880012394757802,3.0813473078041325,972.75,1206.0,2362.5,1054.2083333333333,67.55941315283575,spearman_amap,2362.5,1174.25,1099.75,1036.25,1009.75,1009.25,972.75,1011.5,1019.0,1013.75,984.25,1121.25,988.25,1060.0,1099.5,1089.75,1206.0,1128.25,1123.75,1154.25,1027.75,973.0,983.75,1020.25,994.75
results/GeneratedDense/10_cells_10_features/dense_armadillo_cosine.csv,cosine,armadillo,dense,10,10,10_10,100,1.0,1.0,0.48287358360875365,0.4808689236871679,0.43711609304807864,0.5100085129402347,2.736,3.236,3.026,3.0399999999999996,0.12511528017525808,cosine_armadillo,3.026,3.236,2.996,3.186,3.166,3.006,2.975,2.905,2.915,3.206,3.032,3.226,2.934,3.098,3.159,2.957,2.937,3.126,2.974,3.003,2.736,3.222,3.036,2.951,2.978
results/GeneratedDense/10_cells_10_features/dense_armadillo_euclidean.csv,euclidean,armadillo,dense,10,10,10_10,100,1.0,1.0,0.7213365058039133,0.7225516620009584,0.5284024379536174,0.840983837320378,3.376,6.934,5.279,5.2642500000000005,0.8504124612014259,euclidean_armadillo,5.279,5.791,5.54,5.681,5.42,5.049,5.78,5.63,3.848,3.376,4.894,4.422,6.514,5.641,6.934,5.602,5.226,4.407,4.158,6.243,6.022,6.032,5.168,4.38,4.584
results/GeneratedDense/10_cells_10_features/dense_armadillo_manhattan.csv,manhattan,armadillo,dense,10,10,10_10,100,1.0,1.0,0.5180805259035204,0.3392526340326997,0.3605934135652489,0.5951654147902296,2.294,3.937,2.184,3.296708333333333,0.3874802660745735,manhattan_armadillo,2.184,2.294,3.547,3.446,3.506,3.476,3.547,3.467,3.467,3.537,3.937,3.155,3.399,3.359,3.511,3.3,3.15,2.436,2.82,3.789,2.815,3.639,3.293,2.869,3.362
results/GeneratedDense/10_cells_10_features/dense_armadillo_pearson.csv,pearson,armadillo,dense,10,10,10_10,100,1.0,1.0,0.5243853024752484,0.5398285583778982,0.48244479191826517,0.5618166643189575,3.037,3.646,3.466,3.3449166666666663,0.15899683347650526,pearson_armadillo,3.466,3.477,3.286,3.166,3.166,3.646,3.537,3.156,3.216,3.256,3.301,3.594,3.453,3.345,3.037,3.451,3.384,3.439,3.34,3.218,3.53,3.222,3.542,3.152,3.364
results/GeneratedDense/10_cells_10_features/dense_armadillo_spearman.csv,spearman,armadillo,dense,10,10,10_10,100,1.0,1.0,0.8858769211677864,0.9574636157299313,0.6885088076565212,0.9784544333652286,4.881,9.516,9.067,7.689125,1.442403789758032,spearman_armadillo,9.067,9.187,8.726,9.057,9.097,8.416,8.907,6.552,5.15,5.35,9.516,6.992,8.047,8.581,6.046,7.444,7.364,6.589,9.202,8.223,5.464,9.319,7.996,8.433,4.881
results/GeneratedDense/10_cells_10_features/dense_arrayfirecuda_cosine.csv,cosine,arrayfirecuda,dense,10,10,10_10,100,1.0,1.0,1.8460346401166876,1.9818186071706636,1.7409781617095452,1.927447358781075,55.078,84.615,95.9,70.151125,8.321086303845291,cosine_arrayfirecuda,95.9,75.141,65.232,84.481,68.615,71.681,62.754,65.57,60.473,79.367,84.615,70.712,72.98,59.623,55.078,68.431,75.012,75.921,72.2,69.101,56.949,67.372,60.291,83.498,78.53
results/GeneratedDense/10_cells_10_features/dense_arrayfirecuda_euclidean.csv,euclidean,arrayfirecuda,dense,10,10,10_10,100,1.0,1.0,2.020020647855992,2.1473763874912666,2.006085065255692,2.0280585803195614,101.411,106.674,140.403,104.71783333333333,1.3743259155754226,euclidean_arrayfirecuda,140.403,103.274,105.448,103.777,105.524,103.479,105.793,105.481,105.741,104.735,101.411,105.688,103.747,104.572,106.674,101.876,105.342,106.039,104.423,104.505,105.238,104.27,106.671,103.093,106.427
results/GeneratedDense/10_cells_10_features/dense_arrayfirecuda_manhattan.csv,manhattan,arrayfirecuda,dense,10,10,10_10,100,1.0,1.0,2.400623170677715,2.4228950189720404,2.399974681876739,2.4013695186391755,251.174,251.982,264.786,251.54933333333335,0.21612798420277485,manhattan_arrayfirecuda,264.786,251.431,251.882,251.627,251.536,251.392,251.852,251.48,251.579,251.589,251.982,251.328,251.21,251.796,251.629,251.174,251.421,251.582,251.887,251.303,251.698,251.312,251.36,251.563,251.571
results/GeneratedDense/10_cells_10_features/dense_arrayfirecuda_pearson.csv,pearson,arrayfirecuda,dense,10,10,10_10,100,1.0,1.0,1.8751485960560148,2.058900300448121,1.8744122322347565,1.8758133888397577,74.888,75.13,114.525,75.01508333333332,0.04885601009315219,pearson_arrayfirecuda,114.525,75.061,74.99,75.014,75.024,75.083,74.985,75.055,74.976,75.002,75.13,75.042,75.018,75.005,74.997,74.888,75.063,74.983,75.022,75.04,74.944,74.947,75.014,75.028,75.051
results/GeneratedDense/10_cells_10_features/dense_arrayfirecuda_spearman.csv,spearman,arrayfirecuda,dense,10,10,10_10,100,1.0,1.0,2.57930437026028,2.6317206956418917,2.5759264411633405,2.5829764671634567,376.64,382.804,428.273,379.5809166666666,1.473587400322379,spearman_arrayfirecuda,428.273,378.94,380.844,380.179,378.103,379.594,380.41,380.582,379.792,378.703,379.68,378.964,379.56,379.578,382.804,378.734,378.293,379.506,376.64,381.537,377.047,381.0,377.857,379.207,382.388
results/GeneratedDense/10_cells_10_features/dense_factoextra_cosine.csv,cosine,factoextra,dense,10,10,10_10,100,1.0,1.0,2.452728558310605,3.2686949535621777,2.2000292665537704,2.616738006783775,158.5,413.75,1856.5,283.6145833333333,68.98622217389781,cosine_factoextra,1856.5,413.75,364.75,263.5,265.25,264.25,260.25,258.75,265.25,262.0,206.25,264.75,397.5,175.25,208.75,330.75,376.25,347.5,246.0,332.5,239.0,230.5,158.5,392.25,283.25
results/GeneratedDense/10_cells_10_features/dense_factoextra_euclidean.csv,euclidean,factoextra,dense,10,10,10_10,100,1.0,1.0,2.2965509353131193,3.159115821827769,2.1180993120779945,2.455606112581867,131.25,285.5,1442.5,197.94791666666666,27.172671163500326,euclidean_factoextra,1442.5,198.75,193.0,185.5,192.75,194.5,189.5,285.5,203.5,185.75,196.25,212.25,204.25,213.0,206.25,176.5,216.25,211.5,211.5,187.0,200.0,142.5,131.25,200.5,213.0
results/GeneratedDense/10_cells_10_features/dense_factoextra_kendall.csv,kendall,factoextra,dense,10,10,10_10,100,1.0,1.0,3.100567972098995,3.7751551649350983,2.786573978023827,3.251516552291679,611.75,1784.5,5958.75,1260.5729166666667,297.7725596614409,kendall_factoextra,5958.75,1203.0,1784.5,964.5,1117.75,947.0,1034.75,1475.75,1368.75,962.75,783.25,823.0,1452.0,1279.0,1724.0,1255.25,611.75,1471.5,1326.75,1480.25,1305.25,1526.25,1618.5,1241.25,1497.0
results/GeneratedDense/10_cells_10_features/dense_factoextra_manhattan.csv,manhattan,factoextra,dense,10,10,10_10,100,1.0,1.0,2.281483155800437,3.1808424146466825,2.2753113545418118,2.28668096935493,188.5,193.5,1516.5,191.19791666666666,1.336543985953657,manhattan_factoextra,1516.5,189.5,190.25,191.75,192.25,193.5,191.75,190.75,191.0,188.75,190.0,190.75,190.5,190.5,191.75,192.75,188.5,190.25,191.25,192.75,190.5,191.0,192.75,193.5,192.5
results/GeneratedDense/10_cells_10_features/dense_factoextra_spearman.csv,spearman,factoextra,dense,10,10,10_10,100,1.0,1.0,2.684920130428604,3.3419288837458097,2.6344772701607315,2.7671558660821804,431.0,585.0,2197.5,484.0833333333333,44.620953753689406,spearman_factoextra,2197.5,585.0,544.0,436.25,431.0,434.0,438.5,432.0,442.75,436.25,502.75,523.25,513.0,459.5,493.25,432.0,490.75,482.0,445.0,526.5,489.25,517.0,564.75,497.0,502.25
results/GeneratedDense/10_cells_10_features/dense_pandas_cosine.csv,cosine,pandas,dense,10,10,10_10,100,1.0,1.0,6.109017593319885,6.108588718572911,6.106371288241856,6.112492906412909,1277530.532017679,1295665.5344772986,1284070.0561621273,1285338.7281100743,3534.230061278674,cosine_pandas,1284775.2571105957,1283364.8552136591,1280519.4413674122,1282412.2428505586,1285968.8444847187,1283956.620766631,1277530.532017679,1280350.2188371515,1284616.1866604327,1284295.459643886,1288229.0729162162,1284002.8818684614,1284734.8526665354,1289453.9691536252,1283746.641771227,1283403.6124290728,1287489.1566074917,1284427.0670143573,1285955.79579748,1287777.7679393473,1286363.5943248486,1287949.453849272,1295665.5344772986,1288501.0763564212,1287414.5956279982
results/GeneratedDense/10_cells_10_features/dense_pandas_euclidean.csv,euclidean,pandas,dense,10,10,10_10,100,1.0,1.0,3.082093667469442,3.1179396082035704,3.056942568986289,3.119564905532686,1140.099011131362,1316.9367148814931,1312.0174407958984,1208.0743612501685,45.0790950578303,euclidean_pandas,1384.0198516845703,1240.0150299072266,1181.8408966064453,1204.4214967117505,1149.2922541387868,1197.3460673617376,1183.276885075911,1140.099011131362,1239.5926698186647,1142.4652165448838,1245.026108130627,1207.857265009877,1240.3256124439738,1263.1994298206298,1201.230929550445,1224.433373472664,1164.6105360606978,1244.854084586744,1283.0884729056918,1217.0205916779253,1166.7741302627653,1213.2670308687857,1181.6143768124512,1316.9367148814931,1145.1964862225054
results/GeneratedDense/10_cells_10_features/dense_pandas_kendall.csv,kendall,pandas,dense,10,10,10_10,100,1.0,1.0,4.780808135192204,4.445704092695586,4.276905414157526,5.078378114000773,18919.31526313344,119778.29147828365,27906.417846679688,60368.18728320516,26392.275450481786,kendall_pandas,26951.55143737793,28861.284255981445,116701.84135437012,57991.74308776856,29163.599014282227,43604.373931884766,43601.036071777344,57026.14784240723,48938.51280212402,43711.185455322266,104658.54342227244,119778.29147828365,75529.77884429507,67218.713629898,80932.87849621041,72982.38911323647,66505.71517637603,79258.33150038289,72370.90757670547,33948.126994778926,55670.03607580109,18919.31526313344,28931.484141777688,43862.42993292952,58669.82933492478
results/GeneratedDense/10_cells_10_features/dense_pandas_manhattan.csv,manhattan,pandas,dense,10,10,10_10,100,1.0,1.0,3.133796348071646,3.1329356210946226,3.1315102492375115,3.1361485632012283,1353.662036368646,1368.1967775027829,1358.112107967038,1360.8064154622245,3.719516705572079,manhattan_pandas,1362.5621795654297,1353.662036368646,1359.7312511163814,1356.856358440945,1358.3699774422512,1365.0323702171122,1363.029087174397,1358.6467012665123,1358.4001577263598,1358.242545034729,1359.0173065850197,1362.7458013617518,1358.9455475045154,1357.4764202064307,1363.7322536612792,1362.0501122996793,1360.6058690123723,1356.081463258501,1360.84289097376,1367.15793169469,1360.8022436257568,1364.3546284618633,1368.1967775027829,1357.694117052224,1367.6801231054262
results/GeneratedDense/10_cells_10_features/dense_pandas_pearson.csv,pearson,pandas,dense,10,10,10_10,100,1.0,1.0,2.9194294994672787,2.9572379649955174,2.8872283130418053,2.9353900774438633,771.3088474328548,861.7674325583512,906.2290191650391,830.6718619058214,21.7483160986398,pearson_pandas,962.4958038330078,849.9622344970703,812.530517578125,837.5807407304465,853.3406573559748,841.2488623974638,771.3088474328548,817.8352110034657,813.9176286944399,861.6169449991502,815.8476123115042,819.5704634892624,833.2741737215894,822.4979826942725,820.1417481679097,858.3217560370157,817.8604769795625,855.9611543203899,815.5300669780878,835.9452007110455,861.7674325583512,858.699986651366,833.3799567229536,800.1904343136255,827.7945953937858
results/GeneratedDense/10_cells_10_features/dense_pandas_spearman.csv,spearman,pandas,dense,10,10,10_10,100,1.0,1.0,2.9684501969131487,5.610620943569473,2.9674677129214073,2.9700685962732307,927.8285093163151,933.4017187949364,407963.1567001343,929.9298681454187,1.3492714846422467,spearman_pandas,814996.0041046143,930.3092956542968,928.4019470214844,930.2494466141346,933.4017187949364,930.6182068337716,930.508920743286,930.6542076300474,932.009965623569,929.4903676695762,928.6077757776234,928.3279692952524,930.1278315416796,932.0165777737832,928.8546447014696,927.8285093163151,928.863487715951,929.860339695045,928.2133733518182,930.5607818794848,928.2227095763258,930.7558177846204,930.2948981096192,930.64795953931,929.4900828466492
results/GeneratedDense/10_cells_10_features/dense_pythonic_cosine.csv,cosine,pythonic,dense,10,10,10_10,100,1.0,1.0,5.299764398506942,5.318612202608141,5.297890851107444,5.301169256216766,198559.58255407072,200064.142137913,208263.03958892822,199418.0193703669,380.06134231750724,cosine_pythonic,217378.6163330078,199147.46284484863,199680.32836914065,200064.142137913,200060.5138302879,199796.143490793,199474.44693799852,199081.4874772076,198922.5118252691,199708.3027700424,199434.40731230268,199742.0109952079,199442.7181902058,198857.146313391,198559.58255407072,199273.18214156007,199251.30734769252,199598.86108198183,199205.87842108376,199427.737260488,199666.92218541444,199534.01718691931,199047.45499470705,199089.53143788065,199966.36778239824
results/GeneratedDense/10_cells_10_features/dense_pythonic_euclidean.csv,euclidean,pythonic,dense,10,10,10_10,100,1.0,1.0,5.316291242940345,5.37941561567777,5.190868461780786,5.391953876796786,155191.6897371159,246577.74513513508,239560.72330474854,207153.0075298689,21081.721835549917,euclidean_pythonic,268389.4634246826,210731.98318481445,181616.0678863525,242162.74736584097,188044.3198130368,182915.16925593631,204892.07988149268,225818.4333256139,246577.74513513508,191969.0953939754,192473.57045422329,208773.69743367087,195005.23969251625,213251.39021417065,155191.6897371159,193563.0755400736,197672.08315073923,210870.2167805572,219074.3276886292,225181.38230885204,206199.40980709775,242901.2669337386,228506.37373949375,210205.76557443128,198075.05041934535
results/GeneratedDense/10_cells_10_features/dense_pythonic_kendall.csv,kendall,pythonic,dense,10,10,10_10,100,1.0,1.0,5.378079642504401,5.683879418498867,5.276306684745005,5.465304343035207,188932.50585024673,291947.21925862675,482924.6997833252,238824.9208598974,22877.58850487956,kendall_pythonic,716753.4828186035,249095.91674804688,214308.500289917,218259.03718282745,248044.21349425387,245887.57716034612,247134.562413782,232757.00648170983,256495.47887886196,259761.33901598552,209905.4269671872,234468.2585745669,200216.06100752013,225919.8277496785,261300.66001802613,231118.6629564461,247639.89699644755,291947.21925862675,243753.31318285817,188932.50585024673,251936.9394644694,213015.6661808937,253217.83115165855,268889.00611818704,237793.1934949945
results/GeneratedDense/10_cells_10_features/dense_pythonic_manhattan.csv,manhattan,pythonic,dense,10,10,10_10,100,1.0,1.0,5.281857561429927,5.300469306214496,5.278454743185672,5.284598326219444,189869.29734285604,192574.29925801905,199741.95957183838,191362.81961890802,613.6803944168984,manhattan_pythonic,208527.8034210205,190956.11572265625,191719.29359436035,191733.0398462167,190321.48614905268,190983.76640503225,191825.12054963745,191040.20613936931,190965.7457984735,191101.01416363995,191092.7537293756,191542.44973240513,192275.93461498563,192054.11222300865,190951.233165726,191948.50817182523,191456.3529817208,189869.29734285604,190690.37597350305,191641.15159816307,191007.0869963136,191220.34002521035,191945.19555261012,192574.29925801905,191792.79111963193
results/GeneratedDense/10_cells_10_features/dense_pythonic_pearson.csv,pearson,pythonic,dense,10,10,10_10,100,1.0,1.0,2.278524057945199,2.272209752137666,2.2103102763478657,2.358897712970302,162.29691936255938,228.50605520430423,187.15858459472656,189.8996034957989,14.832351856242022,pearson_pythonic,172.3766326904297,201.94053649902344,180.4828643798828,194.38774973417856,210.19470235393632,191.57137909398983,191.0378665285148,196.23121832799305,185.44031643854836,183.1580485024515,189.80909587275465,180.70309882814763,228.50605520430423,172.04710219212456,204.11313447149155,162.29691936255938,188.26953644787335,198.0541740185912,195.12498422528017,195.85868263517088,182.96410729373753,170.59767755841372,210.9755913885346,170.64919194007896,173.17645060159316
results/GeneratedDense/10_cells_10_features/dense_pythonic_spearman.csv,spearman,pythonic,dense,10,10,10_10,100,1.0,1.0,5.3494894506635475,5.6336940937019815,5.348016736111344,5.351136122957533,222852.10266161067,224458.53444567593,430223.4649658203,223609.08817497376,427.04370504436196,spearman_pythonic,636559.4863891602,223887.44354248047,223125.93460083008,223798.37507611397,224333.58272547688,223260.0408486367,223382.2454564577,223426.96646920836,223169.5309785953,223053.2384846116,224018.4865753085,223640.59249978553,223073.7131173978,223856.41749175935,223766.7647918856,223485.69442437025,224219.1992846555,223933.0823078062,224064.50204714423,223272.8364031292,223513.50543818073,224458.53444567593,223267.68031367913,223757.6462145713,222852.10266161067
results/GeneratedDense/10_cells_10_features/dense_raft_cosine.csv,cosine,raft,dense,10,10,10_10,100,1.0,1.0,2.983543745093052,5.625245635978285,2.97619105448228,2.9928196500386917,946.6535208390752,983.6025591895902,421935.0814819336,962.8169895626962,10.81799826276974,cosine_raft,842903.3756256104,966.787338256836,957.012176513672,948.4291076660156,983.4766387939452,963.2110595703124,976.0856628417968,950.336456298828,967.9794311523438,958.6811065673828,971.7528890735562,952.2307229524048,960.5834236058536,947.6401888355211,949.6137808365102,973.5673241440536,958.7711523868876,973.9222689839736,957.8578358329936,968.6907866810404,956.9879481158883,972.9360061517082,946.6535208390752,960.7983642145208,983.6025591895902
results/GeneratedDense/10_cells_10_features/dense_raft_euclidean.csv,euclidean,raft,dense,10,10,10_10,100,1.0,1.0,2.958391582433911,7.250045607241781,2.800075429413026,3.1197509759729063,631.0669403359497,1317.5010681152344,17784661.650657654,908.639437390519,150.41239141489643,euclidean_raft,35568432.331085205,890.9702301025391,908.3747863769532,860.9294891357422,927.9251098632812,874.7577667236328,1317.5010681152344,870.7046508789062,909.3284606933594,865.2210235595703,926.5332858135616,829.1570614663968,811.8135072745998,692.1705589879183,631.0669403359497,955.3864512382448,1089.3387804669055,925.0734556735614,712.1256103365462,815.8835486849068,1205.640680807172,794.637303484041,1110.2093681796405,908.4708023577808,974.1265568160112
results/GeneratedDense/10_cells_10_features/dense_raft_manhattan.csv,manhattan,raft,dense,10,10,10_10,100,1.0,1.0,2.932748482378914,5.5452647221779925,2.924662486979797,2.9438030404131017,840.7415033714705,878.6239562553483,350965.7382965088,856.5416434105928,9.953911937802003,manhattan_raft,701060.5335235596,870.9430694580078,864.5057678222656,846.3859558105469,868.3204650878906,845.1938629150391,855.2074432373047,853.7769317626953,855.6842803955078,849.9622344970703,848.9046173045344,873.0441129924069,841.8221830911375,855.4506768662803,840.7415033714705,868.6024004600923,856.3424948346059,849.2756853861932,878.6239562553483,851.6571672659148,866.4664122296639,848.9329500868075,852.3993706173002,857.6193737204976,857.1365263856419
results/GeneratedDense/10_cells_10_features/dense_raft_pearson.csv,pearson,raft,dense,10,10,10_10,100,1.0,1.0,2.983261473918745,5.531429468982422,2.958437025858037,3.0008081869652212,908.73451998874,1001.8626518432808,339961.29035949707,962.1914067104144,23.199931315362225,pearson_raft,678921.4611053467,1001.1196136474608,987.529754638672,945.3296661376952,972.270965576172,944.3759918212892,979.4235229492188,947.9522705078124,972.270965576172,947.2370147705078,964.63870157507,968.7074174872768,961.0783998308232,986.2894309928752,976.1574673820472,981.065811517112,929.0856613927468,978.5269085716455,960.5239150346628,935.9147506612412,924.1685912386856,952.1387412777192,966.1910266310172,908.73451998874,1001.8626518432808
